split,feature_month,target_month,factor_0,factor_1,factor_2,factor_3,factor_4,factor_5,factor_6,factor_7
train,1963-07,1963-08,-0.0036676269955933094,0.007429895922541618,-0.0018332521431148052,-0.01118512824177742,0.00822892040014267,0.003347116755321622,0.00931899156421423,0.016554715111851692
train,1963-08,1963-09,-0.00297769857570529,-0.004941919818520546,0.001334106782451272,0.00601452449336648,-0.007625073194503784,-0.004363315179944038,-0.006075037643313408,-0.011196223087608814
train,1963-09,1963-10,-0.004803795367479324,0.007442064583301544,-0.001732919830828905,-0.00944035779684782,0.004033469129353762,0.0034330207854509354,-8.912262273952365e-05,0.012808701954782009
train,1963-10,1963-11,0.007006722502410412,0.008788379840552807,0.004939420148730278,0.003789958544075489,0.012868461199104786,-0.009749912656843662,0.0005079235415905714,0.005269501358270645
train,1963-11,1963-12,0.010382811538875103,0.01520133763551712,0.009761707857251167,0.008194169029593468,0.019391383975744247,-0.015405344776809216,-0.0028199548833072186,0.011252479627728462
train,1963-12,1964-01,-0.013186863623559475,-0.01139996387064457,-0.008837711997330189,0.0024368739686906338,-0.021391019225120544,0.0035623416770249605,-0.001479070633649826,-0.00619620643556118
train,1964-01,1964-02,-0.006289068143814802,-0.001830080640502274,-0.002683391096070409,-0.0009796188678592443,-0.00486783729866147,0.0016023078933358192,-0.0018211076967418194,-0.001646067830733955
train,1964-02,1964-03,-0.009118528105318546,0.0008518239483237267,-0.0020258529111742973,-0.003254840150475502,-0.00417707022279501,-0.005855431780219078,0.002808964578434825,0.004599680192768574
train,1964-03,1964-04,0.0034885474015027285,0.0016465750522911549,0.002523581963032484,0.002640798222273588,0.0003105136565864086,-0.007737220264971256,-0.005761412903666496,-0.003708384931087494
train,1964-04,1964-05,0.004065077286213636,0.004901411477476358,0.00462379353120923,-0.0003643658710643649,0.010877604596316814,-0.0066249798983335495,0.0033527668565511703,0.007338829338550568
train,1964-05,1964-06,0.007459527347236872,0.004878983832895756,0.009503918699920177,-0.007036655209958553,0.01489190198481083,-0.006992669310420752,0.004271570593118668,0.003964790143072605
train,1964-06,1964-07,-0.00200366647914052,-0.0020006177946925163,-0.0006549503887072206,0.005004316568374634,-0.004115302115678787,-0.0005354393506422639,-0.009350640699267387,4.5700231567025185e-05
train,1964-07,1964-08,0.0014296454610303044,-0.0016262270510196686,0.0024379899259656668,0.0017312553245574236,0.0003983252390753478,-0.007299212738871574,-0.0027110257651656866,-0.003273850306868553
train,1964-08,1964-09,-0.006148869637399912,-0.0007223010761663318,-0.004555508494377136,-0.0016304657328873873,-0.0046172114089131355,0.0070802560076117516,0.0005349869607016444,0.003051001112908125
train,1964-09,1964-10,-0.007056579925119877,-0.0025447141379117966,-0.0034160264767706394,0.0008775672176852822,-0.0065938495099544525,0.0029179658740758896,-0.0038693351671099663,-0.0001697756815701723
train,1964-10,1964-11,0.0017711976543068886,0.004312395118176937,0.006270566489547491,0.0037702976260334253,0.005025351420044899,-0.009313995949923992,-0.0008736585732549429,0.004651716910302639
train,1964-11,1964-12,0.007686927914619446,0.006676939316093922,0.009281134232878685,-0.0013026278465986252,0.011675936169922352,-0.005458425730466843,0.0031635109335184097,0.006784261669963598
train,1964-12,1965-01,-0.010744808241724968,-0.003621351905167103,-0.010823177173733711,-0.0024526636116206646,-0.015092688612639904,0.018809694796800613,0.0026914263144135475,0.0013642669655382633
train,1965-01,1965-02,-0.00643423106521368,-8.845730917528272e-05,0.002093304879963398,0.0013161217793822289,-0.0031659870874136686,0.0012711493764072657,-0.0003502178005874157,0.0010860890615731478
train,1965-02,1965-03,-0.014350781217217445,-0.0033080570865422487,-0.009256870485842228,0.0093119777739048,-0.0146609703078866,0.002210834762081504,-0.011193028651177883,-0.005111170932650566
train,1965-03,1965-04,-0.0071352566592395306,-0.004337213467806578,0.0026206611655652523,-0.0019860900938510895,0.0004773861728608608,-0.002890651812776923,0.0001855241134762764,-0.00029308139346539974
train,1965-04,1965-05,-0.0015718244249001145,0.0006872158264741302,0.004163322038948536,-0.0007396548753604293,0.0025386526249349117,-0.006404196843504906,0.001361827366054058,0.0040435451082885265
train,1965-05,1965-06,0.019978240132331848,0.011383707635104656,0.011118159629404545,0.00013085175305604935,0.013326178304851055,-0.018557829782366753,0.00312552647665143,-0.00525831151753664
train,1965-06,1965-07,-0.010159460827708244,-0.001968931872397661,-0.002286287723109126,0.0019066731911152601,-0.002175490139052272,0.001387172844260931,-0.002507891971617937,0.012728255242109299
train,1965-07,1965-08,-0.0017543346621096134,-0.003235193435102701,-0.0004946035332977772,-0.007742804475128651,0.0031285565346479416,0.011102716438472271,0.010988323017954826,0.010710855945944786
train,1965-08,1965-09,0.0002506484743207693,-0.0035934417974203825,0.006142268422991037,-0.010479364544153214,0.009338744916021824,-0.0020318806637078524,0.006022573448717594,0.006650860421359539
train,1965-09,1965-10,-0.01992538385093212,-0.007659134920686483,-0.017667945474386215,0.0006502415053546429,-0.018700679764151573,0.024285992607474327,-0.0049582882784307,0.0039047268219292164
train,1965-10,1965-11,-0.0291029941290617,-0.014389129355549812,-0.013029351830482483,0.0018682964146137238,-0.02130754292011261,0.02063969150185585,-0.0056207687593996525,0.005999543704092503
train,1965-11,1965-12,-0.012320161797106266,-0.005933507811278105,-0.008219470269978046,0.001904948614537716,-0.012266531586647034,0.013611901551485062,-0.0031553690787404776,-0.006183478981256485
train,1965-12,1966-01,-0.033220209181308746,-0.003950538579374552,-0.021242711693048477,0.009363618679344654,-0.0319749191403389,0.019928865134716034,-0.018718309700489044,-0.00507211871445179
train,1966-01,1966-02,-0.03582355007529259,-0.007997063919901848,-0.02149435132741928,0.008961527608335018,-0.026528220623731613,0.022400852292776108,-0.013532755896449089,0.017180530354380608
train,1966-02,1966-03,-0.010710453614592552,-0.004020527470856905,-0.005106332246214151,0.0063257971778512,-0.014185980893671513,0.00621896842494607,-0.006644255947321653,0.0056448811665177345
train,1966-03,1966-04,-0.02698422223329544,-0.006715711671859026,-0.015299536287784576,0.0058005996979773045,-0.017546657472848892,0.02141554281115532,-0.008347676135599613,0.01674841344356537
train,1966-04,1966-05,0.030765509232878685,0.00940232165157795,0.019985878840088844,0.002695159986615181,0.020974881947040558,-0.030967917293310165,0.007437827996909618,-0.026097213849425316
train,1966-05,1966-06,-0.005612213164567947,-0.003124008420854807,-0.0011756529565900564,-0.00044357511796988547,-0.0010069869458675385,0.003250567242503166,0.0023477068170905113,0.0021928916685283184
train,1966-06,1966-07,0.00374675914645195,-0.0022880323231220245,0.0027495604008436203,0.0004420808982104063,0.0030024321749806404,-0.004703694023191929,-0.0010185239370912313,-0.0052306256256997585
train,1966-07,1966-08,0.016324685886502266,0.006969774141907692,0.018071232363581657,-0.0063026282005012035,0.01661929115653038,-0.020237905904650688,0.006366736255586147,-0.008500350639224052
train,1966-08,1966-09,0.007471024990081787,-0.007478743325918913,0.004869584925472736,0.0004525918047875166,0.002130453009158373,-0.005510619841516018,-0.004333755932748318,-0.011000778526067734
train,1966-09,1966-10,0.04067188873887062,-0.005774717777967453,0.027805164456367493,-0.01945774257183075,0.034439194947481155,-0.029378967359662056,0.0102500319480896,-0.016037631779909134
train,1966-10,1966-11,-0.014872233383357525,-0.010623284615576267,-0.01013349648565054,-0.0005570375360548496,-0.008257065899670124,0.0322892926633358,0.01912754215300083,0.021810568869113922
train,1966-11,1966-12,-0.002139817923307419,-0.00734614348039031,-0.0012163030914962292,0.00039445352740585804,4.10829670727253e-06,0.004938045050948858,0.00282339402474463,-0.00022521550999954343
train,1966-12,1967-01,-0.03270171582698822,-0.0017076348885893822,-0.038361985236406326,-0.0009123468771576881,-0.04300233721733093,0.05874438211321831,-0.011767083778977394,-0.03145214915275574
train,1967-01,1967-02,-0.020465629175305367,0.004360829014331102,-0.014581713825464249,0.010599751025438309,-0.022572919726371765,0.015395775437355042,-0.01119941845536232,-0.0015576714649796486
train,1967-02,1967-03,-0.005282148253172636,-0.0024298992939293385,-0.004368735942989588,-0.00381054962053895,-0.0013677505776286125,0.0072702281177043915,0.000493872445076704,-0.002396360971033573
train,1967-03,1967-04,0.0015020417049527168,-0.0013387431390583515,0.002218213165178895,-0.007691320031881332,0.0013108528219163418,0.004841319285333157,0.005335481371730566,0.001003979705274105
train,1967-04,1967-05,-0.00868085864931345,0.004706254228949547,-0.008029594086110592,0.009075448848307133,-0.011553031392395496,-0.0011476572835817933,-0.010225231759250164,-0.0010405939538031816
train,1967-05,1967-06,-0.04308158904314041,-0.000641878112219274,-0.02821405977010727,-0.002340887673199177,-0.03126940876245499,0.03845876827836037,-0.017702216282486916,0.024615880101919174
train,1967-06,1967-07,-0.016902416944503784,0.00024663470685482025,-0.009985371492803097,0.0008873832412064075,-0.013036542572081089,0.0020202596206218004,-0.004731548950076103,0.012529954314231873
train,1967-07,1967-08,-0.004534624982625246,0.0030533508397638798,-0.0026600437704473734,0.0045441570691764355,-0.0056768800131976604,-0.00943172536790371,-0.008833976462483406,-0.007212810683995485
train,1967-08,1967-09,-0.025894582271575928,0.01234267558902502,-0.010181844234466553,0.008715328760445118,-0.0205065980553627,0.0059960754588246346,-0.01192253828048706,0.015913691371679306
train,1967-09,1967-10,-0.01041679922491312,0.0004841471090912819,-0.007825854234397411,0.007492003496736288,-0.011812853626906872,0.0033396482467651367,-0.0037485414650291204,0.010131461545825005
train,1967-10,1967-11,0.004173967521637678,0.004215221852064133,0.0028660260140895844,-3.7510646507143974e-05,0.004605242051184177,0.003433928592130542,-0.00029558083042502403,0.00237201526761055
train,1967-11,1967-12,-0.03560919314622879,-0.008588950149714947,-0.028520356863737106,0.01641692779958248,-0.031092794612050056,0.01706743612885475,-0.007650831714272499,0.027267398312687874
train,1967-12,1968-01,-0.03390800207853317,0.004169877152889967,-0.016408409923315048,0.027217624709010124,-0.038087498396635056,-0.019276000559329987,-0.03021392412483692,0.011360682547092438
train,1968-01,1968-02,0.011864620260894299,0.007865057326853275,0.012368348427116871,-0.0025517838075757027,0.010154647752642632,-0.021446678787469864,-0.011669926345348358,-0.015779417008161545
train,1968-02,1968-03,0.003990004770457745,0.006422726903110743,0.006064668297767639,-0.007557530887424946,0.011867034249007702,-0.004743325524032116,0.004540927242487669,0.0009082069154828787
train,1968-03,1968-04,-0.031555332243442535,0.005666713695973158,-0.019547250121831894,0.004840225912630558,-0.019438939169049263,0.01701718010008335,0.0015489943325519562,0.034761760383844376
train,1968-04,1968-05,-0.03392741084098816,0.004592779092490673,-0.021806888282299042,0.017425712198019028,-0.034362442791461945,0.001402627443894744,-0.0035515681374818087,0.02424078807234764
train,1968-05,1968-06,-0.003385548247024417,-0.0013817991130053997,-0.00028013845440000296,0.012757020071148872,-0.008987163193523884,-0.015656152740120888,-0.011366014368832111,-2.972446964122355e-05
train,1968-06,1968-07,-0.012216995470225811,-0.013205545954406261,-0.004904830828309059,0.012868290767073631,-0.00947145652025938,-0.020099924877285957,-0.009535647928714752,0.002851345809176564
train,1968-07,1968-08,-0.019363362342119217,-0.0036936444230377674,-0.0035709645599126816,0.0016594699118286371,-0.009596934542059898,-0.0065527260303497314,-0.004083634354174137,0.009825420565903187
train,1968-08,1968-09,-0.012544178403913975,-0.004681657068431377,-0.009150146506726742,0.0007380358874797821,-0.008438300341367722,-0.004022994544357061,0.007418840192258358,0.015833336859941483
train,1968-09,1968-10,0.001495496602728963,0.004976955708116293,0.005412470083683729,0.0034304833970963955,0.0023372620344161987,-0.015267805196344852,-0.0042886799201369286,-0.005453386809676886
train,1968-10,1968-11,-0.0007087443955242634,-0.005826038308441639,-0.00427591148763895,-0.0015145549550652504,-0.0014763781800866127,0.013111568987369537,0.003279848024249077,0.005570537410676479
train,1968-11,1968-12,-0.01633010245859623,-0.005495718214660883,-0.007882148027420044,0.0033551990054547787,-0.016720937564969063,0.0009365674341097474,-0.007622729521244764,0.008446901105344296
train,1968-12,1969-01,-0.010260490700602531,-0.0029859133064746857,-0.006592696066945791,0.010195290669798851,-0.013367151841521263,-0.0014044118579477072,-0.008345305919647217,0.004186524078249931
train,1969-01,1969-02,0.007861270569264889,0.010145481675863266,0.01605416089296341,0.003352460451424122,0.008721963502466679,-0.021222654730081558,-0.0060696471482515335,-0.01093850377947092
train,1969-02,1969-03,-0.008556761778891087,-0.0038401633501052856,-0.0018281564116477966,0.00015050568617880344,0.00022082868963479996,0.00011559436097741127,0.001507819746620953,0.009996211156249046
train,1969-03,1969-04,-0.00022509065456688404,-0.004446309991180897,0.002385727595537901,0.0013793247053399682,0.00238849432207644,-0.004392420407384634,0.002844113390892744,0.001267486484721303
train,1969-04,1969-05,-0.009205657057464123,-0.009988355450332165,0.0025695310905575752,0.00623457133769989,-0.006890266668051481,-0.005462622735649347,-0.0016195420175790787,-0.004077516496181488
train,1969-05,1969-06,0.006241688970476389,0.008252473548054695,0.01715470477938652,0.003401746042072773,0.012042595073580742,-0.01471338327974081,-0.01268727332353592,-0.01794585771858692
train,1969-06,1969-07,-0.001073107123374939,0.004399118945002556,0.011964029632508755,0.008756226859986782,0.0030633010901510715,-0.016330089420080185,-0.012625989504158497,-0.006233518011868
train,1969-07,1969-08,-0.005802410654723644,0.007640097290277481,-0.008675600402057171,-0.000680319732055068,0.004494364373385906,0.00914696417748928,0.0027142486069351435,0.012745633721351624
train,1969-08,1969-09,-0.0030472110956907272,0.002932262606918812,0.008092263713479042,0.002505689859390259,0.0059720296412706375,-0.0050296299159526825,-0.012743134051561356,-0.010149938985705376
train,1969-09,1969-10,0.012309188954532146,0.001573384739458561,-0.009443329647183418,-0.006317759398370981,-0.0020681582391262054,0.020781276747584343,0.018663901835680008,0.0029207738116383553
train,1969-10,1969-11,-0.007763132452964783,0.005209455266594887,0.006901346147060394,0.005565006285905838,0.0044913762249052525,-0.010007847100496292,-0.01136777549982071,-0.0023683453910052776
train,1969-11,1969-12,-0.0025764680467545986,0.0027458099648356438,0.01555640995502472,0.004464864265173674,0.016261262819170952,-0.009600178338587284,-0.013569970615208149,-0.00017394917085766792
train,1969-12,1970-01,-0.005892448127269745,0.004106266424059868,0.006147648207843304,0.008677090518176556,-0.01621883548796177,-0.016568440943956375,-0.0010016239248216152,-0.010248865932226181
train,1970-01,1970-02,-0.0014987164177000523,-0.013252386823296547,-0.0009892716770991683,0.0045485966838896275,-0.0005270172841846943,-0.003660697489976883,0.004491692408919334,0.004124330822378397
train,1970-02,1970-03,-0.004132218658924103,-0.008481036871671677,0.01894374191761017,-0.00035050197038799524,0.001541404752060771,-0.018769558519124985,-0.009964875876903534,-0.01825030893087387
train,1970-03,1970-04,-0.006199173629283905,-0.004695734940469265,0.03371386229991913,0.0029779025353491306,0.011161540634930134,-0.0433298759162426,-0.01608891412615776,-0.02164459228515625
train,1970-04,1970-05,-0.001993962563574314,-0.003923007287085056,0.006238432601094246,-0.0013348311185836792,-0.005018170922994614,-0.006532103754580021,-0.001120185013860464,-0.007763242814689875
train,1970-05,1970-06,-0.01295179408043623,-0.004467321559786797,0.014712032862007618,0.011001566424965858,0.0038828575052320957,-0.019341640174388885,-0.01925468258559704,-0.01650790125131607
train,1970-06,1970-07,-0.0033938612323254347,-0.0018951627425849438,0.0053410278633236885,-0.003502684412524104,0.0049580903723835945,-0.0006894044345244765,-0.005342062562704086,-0.005642104893922806
train,1970-07,1970-08,0.011698577553033829,0.004808814264833927,-0.0043998160399496555,-0.013636717572808266,0.004354265984147787,0.015377648174762726,0.011205539107322693,0.0013668208848685026
train,1970-08,1970-09,0.025060899555683136,0.016589678823947906,-0.028540799394249916,-0.012112542986869812,-0.013399768620729446,0.028135724365711212,0.0324203297495842,0.014664736576378345
train,1970-09,1970-10,-0.021763723343610764,0.0016609306912869215,0.012261679396033287,0.015441438183188438,0.0038335868157446384,-0.020086796954274178,-0.026135846972465515,0.0018345242133364081
train,1970-10,1970-11,-0.005365720018744469,-0.0012309965677559376,0.01255284808576107,0.003768702270463109,0.015632105991244316,-0.006291673984378576,-0.013000115752220154,0.009442063979804516
train,1970-11,1970-12,-0.0024113331455737352,0.013933127745985985,0.008677652105689049,-0.00027526402845978737,0.005866329185664654,-0.014643147587776184,-0.003837062045931816,0.0011427905410528183
train,1970-12,1971-01,0.0038105552084743977,0.0151666896417737,-0.02166938968002796,-0.002999364398419857,-0.03276199474930763,-0.005655013024806976,0.02386801317334175,0.020443065091967583
train,1971-01,1971-02,-0.005921981763094664,0.006956085562705994,-0.008276022970676422,0.002791140228509903,-0.014458898454904556,0.007216495927423239,0.004100780934095383,0.0006881779991090298
train,1971-02,1971-03,-0.0017890781164169312,0.004088223911821842,-0.001015141955576837,-0.006541230715811253,0.0015856531681492925,0.005735859274864197,0.005311177112162113,0.008461286313831806
train,1971-03,1971-04,0.003849419765174389,0.008633995428681374,0.0030165906064212322,-0.0053178477101027966,0.007846476510167122,-0.004141903016716242,0.005175341386348009,0.004735068418085575
train,1971-04,1971-05,-0.003994984086602926,0.007959563285112381,0.011406432837247849,0.005967975594103336,0.004788360092788935,-0.004428999498486519,-0.008825568482279778,-0.00543601019307971
train,1971-05,1971-06,-0.0032927023712545633,-0.0006929843220859766,0.009492953307926655,0.005206676200032234,0.004814846906810999,0.0022619133815169334,-0.008191684260964394,-0.00641090702265501
train,1971-06,1971-07,0.0043755341321229935,-0.003100669477134943,0.009418655186891556,0.008706084452569485,0.005786833353340626,-0.017567850649356842,-0.008226888254284859,-0.018135711550712585
train,1971-07,1971-08,-0.006732585374265909,-0.0007771251257508993,0.0021962951868772507,-0.001399056171067059,0.004163315054029226,-0.005158699117600918,0.0016754637472331524,0.001656112028285861
train,1971-08,1971-09,-0.008568139746785164,0.00023228395730257034,0.0023708390071988106,0.004851150326430798,-0.0021715941838920116,0.0024188340175896883,-0.006703607738018036,-0.004468406550586224
train,1971-09,1971-10,0.0008400141960009933,-0.0019406008068472147,0.008770924992859364,0.007998201996088028,0.0033448562026023865,-0.004171977750957012,-0.007706198841333389,-0.004673647228628397
train,1971-10,1971-11,0.0009088704828172922,0.0011989925988018513,0.011358126066625118,-0.0009125045617111027,0.012859457172453403,-7.953192107379436e-05,-0.004651888273656368,-9.720539674162865e-05
train,1971-11,1971-12,0.0040657417848706245,0.0032317903824150562,-0.0053132809698581696,-0.00621570460498333,-0.002964660292491317,-0.0012629254488274455,0.014618219807744026,0.0071879499591887
train,1971-12,1972-01,-0.02028317004442215,-0.0018523186445236206,-0.009765073657035828,0.00907770823687315,-0.04849186912178993,-0.003803372848778963,0.025348994880914688,0.013356916606426239
train,1972-01,1972-02,-0.0052034249529242516,0.001431718934327364,0.004020301159471273,-0.005271338392049074,-0.0037868828512728214,-0.004197180271148682,0.008983364328742027,-6.360094994306564e-05
train,1972-02,1972-03,-0.0017524210270494223,0.0033087534829974174,0.004724742379039526,0.005687151104211807,0.0027704695239663124,-0.001305008539929986,-0.0024078276474028826,-0.0002919327234849334
train,1972-03,1972-04,-0.0019887485541403294,0.0021526531782001257,0.008716265670955181,-0.00347386347129941,0.0055256737396121025,-0.0036030032206326723,0.0007353555411100388,-0.0027777438517659903
train,1972-04,1972-05,0.0003317624796181917,0.004301826003938913,0.008243228308856487,0.001410159282386303,0.008827791549265385,-0.0007106559351086617,-0.0038885518442839384,-0.006458070129156113
train,1972-05,1972-06,0.005743084475398064,-0.002311082324013114,0.0072529371827840805,-0.0004926357651129365,0.005426295101642609,-0.001217559678480029,0.0026079348754137754,-0.0059934016317129135
train,1972-06,1972-07,0.007448981981724501,-0.005673574283719063,0.009387903846800327,0.0015422138385474682,0.006686940789222717,-0.00959516316652298,0.0012228505220264196,-0.010333179496228695
train,1972-07,1972-08,0.004949772730469704,-0.0015990074025467038,0.007504789158701897,-0.0014423754764720798,0.00654752878472209,-0.005984919145703316,-0.0011814122553914785,-0.007824920117855072
train,1972-08,1972-09,0.00309296278283,-0.0037804036401212215,0.00396095123142004,0.0033862132113426924,0.005771616939455271,-0.0009561695042066276,-0.003456788370385766,-0.004046625457704067
train,1972-09,1972-10,0.0031003106851130724,-0.0067990501411259174,0.005943471100181341,0.0021920218132436275,0.008158436045050621,-0.0010484850499778986,-0.007610943168401718,-0.0022925043012946844
train,1972-10,1972-11,-0.0005858836229890585,0.0007764703477732837,0.004734627902507782,-0.014682762324810028,0.009194626472890377,0.0028660674579441547,-0.0045231543481349945,-0.005062543787062168
train,1972-11,1972-12,-0.0022732862271368504,0.0014505998697131872,0.0068024019710719585,0.004250636789947748,0.0116534773260355,-0.006308097392320633,-0.001307579455897212,0.00042441481491550803
train,1972-12,1973-01,-0.005233795382082462,-0.003410113975405693,0.0035222212318331003,0.012124812230467796,-0.019659720361232758,-0.021604061126708984,0.000716005451977253,0.002827152144163847
train,1973-01,1973-02,-0.0007867271779105067,0.0038411738350987434,0.00579560361802578,0.002953689079731703,0.0017739628674462438,-0.016528932377696037,-0.004086019471287727,0.002467729849740863
train,1973-02,1973-03,0.00042992259841412306,-0.005868364591151476,0.006262101233005524,-0.0026359620969742537,0.0042014410719275475,-0.010611675679683685,0.0027754572220146656,0.00252327648922801
train,1973-03,1973-04,-0.005832909606397152,-0.004466671496629715,0.01289583370089531,0.004321746062487364,-0.0007014274597167969,-0.02219679206609726,-0.005110552534461021,-0.002299490151926875
train,1973-04,1973-05,-0.0008259094320237637,-0.0006987466476857662,0.011722465045750141,0.0020780242048203945,0.011440219357609749,-0.013881703838706017,-0.0039292629808187485,0.0015995185822248459
train,1973-05,1973-06,0.0012879462447017431,-0.005450962111353874,0.008325871080160141,-0.00344451074488461,0.0049174171872437,-0.007398941554129124,0.0037118797190487385,0.00810018926858902
train,1973-06,1973-07,0.027781134471297264,0.004111771006137133,0.0051681287586688995,-0.025427216663956642,0.016216520220041275,0.019109778106212616,0.02499428205192089,0.007148406468331814
train,1973-07,1973-08,-0.006551372818648815,-0.0009413044899702072,0.001338323694653809,0.006285844370722771,0.00273552886210382,-0.006362076848745346,-0.004400385543704033,0.005223692394793034
train,1973-08,1973-09,0.024949487298727036,-0.012423552572727203,0.009735782630741596,-0.020187124609947205,0.023278988897800446,0.002129769418388605,0.022418325766921043,0.00650383997708559
train,1973-09,1973-10,-0.005656050518155098,-0.0023161263670772314,0.003019961528480053,0.0016260131960734725,-0.0011466455180197954,-0.015155375935137272,0.003124688984826207,0.007479437626898289
train,1973-10,1973-11,-0.022159282118082047,0.0017432838212698698,-0.0025548709090799093,0.01953262835741043,-0.0077756717801094055,-0.017017122358083725,-0.016499504446983337,0.007211774587631226
train,1973-11,1973-12,-0.0013266494497656822,-0.015567295253276825,0.004370543174445629,-0.0033852066844701767,0.019443243741989136,-0.015021691098809242,0.00873930100351572,0.018702704459428787
train,1973-12,1974-01,0.00973461288958788,0.00029990775510668755,-0.001286864746361971,-0.01714932546019554,-0.01559189148247242,0.007303668186068535,0.00758725218474865,-0.0018508806824684143
train,1974-01,1974-02,-0.00670983362942934,0.005745504982769489,0.0039012988563627005,0.003488029818981886,-0.0046365465968847275,-0.007733320817351341,-0.003809165908023715,-6.987655069679022e-05
train,1974-02,1974-03,-0.004612968768924475,0.012514461763203144,-0.0016794303664937615,-0.0004614451318047941,-0.011674018576741219,-0.0011820003855973482,-0.0033550371881574392,-0.012380256317555904
train,1974-03,1974-04,-0.009190915152430534,0.008435562252998352,0.009696242399513721,0.0007709891069680452,-0.0007383183692581952,-0.009564684703946114,-0.0022296870592981577,-0.002023089211434126
train,1974-04,1974-05,-0.003833505790680647,0.011423291638493538,0.013560554012656212,0.0016498112818226218,0.002494871150702238,-0.007325782440602779,-0.0035577400121837854,-0.002928782720118761
train,1974-05,1974-06,0.00015189405530691147,0.003241811878979206,0.009327935986220837,-0.006548507139086723,0.003799153259024024,-0.011986630037426949,0.003263036487624049,0.0022191719617694616
train,1974-06,1974-07,-0.0032209439668804407,-0.00973592884838581,0.010118123143911362,-0.0007420781766995788,0.004355663433670998,-0.014272889122366905,0.0015723991673439741,0.0052909404039382935
train,1974-07,1974-08,-0.011145021766424179,0.004747866187244654,0.01407333742827177,-0.000935886986553669,-0.002528340322896838,-0.010582965798676014,-0.004086871165782213,0.0006507523939944804
train,1974-08,1974-09,-0.01713600382208824,-0.004094417206943035,0.0015615123556926847,0.015063073486089706,-0.015297459438443184,-0.008367565460503101,-0.01659476011991501,-0.01199282892048359
train,1974-09,1974-10,0.029398534446954727,-0.019959045574069023,0.005306266248226166,-0.01987577974796295,0.03256926313042641,0.0009205206297338009,0.03228476643562317,0.01584254391491413
train,1974-10,1974-11,-0.01378118060529232,-0.00074338901322335,0.00790185946971178,0.010353672318160534,-0.0020299118477851152,-0.006258571986109018,-0.013775458559393883,-0.0063504669815301895
train,1974-11,1974-12,-0.003515831660479307,-0.0058817146345973015,0.01028940174728632,0.00011491193436086178,0.014977319166064262,-0.008227793499827385,-0.0023010389413684607,-0.0031534982845187187
train,1974-12,1975-01,0.04435867443680763,-0.003072816878557205,-0.013267132453620434,-0.03828444704413414,-0.01668482832610607,0.022321205586194992,0.04428337141871452,0.019646134227514267
train,1975-01,1975-02,-0.002902360400184989,0.016380485147237778,0.00010157865472137928,0.005427207797765732,-0.0050242687575519085,0.008210721425712109,-0.003922289703041315,0.0016414416022598743
train,1975-02,1975-03,0.01571333408355713,0.0012385859154164791,0.001780663151293993,-0.028785675764083862,0.004791874438524246,0.0051168943755328655,0.02680268883705139,0.004369447007775307
train,1975-03,1975-04,0.004200054332613945,0.004696097690612078,0.015208130702376366,-0.01166754961013794,0.017131352797150612,0.0019078978803008795,0.01223520003259182,0.0005737609462812543
train,1975-04,1975-05,0.002592560136690736,0.0023999831173568964,-0.0056222970597445965,-0.004569770768284798,-0.001874777371995151,0.0013568354770541191,0.010587015189230442,0.012979667633771896
train,1975-05,1975-06,0.006674174219369888,-0.007231372408568859,0.0016330783255398273,-0.01250950526446104,0.0033997884020209312,-0.0036834380589425564,0.01453409343957901,0.017773427069187164
train,1975-06,1975-07,-0.010256822220981121,0.014587026089429855,0.0004325601039454341,0.010137173347175121,-0.021235240623354912,-0.008703835308551788,-0.011188453063368797,-0.0070375800132751465
train,1975-07,1975-08,-0.001376619329676032,0.008058907464146614,0.004676788114011288,0.004459023475646973,0.0020301404874771833,-7.629976607859135e-05,-0.009528880938887596,-0.010119805112481117
train,1975-08,1975-09,-0.0011365649988874793,0.004442035686224699,0.008152808994054794,-0.001245173392817378,0.0030598589219152927,-0.009390262886881828,-0.0030993653926998377,-0.0070620146580040455
train,1975-09,1975-10,0.0013866836670786142,-0.001895941561087966,0.0072081433609128,-0.004667601548135281,0.013956857845187187,-0.01142862532287836,0.011724336072802544,0.010417185723781586
train,1975-10,1975-11,-0.0029606036841869354,0.0007819050224497914,0.009491403587162495,-0.008435999974608421,0.008810924366116524,-0.007649504113942385,0.005744952708482742,0.004994155839085579
train,1975-11,1975-12,-0.0006960749160498381,-0.0017485496355220675,-0.0017800708301365376,-0.000464604701846838,-0.006305348128080368,0.004203649237751961,-0.004082164727151394,-0.005843506194651127
train,1975-12,1976-01,0.0026013015303760767,-0.019099008291959763,0.018574120476841927,-0.01549296174198389,-0.006338742095977068,-0.016260189935564995,0.044325973838567734,0.02870935946702957
train,1976-01,1976-02,-0.01546846516430378,-0.006902800872921944,0.0009666545083746314,0.002309550065547228,-0.036506980657577515,0.004023481160402298,0.009124936535954475,-0.0005933791399002075
train,1976-02,1976-03,-0.01149819977581501,0.007242937572300434,-0.0022443574853241444,0.008185984566807747,-0.010018444620072842,0.010196052491664886,-0.010497846640646458,-0.0031138318590819836
train,1976-03,1976-04,-0.0030844530556350946,0.014043732546269894,-0.007533307187259197,0.011149882338941097,-0.007989967241883278,-0.0005322389770299196,-0.015776757150888443,-0.00800420343875885
train,1976-04,1976-05,0.008597079664468765,0.008988984860479832,0.002280340064316988,0.0013811843236908317,0.005441006273031235,0.0037840139120817184,-0.00814462173730135,-0.01257035881280899
train,1976-05,1976-06,0.002483292017132044,-0.008068186230957508,0.007434580475091934,-0.01130453497171402,0.01333614718168974,0.0006667586858384311,0.0076566943898797035,0.005702995229512453
train,1976-06,1976-07,-0.004768905229866505,0.005083875264972448,-0.0039671193808317184,0.010764718055725098,-0.009219279512763023,0.0011901550460606813,-0.012435805052518845,-0.007189991883933544
train,1976-07,1976-08,-0.003865972626954317,0.005227198358625174,0.004836191423237324,0.0012568568345159292,-0.0003429217031225562,-6.585102528333664e-05,-0.007534779608249664,-0.008925617672502995
train,1976-08,1976-09,0.0041053807362914085,-0.004744337406009436,0.0035116011276841164,-0.0063753267750144005,0.008534923195838928,-0.005274166818708181,0.007037733215838671,0.005868843756616116
train,1976-09,1976-10,-0.0019853352569043636,-0.00015293434262275696,-0.0012587793171405792,0.003124231705442071,-0.0035104798153042793,0.0014205235056579113,-0.007984052412211895,-0.007320089265704155
train,1976-10,1976-11,0.0001264123129658401,-0.003208739683032036,-0.001204825472086668,-0.0013445948716253042,0.00315080676227808,0.0026480392552912235,0.0042963153682649136,0.0026079844683408737
train,1976-11,1976-12,-0.0022292379289865494,-0.0015305057168006897,0.0025589033029973507,0.0014549054903909564,-0.014256256632506847,0.006176936440169811,0.007370698265731335,-6.706593558192253e-05
train,1976-12,1977-01,-0.015601130202412605,0.004340285435318947,-0.0029712936375290155,0.016901012510061264,-0.03235742077231407,-0.001279981224797666,-0.006378805730491877,-0.0009020189754664898
train,1977-01,1977-02,-0.015139156952500343,0.01370661798864603,-0.0017694680718705058,0.013749800622463226,-0.016354920342564583,0.0028201427776366472,-0.017352640628814697,-0.006631212309002876
train,1977-02,1977-03,-0.003898361697793007,0.0021156063303351402,-0.001137845334596932,0.0033707264810800552,-0.005923430435359478,0.0002275243168696761,-0.00390479969792068,-0.0034065949730575085
train,1977-03,1977-04,-0.008993078954517841,-0.0017923582345247269,-0.0031848486978560686,0.005378388334065676,-0.008840112946927547,0.0012186660896986723,-0.0042431228794157505,-0.00028653815388679504
train,1977-04,1977-05,-0.0057319533079862595,0.0019913590513169765,-0.000778586370870471,0.005028207786381245,-0.008074425160884857,-0.0025203274562954903,-0.0029955212958157063,0.0024440567940473557
train,1977-05,1977-06,0.002822054084390402,-0.010889556258916855,0.005466262344270945,-0.012044989503920078,0.0089055011048913,4.690111381933093e-05,0.01732407696545124,0.014599008485674858
train,1977-06,1977-07,-0.008043751120567322,0.009211564436554909,-0.006636315491050482,0.013539900071918964,-0.02127232402563095,0.00651328731328249,-0.012199950404465199,-0.013330061919987202
train,1977-07,1977-08,-0.008480777963995934,0.009087814018130302,-0.0053441328927874565,0.010768569074571133,-0.010749137960374355,0.006994025781750679,-0.009931819513440132,-0.006075785495340824
train,1977-08,1977-09,-0.008347568102180958,0.001802818849682808,-0.0021864227019250393,0.005021442659199238,-0.00771527411416173,0.0013455741573125124,-0.004589845892041922,-0.004252973012626171
train,1977-09,1977-10,-0.008920026943087578,0.009329835884273052,0.00034097948810085654,0.0057640960440039635,-0.008262842893600464,-0.0019468612736091018,-0.01252539362758398,-0.008671087212860584
train,1977-10,1977-11,-0.0017999042756855488,-0.0035654266830533743,0.007858566008508205,-0.006730474065989256,0.005880542099475861,0.0013857136946171522,0.01526050828397274,0.017694823443889618
train,1977-11,1977-12,-0.0068815648555755615,0.004329273477196693,-0.006802358198910952,0.007233765441924334,-0.008514982648193836,0.0014650181401520967,-0.002196778543293476,0.0009385068551637232
train,1977-12,1978-01,-0.011500109918415546,0.003527340479195118,-0.0062138051725924015,0.0148384477943182,-0.024865517392754555,0.0019173286855220795,-0.012030727230012417,-0.005801770836114883
train,1978-01,1978-02,-0.01266275905072689,0.0038619753904640675,-0.0014158510603010654,0.008191119879484177,-0.014281987212598324,0.0011134420055896044,-0.004769681952893734,-0.00040508212987333536
train,1978-02,1978-03,-0.0014097046805545688,-0.008741941303014755,0.003725128248333931,-0.0034465256612747908,-0.0025191716849803925,0.0031722956337034702,0.010768222622573376,0.006154821254312992
train,1978-03,1978-04,0.005580827593803406,-0.0004784376360476017,0.006827163510024548,-0.002547983778640628,0.008613603189587593,-0.0009649238782003522,0.011889527551829815,0.008941669017076492
train,1978-04,1978-05,-0.012923016212880611,0.005854419898241758,-0.0016823707846924663,0.00871346052736044,-0.012520025484263897,0.002594549674540758,0.0007198562379926443,0.007557897362858057
train,1978-05,1978-06,-0.010629798285663128,0.005810944363474846,-0.006509819999337196,0.012946530245244503,-0.014057237654924393,-0.0008735958836041391,-0.010587613098323345,-0.0025102952495217323
train,1978-06,1978-07,0.0006242763483896852,-0.004716743715107441,-0.0004444795777089894,-0.0045060571283102036,0.006379315629601479,0.002544312970712781,0.010056057944893837,0.016026539728045464
train,1978-07,1978-08,-0.01686878502368927,-0.00336332805454731,-0.007794313132762909,0.015454242005944252,-0.015583761036396027,-0.0005192359676584601,0.0029291140381246805,0.01901223696768284
train,1978-08,1978-09,-0.006285679526627064,0.007449663244187832,-0.0044760326854884624,0.008270916528999805,-0.016105057671666145,0.0030844551511108875,-0.013423778116703033,-0.010133685544133186
train,1978-09,1978-10,0.0025693164207041264,0.03133532032370567,-0.0021124437917023897,0.011814119294285774,-0.00918897707015276,-0.004338189028203487,-0.0361565537750721,-0.040538474917411804
train,1978-10,1978-11,0.005959890782833099,-0.01281518954783678,0.0067397793754935265,-0.010410872288048267,0.019002869725227356,0.0015673476736992598,0.027156569063663483,0.030576545745134354
train,1978-11,1978-12,-0.0003327414160594344,0.002248987788334489,-0.0034472402185201645,0.00035903125535696745,-0.0001360363094136119,0.00821556057780981,4.61839372292161e-05,-0.002731170505285263
train,1978-12,1979-01,0.003826713655143976,-0.009737377986311913,0.003274627961218357,0.0015610066475346684,-0.005246626678854227,-0.00494407769292593,0.013245373032987118,0.00248361611738801
train,1979-01,1979-02,-0.006648497190326452,0.006839951500296593,-0.005589155480265617,0.01002432033419609,-0.01367498841136694,0.003286173800006509,-0.015219787135720253,-0.011776402592658997
train,1979-02,1979-03,0.009665719233453274,-0.017749052494764328,-0.0038443717639893293,-0.006073576398193836,0.004095090087503195,0.010905314236879349,0.021104130893945694,0.005599971394985914
train,1979-03,1979-04,-0.004150970373302698,-0.002220316557213664,-0.005186780821532011,0.007066025398671627,-0.011377569288015366,0.0007146975258365273,-0.001618462149053812,-0.003900315146893263
train,1979-04,1979-05,-0.0055854301899671555,0.005354241468012333,0.003250060137361288,0.005814030300825834,-0.004882543347775936,0.0008311429410241544,-0.009572100825607777,-1.9518425688147545e-05
train,1979-05,1979-06,0.004761704709380865,-0.014538845978677273,-0.011537219397723675,0.00052872602827847,-0.0025434696581214666,0.0029355697333812714,0.004073505289852619,0.004028914496302605
train,1979-06,1979-07,0.002456716727465391,-0.00232724379748106,0.0031625390984117985,-0.0046478197909891605,0.003258743789047003,-0.0009599385084584355,0.001496951445005834,-0.0019618032965809107
train,1979-07,1979-08,0.0073323375545442104,-0.0052467877976596355,0.002936549484729767,-0.006668519228696823,0.010711169801652431,0.002907750429585576,0.014781510457396507,0.014046058058738708
train,1979-08,1979-09,-0.006950055714696646,0.005301737226545811,-0.00272672763094306,0.009558632969856262,-0.0051027387380599976,-0.0047709024511277676,-0.004703176207840443,0.00313522364012897
train,1979-09,1979-10,-0.006743635982275009,0.011835630983114243,0.006453963927924633,0.007943518459796906,-0.0030288887210190296,-0.00836994219571352,-0.009186217561364174,-0.0009024795144796371
train,1979-10,1979-11,0.001944325165823102,-0.0184136051684618,-0.005320256110280752,0.0009550437098369002,0.00685507245361805,0.011103642173111439,0.018109891563653946,0.024422967806458473
train,1979-11,1979-12,-0.014836418442428112,0.0027495883405208588,-0.012924808077514172,0.01932636834681034,-0.017665622755885124,0.012794507667422295,-0.002758543938398361,0.007118678651750088
train,1979-12,1980-01,-0.010830034501850605,-0.0016938872868195176,-0.011913949623703957,0.023098452016711235,-0.02779582142829895,0.012444653548300266,0.0010471353307366371,-0.00302677764557302
train,1980-01,1980-02,-0.015143370255827904,0.007203182205557823,-0.015141859650611877,0.023771191015839577,-0.0225970558822155,0.006706163287162781,-0.010873725637793541,0.0012259659124538302
train,1980-02,1980-03,0.006655530072748661,0.022159447893500328,0.023907851427793503,-0.01283999439328909,0.016213398426771164,-0.014523270539939404,-0.013020528480410576,-0.005783767905086279
train,1980-03,1980-04,0.007465927861630917,-0.01422482542693615,-0.0030069337226450443,-0.00449011754244566,0.003699901280924678,0.007580860517919064,0.011426065117120743,0.00906212255358696
train,1980-04,1980-05,0.009018353186547756,-0.004628904163837433,0.00184998894110322,-0.008906945586204529,0.008761352859437466,0.0014450718881562352,0.009533878415822983,0.003203467931598425
train,1980-05,1980-06,-0.0016936585307121277,-0.005089716520160437,-0.005446630530059338,0.006387965753674507,-0.0065680621191859245,0.003646995173767209,-0.0017935391515493393,-0.002790312049910426
train,1980-06,1980-07,0.0039440421387553215,0.00046546512749046087,0.009618811309337616,-0.0053906370885670185,0.0165543295443058,0.0057732355780899525,0.020624659955501556,0.01775878667831421
train,1980-07,1980-08,0.0026627168990671635,0.004292585887014866,-0.0028904476203024387,0.009705480188131332,-0.007117987610399723,0.007073469925671816,0.01584252342581749,0.011765955947339535
train,1980-08,1980-09,-0.0037144420202821493,0.011366542428731918,-0.013265741989016533,0.022267410531640053,-0.02059318870306015,0.013807158917188644,-0.005995693150907755,-0.007767886854708195
train,1980-09,1980-10,-0.015260947868227959,0.0047663673758506775,-0.015976740047335625,0.027306193485856056,-0.028928756713867188,0.02084788680076599,-0.007998000830411911,-0.01532275415956974
train,1980-10,1980-11,-0.007223917171359062,-0.0030055339448153973,-0.026330523192882538,0.028293916955590248,-0.015326046384871006,0.02352992445230484,0.009992209263145924,0.007015240844339132
train,1980-11,1980-12,1.056829933077097e-05,-5.4146599723026156e-05,0.015535816550254822,-0.0038850882556289434,0.005578126758337021,-0.0024173203855752945,-0.008691435679793358,-0.009369540959596634
train,1980-12,1981-01,-0.008273971267044544,0.015377037227153778,0.00726840877905488,-0.000592685944866389,-0.014879120513796806,-0.008990316651761532,-0.018140478059649467,-0.011180353350937366
train,1981-01,1981-02,0.0037361751310527325,-0.007184816524386406,0.01807388663291931,-0.019030507653951645,0.011986497789621353,-0.009336266666650772,0.002870190190151334,-0.007751855067908764
train,1981-02,1981-03,0.0072064767591655254,-0.004932578187435865,0.012821607291698456,-0.01429782621562481,0.015004569664597511,-0.0033346686977893114,0.013003960251808167,0.002770307706668973
train,1981-03,1981-04,-0.006349441595375538,0.005822072736918926,0.01121019572019577,0.003259063698351383,-0.0023056180216372013,-0.008254962041974068,-0.0017293563578277826,-0.006636572536081076
train,1981-04,1981-05,-0.0036177807487547398,-0.001707056537270546,0.004283045418560505,0.002722204430028796,8.418818470090628e-05,0.0011095472145825624,0.004977056756615639,0.005768284201622009
train,1981-05,1981-06,-0.0009738763328641653,-0.005524326581507921,0.020520109683275223,-0.022031698375940323,0.00857242289930582,-0.02349603921175003,-0.0028307586908340454,-0.004039213992655277
train,1981-06,1981-07,0.0015716219786554575,-0.000855092890560627,0.0019047742243856192,-0.002651260234415531,-0.0015652677975594997,-0.002495197579264641,0.0006379130645655096,-0.0023262223694473505
train,1981-07,1981-08,-0.00043089152313768864,-0.0038844714872539043,0.011160504072904587,-0.011883610859513283,0.006423117592930794,-0.016701648011803627,-0.00759947020560503,-0.009101670235395432
train,1981-08,1981-09,-0.005660708993673325,-0.007241847924888134,0.02362249232828617,-0.016197077929973602,0.020759424194693565,-0.02571987919509411,0.0008212736574932933,0.011212607845664024
train,1981-09,1981-10,-0.0014447442954406142,-0.0018889240454882383,0.0009520871099084616,0.0003380256821401417,0.0017933258786797523,0.015212595462799072,0.008721337653696537,0.011196780018508434
train,1981-10,1981-11,-0.009713816456496716,-0.011959035880863667,0.011424999684095383,-0.001175629091449082,0.008611051365733147,-0.01626308262348175,-0.00465014623478055,0.0023925513960421085
train,1981-11,1981-12,-0.010848247446119785,0.006997259333729744,0.012935440056025982,0.0008245155913755298,0.0004443232901394367,-0.006922700442373753,-0.0070648957043886185,-0.0042671216651797295
train,1981-12,1982-01,-0.008969129994511604,0.0015285488916561007,0.009378691203892231,0.002075906377285719,-0.005415803752839565,-0.006033283658325672,-0.005744505673646927,-0.0006921711610630155
train,1982-01,1982-02,-0.013272782787680626,-0.011149173602461815,0.019719254225492477,-0.004728364758193493,0.007181247230619192,-0.03200988098978996,-0.0011140345595777035,0.00636198790743947
train,1982-02,1982-03,-0.014224139042198658,-0.006102260202169418,0.01350622158497572,0.0003074941341765225,-0.0003226938424631953,-0.014878702349960804,-0.0024243230000138283,0.00037415476981550455
train,1982-03,1982-04,-0.0010151001624763012,0.001578823197633028,0.0008704778738319874,0.0035578312817960978,0.0017554452642798424,-0.00022792385425418615,0.004618283826857805,0.0042336913757026196
train,1982-04,1982-05,-0.00779101625084877,-0.0005980205023661256,0.004769768565893173,0.004289860837161541,-0.004768856335431337,-0.01260061003267765,-0.003296856302767992,-0.000789629528298974
train,1982-05,1982-06,-0.017569467425346375,-0.01024813111871481,0.02236305922269821,-0.0071092089638113976,0.0118296779692173,-0.022616539150476456,-0.002279620850458741,0.008351439610123634
train,1982-06,1982-07,-0.01297635119408369,-0.0020367782562971115,0.013888937421143055,0.0019417413277551532,0.0025579086504876614,-0.01244878489524126,-0.0077384114265441895,0.0016276733949780464
train,1982-07,1982-08,0.005404816474765539,-0.016597863286733627,0.008619858883321285,-0.020415570586919785,0.022062502801418304,0.0075246067717671394,0.010013524442911148,4.8148445785045624e-05
train,1982-08,1982-09,-0.020224981009960175,-0.0064291805028915405,0.012819082476198673,0.012033750303089619,-0.0030592400580644608,-0.010322622954845428,-0.010822920128703117,-0.006941372528672218
train,1982-09,1982-10,0.003276415169239044,0.0005522497231140733,0.0033842783886939287,-0.005417545326054096,0.010105309076607227,0.014390730299055576,0.010193394497036934,0.008884011767804623
train,1982-10,1982-11,-0.021098947152495384,0.0016316813416779041,0.012809351086616516,0.009541656821966171,-0.004845187067985535,0.0030207610689103603,-0.011601955629885197,-0.003825449151918292
train,1982-11,1982-12,-0.005412020720541477,0.01044389232993126,0.0035249937791377306,0.00402911938726902,-0.003950220532715321,-0.002296956954523921,-0.0010240518022328615,0.00415030075237155
train,1982-12,1983-01,0.024400221183896065,0.019985534250736237,-0.025778746232390404,0.008349932730197906,-0.04181358218193054,0.03166492283344269,-0.004224480129778385,-0.009840782731771469
train,1983-01,1983-02,-0.01775186136364937,0.003733942983672023,0.025259261950850487,0.011526178568601608,0.0017533625941723585,-0.011111337691545486,-0.01345721073448658,0.00023026438429951668
train,1983-02,1983-03,-0.009045779705047607,0.0008506991434842348,0.00868978537619114,0.007978841662406921,-0.0055108582600951195,-0.014740681275725365,-0.00481097586452961,0.002401980571448803
train,1983-03,1983-04,-0.002241377253085375,-0.0032245370093733072,-0.0017943880520761013,0.004785778000950813,-0.010657649487257004,0.006574750412255526,-0.004030153620988131,-0.0019540151115506887
train,1983-04,1983-05,0.01162133552134037,0.01400667056441307,-0.01776973158121109,0.008392359130084515,-0.021323563531041145,0.0048545291647315025,0.005121844820678234,0.013386370614171028
train,1983-05,1983-06,-0.0023726648651063442,0.013607433065772057,0.0050779953598976135,0.004996682517230511,-0.003474791534245014,-0.0009512340184301138,-0.00014650949742645025,0.006090738344937563
train,1983-06,1983-07,0.006205462384968996,0.0006359085673466325,0.0030574537813663483,-0.0018269468564540148,-0.009848371148109436,-0.01636262983083725,-0.004788140766322613,-0.008260054513812065
train,1983-07,1983-08,0.002316477708518505,-0.0018175160512328148,0.007224581204354763,-0.010305482894182205,0.006713477429002523,-0.013887077569961548,0.0032877582125365734,-0.002692906651645899
train,1983-08,1983-09,-0.00395731907337904,-0.005170740187168121,0.015538405627012253,-0.007897963747382164,0.011051868088543415,-0.010511871427297592,0.0003614210872910917,-0.004907452501356602
train,1983-09,1983-10,0.0011498009553179145,-0.006832626182585955,0.015286380425095558,-0.011471487581729889,0.006554714869707823,-0.021916348487138748,-0.006687548942863941,-0.01644180715084076
train,1983-10,1983-11,-0.009938337840139866,-0.009602255187928677,0.016402743756771088,-0.007823214866220951,0.01724068447947502,-0.001310573541559279,0.008039247244596481,0.002727802377194166
train,1983-11,1983-12,-0.005452217999845743,-0.0022973506711423397,0.0116136334836483,-0.0074121104553341866,0.0032429310958832502,-0.008415901102125645,-0.004122612066566944,-0.01040755957365036
train,1983-12,1984-01,0.005662114359438419,0.0029349057003855705,0.0010796121787279844,0.0032404717057943344,-0.017102262005209923,-0.010734528303146362,-0.00404907064512372,-0.0017212331295013428
train,1984-01,1984-02,-0.0008759736083447933,-0.002676992444321513,-0.0024257777258753777,-0.0008657584548927844,-0.001800350844860077,-0.013871627859771252,-0.0005656562279909849,-0.00036489195190370083
train,1984-02,1984-03,-0.004735749214887619,-0.000918351230211556,0.0069796498864889145,-0.002188130747526884,0.0032647205516695976,-0.007315915543586016,0.0026706987991929054,0.004587572533637285
train,1984-03,1984-04,-0.009361601434648037,-0.0001633659121580422,0.011755794286727905,-0.004076816141605377,0.007005715277045965,-0.006395681761205196,-0.0019665167201310396,-0.002201089169830084
train,1984-04,1984-05,-0.0040452382527291775,0.001829185290262103,0.006962306797504425,0.001262335805222392,-0.00036715558962896466,-0.01951202191412449,0.0023217895068228245,0.005549319554120302
train,1984-05,1984-06,-0.005367371719330549,-0.007648157887160778,0.015284392982721329,-0.011089758016169071,0.01592431217432022,-0.0011360349599272013,0.005709707736968994,-0.0016564549878239632
train,1984-06,1984-07,-0.011885147541761398,-0.006636042147874832,0.015404562465846539,-0.001828694948926568,0.007239359896630049,-0.016270587220788002,-0.004947111941874027,-0.007361887022852898
train,1984-07,1984-08,-0.002244016155600548,-0.005889256484806538,0.01251711044460535,-0.01839655078947544,0.021782753989100456,0.009130613878369331,0.016812941059470177,0.0098408292979002
train,1984-08,1984-09,-0.013358204625546932,-0.009870130568742752,0.003568072570487857,0.00648998050019145,-0.005566535983234644,-0.013468356803059578,-0.0077332197688519955,-0.00728793628513813
train,1984-09,1984-10,-0.020154183730483055,-0.005118597764521837,0.008140658028423786,0.003133271122351289,0.007288973778486252,-0.011497285217046738,-0.008767598308622837,0.004067018628120422
train,1984-10,1984-11,-0.020069340243935585,-0.00889287143945694,0.010935069061815739,0.0019552959129214287,0.004295195918530226,-0.014660563319921494,-0.0059297289699316025,-0.0075141373090445995
train,1984-11,1984-12,-0.007564369589090347,-0.00531198363751173,0.005998779553920031,-0.003984945826232433,0.008509261533617973,-0.005464522168040276,0.003547282889485359,0.003289532847702503
train,1984-12,1985-01,0.008480117656290531,0.015514040365815163,-0.005201628431677818,-0.00010775041300803423,-0.00010113650932908058,0.02479044534265995,0.0019024474313482642,0.009652123786509037
train,1985-01,1985-02,0.002931836526840925,0.008862227201461792,0.0023217734415084124,0.01286044716835022,-0.017629288136959076,0.006129976361989975,-0.00575980544090271,-0.002731181215494871
train,1985-02,1985-03,-0.01142458338290453,0.0008322144858539104,0.0006526882061734796,0.008369183167815208,-0.009149779565632343,-0.011259647086262703,-0.007255095988512039,0.0024090795777738094
train,1985-03,1985-04,-0.01081065647304058,-0.004325523041188717,-0.002059132093563676,0.00657485518604517,-0.0036375366616994143,-0.008154042065143585,-0.007955262437462807,-0.0032029554713517427
train,1985-04,1985-05,-0.013873402029275894,-0.004799707792699337,0.0034042801707983017,-0.002867433475330472,0.011086558923125267,-0.010430606082081795,0.0053365821950137615,0.013299761340022087
train,1985-05,1985-06,-0.011719617061316967,-0.009328546933829784,0.0008872167090885341,0.0028467278461903334,0.001707366551272571,-0.008806699886918068,-8.934503421187401e-05,-0.0018035962712019682
train,1985-06,1985-07,0.0015711148735135794,0.0034257208462804556,0.004231334198266268,0.004985978361219168,0.002355437260121107,0.003064848482608795,-0.000599492690525949,-0.0021842261776328087
train,1985-07,1985-08,-0.010706167668104172,-0.0017772568389773369,0.004809715319424868,0.0039853788912296295,-0.006568817887455225,-0.0026759179309010506,-0.010412278585135937,-0.00872018001973629
train,1985-08,1985-09,-0.009533594362437725,0.0016898124013096094,0.013833500444889069,0.0026477156206965446,0.002689699176698923,-0.019011126831173897,-0.004787040408700705,-0.0035922552924603224
train,1985-09,1985-10,-0.014176132157444954,-0.0135167445987463,0.007646552287042141,-0.0034886840730905533,0.011845417320728302,-0.008995067328214645,0.0028081368654966354,0.007454621605575085
train,1985-10,1985-11,-0.008611614815890789,-0.007059559226036072,0.0079248221591115,-0.0031968182884156704,0.009439797140657902,0.0017684687627479434,0.004247527569532394,0.003031220054253936
train,1985-11,1985-12,-0.016076525673270226,0.0021498140413314104,0.008901308290660381,0.0020868878345936537,0.004937386605888605,0.006499588023871183,-0.004355474375188351,-0.0014876853674650192
train,1985-12,1986-01,-0.010306049138307571,0.0014785235980525613,-0.007955004461109638,0.017481517046689987,-0.02316386066377163,0.009771227836608887,-0.013200582936406136,-0.006862256675958633
train,1986-01,1986-02,-0.012587424367666245,-0.005982602946460247,0.00502498634159565,0.0011464499402791262,0.0026313168928027153,0.007090013474225998,-0.0026714939158409834,-0.004185813944786787
train,1986-02,1986-03,-0.010948846116662025,-0.0025094524025917053,0.004727893974632025,0.004319730214774609,-0.0019317822298035026,-0.002473055152222514,-0.000938123557716608,0.002337674144655466
train,1986-03,1986-04,-0.001740526407957077,0.007560458965599537,-0.0010220087133347988,0.012525888159871101,-0.006408984307199717,0.0026314023416489363,-0.004172446671873331,0.0003436176630202681
train,1986-04,1986-05,-0.008229789324104786,0.004243769682943821,0.0018318836810067296,0.0004642304265871644,-0.001637570559978485,-0.0035129257012158632,0.003949750680476427,0.008528467267751694
train,1986-05,1986-06,-0.009959839284420013,-0.0001392662525177002,0.001850098604336381,0.013582287356257439,-0.0076529234647750854,-0.007929252460598946,-0.005036789923906326,-0.0027538402937352657
train,1986-06,1986-07,-0.007397794164717197,0.0030025593005120754,0.005125816445797682,0.007706249598413706,-0.006797845009714365,-0.0214740801602602,-0.007031497545540333,-0.004091885406523943
train,1986-07,1986-08,-0.0027938177809119225,-0.004941979888826609,0.005971585400402546,-0.015981441363692284,0.011593673378229141,-0.006346418987959623,0.008645709604024887,0.004080156795680523
train,1986-08,1986-09,0.007705523166805506,0.0020038937218487263,0.006880790926516056,-0.0039771744050085545,0.0026438576169312,-0.01748001202940941,0.0012593764113262296,-0.007510570343583822
train,1986-09,1986-10,-0.011440877802670002,-0.007317047566175461,0.005375925451517105,-0.0014770830748602748,0.009252283722162247,-0.0021738691721111536,0.010013535618782043,0.009646067395806313
train,1986-10,1986-11,-0.012174226343631744,0.006502102129161358,0.010683773085474968,-0.003008571919053793,0.004606252536177635,-0.008398889563977718,0.0010145369451493025,0.0026112054474651814
train,1986-11,1986-12,-0.006126245483756065,-0.0038249448407441378,0.006670855451375246,-0.002401749137789011,0.004521864466369152,-0.008151969872415066,0.002610686933621764,0.00014683627523481846
train,1986-12,1987-01,-0.0001832813723012805,0.0028083594515919685,-0.0028843414038419724,-0.0011566064786165953,-0.004142623394727707,0.009067538194358349,0.004658152349293232,0.006697930861264467
train,1987-01,1987-02,0.005280293058604002,0.006266105454415083,0.009131338447332382,0.0007581098470836878,0.0028860324528068304,0.013691623695194721,0.00445909658446908,0.002493748441338539
train,1987-02,1987-03,0.009181439876556396,0.00405593728646636,0.001135379308834672,0.0010991398012265563,-0.007827233523130417,-0.008500510826706886,8.888321463018656e-05,0.0010089387651532888
train,1987-03,1987-04,0.0005392441526055336,0.005829080007970333,0.0062261829152703285,0.0023115677759051323,-0.0030587012879550457,-0.005715029314160347,-0.0005230384413152933,0.002269563265144825
train,1987-04,1987-05,0.005586673505604267,-0.003169731702655554,0.011264991946518421,-0.005882036406546831,0.0054958839900791645,-0.01478012278676033,0.01061459630727768,0.008646752685308456
train,1987-05,1987-06,-0.0002821753441821784,-0.0046171583235263824,0.0031699754763394594,-0.005941638723015785,0.006972344592213631,-0.010998369194567204,0.00897219032049179,0.0070106275379657745
train,1987-06,1987-07,0.0026229883078485727,-0.004692137241363525,0.0015708518913015723,-0.0062827859073877335,0.0018519004806876183,-0.019618069753050804,0.013506801798939705,0.01041659526526928
train,1987-07,1987-08,-0.004529151134192944,-0.001146836788393557,0.003673455212265253,-0.004649116657674313,0.006914281286299229,0.0013871722621843219,0.0005300611956045032,0.0003327680751681328
train,1987-08,1987-09,-0.003270169487223029,0.002001764951273799,0.0062776063568890095,-0.002139951568096876,0.0007690050988458097,-0.00883589405566454,0.0032433641608804464,0.0033269980922341347
train,1987-09,1987-10,-0.01060317363590002,0.006588459014892578,0.008830884471535683,0.007027343846857548,-0.01807759329676628,-0.019378559663891792,-0.02450265735387802,-0.02859335020184517
train,1987-10,1987-11,-0.006610752083361149,-0.001990053802728653,0.00954864639788866,-0.0010379261802881956,-0.0015095637645572424,-0.008892524987459183,-0.006236528977751732,-0.008878584951162338
train,1987-11,1987-12,-0.02004128322005272,-0.006576783489435911,0.006052641198039055,-0.012601235881447792,0.029368562623858452,0.002669203793630004,0.01955529861152172,0.026596564799547195
train,1987-12,1988-01,0.010561136528849602,-0.002451376523822546,-0.010727178305387497,0.005555064883083105,-0.014455344527959824,0.010251077823340893,-0.003776338417083025,-0.005428682081401348
train,1988-01,1988-02,0.0029748473316431046,0.003233908675611019,0.002364030573517084,-0.012545084580779076,0.00887221097946167,0.007571107242256403,0.013674946501851082,0.0008761523640714586
train,1988-02,1988-03,0.002131387358531356,0.0033956991974264383,0.0004922588705085218,0.006359124090522528,-0.0035160393454134464,-0.007730930112302303,0.008003299124538898,0.0023542458657175303
train,1988-03,1988-04,-0.004807258956134319,0.0029150876216590405,0.0034528663381934166,0.0015509800286963582,-0.0030693821609020233,-0.003007336985319853,0.001652596052736044,-0.0003453368553891778
train,1988-04,1988-05,-0.008494003675878048,0.004627924412488937,0.004604055546224117,-0.0008112550131045282,-0.003907475620508194,-0.007956953719258308,-0.004916442558169365,-0.0017187107587233186
train,1988-05,1988-06,-0.00576940318569541,-0.004201855976134539,-0.002018036786466837,-0.009349255822598934,0.011583646759390831,0.005980371497571468,0.008012985810637474,0.013652447611093521
train,1988-06,1988-07,-0.001211140537634492,0.001472536358051002,-0.00645742891356349,0.009583430364727974,-0.010704484768211842,-0.0013262414140626788,-0.0058618467301130295,-0.007935616187751293
train,1988-07,1988-08,-0.006590480450540781,0.003954031970351934,0.0037485684733837843,0.004982252139598131,-0.005131607875227928,-0.009572025388479233,-0.007092630490660667,-0.004344490356743336
train,1988-08,1988-09,-0.006957484409213066,0.0034742620773613453,0.006379168946295977,-0.006427516229450703,0.0062295738607645035,-0.0008239469607360661,0.0023473326582461596,0.004846225026994944
train,1988-09,1988-10,-0.010592521168291569,-0.006541658658534288,0.004331678152084351,-0.0025497814640402794,0.006313178688287735,-0.012947970069944859,-0.001792323193512857,-0.0030878998804837465
train,1988-10,1988-11,-0.009403510019183159,-0.005491500720381737,0.004384813830256462,0.00035014288732782006,0.0009710132144391537,-0.00956518854945898,-0.0037647662684321404,-0.005271749570965767
train,1988-11,1988-12,-0.005459863692522049,0.0008982671424746513,0.00983104482293129,-0.009563850238919258,0.009599592536687851,-0.0005260587204247713,0.012242906726896763,0.010273062624037266
train,1988-12,1989-01,0.008430544286966324,-0.007553333416581154,-0.0005819739308208227,-0.0022124515380710363,-0.007247020956128836,-0.0004409719258546829,0.010281899943947792,0.005150346551090479
train,1989-01,1989-02,-0.002888851799070835,0.0011043306440114975,0.005569356959313154,0.002419863361865282,-0.0035450307186692953,-0.004842239432036877,0.0021244590170681477,0.003485521301627159
train,1989-02,1989-03,-0.003046023193746805,-0.006478204857558012,0.006786813493818045,-0.0030755060724914074,0.0051695844158530235,-0.008884217590093613,0.006349203176796436,0.008550134487450123
train,1989-03,1989-04,-0.0052587422542274,-0.006619848310947418,0.0015630892012268305,-0.006429010070860386,0.008011065423488617,-0.00518589885905385,0.011094620451331139,0.012589932419359684
train,1989-04,1989-05,-0.00511295348405838,-0.007975714281201363,0.00687118386849761,-0.0028521395288407803,0.003397657535970211,-0.0037813009694218636,0.009781524538993835,0.007637500762939453
train,1989-05,1989-06,-0.00703677162528038,0.00046782707795500755,0.0007392140105366707,0.00884055346250534,-0.009723562747240067,-0.0103516336530447,-0.006620058789849281,-0.007640970405191183
train,1989-06,1989-07,-0.008735192939639091,-0.006411747075617313,0.0030571843963116407,-0.004627292975783348,0.011995933949947357,0.00026319449534639716,0.003074344713240862,0.008277326822280884
train,1989-07,1989-08,-0.007968233898282051,-0.0023846901021897793,0.0012125872308388352,-0.003363568801432848,0.003398318774998188,0.003161890432238579,-0.0038174763321876526,-0.001586615340784192
train,1989-08,1989-09,0.005996138323098421,-0.0027481657452881336,0.0030673379078507423,0.006556435022503138,-0.0017982900608330965,0.0008587153861299157,0.0050190468318760395,0.0013081724755465984
train,1989-09,1989-10,0.0071823992766439915,0.005479305982589722,0.0074702538549900055,0.0038687908090651035,0.004330891650170088,-0.01697012409567833,0.003208681708201766,0.0018668384291231632
train,1989-10,1989-11,-0.0023119435645639896,-0.005649738013744354,0.0025637878570705652,-0.0035739042796194553,0.013691827654838562,-0.003613765351474285,0.004290841054171324,0.006429444532841444
train,1989-11,1989-12,-0.00721312640234828,-0.00562825845554471,0.012890568003058434,-0.01064281165599823,0.016048839315772057,-0.016921918839216232,0.016908427700400352,0.011897600255906582
train,1989-12,1990-01,0.014395905658602715,0.013719940558075905,0.0007599879754707217,0.004696184769272804,-0.011749939061701298,-0.009347421117126942,-0.010123027488589287,-0.014074819162487984
train,1990-01,1990-02,0.0017540213884785771,-0.006582306697964668,0.007273372728377581,-0.009777510538697243,0.004786801058799028,0.0021968865767121315,0.0077415648847818375,-0.00022731060744263232
train,1990-02,1990-03,0.0015984495403245091,0.0029072577599436045,0.00914711318910122,-0.007352967280894518,0.0114075792953372,-0.0030698436312377453,0.01533486507833004,0.01297510601580143
train,1990-03,1990-04,0.006690858863294125,0.010028619319200516,0.003062120173126459,0.0038077228236943483,0.0029177574906498194,-0.00745993060991168,0.0028788072522729635,0.00783495418727398
train,1990-04,1990-05,-0.0017740356270223856,-0.001818838412873447,0.004991857334971428,-0.012597698718309402,0.025423791259527206,0.004839844070374966,0.020412150770425797,0.026440517976880074
train,1990-05,1990-06,0.0021502075251191854,0.002904909895732999,0.004312925506383181,0.006333644967526197,0.000423801364377141,-0.006026780232787132,0.005407517775893211,0.002340835053473711
train,1990-06,1990-07,-0.003916324116289616,0.0017980702687054873,0.0053762514144182205,0.0010204823920503259,-0.0020423096138983965,-0.015344895422458649,0.0009138183668255806,0.0011779951164498925
train,1990-07,1990-08,-0.0017842324450612068,0.0019458746537566185,0.011358545161783695,0.0039594946429133415,-0.009017974138259888,-0.018283173441886902,-0.006378013640642166,-0.012724378146231174
train,1990-08,1990-09,-0.0010744674364104867,0.003844417631626129,0.01129773911088705,0.0075546554289758205,-0.005647588521242142,-0.028422445058822632,0.001095708692446351,-0.009077565744519234
train,1990-09,1990-10,-0.007897112518548965,-0.003484773449599743,0.011669719591736794,0.0030391376931220293,0.0107487253844738,-0.019033677875995636,0.004185272380709648,0.01105867512524128
train,1990-10,1990-11,0.003212906885892153,-0.008266948163509369,0.0039075082167983055,-0.019974566996097565,0.031899623572826385,0.013912349939346313,0.019940581172704697,0.016074085608124733
train,1990-11,1990-12,-0.011590051464736462,-0.007460262626409531,0.01651095785200596,-0.012436472810804844,0.028335897251963615,-0.004672284238040447,0.010587670840322971,0.008470118045806885
train,1990-12,1991-01,0.00040660053491592407,-0.011428755708038807,0.012456238269805908,-0.019564189016819,-0.00034373090602457523,0.01889762282371521,0.019786961376667023,0.0004396212752908468
train,1991-01,1991-02,0.009570791386067867,-0.008196558803319931,-0.005913183093070984,-0.0034440248273313046,-0.0199041236191988,0.025118408724665642,0.001817821990698576,-0.0038989796303212643
train,1991-02,1991-03,0.004092121496796608,-0.003310487139970064,0.0064882393926382065,0.0031217981595546007,-0.009850776754319668,0.00316497846506536,0.003058362053707242,5.26610529050231e-05
train,1991-03,1991-04,0.00816296972334385,0.0060288626700639725,0.006489463150501251,0.008484071120619774,-0.011544343084096909,0.0006666157278232276,-0.007080464623868465,-0.006545203272253275
train,1991-04,1991-05,-0.008271226659417152,0.00014621949230786413,0.0019071476999670267,-0.00461489986628294,0.004961097612977028,-0.005336293485015631,0.004283918533474207,0.007340830750763416
train,1991-05,1991-06,0.0031414469704031944,0.003236853051930666,0.004381542094051838,0.007385745644569397,-0.005264696199446917,-0.017140356823801994,-0.0024356592912226915,-0.013098673895001411
train,1991-06,1991-07,-0.004427737090736628,-0.00567253865301609,0.0037096338346600533,0.0006945638451725245,0.0036824154667556286,0.0002826373092830181,0.004613066092133522,0.005301577039062977
train,1991-07,1991-08,-0.0009327038424089551,-0.004004239104688168,-0.0003631175495684147,0.00873539224267006,-0.0025695753283798695,-0.004429199267178774,0.007611418142914772,0.011943545192480087
train,1991-08,1991-09,0.005455934442579746,0.0037043034099042416,-0.0026104256976395845,0.01649632304906845,-0.004019768908619881,-0.0005345414392650127,0.0012293613981455564,0.01068132184445858
train,1991-09,1991-10,0.002048320369794965,-0.005335366819053888,0.00537237711250782,0.011459637433290482,-0.0004014098085463047,0.0031375177204608917,-0.0005507082678377628,0.0035306273493915796
train,1991-10,1991-11,0.0028896317817270756,0.006012141704559326,0.00951538048684597,0.011739244684576988,-0.005035929381847382,-0.01099507324397564,-0.0032880990765988827,0.002422490157186985
train,1991-11,1991-12,-0.01771729439496994,-0.012084251269698143,0.002143139485269785,-0.006883157417178154,0.024251876398921013,0.007915238849818707,0.015186435543000698,0.019466020166873932
train,1991-12,1992-01,0.006151641719043255,-0.006122522987425327,-0.01385093666613102,0.027585530653595924,-0.0804014727473259,0.004836775828152895,-0.005666879005730152,-0.014905341900885105
train,1992-01,1992-02,-0.012040840461850166,-0.0008759514894336462,0.008844349533319473,0.0004881995264440775,-0.026070263236761093,-0.0033619850873947144,-0.00346204312518239,-0.004601969849318266
train,1992-02,1992-03,0.0033857100643217564,0.008906209841370583,0.007089237682521343,0.002858423627912998,-0.00531156687065959,-0.02286715619266033,-0.0027037118561565876,-0.009026013314723969
train,1992-03,1992-04,-0.00426569813862443,0.006134805269539356,0.008954081684350967,-0.01203169021755457,-0.0029734219424426556,-0.012034610845148563,-0.006676490418612957,-0.017514849081635475
train,1992-04,1992-05,0.0053565772250294685,-0.010085325688123703,0.004443254321813583,-0.003843235317617655,0.0018502152524888515,-0.006163798738270998,0.0020799734629690647,-0.005690046586096287
train,1992-05,1992-06,-0.005736139602959156,-0.008710076101124287,0.005910256411880255,0.0022561403457075357,-0.006457674317061901,-0.01109591219574213,-0.011010073125362396,-0.019172482192516327
train,1992-06,1992-07,-0.007356598973274231,-0.003734475001692772,-0.0008487890008836985,0.0013648713938891888,0.001964363269507885,0.005865722894668579,-0.0054018013179302216,-0.0025785041507333517
train,1992-07,1992-08,-0.0036468124017119408,0.0023344119545072317,0.007032083347439766,-0.0011113337241113186,-0.0006997641758061945,-0.010171039961278439,-0.003228815272450447,-0.012873844243586063
train,1992-08,1992-09,0.0011685565114021301,-0.0071083251386880875,0.0014880314702168107,-0.0018144811037927866,0.005567646119743586,-0.0014982896391302347,0.0017910358728840947,0.0010757034178823233
train,1992-09,1992-10,-0.0028934371657669544,0.00415811687707901,0.0013241592096164823,0.0016178535297513008,0.0062423450872302055,0.012098904699087143,0.0029803519137203693,0.008082778193056583
train,1992-10,1992-11,-0.0026814909651875496,0.005098727997392416,0.0019115675240755081,0.007243994623422623,-0.0001746609341353178,0.020496591925621033,0.004046835470944643,0.004922715947031975
train,1992-11,1992-12,-0.013571860268712044,-0.004133796319365501,-0.00028266385197639465,0.006052091717720032,-0.011107133701443672,-0.0009027750929817557,-0.0034189405851066113,-0.003325981553643942
train,1992-12,1993-01,-0.01077254768460989,-0.0030342163518071175,0.0014851490268483758,0.011100342497229576,-0.037682194262742996,0.0007546813576482236,-0.006197541952133179,-0.012172641232609749
train,1993-01,1993-02,-0.012085743248462677,-0.010922256857156754,0.009739452973008156,-0.0016181828686967492,-0.012809759005904198,-0.02755465731024742,-0.001340949209406972,-0.014505171217024326
train,1993-02,1993-03,-0.008101029321551323,-0.0047895112074911594,-0.0012027460616081953,-7.348082726821303e-05,-0.007164209149777889,0.003650892525911331,-0.003566938452422619,-0.005992386024445295
train,1993-03,1993-04,-0.002091397996991873,-0.004935890436172485,0.003302461002022028,0.006578780710697174,-0.012358035892248154,-0.013688113540410995,-0.006534460932016373,-0.01074471790343523
train,1993-04,1993-05,0.010275648906826973,0.0026310281828045845,0.005855831783264875,-0.008366705849766731,0.008287932723760605,-0.0006537173758260906,0.012439420446753502,0.011201294139027596
train,1993-05,1993-06,-0.0012834330555051565,-0.016466928645968437,0.0022494501899927855,0.0037357420660555363,-0.0028749853372573853,-0.01328256819397211,0.0010686349123716354,0.0016597354551777244
train,1993-06,1993-07,-0.008901381865143776,-0.00034928368404507637,-0.004564777482300997,0.0046599446795880795,-0.013612452894449234,-0.002245629671961069,-0.0071153356693685055,-0.0022253491915762424
train,1993-07,1993-08,0.002273750025779009,-0.005123739130795002,-0.00857943668961525,0.005938779097050428,0.005079375114291906,0.0027223883662372828,0.004825415089726448,0.0027325302362442017
train,1993-08,1993-09,-0.0033880590926855803,-0.0015303298132494092,-0.005661395378410816,0.00947902537882328,-0.010638131760060787,0.005259341560304165,0.0022533934097737074,0.005981488153338432
train,1993-09,1993-10,0.0046969223767519,0.004222814925014973,0.004763715900480747,0.0032238333951681852,-0.00903753750026226,0.0015384810976684093,0.0037049013189971447,0.004179076757282019
train,1993-10,1993-11,-0.005205557215958834,0.01072065532207489,0.014735283330082893,-0.010249342769384384,0.0030790928285568953,-0.0077610621228814125,-0.0009327385923825204,-0.00913294404745102
train,1993-11,1993-12,-0.010747542604804039,0.000736126909032464,0.006851905025541782,-0.007615064270794392,0.007845915853977203,-0.0021963955368846655,0.004151101224124432,0.0030892069917172194
train,1993-12,1994-01,0.001562995952554047,-0.002039085840806365,-0.00026485242415219545,-0.0032121818512678146,-0.007510544266551733,-0.001941276015713811,0.005359950941056013,-9.511352982372046e-05
train,1994-01,1994-02,-0.009570060297846794,0.003932918421924114,0.006672196555882692,-0.005406826268881559,-0.002503771800547838,-0.007432146929204464,0.002542489441111684,-0.0019417835865169764
train,1994-02,1994-03,-0.005024793557822704,0.008130587637424469,0.006975317839533091,-0.0007714377716183662,-0.009395778179168701,-0.005713945254683495,-0.005465405061841011,-0.009298492223024368
train,1994-03,1994-04,-0.013022002764046192,-0.0033568101935088634,0.008455244824290276,-0.010483205318450928,0.004811872262507677,-0.005591260734945536,0.0017152100335806608,-0.0026362331118434668
train,1994-04,1994-05,-0.00012546766083687544,-0.0004174819914624095,0.0035767469089478254,0.00021841214038431644,-0.0042257728055119514,-0.0023194667883217335,-0.0021251074504107237,-0.003610508516430855
train,1994-05,1994-06,-0.008417610079050064,0.007213813252747059,0.0029085385613143444,0.004609274677932262,-0.008831705898046494,-0.007275698706507683,-0.01335468702018261,-0.014796731993556023
train,1994-06,1994-07,-0.006619920022785664,0.0016305934404954314,0.0023040378000587225,-0.002625730587169528,0.003697228617966175,-4.0158978663384914e-05,0.0003697342472150922,0.004709266591817141
train,1994-07,1994-08,-0.007335072848945856,0.008130288682878017,0.010263048112392426,-0.0029015466570854187,0.009124946780502796,0.010615155100822449,0.0016715978272259235,0.007394212763756514
train,1994-08,1994-09,-0.008103273808956146,0.005417384207248688,0.007550516165792942,0.004828161094337702,-0.005358802154660225,-0.006535200402140617,-0.0001982436515390873,0.0056524379178881645
train,1994-09,1994-10,-0.015576265752315521,0.0075538624078035355,0.015176689252257347,-0.004495863802731037,0.00440368102863431,-0.001834523631259799,-0.001730300486087799,-0.0015163454227149487
train,1994-10,1994-11,-0.010519909672439098,0.001419510692358017,0.018505986779928207,-0.0012215948663651943,0.005334335379302502,-0.014214534312486649,0.0034488884266465902,0.003308285493403673
train,1994-11,1994-12,-0.021995289251208305,-0.0034564074594527483,0.010258655063807964,-0.0004979927325621247,0.007999288849532604,-0.011614469811320305,-0.0013250617776066065,0.003289387095719576
train,1994-12,1995-01,0.009272631257772446,-0.002534111961722374,0.003338748123496771,0.005957068409770727,-0.013924429193139076,-0.0026691933162510395,-0.00019701418932527304,-0.002077178331092
train,1995-01,1995-02,-0.0028824801556766033,-0.003466447815299034,0.004172950517386198,-0.003762482199817896,0.0024827017914503813,-0.003534786868840456,0.005216756835579872,0.00165115250274539
train,1995-02,1995-03,-0.005405321717262268,0.0036450910847634077,0.005600715987384319,0.0018707906128838658,0.001343702431768179,0.005037299357354641,-0.0034857061691582203,-0.00034119165502488613
train,1995-03,1995-04,-0.00894890446215868,0.0004076791228726506,0.008300344459712505,0.0014169395435601473,-0.0040090447291731834,0.0008950147312134504,-0.0021809369791299105,0.0003246478154323995
train,1995-04,1995-05,-0.0014272902626544237,-0.009874287992715836,0.011096715927124023,0.001183434622362256,0.001794653246179223,-0.0033098540734499693,0.003454914316534996,0.0015497177373617887
train,1995-05,1995-06,-0.002968437969684601,-0.005486948415637016,0.0006519408198073506,0.011514316312968731,0.0012685860274359584,0.007030932232737541,0.000871566473506391,0.01370672881603241
train,1995-06,1995-07,-0.004880793858319521,-0.004679664503782988,0.0003789491602219641,0.00952890980988741,-0.0012899113353341818,0.011301667429506779,0.0011034314520657063,0.007108121644705534
train,1995-07,1995-08,-0.0006127431988716125,-0.010393848642706871,0.006373567972332239,0.014250725507736206,-0.01322303805500269,-0.0044695292599499226,-0.002628110349178314,0.0053952522575855255
train,1995-08,1995-09,-0.003278006799519062,-0.005945293698459864,0.007491712458431721,0.010069269686937332,-0.009576777927577496,-0.011026857420802116,0.0020229220390319824,0.003046085126698017
train,1995-09,1995-10,-0.01112525537610054,-0.0008607528870925307,0.010294169187545776,0.004731464199721813,-0.014020389877259731,-0.008643229492008686,-0.012846962548792362,-0.012032895348966122
train,1995-10,1995-11,-0.014352455735206604,0.004030486103147268,0.005773857701569796,-0.005440262146294117,0.00467786006629467,0.007195871323347092,-0.006689459551125765,0.00023735780268907547
train,1995-11,1995-12,-0.006419551558792591,-0.009213205426931381,0.007718223612755537,0.007713767234236002,-0.002092986833304167,-0.006474514491856098,-0.0041265953332185745,0.0029468913562595844
train,1995-12,1996-01,0.013164898380637169,-0.0001282942102989182,-0.0028264247812330723,0.011943496763706207,-0.012228181585669518,-0.00718348566442728,0.001046774792484939,0.0036547319032251835
train,1996-01,1996-02,-0.0004054376622661948,-0.0037365497555583715,0.004384675994515419,0.00661057885736227,-0.0005291412235237658,-0.0002113160735461861,0.004817343316972256,0.002320936881005764
train,1996-02,1996-03,-0.0016102927038446069,0.003955604508519173,-0.00019895145669579506,-0.004844643175601959,-0.001703169895336032,-0.006744231563061476,0.0024740691296756268,-0.0012425801251083612
train,1996-03,1996-04,-0.008881974034011364,-0.004441363271325827,0.01145957875996828,0.006507896818220615,0.003022006480023265,0.01010669581592083,0.0025430135428905487,-0.00018559012096375227
train,1996-04,1996-05,-0.0011000913800671697,-0.0009580304613336921,-0.0018045625183731318,0.016891110688447952,-0.014732214622199535,-0.005256986245512962,0.005661106668412685,0.004329435992985964
train,1996-05,1996-06,-0.009197136387228966,0.004758081398904324,0.00233458261936903,-0.008311551064252853,-0.012107664719223976,-0.01602889411151409,-0.004648778587579727,-0.002423410303890705
train,1996-06,1996-07,-0.00019848602823913097,0.002997099654749036,0.010536421090364456,-0.019714094698429108,-0.0014597286935895681,-0.023947015404701233,0.0073548732325434685,-0.006259333807975054
train,1996-07,1996-08,-0.004090582951903343,0.0017331859562546015,-0.004744555801153183,0.00028366822516545653,0.0024452016223222017,0.009814543649554253,-0.0010807615472003818,0.00836156215518713
train,1996-08,1996-09,-0.004209586419165134,-0.0017757781315594912,0.003969674464315176,-0.0023307933006435633,0.005098068621009588,0.009034940972924232,0.0014033180195838213,0.002878589555621147
train,1996-09,1996-10,-0.014522513374686241,-0.0065605295822024345,0.018109893426299095,-0.016255931928753853,0.004507838748395443,-0.021048370748758316,0.004599318839609623,-0.0037387246266007423
train,1996-10,1996-11,-0.0033633438870310783,-0.005774429999291897,0.015602398663759232,-0.019682256504893303,0.01565363258123398,-0.005439281463623047,0.010154531337320805,-0.0008257469162344933
train,1996-11,1996-12,-0.013438654132187366,-0.006966615095734596,0.012039465829730034,-0.004736504517495632,0.007818267680704594,-0.0026118033565580845,8.473941124975681e-05,-0.0037619895301759243
train,1996-12,1997-01,0.02241857908666134,0.0011705148499459028,-0.008025333285331726,0.010537014342844486,-0.010044077411293983,0.00411307904869318,0.005866432096809149,0.00836897548288107
train,1997-01,1997-02,-0.006823436822742224,-0.0025014423299580812,0.004878653679043055,-0.002354389289394021,-0.01049506850540638,-0.02012050896883011,-0.0032842031214386225,-0.006592303514480591
train,1997-02,1997-03,-0.013235341757535934,-0.00013144174590706825,0.009943513199687004,-0.011116511188447475,8.783803787082434e-05,-0.02790611796081066,0.0061622909270226955,-0.0015832808567211032
train,1997-03,1997-04,-0.010520176030695438,0.0009836266981437802,0.006260941736400127,-0.016061417758464813,0.009125255048274994,-0.013037019409239292,0.009810255840420723,0.004039183259010315
train,1997-04,1997-05,0.00725383497774601,0.009791895747184753,0.0036104375030845404,-0.006811448372900486,0.020802924409508705,0.022725414484739304,0.009569196030497551,0.013465844094753265
train,1997-05,1997-06,-0.012064775452017784,-0.0029619168490171432,-0.000999982701614499,0.001946361269801855,-0.008790235035121441,-0.0008959868573583663,-0.0018989650998264551,-0.00588404992595315
train,1997-06,1997-07,-0.001752994256094098,-0.003155965358018875,0.002971393521875143,-0.012299402616918087,0.013554280623793602,0.0004542320966720581,0.008953392505645752,0.009299565106630325
train,1997-07,1997-08,0.0018428171752020717,0.0026185710448771715,0.0039854468777775764,0.0042941453866660595,-0.0068170903250575066,0.0006234704051166773,0.0013263460714370012,0.007478116080164909
train,1997-08,1997-09,0.0098197553306818,-0.009677744470536709,0.0022553757298737764,0.004633061587810516,-0.004591803997755051,0.009861649945378304,0.0014593936502933502,-0.004261526744812727
train,1997-09,1997-10,0.0007020824123173952,-0.011333910748362541,0.0017035561613738537,0.0038082587998360395,-0.016361836344003677,-0.021387703716754913,0.0022334952373057604,-0.007641930133104324
train,1997-10,1997-11,-0.02203672006726265,-7.310183718800545e-05,0.013905985280871391,-0.008278780616819859,-0.0039778598584234715,-0.020145311951637268,-0.004023488610982895,-0.007735917344689369
train,1997-11,1997-12,-0.02488085627555847,-0.0115775465965271,0.00875060260295868,-0.010992739349603653,-0.005897006951272488,-0.01415146142244339,-0.004345688037574291,-0.017437556758522987
train,1997-12,1998-01,0.012497274205088615,0.002149380976334214,-0.0022864430211484432,0.007752285338938236,-0.009177965112030506,0.002189120277762413,-0.0018014544621109962,-0.0013232966884970665
train,1998-01,1998-02,-0.004792916588485241,0.004413087852299213,3.9415841456502676e-05,-0.0022177351638674736,0.0034971481654793024,0.00967271625995636,0.004367132671177387,0.0057804216630756855
train,1998-02,1998-03,-0.006695207208395004,0.00426630862057209,0.0011969116749241948,0.008508067578077316,-0.004789433442056179,-0.005305017344653606,-0.0033355210907757282,0.006874865852296352
train,1998-03,1998-04,-0.004778646863996983,-0.004408086650073528,0.0026472366880625486,0.0031283360440284014,-0.012431608512997627,-0.004700957797467709,-0.0014470478054136038,-0.004133766982704401
train,1998-04,1998-05,-0.005140553694218397,0.002470541512593627,0.010028260760009289,-0.0006119104800745845,-0.004318444058299065,-0.017015427350997925,-0.0033059585839509964,-0.007142282091081142
train,1998-05,1998-06,-0.021684905514121056,-0.00414704205468297,0.004432442132383585,-0.006996768061071634,0.00753779336810112,-0.013501571491360664,0.005284879822283983,0.014527571387588978
train,1998-06,1998-07,-0.00938896182924509,-0.007098877336829901,0.007132507394999266,0.01173052191734314,-0.015254445374011993,-0.017476040869951248,-0.0077360025607049465,-0.010537627153098583
train,1998-07,1998-08,-0.021803703159093857,0.004983110819011927,0.024826589971780777,-0.007277951575815678,-0.007024908438324928,-0.04349786043167114,-0.006083714310079813,-0.02837377041578293
train,1998-08,1998-09,-0.0019320887513458729,-0.0014181658625602722,0.00728860218077898,-0.005869999527931213,0.014931458048522472,0.017565611749887466,0.006708784960210323,0.026089683175086975
train,1998-09,1998-10,0.002561466535553336,0.012650726363062859,0.01180790551006794,-0.019412420690059662,0.02852136269211769,0.02161366306245327,0.008216454647481441,0.00820575375109911
train,1998-10,1998-11,-0.008771330118179321,0.002713675145059824,0.010640935972332954,0.027390385046601295,-0.018578272312879562,0.016579769551753998,-0.01575569063425064,0.006634491495788097
train,1998-11,1998-12,-0.02070261351764202,-0.004225421696901321,0.005475240759551525,0.01023908331990242,0.007602588273584843,0.001829987857490778,0.0013006327208131552,0.010076530277729034
train,1998-12,1999-01,0.02318202145397663,-0.015322962775826454,0.0031033826526254416,0.031032130122184753,-0.029949326068162918,0.013671490363776684,-0.00677714915946126,-0.005379815120249987
train,1999-01,1999-02,-0.0031098192557692528,-0.010570373386144638,0.0057525853626430035,0.005617340095341206,-0.013987027108669281,-0.015756774693727493,-0.007026130333542824,-0.01601467654109001
train,1999-02,1999-03,-0.012093987315893173,0.00422484939917922,-0.0066950349137187,0.0021857840474694967,-0.0080012958496809,0.016988294199109077,-0.010655943304300308,-0.002130917040631175
train,1999-03,1999-04,-0.007632964290678501,0.00501753855496645,-0.004033342003822327,-0.01419488713145256,0.008230063132941723,-0.0010525586549192667,0.006477223709225655,0.009612654335796833
train,1999-04,1999-05,0.0033671932760626078,0.0034463703632354736,0.01939314417541027,-0.008361383341252804,0.008774520829319954,-0.018338803201913834,0.017896613106131554,0.010140837170183659
train,1999-05,1999-06,-0.007560195866972208,0.005982838571071625,0.00870498362928629,-0.0017834505997598171,0.006354887038469315,0.004356165416538715,-0.0006193774752318859,0.009100429713726044
train,1999-06,1999-07,0.003972412087023258,-0.009990951046347618,0.011119084432721138,0.003916383720934391,-0.0115196593105793,-0.007650882937014103,0.0018365149153396487,0.0008917277446016669
train,1999-07,1999-08,-0.009698021225631237,-7.809139788150787e-05,0.01836063526570797,0.007718417327851057,-0.0038762143813073635,-0.008439866825938225,-0.006303874775767326,0.004499904345721006
train,1999-08,1999-09,-0.011053336784243584,-0.0014952332712709904,0.008801223710179329,0.019801096990704536,-0.009462451562285423,0.006057982798665762,-0.007879496552050114,0.004273989237844944
train,1999-09,1999-10,-0.012974079698324203,-0.008432209491729736,0.01179305650293827,0.014909561723470688,-0.00739327073097229,0.0152690839022398,-0.016723569482564926,-0.0035187555477023125
train,1999-10,1999-11,-0.012488741427659988,-0.016928546130657196,0.01527255680412054,0.06446143984794617,-0.026983123272657394,0.010512341745197773,-0.003971753641963005,0.02875574305653572
train,1999-11,1999-12,-0.017711013555526733,-0.014698460698127747,0.019642844796180725,0.05666064843535423,-0.007948214188218117,0.01060161180794239,0.0024802498519420624,0.04070499539375305
validation,1999-12,2000-01,0.02588815614581108,-0.030487816780805588,0.019040746614336967,0.03990665823221207,-0.017894934862852097,-0.023084469139575958,0.014265310019254684,0.0207290668040514
validation,2000-01,2000-02,0.013581980019807816,-0.07993514835834503,0.04966863989830017,0.09420807659626007,0.0077036237344145775,0.001175709068775177,0.013312606140971184,0.06876614689826965
validation,2000-02,2000-03,-0.011566141620278358,0.01907355897128582,0.01051853597164154,-0.039306990802288055,0.020620545372366905,-0.031882740557193756,0.025047408416867256,-0.002535141073167324
validation,2000-03,2000-04,0.019206983968615532,0.0253450945019722,0.027335824444890022,-0.060852810740470886,0.025288879871368408,-0.05262749642133713,0.0328545942902565,-0.029989106580615044
validation,2000-04,2000-05,0.011147459968924522,0.003530095797032118,0.018927188590168953,-0.03734813630580902,0.006075439974665642,-0.02888052724301815,0.01459024753421545,-0.03628107160329819
validation,2000-05,2000-06,-0.017636410892009735,-0.019865617156028748,-0.0037647406570613384,0.060083791613578796,-0.014270388521254063,0.048898570239543915,-0.019388223066926003,0.04791085049510002
validation,2000-06,2000-07,0.011384783312678337,0.0015433174557983875,0.00614926777780056,-0.02898106351494789,0.010837286710739136,-0.0188263151794672,0.007191900163888931,-0.017638081684708595
validation,2000-07,2000-08,-0.00449504517018795,-0.025096634402871132,0.012706930749118328,0.008038046769797802,0.016874711960554123,0.0073545267805457115,0.016174715012311935,0.02642117068171501
validation,2000-08,2000-09,3.823582665063441e-05,-0.020743023604154587,0.018744267523288727,-0.03076634556055069,0.014401230029761791,-0.025670241564512253,0.004511161707341671,-0.010303697548806667
validation,2000-09,2000-10,-0.01266675814986229,0.002498266287147999,0.025549164041876793,-0.04090061038732529,0.028555922210216522,-0.03196712210774422,0.01233613584190607,0.01253952644765377
validation,2000-10,2000-11,-0.019021326676011086,-0.010367115959525108,0.030328042805194855,-0.074423648416996,0.031912870705127716,-0.0668080598115921,0.016789279878139496,-0.014343145303428173
validation,2000-11,2000-12,-0.021650338545441628,-0.01209140382707119,0.005986780859529972,-0.052967093884944916,0.044887036085128784,-0.00849622767418623,0.011192558333277702,0.007142474874854088
validation,2000-12,2001-01,0.06734316051006317,0.05687839910387993,-0.02668897807598114,0.06035630404949188,-0.08585921674966812,0.10045930743217468,-0.01513621211051941,0.013173342682421207
validation,2001-01,2001-02,-0.03783038258552551,-0.01460594218224287,0.014446696266531944,-0.0419597253203392,0.00816568173468113,-0.08067699521780014,0.02435905672609806,0.008141887374222279
validation,2001-02,2001-03,-0.020871687680482864,-0.01640050671994686,0.014185435138642788,-0.03146159276366234,0.01744956150650978,-0.06402847915887833,0.034128498286008835,0.021654099225997925
validation,2001-03,2001-04,0.019291812554001808,0.01922214962542057,0.001636915490962565,-0.0002683794591575861,0.02151517942547798,0.03902827203273773,0.001539490302093327,0.01609780266880989
validation,2001-04,2001-05,0.0011103004217147827,-0.0005344668170437217,0.0001187820453196764,0.008154650218784809,-0.012105299159884453,-0.003985068295150995,-0.004204959608614445,-0.003717337967827916
validation,2001-05,2001-06,-0.011222371831536293,-0.0031180267687886953,0.01352057047188282,0.005670885555446148,-0.0037595806643366814,-0.007921230979263783,-0.0011309310793876648,0.0009731135796755552
validation,2001-06,2001-07,-0.018158243969082832,-0.010802152566611767,0.018789095804095268,-0.019003404304385185,0.0057622408494353294,-0.04975014925003052,0.02377590537071228,0.0032957089133560658
validation,2001-07,2001-08,-0.030010398477315903,-0.005359963048249483,0.016565533354878426,-0.010290686041116714,-0.01259096059948206,-0.03522111475467682,-0.004288725554943085,-0.02087312936782837
validation,2001-08,2001-09,-0.024250732734799385,-0.020613577216863632,0.01670442707836628,0.009631031192839146,-0.017862975597381592,-0.04678994417190552,-0.010416937060654163,-0.021688522771000862
validation,2001-09,2001-10,0.03810860961675644,0.021359752863645554,-0.006173837464302778,0.007231780793517828,0.022434361279010773,0.06009523198008537,0.014893352054059505,0.04096046835184097
validation,2001-10,2001-11,0.0041566090658307076,0.03595557063817978,0.0002654952695593238,0.0032587896566838026,0.006919458508491516,0.03570421412587166,-0.01314448844641447,0.028525881469249725
validation,2001-11,2001-12,0.0008320172782987356,0.017933832481503487,-0.0010504531674087048,0.00044750398956239223,-0.0011942690471187234,0.021092379465699196,-0.006248099729418755,0.005285661667585373
validation,2001-12,2002-01,-0.031614840030670166,-0.001422728644683957,0.022088391706347466,0.0029477153439074755,-0.03196769207715988,-0.039021916687488556,0.003779002232477069,-0.01411890983581543
validation,2002-01,2002-02,-0.0304014403373003,-0.005192162934690714,0.017639990895986557,-0.01551660243421793,-0.0031860198359936476,-0.04627326875925064,0.0030197661835700274,-0.021881990134716034
validation,2002-02,2002-03,-0.0005865942221134901,0.009968492202460766,0.003973790444433689,-0.01490695495158434,0.006392898503690958,0.007901734672486782,0.0069078546948730946,0.004991188179701567
validation,2002-03,2002-04,-0.03212402015924454,-0.019775839522480965,0.007094662170857191,-0.012830328196287155,-0.013209651224315166,-0.04552353546023369,0.011309575289487839,-0.03585053235292435
validation,2002-04,2002-05,-0.020173901692032814,-0.012314695864915848,0.018560942262411118,-0.0028843299951404333,-0.0086336899548769,-0.03274441510438919,0.004170730710029602,-0.019439635798335075
validation,2002-05,2002-06,-0.032653093338012695,-0.01712937094271183,0.011084459722042084,-0.002749451668933034,-0.011326281353831291,-0.032210804522037506,-0.003601284697651863,-0.027844736352562904
validation,2002-06,2002-07,0.0005684206262230873,-0.019467901438474655,0.01020772010087967,0.008170736953616142,-0.005734348203986883,-0.02286571078002453,0.0016705077141523361,-0.014673778787255287
validation,2002-07,2002-08,-0.006647591479122639,-0.0014738710597157478,0.0045392150059342384,0.0009898323332890868,-0.0030745728872716427,-0.0026503652334213257,0.0032931985333561897,0.005933129694312811
validation,2002-08,2002-09,-0.011675752699375153,-0.013092411682009697,0.007675747387111187,0.0021483348682522774,0.002804420655593276,-0.02576874941587448,-0.000716101611033082,-0.005301422905176878
validation,2002-09,2002-10,0.012056512758135796,0.00418449379503727,0.012497241608798504,0.002944564213976264,0.0060276612639427185,0.02725760079920292,0.0031985430978238583,0.009989099577069283
validation,2002-10,2002-11,0.03903573378920555,0.015202155336737633,0.0038442611694335938,0.020347746089100838,-0.023861180990934372,0.050352685153484344,0.007976665161550045,0.009850985370576382
validation,2002-11,2002-12,-0.02928110584616661,0.0008941632113419473,0.005488996393978596,-0.001423403387889266,0.000735821551643312,-0.031092319637537003,-0.008382311090826988,0.005716550163924694
validation,2002-12,2003-01,0.0024197683669626713,-0.014013782143592834,0.0073134563863277435,0.023149356245994568,-0.024524468928575516,-0.007402551826089621,-0.005011217202991247,-0.0017261112807318568
validation,2003-01,2003-02,-0.006294490769505501,-0.008714762516319752,0.007715215440839529,0.006160123739391565,-0.006422171834856272,-0.012660247273743153,-0.0008411863236688077,-0.0034998005721718073
validation,2003-02,2003-03,0.0018258127383887768,-0.01047358289361,0.005765718873590231,0.002102178754284978,0.0029366579838097095,0.001440565101802349,0.0054814862087368965,0.003795316442847252
validation,2003-03,2003-04,0.023970605805516243,-0.006924320012331009,-0.005412270314991474,0.0027985149063169956,0.005172844976186752,0.018751751631498337,0.01115955226123333,0.015743516385555267
validation,2003-04,2003-05,0.04436580836772919,-0.01176665723323822,-0.003204410895705223,0.019034840166568756,-0.013828810304403305,0.034300267696380615,0.0030995947308838367,0.020180944353342056
validation,2003-05,2003-06,0.00480372691527009,-0.007191307842731476,-0.0016874863067641854,0.005978898145258427,-0.017200693488121033,-0.0027118923608213663,0.0038252566009759903,-0.007090109866112471
validation,2003-06,2003-07,-0.005716882646083832,-0.005052863620221615,0.013461094349622726,0.010352715849876404,-0.012936336919665337,0.003545100102201104,0.0014808623818680644,-0.0018251377623528242
validation,2003-07,2003-08,-0.0015533905243501067,-0.0006423409795388579,0.009523387998342514,-0.0034752599895000458,0.005208492744714022,0.0041692303493618965,0.005300178192555904,0.002452988177537918
validation,2003-08,2003-09,0.007350657135248184,-0.014551430940628052,-0.0016636453801766038,0.02571258880198002,-0.027358736842870712,-0.01109248772263527,0.0017383242957293987,0.005068644881248474
validation,2003-09,2003-10,-0.018328895792365074,-0.009447201155126095,0.0047890907153487206,0.0057397447526454926,-0.0018457703990861773,0.00012546393554657698,0.008734026923775673,0.009106691926717758
validation,2003-10,2003-11,-0.009288039058446884,-0.004067335743457079,0.007492810487747192,-0.00341315777041018,-0.003493948606774211,-0.010370071046054363,0.006241909693926573,0.00300999591127038
validation,2003-11,2003-12,0.002128448337316513,0.009939296171069145,-0.004095703363418579,-0.011310962028801441,0.0011697158915922046,-0.011524811387062073,0.005061060655862093,-0.003571470268070698
validation,2003-12,2004-01,-0.002885654103010893,-0.021905403584241867,0.015532433986663818,0.030844882130622864,-0.021460063755512238,-0.009135260246694088,0.0037738163955509663,0.008382362313568592
validation,2004-01,2004-02,7.952324813231826e-05,0.006876625586301088,-0.008421947248280048,-0.011410413309931755,-0.0030895303934812546,-0.0015628512483090162,-0.007561599835753441,-0.012949427589774132
validation,2004-02,2004-03,-0.002788427285850048,0.003919721115380526,-0.001009198371320963,-0.0064475079998373985,-0.0004975105402991176,-0.009105703793466091,0.0037828644271939993,-0.002706678817048669
validation,2004-03,2004-04,0.005400603171437979,0.017463121563196182,-0.006541102658957243,-0.0076919239945709705,0.005560804158449173,-0.0131484130397439,-0.00311279296875,-0.009736830368638039
validation,2004-04,2004-05,-0.008538012392818928,0.00399858970195055,0.007685019169002771,-0.008634798228740692,0.007968900725245476,0.0009362123673781753,0.0008579547284170985,0.0008633799734525383
validation,2004-05,2004-06,-0.013116057962179184,0.0068313321098685265,-0.0030278682243078947,-0.018004510551691055,0.006699933670461178,-0.0056333583779633045,0.004377945326268673,0.002366867382079363
validation,2004-06,2004-07,-0.008815410546958447,0.014249451458454132,-0.01359589397907257,-0.024512887001037598,-0.011334952898323536,-0.008841825649142265,-0.015674155205488205,-0.01416696421802044
validation,2004-07,2004-08,0.005727794487029314,-0.0005042487173341215,0.0019262498244643211,-0.00266772648319602,-0.002311980351805687,0.006679065991193056,-0.00601994339376688,-0.003871448338031769
validation,2004-08,2004-09,-0.0029204250313341618,-0.0031039267778396606,0.0013957046903669834,-0.004518553148955107,0.007301567122340202,0.006415040232241154,0.005966496653854847,0.007000105455517769
validation,2004-09,2004-10,-0.0033187619410455227,0.002205491531640291,0.0022700875997543335,-0.000709431478753686,-0.001816904405131936,0.003955662716180086,-0.0021003158763051033,-0.0005256495205685496
validation,2004-10,2004-11,-0.001497823279350996,0.004003242123872042,0.0013462353963404894,-0.004002693574875593,-0.001212787814438343,-0.0038983100093901157,0.006143940147012472,0.0019201439572498202
validation,2004-11,2004-12,0.014693183824419975,-0.0027917774859815836,0.008054155856370926,0.009766459465026855,-0.00234752194955945,0.003193963086232543,0.007740280125290155,0.00018836918752640486
validation,2004-12,2005-01,-0.011352983303368092,0.0018424238078296185,-0.005794091150164604,-0.0015114143025130033,-0.0018854634836316109,-0.01933012530207634,0.0035177022218704224,0.004379207268357277
validation,2005-01,2005-02,-0.011856801807880402,0.0034109391272068024,-0.0071267299354076385,-0.010345743969082832,0.006141710095107555,-0.006934872828423977,0.008374175988137722,0.0028650176245719194
validation,2005-02,2005-03,-0.01854170858860016,0.006553711835294962,-0.0013648640597239137,-0.008039209991693497,-0.0008186307386495173,-0.017439814284443855,0.0023724816273897886,-0.006907283794134855
validation,2005-03,2005-04,0.002377453725785017,-0.0015159689355641603,-0.002224965253844857,0.009752086363732815,-0.0020880706142634153,-0.01103193312883377,-0.0016679192194715142,-0.004013429395854473
validation,2005-04,2005-05,-0.0012662684312090278,0.00017857423517853022,0.003036033594980836,-0.00898449495434761,0.013999596238136292,0.010888785123825073,0.006306362338364124,0.012506833299994469
validation,2005-05,2005-06,-0.003109464654698968,-0.0032250359654426575,-0.0014811833389103413,-0.003503965213894844,-0.00110718235373497,0.005499898921698332,0.0027081561274826527,-0.0008554428932256997
validation,2005-06,2005-07,0.008021571673452854,-0.0027574808336794376,0.002368622226640582,-0.009886693209409714,0.010561686009168625,0.011475874111056328,0.008053441531956196,0.002020020969212055
validation,2005-07,2005-08,-0.005287743639200926,0.0002618557773530483,0.005145407281816006,-0.0006404463201761246,-0.004809906706213951,-0.001479972735978663,-0.0020858352072536945,0.00014260504394769669
validation,2005-08,2005-09,0.000730074301827699,-0.0014634281396865845,0.002269937889650464,0.0005442149704322219,0.004239900968968868,-0.007613032124936581,0.0027021600399166346,0.006204094737768173
validation,2005-09,2005-10,-0.005123983137309551,0.0011475622886791825,0.0014094403013586998,0.0035260762088000774,-0.005366533994674683,-0.001693757250905037,0.0008162215817719698,0.0017912692856043577
validation,2005-10,2005-11,-0.0022437740117311478,-0.00022226013243198395,0.0035638834815472364,-0.009482691995799541,0.01499619334936142,0.005219228100031614,0.007233297917991877,0.0016141622327268124
validation,2005-11,2005-12,-0.00361758004873991,0.0011377612827345729,0.0026067355647683144,-0.0016906443051993847,-0.0015668737469241023,0.0027598014567047358,-0.0052933888509869576,-0.007165886461734772
validation,2005-12,2006-01,0.012277258560061455,-0.0045439437963068485,0.001024613156914711,-0.004272254183888435,0.013818122446537018,0.011544222012162209,0.006006317213177681,0.006819637026637793
validation,2006-01,2006-02,0.005005799233913422,0.002817214699462056,0.003459308296442032,0.005182454828172922,-0.0051451558247208595,-0.0002900928375311196,-0.004492692183703184,-0.0004582118126563728
validation,2006-02,2006-03,-0.002221235539764166,-0.0007078950293362141,-0.0023459340445697308,-0.0033521349541842937,0.0009391093626618385,-0.00032421830110251904,0.00530121847987175,0.0020796621683984995
validation,2006-03,2006-04,-0.007856249809265137,-0.0006500586168840528,-0.00462888041511178,-0.009152751415967941,0.0022604642435908318,-0.00952595379203558,0.0057592010125517845,-0.0032529430463910103
validation,2006-04,2006-05,-0.009470858611166477,0.006131303496658802,-0.0027241238858550787,-0.007395153399556875,-0.01201670616865158,-0.009562340565025806,-0.0039581176824867725,-0.009663708508014679
validation,2006-05,2006-06,-0.006147288717329502,-0.004764314740896225,-0.004149525426328182,-0.008571740239858627,-0.0011707590892910957,-0.0063700200989842415,0.007754161953926086,-0.0001557261566631496
validation,2006-06,2006-07,-0.005776805337518454,-0.00102186668664217,4.682072903960943e-05,-0.008673363365232944,-0.004339457489550114,-0.011749360710382462,0.002717243041843176,-0.00757073238492012
validation,2006-07,2006-08,0.002992164110764861,0.003952652215957642,0.015052896924316883,0.0006787768797948956,0.006972116883844137,0.0034692599438130856,-0.002872901037335396,0.0033303708769381046
validation,2006-08,2006-09,-0.013188134878873825,0.002503367140889168,0.009405452758073807,-0.002945039654150605,0.0025805325713008642,-0.004172991029918194,-0.003987949341535568,-0.004461880307644606
validation,2006-09,2006-10,-0.005878168158233166,0.002264484530314803,0.007762450724840164,-0.0016299767885357141,0.003012550063431263,0.004850982688367367,-0.0062574222683906555,-0.0027371407486498356
validation,2006-10,2006-11,-0.0033973094541579485,0.003910852130502462,-0.0017268392257392406,0.0016100783832371235,0.0009602890349924564,0.0007390317041426897,-0.007750847842544317,-0.000573119439650327
validation,2006-11,2006-12,-0.009528820402920246,0.0033827589359134436,0.005875391885638237,0.005546577274799347,-0.005324438214302063,-0.008712098002433777,-0.004205762874335051,0.0009679194772616029
validation,2006-12,2007-01,-0.005085430108010769,0.005986421834677458,0.0037415926344692707,-0.005740244872868061,0.0006166305975057185,0.0010342162568122149,-0.005864034406840801,-0.004095525946468115
validation,2007-01,2007-02,-0.0011414618929848075,0.0036862720735371113,0.004830378107726574,-0.0010496181203052402,0.002007024362683296,-0.006926892325282097,-0.003775995224714279,-0.002702383091673255
validation,2007-02,2007-03,-0.009116031229496002,0.005046457517892122,0.004264425486326218,-0.0038922573439776897,0.005571108311414719,-0.0047817472368478775,-0.0011786115355789661,-0.00025604560505598783
validation,2007-03,2007-04,-0.0021410987246781588,0.005331479944288731,0.006397186778485775,-0.009761437773704529,0.012631231918931007,0.007500204257667065,-0.007186985574662685,-0.0033420699182897806
validation,2007-04,2007-05,-0.008984053507447243,0.005831408314406872,-2.6822439394891262e-05,-0.015472625382244587,0.0123574985191226,-0.0003342174459248781,0.008233118802309036,0.0031224447302520275
validation,2007-05,2007-06,-0.0032161616254597902,0.00779432337731123,0.002044249325990677,-0.005371014587581158,0.002758567687124014,-0.005295123904943466,0.0021016551181674004,-0.000986423809081316
validation,2007-06,2007-07,0.0019626852590590715,0.008708436973392963,0.007823817431926727,0.0002608608629088849,0.00805848278105259,-0.017697809264063835,0.0011992768850177526,-0.0005433079786598682
validation,2007-07,2007-08,0.0067977202124893665,-0.0012664755340665579,-0.003943001385778189,-0.0012376238591969013,0.008274484425783157,0.008914411999285221,0.011829175055027008,0.011923773214221
validation,2007-08,2007-09,0.0005418717628344893,-0.0015382359270006418,-0.00268734572455287,0.004449531435966492,0.004014733247458935,0.007923631928861141,-0.0029969457536935806,0.005269494839012623
validation,2007-09,2007-10,-0.012993224896490574,0.009814804419875145,0.006286926101893187,0.0075667076744139194,0.006158621981739998,-0.005755218211561441,-0.012296278961002827,0.008348559029400349
validation,2007-10,2007-11,-0.005710931960493326,0.006953691132366657,-0.001707157352939248,-0.0029031650628894567,0.008371889591217041,-0.00845281407237053,-0.00021991413086652756,0.0023661130107939243
validation,2007-11,2007-12,-0.017166370525956154,0.007275915704667568,0.0026209542993456125,0.0010200802935287356,0.0026044221594929695,-0.0003856387920677662,-0.0032146875746548176,0.005239412188529968
validation,2007-12,2008-01,0.01585131138563156,-0.015512503683567047,-0.007065345533192158,-0.011945763602852821,-0.013575160875916481,-0.0005020131357014179,0.009193956851959229,-0.01800258457660675
validation,2008-01,2008-02,-0.0029148277826607227,-0.00038922508247196674,-0.0008505441364832222,0.007016585674136877,0.0025307340547442436,-0.017878839746117592,0.005226956680417061,0.0060044447891414165
validation,2008-02,2008-03,-0.012804670259356499,0.005821848288178444,0.0031564345117658377,-0.015441380441188812,0.007229385897517204,-0.010056034661829472,0.012429647147655487,0.00832311436533928
validation,2008-03,2008-04,-0.014957839623093605,-0.002552982419729233,0.008220663294196129,-0.012288261204957962,0.021709363907575607,0.005120312795042992,0.0038849408738315105,0.0033305115066468716
validation,2008-04,2008-05,-0.012890426442027092,0.012603957206010818,0.0056891608983278275,-0.004912045784294605,0.008987040258944035,-0.006376767531037331,-0.00019436655566096306,0.00844954326748848
validation,2008-05,2008-06,-0.01842557266354561,0.006736094132065773,0.00482591986656189,0.015402833931148052,0.0013189730234444141,-0.025337666273117065,-0.009976553730666637,-0.00010655680671334267
validation,2008-06,2008-07,0.006544043309986591,0.007359655108302832,0.01172025315463543,-0.0036514559760689735,0.009338177740573883,0.013610584661364555,0.002133309841156006,0.010705448687076569
validation,2008-07,2008-08,-0.015681404620409012,0.010554051026701927,0.012524265795946121,-0.020567642524838448,0.007269505877047777,0.009645841084420681,0.006479169242084026,0.002905788365751505
validation,2008-08,2008-09,-0.009599186480045319,-0.011173887178301811,0.009683679789304733,-0.005556374788284302,-0.01244279183447361,0.0022823563776910305,0.005474027246236801,-0.01682186871767044
validation,2008-09,2008-10,0.007462726440280676,-0.01669006049633026,0.007271505426615477,0.022717121988534927,-0.010794790461659431,-0.022136101499199867,-0.003902047872543335,-0.002913941163569689
validation,2008-10,2008-11,-0.012141999788582325,0.0029013000894337893,0.008786667138338089,0.013933384791016579,0.002863810397684574,-0.005325930658727884,-0.0206358153373003,-0.007732762955129147
validation,2008-11,2008-12,-0.013066140003502369,0.012777844443917274,0.014475543051958084,-0.01545245572924614,0.031642358750104904,0.022536739706993103,-0.005818250589072704,0.013335559517145157
validation,2008-12,2009-01,0.04974579066038132,0.004016525112092495,0.009753158316016197,0.04287034273147583,-0.006359842140227556,-0.014365541748702526,-0.0285976342856884,-0.02208290807902813
validation,2009-01,2009-02,-0.0003218739293515682,0.014558905735611916,0.017774801701307297,0.012914078310132027,0.010813411325216293,-0.010075462982058525,-0.024139590561389923,-0.012694863602519035
validation,2009-02,2009-03,0.03197760507464409,-0.009286134503781796,-0.004380624741315842,-0.009442092850804329,-0.016700705513358116,0.044496502727270126,0.003613014705479145,-0.011391972191631794
validation,2009-03,2009-04,-0.0002513444051146507,0.04584798961877823,0.0011253089178353548,-0.07076440006494522,-0.016799893230199814,0.03949104994535446,0.017010103911161423,-0.039723094552755356
validation,2009-04,2009-05,0.02602555975317955,-0.017082644626498222,-0.020926648750901222,0.013732092455029488,-0.02458774857223034,0.0029889503493905067,0.01360968966037035,0.00896763987839222
validation,2009-05,2009-06,0.014033965766429901,0.012598099187016487,0.017228491604328156,0.02604166604578495,0.0068418364971876144,-0.012695245444774628,-0.015070118010044098,0.007401867303997278
validation,2009-06,2009-07,-0.030672352761030197,0.009187978692352772,0.01710273139178753,-0.018207699060440063,0.005385608412325382,0.004488490056246519,-0.01193423755466938,0.005447249859571457
validation,2009-07,2009-08,-0.01128039974719286,-0.0018939553992822766,-0.0011792348232120275,-0.01142843347042799,-0.028183382004499435,-0.002232092432677746,-0.003958475776016712,-0.003785305190831423
validation,2009-08,2009-09,-0.00487461406737566,0.007870975881814957,0.002808297285810113,-0.0019485322991386056,0.004404206294566393,-0.00605600792914629,-0.0017751322593539953,0.0019885669462382793
validation,2009-09,2009-10,-0.011784965172410011,0.022489070892333984,0.005238438490778208,-0.002741124015301466,0.0028783446177840233,-0.01696646958589554,-0.0020419068168848753,-0.012979112565517426
validation,2009-10,2009-11,-0.012663934379816055,0.005810694769024849,0.005918524693697691,0.005554026924073696,0.013005401007831097,-0.0035599679686129093,-0.008943280205130577,0.0034892032854259014
validation,2009-11,2009-12,-0.0146122882142663,0.008824370801448822,0.009584244340658188,0.0024128411896526814,0.007080480922013521,-9.946618229150772e-05,-0.009250001981854439,0.006380485370755196
development,2009-12,2010-01,0.014021249487996101,-0.013914271257817745,-0.005106959491968155,0.004978974815458059,-0.030163772404193878,-0.0009886298794299364,0.010055226273834705,0.00242839683778584
development,2010-01,2010-02,-0.017316874116659164,0.0035405068192631006,0.009324388578534126,0.002101639984175563,0.0018925224430859089,-0.0044926125556230545,-0.006767496466636658,0.0020289095118641853
development,2010-02,2010-03,-0.01269572228193283,0.0004505997058004141,0.0057089319452643394,0.0017134568188339472,-0.00669088214635849,-0.006025801412761211,0.007219977676868439,0.0008787000551819801
development,2010-03,2010-04,0.005291733890771866,-0.01734408549964428,-0.006549249868839979,8.194288238883018e-05,-0.03653201460838318,0.0030822958797216415,0.018250243738293648,0.0031728395260870457
development,2010-04,2010-05,-0.0025951785501092672,0.014552301727235317,0.004085991065949202,-0.003934843465685844,0.009372493252158165,-0.007724937051534653,-0.006382983177900314,-0.002687308005988598
development,2010-05,2010-06,0.006181149743497372,0.020689506083726883,0.007144332863390446,0.004990302957594395,0.01862410269677639,-0.019133396446704865,-0.0032022898085415363,-0.003805763553828001
development,2010-06,2010-07,-0.013195566833019257,0.00040560762863606215,0.007925443351268768,-0.0066309403628110886,0.003700705710798502,0.002655268181115389,0.006442398764193058,0.006047072820365429
development,2010-07,2010-08,0.002147108083590865,0.005243720952421427,0.00893842801451683,0.003361969953402877,0.00766301155090332,-0.01375313475728035,-0.005614425987005234,-0.009250772185623646
development,2010-08,2010-09,-0.02525748871266842,-0.0018596588633954525,0.017087645828723907,0.004061816725879908,0.005287683568894863,0.002687218599021435,-0.002955072559416294,0.0006750083994120359
development,2010-09,2010-10,-0.005853334441781044,0.0041601513512432575,0.0013962918892502785,0.008895986713469028,-0.0038821506313979626,-0.006165315397083759,-0.0034912312403321266,-0.002358554396778345
development,2010-10,2010-11,-0.01975947991013527,0.0052286917343735695,0.0019200433744117618,-0.000734914094209671,0.001995811006054282,-0.006882854737341404,-0.002650914015248418,-0.0020236200653016567
development,2010-11,2010-12,0.006178420502692461,-0.011832852847874165,-0.004830789286643267,0.00734980683773756,-0.011955301277339458,0.005393759347498417,0.004256152082234621,-0.0039705135859549046
development,2010-12,2011-01,0.005112942308187485,-0.004350271075963974,-0.001535232993774116,0.00011062284465879202,-0.011737806722521782,-0.003932093270123005,0.0036259861662983894,-0.00023501378018409014
development,2011-01,2011-02,-0.016864800825715065,0.008070440031588078,0.006019102409482002,-0.003963202703744173,0.001197153702378273,-0.007503025699406862,-0.0033367499709129333,0.0031229027081280947
development,2011-02,2011-03,-0.009320039302110672,0.003995406441390514,0.010603048838675022,0.003621972631663084,0.007598376367241144,-0.010647694580256939,-0.0020455894991755486,0.002372761256992817
development,2011-03,2011-04,-0.008433220908045769,0.0032313992269337177,0.010383334010839462,0.0009453385719098151,0.012023737654089928,-0.0014431574381887913,-0.007984833791851997,-0.0006702985265292227
development,2011-04,2011-05,-0.0006427254411391914,0.011127332225441933,0.010242071002721786,-0.0032936749048531055,0.009025439620018005,-0.003273195121437311,-0.007940506562590599,-0.008957595564424992
development,2011-05,2011-06,-0.0064331600442528725,0.006713102571666241,0.0035811150446534157,-0.0042532095685601234,0.0030430653132498264,-0.009623185731470585,0.004298393614590168,-0.003138250205665827
development,2011-06,2011-07,0.0008228615624830127,-0.0062631601467728615,-0.005162980407476425,0.0026150853373110294,-0.008852452039718628,-0.009522042237222195,0.00869547575712204,-0.0009990427643060684
development,2011-07,2011-08,-0.0027740371879190207,0.011939335614442825,0.004106585867702961,-0.006491964682936668,0.007875053212046623,-0.010453963652253151,-0.009817397221922874,-0.010572105646133423
development,2011-08,2011-09,-0.0030829012393951416,0.0095547866076231,0.014638070948421955,0.009626315906643867,0.005054432433098555,-0.017876654863357544,-0.010969886556267738,-0.0026002181693911552
development,2011-09,2011-10,-0.017803460359573364,-0.006401381455361843,-0.0008204947225749493,-0.01830368861556053,0.015300845727324486,0.02404162660241127,0.027392614632844925,0.026189135387539864
development,2011-10,2011-11,-0.014899352565407753,0.002644412685185671,-0.001628461410291493,-0.0020347139798104763,0.003911041188985109,-0.009327043779194355,0.00451835710555315,0.0071418103761971
development,2011-11,2011-12,-0.015129148960113525,-0.0009508895454928279,0.002317639533430338,-0.0017453483305871487,-0.004739789292216301,-0.006521780975162983,0.00017770245904102921,0.00025082239881157875
development,2011-12,2012-01,0.03437206521630287,-0.011003756895661354,0.012369059026241302,0.0001686501782387495,0.000655163312330842,0.012956315651535988,0.013061637058854103,-0.00810159556567669
development,2012-01,2012-02,0.0015960426535457373,-0.006134305149316788,-0.001995441038161516,0.005053125787526369,-0.00949837826192379,0.007972637191414833,-0.001623817952349782,-0.005012120120227337
development,2012-02,2012-03,-0.0067832497879862785,-0.008644403889775276,0.008141813799738884,0.006094443611800671,-0.016589581966400146,0.0038244815077632666,-0.004376571625471115,-0.004022154025733471
development,2012-03,2012-04,-0.0076024336740374565,0.0009570693364366889,-0.0020912024192512035,0.004637306090444326,-0.010293757542967796,-0.008272731676697731,-0.004507799632847309,-0.008337927050888538
development,2012-04,2012-05,-0.008045254275202751,-0.0015399882104247808,0.010776541195809841,0.022173218429088593,-0.013166829943656921,-0.020289456471800804,-0.00977091584354639,-0.01005493849515915
development,2012-05,2012-06,-0.008714331313967705,-0.0005426506977528334,0.0039362479001283646,0.005415020510554314,0.0007713130908086896,0.0005752766155637801,-0.0037329087499529123,0.005396700464189053
development,2012-06,2012-07,-0.006170596927404404,-0.008335323072969913,0.0018891768995672464,0.009335659444332123,-0.004447492770850658,-0.010286466218531132,0.0036877242382615805,0.005744303110986948
development,2012-07,2012-08,0.0005021050455980003,0.00032071606256067753,0.0013255842495709658,-0.010373368859291077,0.01257226150482893,0.00990208052098751,0.010288070887327194,0.010881919413805008
development,2012-08,2012-09,0.0036295950412750244,0.0023036659695208073,-0.0013500237837433815,0.00040350970812141895,-0.007799013517796993,0.005952102597802877,-0.0008828068966977298,0.0005338988266885281
development,2012-09,2012-10,-0.005938948597759008,-0.00021123688202351332,-0.009027807973325253,-0.012419776991009712,-0.00025602872483432293,-0.011435299180448055,0.0065374127589166164,-0.0017955566290766
development,2012-10,2012-11,-0.0019079754129052162,0.003210752969607711,0.004781822673976421,-0.006637673359364271,0.014818893745541573,-0.00782802328467369,0.0011663666227832437,-0.0033080866560339928
development,2012-11,2012-12,-0.003662900999188423,0.007769141346216202,0.0012728190049529076,-0.012922430410981178,0.004122339189052582,0.001008807448670268,0.005290054716169834,0.0003986000083386898
development,2012-12,2013-01,0.0009264938998967409,-0.007221175357699394,0.0037940996699035168,0.005221853032708168,-0.011883661150932312,-0.0009822389110922813,0.0018213042058050632,0.0036088228225708008
development,2013-01,2013-02,-0.008038805797696114,0.002886964473873377,0.00026069488376379013,0.005612659268081188,-0.00826725922524929,-0.0018105371855199337,-0.0054046399891376495,0.0009691952727735043
development,2013-02,2013-03,-0.007522137835621834,-0.0008802134543657303,-0.0024332446046173573,0.0023105121217668056,0.0005055165383964777,-0.0005563038284890354,-0.0035911155864596367,0.001844810089096427
development,2013-03,2013-04,-0.011171250604093075,-0.003946004901081324,0.008526874706149101,0.0048926398158073425,0.0028941247146576643,-0.002240894827991724,-0.01037138793617487,-0.0037497312296181917
development,2013-04,2013-05,-0.003281487850472331,0.0005602448945865035,0.0035363754723221064,-0.007900143042206764,-0.0023456476628780365,0.006017131265252829,-0.0007099849171936512,-0.0020141713321208954
development,2013-05,2013-06,-0.01134202629327774,0.006831308826804161,-0.002322463784366846,0.006974808871746063,-0.01192418858408928,0.0006287614814937115,-0.00812228862196207,-0.0023475310299545527
development,2013-06,2013-07,-0.001325647346675396,-0.0056166197173297405,0.0038099363446235657,0.007275499403476715,-0.010622573085129261,0.004369763657450676,-0.0017094940412789583,0.0079521918669343
development,2013-07,2013-08,0.003663222072646022,0.005053445231169462,0.008072893135249615,0.0028467148076742887,0.0023387656547129154,-0.007300843019038439,-0.0036998651921749115,-0.0034664119593799114
development,2013-08,2013-09,0.0013830042444169521,0.007155742030590773,0.00402669794857502,0.004327108152210712,-0.0012596339220181108,0.005237684119492769,-0.007313326932489872,-0.0011825672117993236
development,2013-09,2013-10,-0.017602544277906418,0.009547081775963306,0.002704154932871461,-0.017791826277971268,-0.0016968362033367157,-0.01574999839067459,0.006813792511820793,-0.003965163137763739
development,2013-10,2013-11,0.005191778298467398,-0.006518383044749498,0.01020192913711071,0.002451954409480095,0.004194097127765417,0.0026363548822700977,0.007571239955723286,0.006259489338845015
development,2013-11,2013-12,0.0005843234248459339,0.00360111310146749,-0.0003794021613430232,0.009371073916554451,-0.0023614647798240185,0.010558465495705605,-0.010582976043224335,0.00023241349845193326
development,2013-12,2014-01,0.01887059025466442,-0.012900049798190594,0.011247096583247185,0.037279628217220306,-0.02097761258482933,-0.0017165751196444035,-0.023947717621922493,-0.004626436624675989
development,2014-01,2014-02,-0.0032673480454832315,-0.0032911100424826145,0.0008028283482417464,0.003341785166412592,0.0015769398305565119,-0.0007555091287940741,-0.0019968408159911633,0.006002310197800398
development,2014-02,2014-03,-0.0052743577398359776,0.0028501602355390787,-0.006877189502120018,-0.010733621194958687,-0.003969626966863871,-0.017703117802739143,0.01301112025976181,0.0019080217462033033
development,2014-03,2014-04,-0.006235633976757526,0.005144211929291487,-0.003469021525233984,-0.030991654843091965,0.013529382646083832,-0.014039330184459686,0.018291335552930832,0.0008162055164575577
development,2014-04,2014-05,-0.0035384786315262318,0.005055621266365051,0.00011987594189122319,0.0004893983714282513,0.006986645981669426,0.00026238139253109694,0.003152415156364441,0.006327996030449867
development,2014-05,2014-06,-0.0007703972514718771,-0.002443016739562154,-0.007476665545254946,0.013409886509180069,-0.007971544750034809,0.014767929911613464,-0.009714238345623016,0.0076041813008487225
development,2014-06,2014-07,-0.0008826670236885548,0.004233497194945812,0.004062355495989323,-0.012138203717768192,0.002180309034883976,-0.0078451381996274,0.006035464350134134,0.001000892836600542
development,2014-07,2014-08,-0.0006642116932198405,-0.003997702617198229,0.0064521674066782,-0.005798418074846268,0.014058766886591911,-0.0007377609144896269,0.0032122554257512093,-0.0006990157999098301
development,2014-08,2014-09,-0.007649631705135107,0.004056625999510288,0.0096946582198143,0.004658715799450874,-0.004271148703992367,-0.0023162493016570807,-0.009579888544976711,-0.012676924467086792
development,2014-09,2014-10,-0.004308772273361683,0.007845135405659676,0.007391269784420729,-0.0006519388407468796,0.012249771505594254,-0.0074918135069310665,0.008978595025837421,0.005651552230119705
development,2014-10,2014-11,-0.0075934818014502525,0.006168479099869728,0.0168931744992733,-0.0027613656129688025,0.010249468497931957,0.0009608127293176949,-0.016836300492286682,-0.00916433334350586
development,2014-11,2014-12,-0.005873814225196838,0.008064989000558853,0.002623713808134198,0.014151030220091343,-0.009771808981895447,0.003136230632662773,-0.009418836794793606,-0.0035908655263483524
development,2014-12,2015-01,0.0037093216087669134,-0.004066855181008577,0.012409660965204239,0.017749838531017303,0.00287023838609457,-0.015004610642790794,-0.008541528135538101,-0.0016526920953765512
development,2015-01,2015-02,0.011911739595234394,-0.001983830239623785,-0.008465354330837727,0.0007535126060247421,0.0016434595454484224,0.015387714840471745,0.0036269535776227713,0.00532996142283082
development,2015-02,2015-03,-0.005335897207260132,0.0005322510842233896,-0.004953855182975531,0.007799278013408184,-0.0008325382950715721,-0.0035454980097711086,0.0006410956848412752,0.005841467995196581
development,2015-03,2015-04,0.008841157890856266,-0.010511219501495361,-0.005820316728204489,-0.014245349913835526,-0.007045748643577099,0.006075947545468807,0.015580685809254646,-0.008109313435852528
development,2015-04,2015-05,-0.0020315253641456366,0.0019010287942364812,0.002379762474447489,0.02577325329184532,-0.0038906431291252375,0.00874289870262146,-0.018011823296546936,0.004911002703011036
development,2015-05,2015-06,0.0033414759673178196,0.004884826019406319,-0.005120603833347559,0.018233025446534157,-0.008164782077074051,0.004614289849996567,-6.278103683143854e-05,0.012940211221575737
development,2015-06,2015-07,-0.010883011855185032,-0.0027640247717499733,0.009288867004215717,0.012960290536284447,0.0069122398272156715,-0.00422524893656373,-0.011127477511763573,-0.00778419291600585
development,2015-07,2015-08,-0.003273232840001583,-0.005036379210650921,-0.0006691251182928681,-0.011373594403266907,-0.005256291478872299,-0.010234477929770947,0.011253980919718742,-0.0011169395875185728
development,2015-08,2015-09,-0.010873820632696152,-0.007905034348368645,0.009588048793375492,0.003054987173527479,-0.0017826430266723037,-0.021043162792921066,0.005732526071369648,-0.007042138837277889
development,2015-09,2015-10,-0.010864926502108574,0.0032887461129575968,0.016578136011958122,-0.016957132145762444,0.012513014487922192,-0.003123817266896367,0.008477834984660149,0.00175535271409899
development,2015-10,2015-11,0.014990933239459991,-0.014373240061104298,-0.0015809282194823027,0.03485117107629776,-0.01555769145488739,0.013724430464208126,-0.007590159308165312,0.011310534551739693
development,2015-11,2015-12,-0.0029505440033972263,0.0034576114267110825,0.006563340779393911,0.00499812513589859,0.01143239252269268,-0.007010084111243486,-0.004748132079839706,0.0038307178765535355
development,2015-12,2016-01,-0.02515292540192604,0.014096553437411785,0.009517556056380272,-0.022729864344000816,0.011491293087601662,-0.03473162651062012,0.008441571146249771,0.0009107952937483788
development,2016-01,2016-02,-0.00959501601755619,0.008155991323292255,0.015743084251880646,-0.022276751697063446,0.021068233996629715,-0.014336396008729935,0.004287166520953178,-0.009031401947140694
development,2016-02,2016-03,-0.0007440572371706367,0.009627772495150566,-0.0016387375071644783,-0.020293863490223885,-0.008228405378758907,0.018696244806051254,-0.0051729800179600716,-0.006040598265826702
development,2016-03,2016-04,0.008003920316696167,-0.001856918795965612,-0.01251172088086605,-0.004112387541681528,-0.018636152148246765,0.012000051327049732,0.0023392564617097378,0.00042299795313738286
development,2016-04,2016-05,9.180250344797969e-05,0.004028854425996542,0.002882501808926463,0.016382858157157898,0.005946395918726921,-0.008013298735022545,-0.004788802471011877,0.011672894470393658
development,2016-05,2016-06,-0.0193323977291584,0.010815391317009926,0.005026198923587799,-0.005999896675348282,0.00147730833850801,-0.025982175022363663,-0.0014659534208476543,0.002117299474775791
development,2016-06,2016-07,0.01298264879733324,-0.000387564767152071,0.009553218260407448,-0.004833905026316643,0.009131553582847118,-0.00097258435562253,0.003128248266875744,-0.002130836481228471
development,2016-07,2016-08,0.005125111900269985,-0.0036577354185283184,-0.008877537213265896,0.003245121566578746,-0.009640118107199669,0.006254170089960098,0.003008579835295677,0.005740949418395758
development,2016-08,2016-09,0.011930899694561958,0.0122172050178051,0.0002462666016072035,0.00902479887008667,-0.009645383805036545,0.021120447665452957,-0.006892099045217037,0.009886093437671661
development,2016-09,2016-10,-0.016625557094812393,0.007411359343677759,-0.003790689166635275,-0.01463279314339161,0.0056420559994876385,-0.017879685387015343,0.0151368984952569,-0.007077049929648638
development,2016-10,2016-11,-0.01124514639377594,-0.009876391850411892,-0.01574903540313244,-0.018999135121703148,-0.011929407715797424,0.006302619352936745,0.020719166845083237,0.01159705687314272
development,2016-11,2016-12,-0.004547582473605871,-0.004897630773484707,-0.012661654502153397,-0.017149947583675385,-0.0046517797745764256,-0.003915135748684406,0.017316536977887154,-0.008277559652924538
development,2016-12,2017-01,0.012522352859377861,-0.002347140572965145,0.006733173504471779,0.007848945446312428,0.0014438830548897386,0.007103967480361462,-0.004155492410063744,0.006055764853954315
development,2017-01,2017-02,0.01814507320523262,0.006370578892529011,0.0007112587336450815,0.009918306022882462,0.010766532272100449,0.00945362076163292,-0.004889756441116333,0.007796240039169788
development,2017-02,2017-03,0.010134492069482803,0.0062867421656847,0.008373457938432693,0.007544982712715864,0.009923316538333893,-0.004102709703147411,-0.004815617110580206,0.0010548676364123821
development,2017-03,2017-04,-0.005071788094937801,0.006322604604065418,0.004755422938615084,-0.005927609745413065,0.014034746214747429,-0.013793825171887875,0.007719668559730053,0.00010769820073619485
development,2017-04,2017-05,-0.01147439144551754,0.012790083885192871,0.009874353185296059,-0.0012398066464811563,0.01633329875767231,-0.015496241860091686,-0.0046178484335541725,-0.005210273899137974
development,2017-05,2017-06,0.02513216994702816,-0.015816809609532356,0.00039733201265335083,0.009263873100280762,0.0008227376965805888,0.009815305471420288,0.006267919670790434,0.008772730827331543
development,2017-06,2017-07,-0.007635178510099649,0.004082263447344303,-0.0010876429732888937,-0.00349737168289721,0.005144128575921059,-0.003384535200893879,0.0025140021461993456,0.005081734620034695
development,2017-07,2017-08,-0.001870396314188838,-0.0015125159407034516,0.00593230128288269,0.009816991165280342,0.008792942389845848,-0.004957582801580429,-0.0029559792019426823,0.011068565770983696
development,2017-08,2017-09,0.006288269534707069,-0.0041938768699765205,-0.007045689970254898,0.011500222608447075,-0.025598816573619843,0.013462156057357788,0.006995617877691984,0.000989615684375167
development,2017-09,2017-10,-0.011974405497312546,0.0036807830911129713,0.0015490860678255558,0.0020354525186121464,0.0014093320351094007,-0.009600294753909111,0.00582747720181942,0.007466140203177929
development,2017-10,2017-11,-0.0029853268060833216,-0.0065596639178693295,-0.0005913262721151114,-0.00848087202757597,-0.002172847744077444,-0.002391896676272154,-0.0011227289214730263,-0.014507381245493889
development,2017-11,2017-12,-0.008775109425187111,0.0029710070230066776,0.004465418867766857,0.00019120564684271812,-0.007658026181161404,0.00470053730532527,-0.014196018688380718,-0.00797537062317133
development,2017-12,2018-01,-0.0015188020188361406,0.0015883056912571192,0.013920441269874573,0.007593030110001564,0.0015387536259368062,0.004609685856848955,-0.004281447734683752,0.009731903672218323
development,2018-01,2018-02,0.0030238714534789324,0.007815090008080006,0.006478466093540192,0.007002539467066526,0.0020650727674365044,1.0031042620539665e-05,-0.0007480944041162729,0.00033895205706357956
development,2018-02,2018-03,0.003729151329025626,0.0041464329697191715,-0.006509522907435894,-0.0015558763407170773,0.0017559862462803721,-0.007950082421302795,0.0039832270704209805,0.0007350449450314045
development,2018-03,2018-04,-0.0021084430627524853,0.002094617113471031,-0.0032801362685859203,-0.0021538096480071545,-0.0015222521033138037,-0.0017223202157765627,0.004906565882265568,0.010662443935871124
development,2018-04,2018-05,-0.0005450407043099403,0.0013610548339784145,0.007280717603862286,0.00904594361782074,-0.0013437378220260143,0.002976368647068739,-0.005983307957649231,0.001842025201767683
development,2018-05,2018-06,-0.009107252582907677,0.01587975025177002,-0.0045472439378499985,-0.010054743848741055,-0.0010816744761541486,0.002957814373075962,-0.008075829595327377,-0.008443651720881462
development,2018-06,2018-07,-0.011361569166183472,0.011751992627978325,0.009426227770745754,-0.0158519484102726,0.014899032190442085,-0.008322150446474552,0.005196619778871536,-0.0019349406938999891
development,2018-07,2018-08,-0.008744845166802406,0.0019851718097925186,0.00985812395811081,0.013843590393662453,0.004567691590636969,0.0015930978115648031,-0.012220309115946293,0.011173281818628311
development,2018-08,2018-09,-0.002963497070595622,0.005872135050594807,0.003986763767898083,0.0004088957794010639,0.0008149832719936967,0.001744043081998825,-0.01091429591178894,-0.008937405422329903
development,2018-09,2018-10,-0.008715426549315453,0.0016518807969987392,0.006407379172742367,-0.012747693806886673,0.002731368178501725,-0.02180427312850952,0.0011669753585010767,-0.013834355399012566
development,2018-10,2018-11,-0.0008518709801137447,0.0080949692055583,0.007673389744013548,-0.0012179414043202996,0.016859017312526703,-0.003578554606065154,-0.004920761566609144,-0.002146140206605196
development,2018-11,2018-12,-0.013152733445167542,0.013260385021567345,0.010631373152136803,-0.0057068075984716415,0.015411228872835636,-0.00808605644851923,-0.013752988539636135,-0.013488184660673141
development,2018-12,2019-01,0.032877542078495026,-0.008611530996859074,-0.009985312819480896,0.015852846205234528,-0.02310601808130741,0.005354692228138447,0.006943766493350267,0.0035810123663395643
development,2019-01,2019-02,0.003820286598056555,0.0038298589643090963,0.0052528390660882,0.008771011605858803,-0.004849767778068781,0.014190995134413242,-0.0007642799755558372,0.0016743822488933802
development,2019-02,2019-03,0.009075253270566463,0.0005841063102707267,0.006150886416435242,0.025238603353500366,-0.0014532814966514707,-0.0012117507867515087,-0.015305958688259125,0.005301745608448982
development,2019-03,2019-04,-0.003898732829838991,0.00721741933375597,-0.006027881987392902,-0.014760645106434822,0.010342101566493511,0.005049020051956177,0.011118100956082344,0.0013568778522312641
development,2019-04,2019-05,-0.0008465685532428324,0.004079108126461506,-0.0011323346989229321,0.0313267782330513,-0.008195219561457634,-0.016491498798131943,-0.014483382925391197,0.00596315274015069
development,2019-05,2019-06,-0.003871005494147539,0.007211417891085148,0.002872221637517214,-0.018646469339728355,0.019782694056630135,0.005773767363280058,0.0054884664714336395,-0.002578489715233445
development,2019-06,2019-07,-0.007994628511369228,0.006038378458470106,0.008434513583779335,-0.011302773840725422,0.013997743837535381,-0.008848524652421474,0.00686346460133791,0.00018848857143893838
development,2019-07,2019-08,0.002395700430497527,0.005619554780423641,0.006832266226410866,0.007146140560507774,0.006285518407821655,-0.0034435060806572437,-0.011970904655754566,-0.0027095493860542774
development,2019-08,2019-09,-0.005659269634634256,0.0048371655866503716,0.009283579885959625,-0.038193605840206146,0.013971907086670399,-0.012347910553216934,0.019822660833597183,-0.010752137750387192
development,2019-09,2019-10,0.0016927060205489397,0.0029173854272812605,0.009147532284259796,-0.00408060010522604,0.009133304469287395,0.0035769371315836906,0.002184991491958499,-0.0004235131200402975
development,2019-10,2019-11,0.011408066377043724,0.0013130800798535347,0.001378783956170082,0.007235430181026459,0.004352642223238945,0.03143566846847534,-0.009459516033530235,-0.0032820608466863632
development,2019-11,2019-12,0.005781370215117931,-0.009305325336754322,-0.007603005971759558,0.010003315284848213,-0.019646350294351578,0.018713556230068207,-0.004632691852748394,0.0015343939885497093
