data_definition,asset_family,asset_label,K,gamma,seed,distance
Core-92,size_bm_25,25 Size–B/M,1,0,20260924,3.382501804
Core-92,size_bm_25,25 Size–B/M,1,0,20260925,3.645795937
Core-92,size_bm_25,25 Size–B/M,1,0,20260926,3.111191107
Core-92,size_bm_25,25 Size–B/M,1,0,20260927,3.732039765
Core-92,size_bm_25,25 Size–B/M,1,0,20260928,2.732555521
Core-92,size_bm_25,25 Size–B/M,1,0.05,20260924,3.351876159
Core-92,size_bm_25,25 Size–B/M,1,0.05,20260925,3.612177291
Core-92,size_bm_25,25 Size–B/M,1,0.05,20260926,3.087884163
Core-92,size_bm_25,25 Size–B/M,1,0.05,20260927,3.694453831
Core-92,size_bm_25,25 Size–B/M,1,0.05,20260928,2.729282719
Core-92,size_bm_25,25 Size–B/M,1,0.1,20260924,3.314535001
Core-92,size_bm_25,25 Size–B/M,1,0.1,20260925,3.571071961
Core-92,size_bm_25,25 Size–B/M,1,0.1,20260926,3.059138055
Core-92,size_bm_25,25 Size–B/M,1,0.1,20260927,3.648839149
Core-92,size_bm_25,25 Size–B/M,1,0.1,20260928,2.723607034
Core-92,size_bm_25,25 Size–B/M,1,0.15,20260924,3.269367056
Core-92,size_bm_25,25 Size–B/M,1,0.15,20260925,3.52121643
Core-92,size_bm_25,25 Size–B/M,1,0.15,20260926,3.023984909
Core-92,size_bm_25,25 Size–B/M,1,0.15,20260927,3.593903509
Core-92,size_bm_25,25 Size–B/M,1,0.15,20260928,2.714759011
Core-92,size_bm_25,25 Size–B/M,1,0.2,20260924,3.215296515
Core-92,size_bm_25,25 Size–B/M,1,0.2,20260925,3.461377052
Core-92,size_bm_25,25 Size–B/M,1,0.2,20260926,2.981466071
Core-92,size_bm_25,25 Size–B/M,1,0.2,20260927,3.528403938
Core-92,size_bm_25,25 Size–B/M,1,0.2,20260928,2.701868028
Core-92,size_bm_25,25 Size–B/M,1,0.25,20260924,3.151410654
Core-92,size_bm_25,25 Size–B/M,1,0.25,20260925,3.390490848
Core-92,size_bm_25,25 Size–B/M,1,0.25,20260926,2.930736971
Core-92,size_bm_25,25 Size–B/M,1,0.25,20260927,3.451296143
Core-92,size_bm_25,25 Size–B/M,1,0.25,20260928,2.684013687
Core-92,size_bm_25,25 Size–B/M,1,0.3,20260924,3.077125891
Core-92,size_bm_25,25 Size–B/M,1,0.3,20260925,3.30785008
Core-92,size_bm_25,25 Size–B/M,1,0.3,20260926,2.871206517
Core-92,size_bm_25,25 Size–B/M,1,0.3,20260927,3.361927773
Core-92,size_bm_25,25 Size–B/M,1,0.3,20260928,2.66031133
Core-92,size_bm_25,25 Size–B/M,1,0.35,20260924,2.992373919
Core-92,size_bm_25,25 Size–B/M,1,0.35,20260925,3.213311028
Core-92,size_bm_25,25 Size–B/M,1,0.35,20260926,2.802696594
Core-92,size_bm_25,25 Size–B/M,1,0.35,20260927,3.260253946
Core-92,size_bm_25,25 Size–B/M,1,0.35,20260928,2.630029274
Core-92,size_bm_25,25 Size–B/M,1,0.4,20260924,2.897771497
Core-92,size_bm_25,25 Size–B/M,1,0.4,20260925,3.107487215
Core-92,size_bm_25,25 Size–B/M,1,0.4,20260926,2.725591474
Core-92,size_bm_25,25 Size–B/M,1,0.4,20260927,3.147032842
Core-92,size_bm_25,25 Size–B/M,1,0.4,20260928,2.592723152
Core-92,size_bm_25,25 Size–B/M,1,0.45,20260924,2.794723662
Core-92,size_bm_25,25 Size–B/M,1,0.45,20260925,2.991871739
Core-92,size_bm_25,25 Size–B/M,1,0.45,20260926,2.640934441
Core-92,size_bm_25,25 Size–B/M,1,0.45,20260927,3.023943555
Core-92,size_bm_25,25 Size–B/M,1,0.45,20260928,2.548359418
Core-92,size_bm_25,25 Size–B/M,1,0.5,20260924,2.685411109
Core-92,size_bm_25,25 Size–B/M,1,0.5,20260925,2.868833583
Core-92,size_bm_25,25 Size–B/M,1,0.5,20260926,2.550428742
Core-92,size_bm_25,25 Size–B/M,1,0.5,20260927,2.893569813
Core-92,size_bm_25,25 Size–B/M,1,0.5,20260928,2.497392493
Core-92,size_bm_25,25 Size–B/M,1,0.55,20260924,2.5726353
Core-92,size_bm_25,25 Size–B/M,1,0.55,20260925,2.741457146
Core-92,size_bm_25,25 Size–B/M,1,0.55,20260926,2.456318589
Core-92,size_bm_25,25 Size–B/M,1,0.55,20260927,2.759219528
Core-92,size_bm_25,25 Size–B/M,1,0.55,20260928,2.440765252
Core-92,size_bm_25,25 Size–B/M,1,0.6,20260924,2.459535928
Core-92,size_bm_25,25 Size–B/M,1,0.6,20260925,2.613238674
Core-92,size_bm_25,25 Size–B/M,1,0.6,20260926,2.361160695
Core-92,size_bm_25,25 Size–B/M,1,0.6,20260927,2.624597006
Core-92,size_bm_25,25 Size–B/M,1,0.6,20260928,2.379822459
Core-92,size_bm_25,25 Size–B/M,1,0.65,20260924,2.349238013
Core-92,size_bm_25,25 Size–B/M,1,0.65,20260925,2.487700265
Core-92,size_bm_25,25 Size–B/M,1,0.65,20260926,2.267533622
Core-92,size_bm_25,25 Size–B/M,1,0.65,20260927,2.493393196
Core-92,size_bm_25,25 Size–B/M,1,0.65,20260928,2.316154175
Core-92,size_bm_25,25 Size–B/M,1,0.7,20260924,2.244509489
Core-92,size_bm_25,25 Size–B/M,1,0.7,20260925,2.368008805
Core-92,size_bm_25,25 Size–B/M,1,0.7,20260926,2.177752976
Core-92,size_bm_25,25 Size–B/M,1,0.7,20260927,2.368886252
Core-92,size_bm_25,25 Size–B/M,1,0.7,20260928,2.251408085
Core-92,size_bm_25,25 Size–B/M,1,0.75,20260924,2.147503342
Core-92,size_bm_25,25 Size–B/M,1,0.75,20260925,2.256681228
Core-92,size_bm_25,25 Size–B/M,1,0.75,20260926,2.093655051
Core-92,size_bm_25,25 Size–B/M,1,0.75,20260927,2.25363731
Core-92,size_bm_25,25 Size–B/M,1,0.75,20260928,2.187115552
Core-92,size_bm_25,25 Size–B/M,1,0.8,20260924,2.05962643
Core-92,size_bm_25,25 Size–B/M,1,0.8,20260925,2.155424267
Core-92,size_bm_25,25 Size–B/M,1,0.8,20260926,2.016484393
Core-92,size_bm_25,25 Size–B/M,1,0.8,20260927,2.149330883
Core-92,size_bm_25,25 Size–B/M,1,0.8,20260928,2.124565082
Core-92,size_bm_25,25 Size–B/M,1,0.85,20260924,1.981537202
Core-92,size_bm_25,25 Size–B/M,1,0.85,20260925,2.065114363
Core-92,size_bm_25,25 Size–B/M,1,0.85,20260926,1.946886882
Core-92,size_bm_25,25 Size–B/M,1,0.85,20260927,2.056764533
Core-92,size_bm_25,25 Size–B/M,1,0.85,20260928,2.064736828
Core-92,size_bm_25,25 Size–B/M,1,0.9,20260924,1.913243254
Core-92,size_bm_25,25 Size–B/M,1,0.9,20260925,1.985889528
Core-92,size_bm_25,25 Size–B/M,1,0.9,20260926,1.884983853
Core-92,size_bm_25,25 Size–B/M,1,0.9,20260927,1.975956783
Core-92,size_bm_25,25 Size–B/M,1,0.9,20260928,2.008293088
Core-92,size_bm_25,25 Size–B/M,1,0.95,20260924,1.854255413
Core-92,size_bm_25,25 Size–B/M,1,0.95,20260925,1.91730847
Core-92,size_bm_25,25 Size–B/M,1,0.95,20260926,1.830491577
Core-92,size_bm_25,25 Size–B/M,1,0.95,20260927,1.906324915
Core-92,size_bm_25,25 Size–B/M,1,0.95,20260928,1.955608821
Core-92,size_bm_25,25 Size–B/M,1,1,20260924,1.803756653
Core-92,size_bm_25,25 Size–B/M,1,1,20260925,1.858532435
Core-92,size_bm_25,25 Size–B/M,1,1,20260926,1.782852596
Core-92,size_bm_25,25 Size–B/M,1,1,20260927,1.846884537
Core-92,size_bm_25,25 Size–B/M,1,1,20260928,1.906823686
Core-92,size_bm_25,25 Size–B/M,2,0,20260924,1.83582729
Core-92,size_bm_25,25 Size–B/M,2,0,20260925,2.01306061
Core-92,size_bm_25,25 Size–B/M,2,0,20260926,2.863729835
Core-92,size_bm_25,25 Size–B/M,2,0,20260927,2.824333671
Core-92,size_bm_25,25 Size–B/M,2,0,20260928,2.740351087
Core-92,size_bm_25,25 Size–B/M,2,0.05,20260924,1.851984132
Core-92,size_bm_25,25 Size–B/M,2,0.05,20260925,2.014513154
Core-92,size_bm_25,25 Size–B/M,2,0.05,20260926,2.854856599
Core-92,size_bm_25,25 Size–B/M,2,0.05,20260927,2.811078134
Core-92,size_bm_25,25 Size–B/M,2,0.05,20260928,2.722912805
Core-92,size_bm_25,25 Size–B/M,2,0.1,20260924,1.869361411
Core-92,size_bm_25,25 Size–B/M,2,0.1,20260925,2.015192978
Core-92,size_bm_25,25 Size–B/M,2,0.1,20260926,2.842738548
Core-92,size_bm_25,25 Size–B/M,2,0.1,20260927,2.794110955
Core-92,size_bm_25,25 Size–B/M,2,0.1,20260928,2.701416744
Core-92,size_bm_25,25 Size–B/M,2,0.15,20260924,1.88762585
Core-92,size_bm_25,25 Size–B/M,2,0.15,20260925,2.014746582
Core-92,size_bm_25,25 Size–B/M,2,0.15,20260926,2.826568305
Core-92,size_bm_25,25 Size–B/M,2,0.15,20260927,2.772639305
Core-92,size_bm_25,25 Size–B/M,2,0.15,20260928,2.675151719
Core-92,size_bm_25,25 Size–B/M,2,0.2,20260924,1.90627356
Core-92,size_bm_25,25 Size–B/M,2,0.2,20260925,2.012760108
Core-92,size_bm_25,25 Size–B/M,2,0.2,20260926,2.805476929
Core-92,size_bm_25,25 Size–B/M,2,0.2,20260927,2.745835448
Core-92,size_bm_25,25 Size–B/M,2,0.2,20260928,2.643421585
Core-92,size_bm_25,25 Size–B/M,2,0.25,20260924,1.924619444
Core-92,size_bm_25,25 Size–B/M,2,0.25,20260925,2.008780551
Core-92,size_bm_25,25 Size–B/M,2,0.25,20260926,2.778601556
Core-92,size_bm_25,25 Size–B/M,2,0.25,20260927,2.712910008
Core-92,size_bm_25,25 Size–B/M,2,0.25,20260928,2.605626495
Core-92,size_bm_25,25 Size–B/M,2,0.3,20260924,1.941812602
Core-92,size_bm_25,25 Size–B/M,2,0.3,20260925,2.002354365
Core-92,size_bm_25,25 Size–B/M,2,0.3,20260926,2.745186188
Core-92,size_bm_25,25 Size–B/M,2,0.3,20260927,2.673215946
Core-92,size_bm_25,25 Size–B/M,2,0.3,20260928,2.561369552
Core-92,size_bm_25,25 Size–B/M,2,0.35,20260924,1.956887121
Core-92,size_bm_25,25 Size–B/M,2,0.35,20260925,1.993083182
Core-92,size_bm_25,25 Size–B/M,2,0.35,20260926,2.704709142
Core-92,size_bm_25,25 Size–B/M,2,0.35,20260927,2.626374784
Core-92,size_bm_25,25 Size–B/M,2,0.35,20260928,2.5105768
Core-92,size_bm_25,25 Size–B/M,2,0.4,20260924,1.968850945
Core-92,size_bm_25,25 Size–B/M,2,0.4,20260925,1.98069023
Core-92,size_bm_25,25 Size–B/M,2,0.4,20260926,2.657017706
Core-92,size_bm_25,25 Size–B/M,2,0.4,20260927,2.572403867
Core-92,size_bm_25,25 Size–B/M,2,0.4,20260928,2.453606362
Core-92,size_bm_25,25 Size–B/M,2,0.45,20260924,1.976803682
Core-92,size_bm_25,25 Size–B/M,2,0.45,20260925,1.965083945
Core-92,size_bm_25,25 Size–B/M,2,0.45,20260926,2.602437933
Core-92,size_bm_25,25 Size–B/M,2,0.45,20260927,2.511812011
Core-92,size_bm_25,25 Size–B/M,2,0.45,20260928,2.391313384
Core-92,size_bm_25,25 Size–B/M,2,0.5,20260924,1.980060957
Core-92,size_bm_25,25 Size–B/M,2,0.5,20260925,1.946400768
Core-92,size_bm_25,25 Size–B/M,2,0.5,20260926,2.541822812
Core-92,size_bm_25,25 Size–B/M,2,0.5,20260927,2.445628127
Core-92,size_bm_25,25 Size–B/M,2,0.5,20260928,2.325038367
Core-92,size_bm_25,25 Size–B/M,2,0.55,20260924,1.978254692
Core-92,size_bm_25,25 Size–B/M,2,0.55,20260925,1.92501106
Core-92,size_bm_25,25 Size–B/M,2,0.55,20260926,2.476511834
Core-92,size_bm_25,25 Size–B/M,2,0.55,20260927,2.375339354
Core-92,size_bm_25,25 Size–B/M,2,0.55,20260928,2.256502509
Core-92,size_bm_25,25 Size–B/M,2,0.6,20260924,1.971381705
Core-92,size_bm_25,25 Size–B/M,2,0.6,20260925,1.901481749
Core-92,size_bm_25,25 Size–B/M,2,0.6,20260926,2.408199354
Core-92,size_bm_25,25 Size–B/M,2,0.6,20260927,2.302740945
Core-92,size_bm_25,25 Size–B/M,2,0.6,20260928,2.187621858
Core-92,size_bm_25,25 Size–B/M,2,0.65,20260924,1.959787991
Core-92,size_bm_25,25 Size–B/M,2,0.65,20260925,1.876503301
Core-92,size_bm_25,25 Size–B/M,2,0.65,20260926,2.338738797
Core-92,size_bm_25,25 Size–B/M,2,0.65,20260927,2.229729411
Core-92,size_bm_25,25 Size–B/M,2,0.65,20260928,2.120280693
Core-92,size_bm_25,25 Size–B/M,2,0.7,20260924,1.944096336
Core-92,size_bm_25,25 Size–B/M,2,0.7,20260925,1.85080009
Core-92,size_bm_25,25 Size–B/M,2,0.7,20260926,2.269930222
Core-92,size_bm_25,25 Size–B/M,2,0.7,20260927,2.158088825
Core-92,size_bm_25,25 Size–B/M,2,0.7,20260928,2.05611896
Core-92,size_bm_25,25 Size–B/M,2,0.75,20260924,1.92510078
Core-92,size_bm_25,25 Size–B/M,2,0.75,20260925,1.825046635
Core-92,size_bm_25,25 Size–B/M,2,0.75,20260926,2.203340153
Core-92,size_bm_25,25 Size–B/M,2,0.75,20260927,2.089318703
Core-92,size_bm_25,25 Size–B/M,2,0.75,20260928,1.996381299
Core-92,size_bm_25,25 Size–B/M,2,0.8,20260924,1.903656293
Core-92,size_bm_25,25 Size–B/M,2,0.8,20260925,1.799806716
Core-92,size_bm_25,25 Size–B/M,2,0.8,20260926,2.140186075
Core-92,size_bm_25,25 Size–B/M,2,0.8,20260927,2.024533017
Core-92,size_bm_25,25 Size–B/M,2,0.8,20260928,1.941851243
Core-92,size_bm_25,25 Size–B/M,2,0.85,20260924,1.880586236
Core-92,size_bm_25,25 Size–B/M,2,0.85,20260925,1.775502247
Core-92,size_bm_25,25 Size–B/M,2,0.85,20260926,2.081294003
Core-92,size_bm_25,25 Size–B/M,2,0.85,20260927,1.964434818
Core-92,size_bm_25,25 Size–B/M,2,0.85,20260928,1.892866426
Core-92,size_bm_25,25 Size–B/M,2,0.9,20260924,1.856619069
Core-92,size_bm_25,25 Size–B/M,2,0.9,20260925,1.752409337
Core-92,size_bm_25,25 Size–B/M,2,0.9,20260926,2.027117339
Core-92,size_bm_25,25 Size–B/M,2,0.9,20260927,1.909351123
Core-92,size_bm_25,25 Size–B/M,2,0.9,20260928,1.849391187
Core-92,size_bm_25,25 Size–B/M,2,0.95,20260924,1.832355304
Core-92,size_bm_25,25 Size–B/M,2,0.95,20260925,1.730673542
Core-92,size_bm_25,25 Size–B/M,2,0.95,20260926,1.977795127
Core-92,size_bm_25,25 Size–B/M,2,0.95,20260927,1.859303775
Core-92,size_bm_25,25 Size–B/M,2,0.95,20260928,1.811116598
Core-92,size_bm_25,25 Size–B/M,2,1,20260924,1.808259078
Core-92,size_bm_25,25 Size–B/M,2,1,20260925,1.710335148
Core-92,size_bm_25,25 Size–B/M,2,1,20260926,1.933227291
Core-92,size_bm_25,25 Size–B/M,2,1,20260927,1.814092907
Core-92,size_bm_25,25 Size–B/M,2,1,20260928,1.777562201
Core-92,size_bm_25,25 Size–B/M,3,0,20260924,2.059052727
Core-92,size_bm_25,25 Size–B/M,3,0,20260925,2.399462688
Core-92,size_bm_25,25 Size–B/M,3,0,20260926,2.834057436
Core-92,size_bm_25,25 Size–B/M,3,0,20260927,3.844747137
Core-92,size_bm_25,25 Size–B/M,3,0,20260928,2.488789924
Core-92,size_bm_25,25 Size–B/M,3,0.05,20260924,2.071776151
Core-92,size_bm_25,25 Size–B/M,3,0.05,20260925,2.38550108
Core-92,size_bm_25,25 Size–B/M,3,0.05,20260926,2.832123964
Core-92,size_bm_25,25 Size–B/M,3,0.05,20260927,3.81051422
Core-92,size_bm_25,25 Size–B/M,3,0.05,20260928,2.481331733
Core-92,size_bm_25,25 Size–B/M,3,0.1,20260924,2.084857943
Core-92,size_bm_25,25 Size–B/M,3,0.1,20260925,2.368268088
Core-92,size_bm_25,25 Size–B/M,3,0.1,20260926,2.827777904
Core-92,size_bm_25,25 Size–B/M,3,0.1,20260927,3.768632881
Core-92,size_bm_25,25 Size–B/M,3,0.1,20260928,2.471300425
Core-92,size_bm_25,25 Size–B/M,3,0.15,20260924,2.097830134
Core-92,size_bm_25,25 Size–B/M,3,0.15,20260925,2.347197
Core-92,size_bm_25,25 Size–B/M,3,0.15,20260926,2.820208443
Core-92,size_bm_25,25 Size–B/M,3,0.15,20260927,3.717800244
Core-92,size_bm_25,25 Size–B/M,3,0.15,20260928,2.458076217
Core-92,size_bm_25,25 Size–B/M,3,0.2,20260924,2.110066418
Core-92,size_bm_25,25 Size–B/M,3,0.2,20260925,2.321738992
Core-92,size_bm_25,25 Size–B/M,3,0.2,20260926,2.808497681
Core-92,size_bm_25,25 Size–B/M,3,0.2,20260927,3.656739185
Core-92,size_bm_25,25 Size–B/M,3,0.2,20260928,2.440997892
Core-92,size_bm_25,25 Size–B/M,3,0.25,20260924,2.120788265
Core-92,size_bm_25,25 Size–B/M,3,0.25,20260925,2.291430563
Core-92,size_bm_25,25 Size–B/M,3,0.25,20260926,2.791675591
Core-92,size_bm_25,25 Size–B/M,3,0.25,20260927,3.584341932
Core-92,size_bm_25,25 Size–B/M,3,0.25,20260928,2.419417119
Core-92,size_bm_25,25 Size–B/M,3,0.3,20260924,2.12909986
Core-92,size_bm_25,25 Size–B/M,3,0.3,20260925,2.255981038
Core-92,size_bm_25,25 Size–B/M,3,0.3,20260926,2.768811198
Core-92,size_bm_25,25 Size–B/M,3,0.3,20260927,3.49985902
Core-92,size_bm_25,25 Size–B/M,3,0.3,20260928,2.392778087
Core-92,size_bm_25,25 Size–B/M,3,0.35,20260924,2.134058263
Core-92,size_bm_25,25 Size–B/M,3,0.35,20260925,2.21536963
Core-92,size_bm_25,25 Size–B/M,3,0.35,20260926,2.739137321
Core-92,size_bm_25,25 Size–B/M,3,0.35,20260927,3.403113666
Core-92,size_bm_25,25 Size–B/M,3,0.35,20260928,2.360716773
Core-92,size_bm_25,25 Size–B/M,3,0.4,20260924,2.134776887
Core-92,size_bm_25,25 Size–B/M,3,0.4,20260925,2.169931635
Core-92,size_bm_25,25 Size–B/M,3,0.4,20260926,2.702193216
Core-92,size_bm_25,25 Size–B/M,3,0.4,20260927,3.294700913
Core-92,size_bm_25,25 Size–B/M,3,0.4,20260928,2.323163852
Core-92,size_bm_25,25 Size–B/M,3,0.45,20260924,2.130548021
Core-92,size_bm_25,25 Size–B/M,3,0.45,20260925,2.120406143
Core-92,size_bm_25,25 Size–B/M,3,0.45,20260926,2.657955358
Core-92,size_bm_25,25 Size–B/M,3,0.45,20260927,3.176114628
Core-92,size_bm_25,25 Size–B/M,3,0.45,20260928,2.280425714
Core-92,size_bm_25,25 Size–B/M,3,0.5,20260924,2.120958108
Core-92,size_bm_25,25 Size–B/M,3,0.5,20260925,2.067919152
Core-92,size_bm_25,25 Size–B/M,3,0.5,20260926,2.606918549
Core-92,size_bm_25,25 Size–B/M,3,0.5,20260927,3.049745567
Core-92,size_bm_25,25 Size–B/M,3,0.5,20260928,2.233214953
Core-92,size_bm_25,25 Size–B/M,3,0.55,20260924,2.105964662
Core-92,size_bm_25,25 Size–B/M,3,0.55,20260925,2.013890076
Core-92,size_bm_25,25 Size–B/M,3,0.55,20260926,2.550095191
Core-92,size_bm_25,25 Size–B/M,3,0.55,20260927,2.918718713
Core-92,size_bm_25,25 Size–B/M,3,0.55,20260928,2.182610344
Core-92,size_bm_25,25 Size–B/M,3,0.6,20260924,2.08591113
Core-92,size_bm_25,25 Size–B/M,3,0.6,20260925,1.95987349
Core-92,size_bm_25,25 Size–B/M,3,0.6,20260926,2.488921768
Core-92,size_bm_25,25 Size–B/M,3,0.6,20260927,2.786583902
Core-92,size_bm_25,25 Size–B/M,3,0.6,20260928,2.12994627
Core-92,size_bm_25,25 Size–B/M,3,0.65,20260924,2.061474428
Core-92,size_bm_25,25 Size–B/M,3,0.65,20260925,1.907371416
Core-92,size_bm_25,25 Size–B/M,3,0.65,20260926,2.425090773
Core-92,size_bm_25,25 Size–B/M,3,0.65,20260927,2.656922199
Core-92,size_bm_25,25 Size–B/M,3,0.65,20260928,2.076655038
Core-92,size_bm_25,25 Size–B/M,3,0.7,20260924,2.033560968
Core-92,size_bm_25,25 Size–B/M,3,0.7,20260925,1.857662189
Core-92,size_bm_25,25 Size–B/M,3,0.7,20260926,2.360349707
Core-92,size_bm_25,25 Size–B/M,3,0.7,20260927,2.532957942
Core-92,size_bm_25,25 Size–B/M,3,0.7,20260928,2.024100786
Core-92,size_bm_25,25 Size–B/M,3,0.75,20260924,2.003180593
Core-92,size_bm_25,25 Size–B/M,3,0.75,20260925,1.81168434
Core-92,size_bm_25,25 Size–B/M,3,0.75,20260926,2.296315001
Core-92,size_bm_25,25 Size–B/M,3,0.75,20260927,2.417259859
Core-92,size_bm_25,25 Size–B/M,3,0.75,20260928,1.97344341
Core-92,size_bm_25,25 Size–B/M,3,0.8,20260924,1.971328771
Core-92,size_bm_25,25 Size–B/M,3,0.8,20260925,1.76999271
Core-92,size_bm_25,25 Size–B/M,3,0.8,20260926,2.234336919
Core-92,size_bm_25,25 Size–B/M,3,0.8,20260927,2.311580045
Core-92,size_bm_25,25 Size–B/M,3,0.8,20260928,1.925556496
Core-92,size_bm_25,25 Size–B/M,3,0.85,20260924,1.938897894
Core-92,size_bm_25,25 Size–B/M,3,0.85,20260925,1.732780745
Core-92,size_bm_25,25 Size–B/M,3,0.85,20260926,2.175430071
Core-92,size_bm_25,25 Size–B/M,3,0.85,20260927,2.216835521
Core-92,size_bm_25,25 Size–B/M,3,0.85,20260928,1.881003634
Core-92,size_bm_25,25 Size–B/M,3,0.9,20260924,1.906625356
Core-92,size_bm_25,25 Size–B/M,3,0.9,20260925,1.699947443
Core-92,size_bm_25,25 Size–B/M,3,0.9,20260926,2.120264203
Core-92,size_bm_25,25 Size–B/M,3,0.9,20260927,2.133202483
Core-92,size_bm_25,25 Size–B/M,3,0.9,20260928,1.840061747
Core-92,size_bm_25,25 Size–B/M,3,0.95,20260924,1.875075226
Core-92,size_bm_25,25 Size–B/M,3,0.95,20260925,1.671183405
Core-92,size_bm_25,25 Size–B/M,3,0.95,20260926,2.069198124
Core-92,size_bm_25,25 Size–B/M,3,0.95,20260927,2.060277038
Core-92,size_bm_25,25 Size–B/M,3,0.95,20260928,1.80277287
Core-92,size_bm_25,25 Size–B/M,3,1,20260924,1.844644609
Core-92,size_bm_25,25 Size–B/M,3,1,20260925,1.646055097
Core-92,size_bm_25,25 Size–B/M,3,1,20260926,2.022336916
Core-92,size_bm_25,25 Size–B/M,3,1,20260927,1.997257194
Core-92,size_bm_25,25 Size–B/M,3,1,20260928,1.769006389
Core-92,size_bm_25,25 Size–B/M,4,0,20260924,1.432823802
Core-92,size_bm_25,25 Size–B/M,4,0,20260925,1.885698571
Core-92,size_bm_25,25 Size–B/M,4,0,20260926,2.653015212
Core-92,size_bm_25,25 Size–B/M,4,0,20260927,1.678737677
Core-92,size_bm_25,25 Size–B/M,4,0,20260928,1.81428645
Core-92,size_bm_25,25 Size–B/M,4,0.05,20260924,1.481408517
Core-92,size_bm_25,25 Size–B/M,4,0.05,20260925,1.885257203
Core-92,size_bm_25,25 Size–B/M,4,0.05,20260926,2.663704058
Core-92,size_bm_25,25 Size–B/M,4,0.05,20260927,1.694801239
Core-92,size_bm_25,25 Size–B/M,4,0.05,20260928,1.834383342
Core-92,size_bm_25,25 Size–B/M,4,0.1,20260924,1.53385378
Core-92,size_bm_25,25 Size–B/M,4,0.1,20260925,1.884093585
Core-92,size_bm_25,25 Size–B/M,4,0.1,20260926,2.673223881
Core-92,size_bm_25,25 Size–B/M,4,0.1,20260927,1.712004532
Core-92,size_bm_25,25 Size–B/M,4,0.1,20260928,1.855788526
Core-92,size_bm_25,25 Size–B/M,4,0.15,20260924,1.589490359
Core-92,size_bm_25,25 Size–B/M,4,0.15,20260925,1.881962705
Core-92,size_bm_25,25 Size–B/M,4,0.15,20260926,2.680631444
Core-92,size_bm_25,25 Size–B/M,4,0.15,20260927,1.730011901
Core-92,size_bm_25,25 Size–B/M,4,0.15,20260928,1.878050228
Core-92,size_bm_25,25 Size–B/M,4,0.2,20260924,1.647304727
Core-92,size_bm_25,25 Size–B/M,4,0.2,20260925,1.878588963
Core-92,size_bm_25,25 Size–B/M,4,0.2,20260926,2.684767188
Core-92,size_bm_25,25 Size–B/M,4,0.2,20260927,1.748326452
Core-92,size_bm_25,25 Size–B/M,4,0.2,20260928,1.900516613
Core-92,size_bm_25,25 Size–B/M,4,0.25,20260924,1.705921331
Core-92,size_bm_25,25 Size–B/M,4,0.25,20260925,1.873684295
Core-92,size_bm_25,25 Size–B/M,4,0.25,20260926,2.684291961
Core-92,size_bm_25,25 Size–B/M,4,0.25,20260927,1.766282663
Core-92,size_bm_25,25 Size–B/M,4,0.25,20260928,1.922330646
Core-92,size_bm_25,25 Size–B/M,4,0.3,20260924,1.763630427
Core-92,size_bm_25,25 Size–B/M,4,0.3,20260925,1.866977575
Core-92,size_bm_25,25 Size–B/M,4,0.3,20260926,2.677771038
Core-92,size_bm_25,25 Size–B/M,4,0.3,20260927,1.783064092
Core-92,size_bm_25,25 Size–B/M,4,0.3,20260928,1.942456757
Core-92,size_bm_25,25 Size–B/M,4,0.35,20260924,1.818477028
Core-92,size_bm_25,25 Size–B/M,4,0.35,20260925,1.858253921
Core-92,size_bm_25,25 Size–B/M,4,0.35,20260926,2.663809952
Core-92,size_bm_25,25 Size–B/M,4,0.35,20260927,1.797754506
Core-92,size_bm_25,25 Size–B/M,4,0.35,20260928,1.959748793
Core-92,size_bm_25,25 Size–B/M,4,0.4,20260924,1.868416106
Core-92,size_bm_25,25 Size–B/M,4,0.4,20260925,1.847398255
Core-92,size_bm_25,25 Size–B/M,4,0.4,20260926,2.641232117
Core-92,size_bm_25,25 Size–B/M,4,0.4,20260927,1.809424222
Core-92,size_bm_25,25 Size–B/M,4,0.4,20260928,1.973060345
Core-92,size_bm_25,25 Size–B/M,4,0.45,20260924,1.911520588
Core-92,size_bm_25,25 Size–B/M,4,0.45,20260925,1.834432956
Core-92,size_bm_25,25 Size–B/M,4,0.45,20260926,2.609269318
Core-92,size_bm_25,25 Size–B/M,4,0.45,20260927,1.817242241
Core-92,size_bm_25,25 Size–B/M,4,0.45,20260928,1.981384775
Core-92,size_bm_25,25 Size–B/M,4,0.5,20260924,1.946206867
Core-92,size_bm_25,25 Size–B/M,4,0.5,20260925,1.819537427
Core-92,size_bm_25,25 Size–B/M,4,0.5,20260926,2.567720725
Core-92,size_bm_25,25 Size–B/M,4,0.5,20260927,1.820592474
Core-92,size_bm_25,25 Size–B/M,4,0.5,20260928,1.98399757
Core-92,size_bm_25,25 Size–B/M,4,0.55,20260924,1.971427649
Core-92,size_bm_25,25 Size–B/M,4,0.55,20260925,1.80304017
Core-92,size_bm_25,25 Size–B/M,4,0.55,20260926,2.517034184
Core-92,size_bm_25,25 Size–B/M,4,0.55,20260927,1.819165152
Core-92,size_bm_25,25 Size–B/M,4,0.55,20260928,1.980565568
Core-92,size_bm_25,25 Size–B/M,4,0.6,20260924,1.986784098
Core-92,size_bm_25,25 Size–B/M,4,0.6,20260925,1.785381847
Core-92,size_bm_25,25 Size–B/M,4,0.6,20260926,2.458280841
Core-92,size_bm_25,25 Size–B/M,4,0.6,20260927,1.812997993
Core-92,size_bm_25,25 Size–B/M,4,0.6,20260928,1.971192654
Core-92,size_bm_25,25 Size–B/M,4,0.65,20260924,1.992530872
Core-92,size_bm_25,25 Size–B/M,4,0.65,20260925,1.767057569
Core-92,size_bm_25,25 Size–B/M,4,0.65,20260926,2.393025846
Core-92,size_bm_25,25 Size–B/M,4,0.65,20260927,1.802456257
Core-92,size_bm_25,25 Size–B/M,4,0.65,20260928,1.956389805
Core-92,size_bm_25,25 Size–B/M,4,0.7,20260924,1.989479957
Core-92,size_bm_25,25 Size–B/M,4,0.7,20260925,1.748553525
Core-92,size_bm_25,25 Size–B/M,4,0.7,20260926,2.323129513
Core-92,size_bm_25,25 Size–B/M,4,0.7,20260927,1.788160025
Core-92,size_bm_25,25 Size–B/M,4,0.7,20260928,1.936980868
Core-92,size_bm_25,25 Size–B/M,4,0.75,20260924,1.978836967
Core-92,size_bm_25,25 Size–B/M,4,0.75,20260925,1.730293421
Core-92,size_bm_25,25 Size–B/M,4,0.75,20260926,2.250529916
Core-92,size_bm_25,25 Size–B/M,4,0.75,20260927,1.770881681
Core-92,size_bm_25,25 Size–B/M,4,0.75,20260928,1.913972921
Core-92,size_bm_25,25 Size–B/M,4,0.8,20260924,1.962015248
Core-92,size_bm_25,25 Size–B/M,4,0.8,20260925,1.712604713
Core-92,size_bm_25,25 Size–B/M,4,0.8,20260926,2.177053979
Core-92,size_bm_25,25 Size–B/M,4,0.8,20260927,1.751440614
Core-92,size_bm_25,25 Size–B/M,4,0.8,20260928,1.888424555
Core-92,size_bm_25,25 Size–B/M,4,0.85,20260924,1.940467415
Core-92,size_bm_25,25 Size–B/M,4,0.85,20260925,1.695706863
Core-92,size_bm_25,25 Size–B/M,4,0.85,20260926,2.10428557
Core-92,size_bm_25,25 Size–B/M,4,0.85,20260927,1.730616218
Core-92,size_bm_25,25 Size–B/M,4,0.85,20260928,1.861337738
Core-92,size_bm_25,25 Size–B/M,4,0.9,20260924,1.91555804
Core-92,size_bm_25,25 Size–B/M,4,0.9,20260925,1.67971754
Core-92,size_bm_25,25 Size–B/M,4,0.9,20260926,2.033497244
Core-92,size_bm_25,25 Size–B/M,4,0.9,20260927,1.709089566
Core-92,size_bm_25,25 Size–B/M,4,0.9,20260928,1.833585675
Core-92,size_bm_25,25 Size–B/M,4,0.95,20260924,1.888484269
Core-92,size_bm_25,25 Size–B/M,4,0.95,20260925,1.664669871
Core-92,size_bm_25,25 Size–B/M,4,0.95,20260926,1.965636153
Core-92,size_bm_25,25 Size–B/M,4,0.95,20260927,1.687414177
Core-92,size_bm_25,25 Size–B/M,4,0.95,20260928,1.8058769
Core-92,size_bm_25,25 Size–B/M,4,1,20260924,1.860239124
Core-92,size_bm_25,25 Size–B/M,4,1,20260925,1.650533998
Core-92,size_bm_25,25 Size–B/M,4,1,20260926,1.90134725
Core-92,size_bm_25,25 Size–B/M,4,1,20260927,1.666010135
Core-92,size_bm_25,25 Size–B/M,4,1,20260928,1.778748379
Core-92,size_bm_25,25 Size–B/M,5,0,20260924,1.094140606
Core-92,size_bm_25,25 Size–B/M,5,0,20260925,0.9709928183
Core-92,size_bm_25,25 Size–B/M,5,0,20260926,1.205937062
Core-92,size_bm_25,25 Size–B/M,5,0,20260927,2.258293919
Core-92,size_bm_25,25 Size–B/M,5,0,20260928,2.45668789
Core-92,size_bm_25,25 Size–B/M,5,0.05,20260924,1.16063258
Core-92,size_bm_25,25 Size–B/M,5,0.05,20260925,1.019455201
Core-92,size_bm_25,25 Size–B/M,5,0.05,20260926,1.28380925
Core-92,size_bm_25,25 Size–B/M,5,0.05,20260927,2.263327806
Core-92,size_bm_25,25 Size–B/M,5,0.05,20260928,2.456430765
Core-92,size_bm_25,25 Size–B/M,5,0.1,20260924,1.231631149
Core-92,size_bm_25,25 Size–B/M,5,0.1,20260925,1.072143151
Core-92,size_bm_25,25 Size–B/M,5,0.1,20260926,1.365540242
Core-92,size_bm_25,25 Size–B/M,5,0.1,20260927,2.267483942
Core-92,size_bm_25,25 Size–B/M,5,0.1,20260928,2.454443299
Core-92,size_bm_25,25 Size–B/M,5,0.15,20260924,1.306382954
Core-92,size_bm_25,25 Size–B/M,5,0.15,20260925,1.128610741
Core-92,size_bm_25,25 Size–B/M,5,0.15,20260926,1.450063873
Core-92,size_bm_25,25 Size–B/M,5,0.15,20260927,2.270187585
Core-92,size_bm_25,25 Size–B/M,5,0.15,20260928,2.45007972
Core-92,size_bm_25,25 Size–B/M,5,0.2,20260924,1.383788848
Core-92,size_bm_25,25 Size–B/M,5,0.2,20260925,1.188125257
Core-92,size_bm_25,25 Size–B/M,5,0.2,20260926,1.535931227
Core-92,size_bm_25,25 Size–B/M,5,0.2,20260927,2.270740301
Core-92,size_bm_25,25 Size–B/M,5,0.2,20260928,2.442596603
Core-92,size_bm_25,25 Size–B/M,5,0.25,20260924,1.462381745
Core-92,size_bm_25,25 Size–B/M,5,0.25,20260925,1.249639831
Core-92,size_bm_25,25 Size–B/M,5,0.25,20260926,1.621300797
Core-92,size_bm_25,25 Size–B/M,5,0.25,20260927,2.268345834
Core-92,size_bm_25,25 Size–B/M,5,0.25,20260928,2.431193352
Core-92,size_bm_25,25 Size–B/M,5,0.3,20260924,1.540347249
Core-92,size_bm_25,25 Size–B/M,5,0.3,20260925,1.311799058
Core-92,size_bm_25,25 Size–B/M,5,0.3,20260926,1.703981115
Core-92,size_bm_25,25 Size–B/M,5,0.3,20260927,2.262165415
Core-92,size_bm_25,25 Size–B/M,5,0.3,20260928,2.415082614
Core-92,size_bm_25,25 Size–B/M,5,0.35,20260924,1.615604331
Core-92,size_bm_25,25 Size–B/M,5,0.35,20260925,1.372992486
Core-92,size_bm_25,25 Size–B/M,5,0.35,20260926,1.781543366
Core-92,size_bm_25,25 Size–B/M,5,0.35,20260927,2.251404618
Core-92,size_bm_25,25 Size–B/M,5,0.35,20260928,2.393589562
Core-92,size_bm_25,25 Size–B/M,5,0.4,20260924,1.685954035
Core-92,size_bm_25,25 Size–B/M,5,0.4,20260925,1.431464198
Core-92,size_bm_25,25 Size–B/M,5,0.4,20260926,1.851509244
Core-92,size_bm_25,25 Size–B/M,5,0.4,20260927,2.235424353
Core-92,size_bm_25,25 Size–B/M,5,0.4,20260928,2.366268407
Core-92,size_bm_25,25 Size–B/M,5,0.45,20260924,1.749285976
Core-92,size_bm_25,25 Size–B/M,5,0.45,20260925,1.485472645
Core-92,size_bm_25,25 Size–B/M,5,0.45,20260926,1.911597495
Core-92,size_bm_25,25 Size–B/M,5,0.45,20260927,2.21385658
Core-92,size_bm_25,25 Size–B/M,5,0.45,20260928,2.333012699
Core-92,size_bm_25,25 Size–B/M,5,0.5,20260924,1.803809741
Core-92,size_bm_25,25 Size–B/M,5,0.5,20260925,1.533476556
Core-92,size_bm_25,25 Size–B/M,5,0.5,20260926,1.959987238
Core-92,size_bm_25,25 Size–B/M,5,0.5,20260927,2.186695977
Core-92,size_bm_25,25 Size–B/M,5,0.5,20260928,2.294128568
Core-92,size_bm_25,25 Size–B/M,5,0.55,20260924,1.848261235
Core-92,size_bm_25,25 Size–B/M,5,0.55,20260925,1.574307874
Core-92,size_bm_25,25 Size–B/M,5,0.55,20260926,1.995539124
Core-92,size_bm_25,25 Size–B/M,5,0.55,20260927,2.154338717
Core-92,size_bm_25,25 Size–B/M,5,0.55,20260928,2.250343655
Core-92,size_bm_25,25 Size–B/M,5,0.6,20260924,1.88203336
Core-92,size_bm_25,25 Size–B/M,5,0.6,20260925,1.607290325
Core-92,size_bm_25,25 Size–B/M,5,0.6,20260926,2.017918462
Core-92,size_bm_25,25 Size–B/M,5,0.6,20260927,2.117551936
Core-92,size_bm_25,25 Size–B/M,5,0.6,20260928,2.202740855
Core-92,size_bm_25,25 Size–B/M,5,0.65,20260924,1.905200092
Core-92,size_bm_25,25 Size–B/M,5,0.65,20260925,1.632276192
Core-92,size_bm_25,25 Size–B/M,5,0.65,20260926,2.027590364
Core-92,size_bm_25,25 Size–B/M,5,0.65,20260927,2.077378721
Core-92,size_bm_25,25 Size–B/M,5,0.65,20260928,2.152629682
Core-92,size_bm_25,25 Size–B/M,5,0.7,20260924,1.918435144
Core-92,size_bm_25,25 Size–B/M,5,0.7,20260925,1.649598737
Core-92,size_bm_25,25 Size–B/M,5,0.7,20260926,2.025695151
Core-92,size_bm_25,25 Size–B/M,5,0.7,20260927,2.035003576
Core-92,size_bm_25,25 Size–B/M,5,0.7,20260928,2.101387611
Core-92,size_bm_25,25 Size–B/M,5,0.75,20260924,1.922855848
Core-92,size_bm_25,25 Size–B/M,5,0.75,20260925,1.659961718
Core-92,size_bm_25,25 Size–B/M,5,0.75,20260926,2.013844826
Core-92,size_bm_25,25 Size–B/M,5,0.75,20260927,1.991612722
Core-92,size_bm_25,25 Size–B/M,5,0.75,20260928,2.050309903
Core-92,size_bm_25,25 Size–B/M,5,0.8,20260924,1.919837098
Core-92,size_bm_25,25 Size–B/M,5,0.8,20260925,1.664300171
Core-92,size_bm_25,25 Size–B/M,5,0.8,20260926,1.993894831
Core-92,size_bm_25,25 Size–B/M,5,0.8,20260927,1.948279152
Core-92,size_bm_25,25 Size–B/M,5,0.8,20260928,2.000497744
Core-92,size_bm_25,25 Size–B/M,5,0.85,20260924,1.910836654
Core-92,size_bm_25,25 Size–B/M,5,0.85,20260925,1.663645293
Core-92,size_bm_25,25 Size–B/M,5,0.85,20260926,1.967738225
Core-92,size_bm_25,25 Size–B/M,5,0.85,20260927,1.905888912
Core-92,size_bm_25,25 Size–B/M,5,0.85,20260928,1.952797645
Core-92,size_bm_25,25 Size–B/M,5,0.9,20260924,1.897258208
Core-92,size_bm_25,25 Size–B/M,5,0.9,20260925,1.659015455
Core-92,size_bm_25,25 Size–B/M,5,0.9,20260926,1.937150312
Core-92,size_bm_25,25 Size–B/M,5,0.9,20260927,1.86511029
Core-92,size_bm_25,25 Size–B/M,5,0.9,20260928,1.907788929
Core-92,size_bm_25,25 Size–B/M,5,0.95,20260924,1.880361561
Core-92,size_bm_25,25 Size–B/M,5,0.95,20260925,1.651342175
Core-92,size_bm_25,25 Size–B/M,5,0.95,20260926,1.903691603
Core-92,size_bm_25,25 Size–B/M,5,0.95,20260927,1.826397407
Core-92,size_bm_25,25 Size–B/M,5,0.95,20260928,1.865806287
Core-92,size_bm_25,25 Size–B/M,5,1,20260924,1.861216488
Core-92,size_bm_25,25 Size–B/M,5,1,20260925,1.641429601
Core-92,size_bm_25,25 Size–B/M,5,1,20260926,1.868662666
Core-92,size_bm_25,25 Size–B/M,5,1,20260927,1.790015754
Core-92,size_bm_25,25 Size–B/M,5,1,20260928,1.826981873
Core-92,size_bm_25,25 Size–B/M,8,0,20260924,1.729126135
Core-92,size_bm_25,25 Size–B/M,8,0,20260925,2.365465261
Core-92,size_bm_25,25 Size–B/M,8,0,20260926,3.242673451
Core-92,size_bm_25,25 Size–B/M,8,0,20260927,2.487714245
Core-92,size_bm_25,25 Size–B/M,8,0,20260928,1.281997686
Core-92,size_bm_25,25 Size–B/M,8,0.05,20260924,1.739704744
Core-92,size_bm_25,25 Size–B/M,8,0.05,20260925,2.356170578
Core-92,size_bm_25,25 Size–B/M,8,0.05,20260926,3.226106728
Core-92,size_bm_25,25 Size–B/M,8,0.05,20260927,2.489178968
Core-92,size_bm_25,25 Size–B/M,8,0.05,20260928,1.332837038
Core-92,size_bm_25,25 Size–B/M,8,0.1,20260924,1.750925141
Core-92,size_bm_25,25 Size–B/M,8,0.1,20260925,2.344240478
Core-92,size_bm_25,25 Size–B/M,8,0.1,20260926,3.204730355
Core-92,size_bm_25,25 Size–B/M,8,0.1,20260927,2.488858671
Core-92,size_bm_25,25 Size–B/M,8,0.1,20260928,1.387269107
Core-92,size_bm_25,25 Size–B/M,8,0.15,20260924,1.762514511
Core-92,size_bm_25,25 Size–B/M,8,0.15,20260925,2.329115558
Core-92,size_bm_25,25 Size–B/M,8,0.15,20260926,3.177497187
Core-92,size_bm_25,25 Size–B/M,8,0.15,20260927,2.486006691
Core-92,size_bm_25,25 Size–B/M,8,0.15,20260928,1.444548134
Core-92,size_bm_25,25 Size–B/M,8,0.2,20260924,1.774080598
Core-92,size_bm_25,25 Size–B/M,8,0.2,20260925,2.310216467
Core-92,size_bm_25,25 Size–B/M,8,0.2,20260926,3.143307707
Core-92,size_bm_25,25 Size–B/M,8,0.2,20260927,2.479750844
Core-92,size_bm_25,25 Size–B/M,8,0.2,20260928,1.503596568
Core-92,size_bm_25,25 Size–B/M,8,0.25,20260924,1.785108083
Core-92,size_bm_25,25 Size–B/M,8,0.25,20260925,2.286998225
Core-92,size_bm_25,25 Size–B/M,8,0.25,20260926,3.101103418
Core-92,size_bm_25,25 Size–B/M,8,0.25,20260927,2.469135781
Core-92,size_bm_25,25 Size–B/M,8,0.25,20260928,1.562994684
Core-92,size_bm_25,25 Size–B/M,8,0.3,20260924,1.794974572
Core-92,size_bm_25,25 Size–B/M,8,0.3,20260925,2.259026332
Core-92,size_bm_25,25 Size–B/M,8,0.3,20260926,3.050000426
Core-92,size_bm_25,25 Size–B/M,8,0.3,20260927,2.453200263
Core-92,size_bm_25,25 Size–B/M,8,0.3,20260928,1.621014713
Core-92,size_bm_25,25 Size–B/M,8,0.35,20260924,1.802992382
Core-92,size_bm_25,25 Size–B/M,8,0.35,20260925,2.226067875
Core-92,size_bm_25,25 Size–B/M,8,0.35,20260926,2.989453038
Core-92,size_bm_25,25 Size–B/M,8,0.35,20260927,2.431089305
Core-92,size_bm_25,25 Size–B/M,8,0.35,20260928,1.675713762
Core-92,size_bm_25,25 Size–B/M,8,0.4,20260924,1.808477014
Core-92,size_bm_25,25 Size–B/M,8,0.4,20260925,2.188181461
Core-92,size_bm_25,25 Size–B/M,8,0.4,20260926,2.919420929
Core-92,size_bm_25,25 Size–B/M,8,0.4,20260927,2.402189275
Core-92,size_bm_25,25 Size–B/M,8,0.4,20260928,1.725089496
Core-92,size_bm_25,25 Size–B/M,8,0.45,20260924,1.810834282
Core-92,size_bm_25,25 Size–B/M,8,0.45,20260925,2.145781694
Core-92,size_bm_25,25 Size–B/M,8,0.45,20260926,2.840498517
Core-92,size_bm_25,25 Size–B/M,8,0.45,20260927,2.366260275
Core-92,size_bm_25,25 Size–B/M,8,0.45,20260928,1.767284481
Core-92,size_bm_25,25 Size–B/M,8,0.5,20260924,1.809648526
Core-92,size_bm_25,25 Size–B/M,8,0.5,20260925,2.099652583
Core-92,size_bm_25,25 Size–B/M,8,0.5,20260926,2.753960928
Core-92,size_bm_25,25 Size–B/M,8,0.5,20260927,2.323530751
Core-92,size_bm_25,25 Size–B/M,8,0.5,20260928,1.80080422
Core-92,size_bm_25,25 Size–B/M,8,0.55,20260924,1.80474912
Core-92,size_bm_25,25 Size–B/M,8,0.55,20260925,2.050893977
Core-92,size_bm_25,25 Size–B/M,8,0.55,20260926,2.661695103
Core-92,size_bm_25,25 Size–B/M,8,0.55,20260927,2.274721907
Core-92,size_bm_25,25 Size–B/M,8,0.55,20260928,1.82470007
Core-92,size_bm_25,25 Size–B/M,8,0.6,20260924,1.796235927
Core-92,size_bm_25,25 Size–B/M,8,0.6,20260925,2.00080484
Core-92,size_bm_25,25 Size–B/M,8,0.6,20260926,2.56601636
Core-92,size_bm_25,25 Size–B/M,8,0.6,20260927,2.220986737
Core-92,size_bm_25,25 Size–B/M,8,0.6,20260928,1.838671112
Core-92,size_bm_25,25 Size–B/M,8,0.65,20260924,1.784456524
Core-92,size_bm_25,25 Size–B/M,8,0.65,20260925,1.950728757
Core-92,size_bm_25,25 Size–B/M,8,0.65,20260926,2.469407843
Core-92,size_bm_25,25 Size–B/M,8,0.65,20260927,2.163774805
Core-92,size_bm_25,25 Size–B/M,8,0.65,20260928,1.84306066
Core-92,size_bm_25,25 Size–B/M,8,0.7,20260924,1.769943357
Core-92,size_bm_25,25 Size–B/M,8,0.7,20260925,1.901899648
Core-92,size_bm_25,25 Size–B/M,8,0.7,20260926,2.374244689
Core-92,size_bm_25,25 Size–B/M,8,0.7,20260927,2.104656906
Core-92,size_bm_25,25 Size–B/M,8,0.7,20260928,1.838754687
Core-92,size_bm_25,25 Size–B/M,8,0.75,20260924,1.753330126
Core-92,size_bm_25,25 Size–B/M,8,0.75,20260925,1.855322922
Core-92,size_bm_25,25 Size–B/M,8,0.75,20260926,2.282564715
Core-92,size_bm_25,25 Size–B/M,8,0.75,20260927,2.045152382
Core-92,size_bm_25,25 Size–B/M,8,0.75,20260928,1.827016081
Core-92,size_bm_25,25 Size–B/M,8,0.8,20260924,1.735269029
Core-92,size_bm_25,25 Size–B/M,8,0.8,20260925,1.811711895
Core-92,size_bm_25,25 Size–B/M,8,0.8,20260926,2.195925473
Core-92,size_bm_25,25 Size–B/M,8,0.8,20260927,1.986594077
Core-92,size_bm_25,25 Size–B/M,8,0.8,20260928,1.809299403
Core-92,size_bm_25,25 Size–B/M,8,0.85,20260924,1.716364972
Core-92,size_bm_25,25 Size–B/M,8,0.85,20260925,1.771480094
Core-92,size_bm_25,25 Size–B/M,8,0.85,20260926,2.115356688
Core-92,size_bm_25,25 Size–B/M,8,0.85,20260927,1.930048035
Core-92,size_bm_25,25 Size–B/M,8,0.85,20260928,1.787084641
Core-92,size_bm_25,25 Size–B/M,8,0.9,20260924,1.697133844
Core-92,size_bm_25,25 Size–B/M,8,0.9,20260925,1.734775835
Core-92,size_bm_25,25 Size–B/M,8,0.9,20260926,2.04139182
Core-92,size_bm_25,25 Size–B/M,8,0.9,20260927,1.876287055
Core-92,size_bm_25,25 Size–B/M,8,0.9,20260928,1.761752637
Core-92,size_bm_25,25 Size–B/M,8,0.95,20260924,1.677984099
Core-92,size_bm_25,25 Size–B/M,8,0.95,20260925,1.701539934
Core-92,size_bm_25,25 Size–B/M,8,0.95,20260926,1.974149877
Core-92,size_bm_25,25 Size–B/M,8,0.95,20260927,1.825805528
Core-92,size_bm_25,25 Size–B/M,8,0.95,20260928,1.734508267
Core-92,size_bm_25,25 Size–B/M,8,1,20260924,1.659216283
Core-92,size_bm_25,25 Size–B/M,8,1,20260925,1.671569221
Core-92,size_bm_25,25 Size–B/M,8,1,20260926,1.913438296
Core-92,size_bm_25,25 Size–B/M,8,1,20260927,1.778859128
Core-92,size_bm_25,25 Size–B/M,8,1,20260928,1.706345775
Core-92,industry_49,49 Industries,1,0,20260924,4.312100214
Core-92,industry_49,49 Industries,1,0,20260925,4.493051473
Core-92,industry_49,49 Industries,1,0,20260926,4.112089423
Core-92,industry_49,49 Industries,1,0,20260927,4.654375487
Core-92,industry_49,49 Industries,1,0,20260928,3.95189422
Core-92,industry_49,49 Industries,1,0.05,20260924,4.222159418
Core-92,industry_49,49 Industries,1,0.05,20260925,4.40313891
Core-92,industry_49,49 Industries,1,0.05,20260926,4.032408872
Core-92,industry_49,49 Industries,1,0.05,20260927,4.547867125
Core-92,industry_49,49 Industries,1,0.05,20260928,3.902343066
Core-92,industry_49,49 Industries,1,0.1,20260924,4.12372616
Core-92,industry_49,49 Industries,1,0.1,20260925,4.304470498
Core-92,industry_49,49 Industries,1,0.1,20260926,3.944982986
Core-92,industry_49,49 Industries,1,0.1,20260927,4.432100436
Core-92,industry_49,49 Industries,1,0.1,20260928,3.84536233
Core-92,industry_49,49 Industries,1,0.15,20260924,4.017292252
Core-92,industry_49,49 Industries,1,0.15,20260925,4.197518744
Core-92,industry_49,49 Industries,1,0.15,20260926,3.850217653
Core-92,industry_49,49 Industries,1,0.15,20260927,4.307713703
Core-92,industry_49,49 Industries,1,0.15,20260928,3.780941517
Core-92,industry_49,49 Industries,1,0.2,20260924,3.903682368
Core-92,industry_49,49 Industries,1,0.2,20260925,4.083096283
Core-92,industry_49,49 Industries,1,0.2,20260926,3.748818498
Core-92,industry_49,49 Industries,1,0.2,20260927,4.175712082
Core-92,industry_49,49 Industries,1,0.2,20260928,3.7093265
Core-92,industry_49,49 Industries,1,0.25,20260924,3.784048667
Core-92,industry_49,49 Industries,1,0.25,20260925,3.962351541
Core-92,industry_49,49 Industries,1,0.25,20260926,3.641787459
Core-92,industry_49,49 Industries,1,0.25,20260927,4.037456486
Core-92,industry_49,49 Industries,1,0.25,20260928,3.631035001
Core-92,industry_49,49 Industries,1,0.3,20260924,3.659835882
Core-92,industry_49,49 Industries,1,0.3,20260925,3.836734158
Core-92,industry_49,49 Industries,1,0.3,20260926,3.530392598
Core-92,industry_49,49 Industries,1,0.3,20260927,3.894619852
Core-92,industry_49,49 Industries,1,0.3,20260928,3.546849576
Core-92,industry_49,49 Industries,1,0.35,20260924,3.532717761
Core-92,industry_49,49 Industries,1,0.35,20260925,3.70793098
Core-92,industry_49,49 Industries,1,0.35,20260926,3.416111861
Core-92,industry_49,49 Industries,1,0.35,20260927,3.749112351
Core-92,industry_49,49 Industries,1,0.35,20260928,3.457786702
Core-92,industry_49,49 Industries,1,0.4,20260924,3.404510463
Core-92,industry_49,49 Industries,1,0.4,20260925,3.577778314
Core-92,industry_49,49 Industries,1,0.4,20260926,3.300555823
Core-92,industry_49,49 Industries,1,0.4,20260927,3.602982285
Core-92,industry_49,49 Industries,1,0.4,20260928,3.365044428
Core-92,industry_49,49 Industries,1,0.45,20260924,3.277072395
Core-92,industry_49,49 Industries,1,0.45,20260925,3.448160112
Core-92,industry_49,49 Industries,1,0.45,20260926,3.185378015
Core-92,industry_49,49 Industries,1,0.45,20260927,3.458303502
Core-92,industry_49,49 Industries,1,0.45,20260928,3.269934596
Core-92,industry_49,49 Industries,1,0.5,20260924,3.152202
Core-92,industry_49,49 Industries,1,0.5,20260925,3.320903933
Core-92,industry_49,49 Industries,1,0.5,20260926,3.072183348
Core-92,industry_49,49 Industries,1,0.5,20260927,3.317062189
Core-92,industry_49,49 Industries,1,0.5,20260928,3.173807982
Core-92,industry_49,49 Industries,1,0.55,20260924,3.031544782
Core-92,industry_49,49 Industries,1,0.55,20260925,3.197686288
Core-92,industry_49,49 Industries,1,0.55,20260926,2.962444956
Core-92,industry_49,49 Industries,1,0.55,20260927,3.181055424
Core-92,industry_49,49 Industries,1,0.55,20260928,3.077981302
Core-92,industry_49,49 Industries,1,0.6,20260924,2.9165186
Core-92,industry_49,49 Industries,1,0.6,20260925,3.079956669
Core-92,industry_49,49 Industries,1,0.6,20260926,2.857437668
Core-92,industry_49,49 Industries,1,0.6,20260927,3.051811196
Core-92,industry_49,49 Industries,1,0.6,20260928,2.983673834
Core-92,industry_49,49 Industries,1,0.65,20260924,2.808262756
Core-92,industry_49,49 Industries,1,0.65,20260925,2.968885905
Core-92,industry_49,49 Industries,1,0.65,20260926,2.758193059
Core-92,industry_49,49 Industries,1,0.65,20260927,2.930535614
Core-92,industry_49,49 Industries,1,0.65,20260928,2.89195897
Core-92,industry_49,49 Industries,1,0.7,20260924,2.707612566
Core-92,industry_49,49 Industries,1,0.7,20260925,2.865340559
Core-92,industry_49,49 Industries,1,0.7,20260926,2.665477483
Core-92,industry_49,49 Industries,1,0.7,20260927,2.818088818
Core-92,industry_49,49 Industries,1,0.7,20260928,2.8037331
Core-92,industry_49,49 Industries,1,0.75,20260924,2.615097837
Core-92,industry_49,49 Industries,1,0.75,20260925,2.769881608
Core-92,industry_49,49 Industries,1,0.75,20260926,2.579791388
Core-92,industry_49,49 Industries,1,0.75,20260927,2.714987456
Core-92,industry_49,49 Industries,1,0.75,20260928,2.719701502
Core-92,industry_49,49 Industries,1,0.8,20260924,2.530961281
Core-92,industry_49,49 Industries,1,0.8,20260925,2.682783235
Core-92,industry_49,49 Industries,1,0.8,20260926,2.501386122
Core-92,industry_49,49 Industries,1,0.8,20260927,2.621429101
Core-92,industry_49,49 Industries,1,0.8,20260928,2.640378972
Core-92,industry_49,49 Industries,1,0.85,20260924,2.45519166
Core-92,industry_49,49 Industries,1,0.85,20260925,2.604066317
Core-92,industry_49,49 Industries,1,0.85,20260926,2.430293319
Core-92,industry_49,49 Industries,1,0.85,20260927,2.53733258
Core-92,industry_49,49 Industries,1,0.85,20260928,2.566101782
Core-92,industry_49,49 Industries,1,0.9,20260924,2.387566136
Core-92,industry_49,49 Industries,1,0.9,20260925,2.533540871
Core-92,industry_49,49 Industries,1,0.9,20260926,2.366361809
Core-92,industry_49,49 Industries,1,0.9,20260927,2.462387952
Core-92,industry_49,49 Industries,1,0.9,20260928,2.497047262
Core-92,industry_49,49 Industries,1,0.95,20260924,2.327696672
Core-92,industry_49,49 Industries,1,0.95,20260925,2.470852268
Core-92,industry_49,49 Industries,1,0.95,20260926,2.309297504
Core-92,industry_49,49 Industries,1,0.95,20260927,2.396110287
Core-92,industry_49,49 Industries,1,0.95,20260928,2.433257603
Core-92,industry_49,49 Industries,1,1,20260924,2.2750762
Core-92,industry_49,49 Industries,1,1,20260925,2.41552691
Core-92,industry_49,49 Industries,1,1,20260926,2.25870258
Core-92,industry_49,49 Industries,1,1,20260927,2.337892414
Core-92,industry_49,49 Industries,1,1,20260928,2.374665034
Core-92,industry_49,49 Industries,2,0,20260924,3.195208737
Core-92,industry_49,49 Industries,2,0,20260925,3.005651056
Core-92,industry_49,49 Industries,2,0,20260926,4.034605151
Core-92,industry_49,49 Industries,2,0,20260927,3.915212754
Core-92,industry_49,49 Industries,2,0,20260928,3.681634766
Core-92,industry_49,49 Industries,2,0.05,20260924,3.196823282
Core-92,industry_49,49 Industries,2,0.05,20260925,3.001974634
Core-92,industry_49,49 Industries,2,0.05,20260926,3.99856391
Core-92,industry_49,49 Industries,2,0.05,20260927,3.858171709
Core-92,industry_49,49 Industries,2,0.05,20260928,3.622031429
Core-92,industry_49,49 Industries,2,0.1,20260924,3.19159897
Core-92,industry_49,49 Industries,2,0.1,20260925,2.993022032
Core-92,industry_49,49 Industries,2,0.1,20260926,3.954246195
Core-92,industry_49,49 Industries,2,0.1,20260927,3.794171975
Core-92,industry_49,49 Industries,2,0.1,20260928,3.556227655
Core-92,industry_49,49 Industries,2,0.15,20260924,3.179038357
Core-92,industry_49,49 Industries,2,0.15,20260925,2.97846194
Core-92,industry_49,49 Industries,2,0.15,20260926,3.901451125
Core-92,industry_49,49 Industries,2,0.15,20260927,3.72338339
Core-92,industry_49,49 Industries,2,0.15,20260928,3.484529601
Core-92,industry_49,49 Industries,2,0.2,20260924,3.158865565
Core-92,industry_49,49 Industries,2,0.2,20260925,2.958139087
Core-92,industry_49,49 Industries,2,0.2,20260926,3.840259456
Core-92,industry_49,49 Industries,2,0.2,20260927,3.646233539
Core-92,industry_49,49 Industries,2,0.2,20260928,3.407488048
Core-92,industry_49,49 Industries,2,0.25,20260924,3.131065194
Core-92,industry_49,49 Industries,2,0.25,20260925,2.932101701
Core-92,industry_49,49 Industries,2,0.25,20260926,3.771061157
Core-92,industry_49,49 Industries,2,0.25,20260927,3.563413748
Core-92,industry_49,49 Industries,2,0.25,20260928,3.325896045
Core-92,industry_49,49 Industries,2,0.3,20260924,3.095902269
Core-92,industry_49,49 Industries,2,0.3,20260925,2.900613396
Core-92,industry_49,49 Industries,2,0.3,20260926,3.694558675
Core-92,industry_49,49 Industries,2,0.3,20260927,3.475862011
Core-92,industry_49,49 Industries,2,0.3,20260928,3.240764162
Core-92,industry_49,49 Industries,2,0.35,20260924,3.053918996
Core-92,industry_49,49 Industries,2,0.35,20260925,2.864146516
Core-92,industry_49,49 Industries,2,0.35,20260926,3.611743105
Core-92,industry_49,49 Industries,2,0.35,20260927,3.384722472
Core-92,industry_49,49 Industries,2,0.35,20260928,3.153273906
Core-92,industry_49,49 Industries,2,0.4,20260924,3.005907535
Core-92,industry_49,49 Industries,2,0.4,20260925,2.823356786
Core-92,industry_49,49 Industries,2,0.4,20260926,3.523844653
Core-92,industry_49,49 Industries,2,0.4,20260927,3.291284948
Core-92,industry_49,49 Industries,2,0.4,20260928,3.064713487
Core-92,industry_49,49 Industries,2,0.45,20260924,2.952861794
Core-92,industry_49,49 Industries,2,0.45,20260925,2.779042199
Core-92,industry_49,49 Industries,2,0.45,20260926,3.432262949
Core-92,industry_49,49 Industries,2,0.45,20260927,3.196911368
Core-92,industry_49,49 Industries,2,0.45,20260928,2.976403251
Core-92,industry_49,49 Industries,2,0.5,20260924,2.895914419
Core-92,industry_49,49 Industries,2,0.5,20260925,2.732091475
Core-92,industry_49,49 Industries,2,0.5,20260926,3.338485782
Core-92,industry_49,49 Industries,2,0.5,20260927,3.102958018
Core-92,industry_49,49 Industries,2,0.5,20260928,2.889619751
Core-92,industry_49,49 Industries,2,0.55,20260924,2.836266957
Core-92,industry_49,49 Industries,2,0.55,20260925,2.683428727
Core-92,industry_49,49 Industries,2,0.55,20260926,3.244006031
Core-92,industry_49,49 Industries,2,0.55,20260927,3.010702696
Core-92,industry_49,49 Industries,2,0.55,20260928,2.805527288
Core-92,industry_49,49 Industries,2,0.6,20260924,2.775121301
Core-92,industry_49,49 Industries,2,0.6,20260925,2.633960853
Core-92,industry_49,49 Industries,2,0.6,20260926,3.150245793
Core-92,industry_49,49 Industries,2,0.6,20260927,2.921284314
Core-92,industry_49,49 Industries,2,0.6,20260928,2.725123928
Core-92,industry_49,49 Industries,2,0.65,20260924,2.713619204
Core-92,industry_49,49 Industries,2,0.65,20260925,2.584532847
Core-92,industry_49,49 Industries,2,0.65,20260926,3.058494446
Core-92,industry_49,49 Industries,2,0.65,20260927,2.835659782
Core-92,industry_49,49 Industries,2,0.65,20260928,2.649206163
Core-92,industry_49,49 Industries,2,0.7,20260924,2.652794384
Core-92,industry_49,49 Industries,2,0.7,20260925,2.535894286
Core-92,industry_49,49 Industries,2,0.7,20260926,2.96986439
Core-92,industry_49,49 Industries,2,0.7,20260927,2.75457991
Core-92,industry_49,49 Industries,2,0.7,20260928,2.578353225
Core-92,industry_49,49 Industries,2,0.75,20260924,2.593539302
Core-92,industry_49,49 Industries,2,0.75,20260925,2.488678126
Core-92,industry_49,49 Industries,2,0.75,20260926,2.885265256
Core-92,industry_49,49 Industries,2,0.75,20260927,2.678583323
Core-92,industry_49,49 Industries,2,0.75,20260928,2.512929351
Core-92,industry_49,49 Industries,2,0.8,20260924,2.536586533
Core-92,industry_49,49 Industries,2,0.8,20260925,2.443391209
Core-92,industry_49,49 Industries,2,0.8,20260926,2.80539507
Core-92,industry_49,49 Industries,2,0.8,20260927,2.608005418
Core-92,industry_49,49 Industries,2,0.8,20260928,2.453100443
Core-92,industry_49,49 Industries,2,0.85,20260924,2.482503076
Core-92,industry_49,49 Industries,2,0.85,20260925,2.400414654
Core-92,industry_49,49 Industries,2,0.85,20260926,2.73074539
Core-92,industry_49,49 Industries,2,0.85,20260927,2.542998388
Core-92,industry_49,49 Industries,2,0.85,20260928,2.398860644
Core-92,industry_49,49 Industries,2,0.9,20260924,2.431695126
Core-92,industry_49,49 Industries,2,0.9,20260925,2.36001175
Core-92,industry_49,49 Industries,2,0.9,20260926,2.661616813
Core-92,industry_49,49 Industries,2,0.9,20260927,2.483558124
Core-92,industry_49,49 Industries,2,0.9,20260928,2.350064357
Core-92,industry_49,49 Industries,2,0.95,20260924,2.384420505
Core-92,industry_49,49 Industries,2,0.95,20260925,2.322340827
Core-92,industry_49,49 Industries,2,0.95,20260926,2.598141295
Core-92,industry_49,49 Industries,2,0.95,20260927,2.429554243
Core-92,industry_49,49 Industries,2,0.95,20260928,2.306459748
Core-92,industry_49,49 Industries,2,1,20260924,2.34080609
Core-92,industry_49,49 Industries,2,1,20260925,2.287470877
Core-92,industry_49,49 Industries,2,1,20260926,2.540308118
Core-92,industry_49,49 Industries,2,1,20260927,2.380760212
Core-92,industry_49,49 Industries,2,1,20260928,2.267720748
Core-92,industry_49,49 Industries,3,0,20260924,3.205584115
Core-92,industry_49,49 Industries,3,0,20260925,3.188028917
Core-92,industry_49,49 Industries,3,0,20260926,4.034422448
Core-92,industry_49,49 Industries,3,0,20260927,4.921703764
Core-92,industry_49,49 Industries,3,0,20260928,3.504236384
Core-92,industry_49,49 Industries,3,0.05,20260924,3.210983914
Core-92,industry_49,49 Industries,3,0.05,20260925,3.152509902
Core-92,industry_49,49 Industries,3,0.05,20260926,4.010261939
Core-92,industry_49,49 Industries,3,0.05,20260927,4.821351243
Core-92,industry_49,49 Industries,3,0.05,20260928,3.460254608
Core-92,industry_49,49 Industries,3,0.1,20260924,3.209948819
Core-92,industry_49,49 Industries,3,0.1,20260925,3.111991894
Core-92,industry_49,49 Industries,3,0.1,20260926,3.97767682
Core-92,industry_49,49 Industries,3,0.1,20260927,4.710939845
Core-92,industry_49,49 Industries,3,0.1,20260928,3.410426948
Core-92,industry_49,49 Industries,3,0.15,20260924,3.20193689
Core-92,industry_49,49 Industries,3,0.15,20260925,3.066572601
Core-92,industry_49,49 Industries,3,0.15,20260926,3.936292247
Core-92,industry_49,49 Industries,3,0.15,20260927,4.590965327
Core-92,industry_49,49 Industries,3,0.15,20260928,3.354868552
Core-92,industry_49,49 Industries,3,0.2,20260924,3.186608456
Core-92,industry_49,49 Industries,3,0.2,20260925,3.01654217
Core-92,industry_49,49 Industries,3,0.2,20260926,3.886005701
Core-92,industry_49,49 Industries,3,0.2,20260927,4.46231014
Core-92,industry_49,49 Industries,3,0.2,20260928,3.293913257
Core-92,industry_49,49 Industries,3,0.25,20260924,3.163865982
Core-92,industry_49,49 Industries,3,0.25,20260925,2.962388937
Core-92,industry_49,49 Industries,3,0.25,20260926,3.827022454
Core-92,industry_49,49 Industries,3,0.25,20260927,4.326241352
Core-92,industry_49,49 Industries,3,0.25,20260928,3.228119899
Core-92,industry_49,49 Industries,3,0.3,20260924,3.133876499
Core-92,industry_49,49 Industries,3,0.3,20260925,2.904787568
Core-92,industry_49,49 Industries,3,0.3,20260926,3.759867692
Core-92,industry_49,49 Industries,3,0.3,20260927,4.184374566
Core-92,industry_49,49 Industries,3,0.3,20260928,3.158258836
Core-92,industry_49,49 Industries,3,0.35,20260924,3.097072264
Core-92,industry_49,49 Industries,3,0.35,20260925,2.844569116
Core-92,industry_49,49 Industries,3,0.35,20260926,3.685371607
Core-92,industry_49,49 Industries,3,0.35,20260927,4.038604429
Core-92,industry_49,49 Industries,3,0.35,20260928,3.085278228
Core-92,industry_49,49 Industries,3,0.4,20260924,3.054128547
Core-92,industry_49,49 Industries,3,0.4,20260925,2.782675548
Core-92,industry_49,49 Industries,3,0.4,20260926,3.60462796
Core-92,industry_49,49 Industries,3,0.4,20260927,3.891007764
Core-92,industry_49,49 Industries,3,0.4,20260928,3.010252956
Core-92,industry_49,49 Industries,3,0.45,20260924,3.005921094
Core-92,industry_49,49 Industries,3,0.45,20260925,2.720103943
Core-92,industry_49,49 Industries,3,0.45,20260926,3.518930836
Core-92,industry_49,49 Industries,3,0.45,20260927,3.743729861
Core-92,industry_49,49 Industries,3,0.45,20260928,2.93432205
Core-92,industry_49,49 Industries,3,0.5,20260924,2.953468914
Core-92,industry_49,49 Industries,3,0.5,20260925,2.657847251
Core-92,industry_49,49 Industries,3,0.5,20260926,3.42969767
Core-92,industry_49,49 Industries,3,0.5,20260927,3.598867009
Core-92,industry_49,49 Industries,3,0.5,20260928,2.85862229
Core-92,industry_49,49 Industries,3,0.55,20260924,2.897869879
Core-92,industry_49,49 Industries,3,0.55,20260925,2.5968387
Core-92,industry_49,49 Industries,3,0.55,20260926,3.338388086
Core-92,industry_49,49 Industries,3,0.55,20260927,3.458358167
Core-92,industry_49,49 Industries,3,0.55,20260928,2.784225872
Core-92,industry_49,49 Industries,3,0.6,20260924,2.840236855
Core-92,industry_49,49 Industries,3,0.6,20260925,2.537905796
Core-92,industry_49,49 Industries,3,0.6,20260926,3.2464277
Core-92,industry_49,49 Industries,3,0.6,20260927,3.323896314
Core-92,industry_49,49 Industries,3,0.6,20260928,2.712088746
Core-92,industry_49,49 Industries,3,0.65,20260924,2.78164087
Core-92,industry_49,49 Industries,3,0.65,20260925,2.481737754
Core-92,industry_49,49 Industries,3,0.65,20260926,3.15514398
Core-92,industry_49,49 Industries,3,0.65,20260927,3.196866032
Core-92,industry_49,49 Industries,3,0.65,20260928,2.643013835
Core-92,industry_49,49 Industries,3,0.7,20260924,2.723065732
Core-92,industry_49,49 Industries,3,0.7,20260925,2.428867751
Core-92,industry_49,49 Industries,3,0.7,20260926,3.065718367
Core-92,industry_49,49 Industries,3,0.7,20260927,3.078309669
Core-92,industry_49,49 Industries,3,0.7,20260928,2.577630677
Core-92,industry_49,49 Industries,3,0.75,20260924,2.665376134
Core-92,industry_49,49 Industries,3,0.75,20260925,2.379669196
Core-92,industry_49,49 Industries,3,0.75,20260926,2.979155943
Core-92,industry_49,49 Industries,3,0.75,20260927,2.968920626
Core-92,industry_49,49 Industries,3,0.75,20260928,2.516390598
Core-92,industry_49,49 Industries,3,0.8,20260924,2.60929922
Core-92,industry_49,49 Industries,3,0.8,20260925,2.33436364
Core-92,industry_49,49 Industries,3,0.8,20260926,2.896271519
Core-92,industry_49,49 Industries,3,0.8,20260927,2.869059694
Core-92,industry_49,49 Industries,3,0.8,20260928,2.459574802
Core-92,industry_49,49 Industries,3,0.85,20260924,2.555418075
Core-92,industry_49,49 Industries,3,0.85,20260925,2.293037138
Core-92,industry_49,49 Industries,3,0.85,20260926,2.817689505
Core-92,industry_49,49 Industries,3,0.85,20260927,2.778788855
Core-92,industry_49,49 Industries,3,0.85,20260928,2.407311868
Core-92,industry_49,49 Industries,3,0.9,20260924,2.504174766
Core-92,industry_49,49 Industries,3,0.9,20260925,2.255661693
Core-92,industry_49,49 Industries,3,0.9,20260926,2.743854171
Core-92,industry_49,49 Industries,3,0.9,20260927,2.697916572
Core-92,industry_49,49 Industries,3,0.9,20260928,2.359600977
Core-92,industry_49,49 Industries,3,0.95,20260924,2.455880319
Core-92,industry_49,49 Industries,3,0.95,20260925,2.222118816
Core-92,industry_49,49 Industries,3,0.95,20260926,2.675046914
Core-92,industry_49,49 Industries,3,0.95,20260927,2.626048881
Core-92,industry_49,49 Industries,3,0.95,20260928,2.316337599
Core-92,industry_49,49 Industries,3,1,20260924,2.410729124
Core-92,industry_49,49 Industries,3,1,20260925,2.1922228
Core-92,industry_49,49 Industries,3,1,20260926,2.611407506
Core-92,industry_49,49 Industries,3,1,20260927,2.562641447
Core-92,industry_49,49 Industries,3,1,20260928,2.277339014
Core-92,industry_49,49 Industries,4,0,20260924,2.976465318
Core-92,industry_49,49 Industries,4,0,20260925,2.735205771
Core-92,industry_49,49 Industries,4,0,20260926,3.969511537
Core-92,industry_49,49 Industries,4,0,20260927,2.89932252
Core-92,industry_49,49 Industries,4,0,20260928,3.105158296
Core-92,industry_49,49 Industries,4,0.05,20260924,3.009872439
Core-92,industry_49,49 Industries,4,0.05,20260925,2.73415963
Core-92,industry_49,49 Industries,4,0.05,20260926,3.92749419
Core-92,industry_49,49 Industries,4,0.05,20260927,2.910777184
Core-92,industry_49,49 Industries,4,0.05,20260928,3.099768944
Core-92,industry_49,49 Industries,4,0.1,20260924,3.035659702
Core-92,industry_49,49 Industries,4,0.1,20260925,2.728997592
Core-92,industry_49,49 Industries,4,0.1,20260926,3.877686539
Core-92,industry_49,49 Industries,4,0.1,20260927,2.916541014
Core-92,industry_49,49 Industries,4,0.1,20260928,3.088776361
Core-92,industry_49,49 Industries,4,0.15,20260924,3.052980845
Core-92,industry_49,49 Industries,4,0.15,20260925,2.719433799
Core-92,industry_49,49 Industries,4,0.15,20260926,3.819963895
Core-92,industry_49,49 Industries,4,0.15,20260927,2.916066365
Core-92,industry_49,49 Industries,4,0.15,20260928,3.071821252
Core-92,industry_49,49 Industries,4,0.2,20260924,3.061208781
Core-92,industry_49,49 Industries,4,0.2,20260925,2.70532305
Core-92,industry_49,49 Industries,4,0.2,20260926,3.754467648
Core-92,industry_49,49 Industries,4,0.2,20260927,2.908984777
Core-92,industry_49,49 Industries,4,0.2,20260928,3.04873177
Core-92,industry_49,49 Industries,4,0.25,20260924,3.059990451
Core-92,industry_49,49 Industries,4,0.25,20260925,2.686684251
Core-92,industry_49,49 Industries,4,0.25,20260926,3.681628186
Core-92,industry_49,49 Industries,4,0.25,20260927,2.895145958
Core-92,industry_49,49 Industries,4,0.25,20260928,3.019553867
Core-92,industry_49,49 Industries,4,0.3,20260924,3.049283554
Core-92,industry_49,49 Industries,4,0.3,20260925,2.66371117
Core-92,industry_49,49 Industries,4,0.3,20260926,3.602164808
Core-92,industry_49,49 Industries,4,0.3,20260927,2.874641301
Core-92,industry_49,49 Industries,4,0.3,20260928,2.984565211
Core-92,industry_49,49 Industries,4,0.35,20260924,3.02936915
Core-92,industry_49,49 Industries,4,0.35,20260925,2.636767949
Core-92,industry_49,49 Industries,4,0.35,20260926,3.517060367
Core-92,industry_49,49 Industries,4,0.35,20260927,2.847807665
Core-92,industry_49,49 Industries,4,0.35,20260928,2.944269381
Core-92,industry_49,49 Industries,4,0.4,20260924,3.000837554
Core-92,industry_49,49 Industries,4,0.4,20260925,2.606369103
Core-92,industry_49,49 Industries,4,0.4,20260926,3.427512373
Core-92,industry_49,49 Industries,4,0.4,20260927,2.81521005
Core-92,industry_49,49 Industries,4,0.4,20260928,2.899370022
Core-92,industry_49,49 Industries,4,0.45,20260924,2.964549095
Core-92,industry_49,49 Industries,4,0.45,20260925,2.573146363
Core-92,industry_49,49 Industries,4,0.45,20260926,3.334866078
Core-92,industry_49,49 Industries,4,0.45,20260927,2.777605134
Core-92,industry_49,49 Industries,4,0.45,20260928,2.85072788
Core-92,industry_49,49 Industries,4,0.5,20260924,2.921575138
Core-92,industry_49,49 Industries,4,0.5,20260925,2.537806733
Core-92,industry_49,49 Industries,4,0.5,20260926,3.240537799
Core-92,industry_49,49 Industries,4,0.5,20260927,2.735890578
Core-92,industry_49,49 Industries,4,0.5,20260928,2.799306255
Core-92,industry_49,49 Industries,4,0.55,20260924,2.873127292
Core-92,industry_49,49 Industries,4,0.55,20260925,2.501087249
Core-92,industry_49,49 Industries,4,0.55,20260926,3.145937676
Core-92,industry_49,49 Industries,4,0.55,20260927,2.691046837
Core-92,industry_49,49 Industries,4,0.55,20260928,2.746111852
Core-92,industry_49,49 Industries,4,0.6,20260924,2.82048354
Core-92,industry_49,49 Industries,4,0.6,20260925,2.463711877
Core-92,industry_49,49 Industries,4,0.6,20260926,3.052400144
Core-92,industry_49,49 Industries,4,0.6,20260927,2.644078545
Core-92,industry_49,49 Industries,4,0.6,20260928,2.692137906
Core-92,industry_49,49 Industries,4,0.65,20260924,2.764919151
Core-92,industry_49,49 Industries,4,0.65,20260925,2.42635489
Core-92,industry_49,49 Industries,4,0.65,20260926,2.961128162
Core-92,industry_49,49 Industries,4,0.65,20260927,2.595961577
Core-92,industry_49,49 Industries,4,0.65,20260928,2.638315209
Core-92,industry_49,49 Industries,4,0.7,20260924,2.707648137
Core-92,industry_49,49 Industries,4,0.7,20260925,2.389613437
Core-92,industry_49,49 Industries,4,0.7,20260926,2.873154318
Core-92,industry_49,49 Industries,4,0.7,20260927,2.547600055
Core-92,industry_49,49 Industries,4,0.7,20260928,2.585474604
Core-92,industry_49,49 Industries,4,0.75,20260924,2.649778537
Core-92,industry_49,49 Industries,4,0.75,20260925,2.353990286
Core-92,industry_49,49 Industries,4,0.75,20260926,2.789319206
Core-92,industry_49,49 Industries,4,0.75,20260927,2.499795401
Core-92,industry_49,49 Industries,4,0.75,20260928,2.534322366
Core-92,industry_49,49 Industries,4,0.8,20260924,2.59228239
Core-92,industry_49,49 Industries,4,0.8,20260925,2.3198862
Core-92,industry_49,49 Industries,4,0.8,20260926,2.710265317
Core-92,industry_49,49 Industries,4,0.8,20260927,2.453227644
Core-92,industry_49,49 Industries,4,0.8,20260928,2.485427997
Core-92,industry_49,49 Industries,4,0.85,20260924,2.535979457
Core-92,industry_49,49 Industries,4,0.85,20260925,2.287600449
Core-92,industry_49,49 Industries,4,0.85,20260926,2.636443445
Core-92,industry_49,49 Industries,4,0.85,20260927,2.408447745
Core-92,industry_49,49 Industries,4,0.85,20260928,2.43922274
Core-92,industry_49,49 Industries,4,0.9,20260924,2.481532614
Core-92,industry_49,49 Industries,4,0.9,20260925,2.257337442
Core-92,industry_49,49 Industries,4,0.9,20260926,2.568128129
Core-92,industry_49,49 Industries,4,0.9,20260927,2.365878906
Core-92,industry_49,49 Industries,4,0.9,20260928,2.396006393
Core-92,industry_49,49 Industries,4,0.95,20260924,2.429452321
Core-92,industry_49,49 Industries,4,0.95,20260925,2.229217399
Core-92,industry_49,49 Industries,4,0.95,20260926,2.505438783
Core-92,industry_49,49 Industries,4,0.95,20260927,2.325824502
Core-92,industry_49,49 Industries,4,0.95,20260928,2.355959902
Core-92,industry_49,49 Industries,4,1,20260924,2.380107561
Core-92,industry_49,49 Industries,4,1,20260925,2.203289178
Core-92,industry_49,49 Industries,4,1,20260926,2.448363664
Core-92,industry_49,49 Industries,4,1,20260927,2.288480386
Core-92,industry_49,49 Industries,4,1,20260928,2.319161368
Core-92,industry_49,49 Industries,5,0,20260924,2.917544959
Core-92,industry_49,49 Industries,5,0,20260925,2.412986987
Core-92,industry_49,49 Industries,5,0,20260926,3.081170583
Core-92,industry_49,49 Industries,5,0,20260927,3.464757631
Core-92,industry_49,49 Industries,5,0,20260928,3.566010854
Core-92,industry_49,49 Industries,5,0.05,20260924,2.96699904
Core-92,industry_49,49 Industries,5,0.05,20260925,2.463388909
Core-92,industry_49,49 Industries,5,0.05,20260926,3.131987047
Core-92,industry_49,49 Industries,5,0.05,20260927,3.436589894
Core-92,industry_49,49 Industries,5,0.05,20260928,3.530823655
Core-92,industry_49,49 Industries,5,0.1,20260924,3.007671569
Core-92,industry_49,49 Industries,5,0.1,20260925,2.507703282
Core-92,industry_49,49 Industries,5,0.1,20260926,3.173565323
Core-92,industry_49,49 Industries,5,0.1,20260927,3.401953276
Core-92,industry_49,49 Industries,5,0.1,20260928,3.490058078
Core-92,industry_49,49 Industries,5,0.15,20260924,3.038626583
Core-92,industry_49,49 Industries,5,0.15,20260925,2.545140007
Core-92,industry_49,49 Industries,5,0.15,20260926,3.204894465
Core-92,industry_49,49 Industries,5,0.15,20260927,3.360684413
Core-92,industry_49,49 Industries,5,0.15,20260928,3.443695908
Core-92,industry_49,49 Industries,5,0.2,20260924,3.059168483
Core-92,industry_49,49 Industries,5,0.2,20260925,2.57507871
Core-92,industry_49,49 Industries,5,0.2,20260926,3.225213287
Core-92,industry_49,49 Industries,5,0.2,20260927,3.312844672
Core-92,industry_49,49 Industries,5,0.2,20260928,3.3919157
Core-92,industry_49,49 Industries,5,0.25,20260924,3.068902741
Core-92,industry_49,49 Industries,5,0.25,20260925,2.597118714
Core-92,industry_49,49 Industries,5,0.25,20260926,3.234075119
Core-92,industry_49,49 Industries,5,0.25,20260927,3.258742793
Core-92,industry_49,49 Industries,5,0.25,20260928,3.33510466
Core-92,industry_49,49 Industries,5,0.3,20260924,3.067777143
Core-92,industry_49,49 Industries,5,0.3,20260925,2.611115017
Core-92,industry_49,49 Industries,5,0.3,20260926,3.231392399
Core-92,industry_49,49 Industries,5,0.3,20260927,3.198937916
Core-92,industry_49,49 Industries,5,0.3,20260928,3.27385275
Core-92,industry_49,49 Industries,5,0.35,20260924,3.05609686
Core-92,industry_49,49 Industries,5,0.35,20260925,2.617194631
Core-92,industry_49,49 Industries,5,0.35,20260926,3.217453972
Core-92,industry_49,49 Industries,5,0.35,20260927,3.13422065
Core-92,industry_49,49 Industries,5,0.35,20260928,3.208927938
Core-92,industry_49,49 Industries,5,0.4,20260924,3.0345103
Core-92,industry_49,49 Industries,5,0.4,20260925,2.615750344
Core-92,industry_49,49 Industries,5,0.4,20260926,3.1929118
Core-92,industry_49,49 Industries,5,0.4,20260927,3.065573264
Core-92,industry_49,49 Industries,5,0.4,20260928,3.141234621
Core-92,industry_49,49 Industries,5,0.45,20260924,3.003967217
Core-92,industry_49,49 Industries,5,0.45,20260925,2.607412507
Core-92,industry_49,49 Industries,5,0.45,20260926,3.158738531
Core-92,industry_49,49 Industries,5,0.45,20260927,2.994113457
Core-92,industry_49,49 Industries,5,0.45,20260928,3.071760085
Core-92,industry_49,49 Industries,5,0.5,20260924,2.965654738
Core-92,industry_49,49 Industries,5,0.5,20260925,2.593002789
Core-92,industry_49,49 Industries,5,0.5,20260926,3.116161757
Core-92,industry_49,49 Industries,5,0.5,20260927,2.921028677
Core-92,industry_49,49 Industries,5,0.5,20260928,3.001515798
Core-92,industry_49,49 Industries,5,0.55,20260924,2.920919841
Core-92,industry_49,49 Industries,5,0.55,20260925,2.573476305
Core-92,industry_49,49 Industries,5,0.55,20260926,3.066583857
Core-92,industry_49,49 Industries,5,0.55,20260927,2.847508939
Core-92,industry_49,49 Industries,5,0.55,20260928,2.931480699
Core-92,industry_49,49 Industries,5,0.6,20260924,2.87118779
Core-92,industry_49,49 Industries,5,0.6,20260925,2.549859482
Core-92,industry_49,49 Industries,5,0.6,20260926,3.011497314
Core-92,industry_49,49 Industries,5,0.6,20260927,2.774685513
Core-92,industry_49,49 Industries,5,0.6,20260928,2.862552715
Core-92,industry_49,49 Industries,5,0.65,20260924,2.817885185
Core-92,industry_49,49 Industries,5,0.65,20260925,2.523190566
Core-92,industry_49,49 Industries,5,0.65,20260926,2.952404582
Core-92,industry_49,49 Industries,5,0.65,20260927,2.703580994
Core-92,industry_49,49 Industries,5,0.65,20260928,2.79551263
Core-92,industry_49,49 Industries,5,0.7,20260924,2.762374119
Core-92,industry_49,49 Industries,5,0.7,20260925,2.494468123
Core-92,industry_49,49 Industries,5,0.7,20260926,2.890749249
Core-92,industry_49,49 Industries,5,0.7,20260927,2.635073834
Core-92,industry_49,49 Industries,5,0.7,20260928,2.731002077
Core-92,industry_49,49 Industries,5,0.75,20260924,2.70590122
Core-92,industry_49,49 Industries,5,0.75,20260925,2.464610766
Core-92,industry_49,49 Industries,5,0.75,20260926,2.827862477
Core-92,industry_49,49 Industries,5,0.75,20260927,2.569877967
Core-92,industry_49,49 Industries,5,0.75,20260928,2.669515153
Core-92,industry_49,49 Industries,5,0.8,20260924,2.649562788
Core-92,industry_49,49 Industries,5,0.8,20260925,2.434429317
Core-92,industry_49,49 Industries,5,0.8,20260926,2.764925948
Core-92,industry_49,49 Industries,5,0.8,20260927,2.508536271
Core-92,industry_49,49 Industries,5,0.8,20260928,2.611401593
Core-92,industry_49,49 Industries,5,0.85,20260924,2.594285198
Core-92,industry_49,49 Industries,5,0.85,20260925,2.404610935
Core-92,industry_49,49 Industries,5,0.85,20260926,2.70295045
Core-92,industry_49,49 Industries,5,0.85,20260927,2.451425403
Core-92,industry_49,49 Industries,5,0.85,20260928,2.556878543
Core-92,industry_49,49 Industries,5,0.9,20260924,2.540818445
Core-92,industry_49,49 Industries,5,0.9,20260925,2.375713628
Core-92,industry_49,49 Industries,5,0.9,20260926,2.642767918
Core-92,industry_49,49 Industries,5,0.9,20260927,2.398768988
Core-92,industry_49,49 Industries,5,0.9,20260928,2.506047808
Core-92,industry_49,49 Industries,5,0.95,20260924,2.489740133
Core-92,industry_49,49 Industries,5,0.95,20260925,2.34816903
Core-92,industry_49,49 Industries,5,0.95,20260926,2.585034105
Core-92,industry_49,49 Industries,5,0.95,20260927,2.350656235
Core-92,industry_49,49 Industries,5,0.95,20260928,2.458915746
Core-92,industry_49,49 Industries,5,1,20260924,2.441467064
Core-92,industry_49,49 Industries,5,1,20260925,2.322291149
Core-92,industry_49,49 Industries,5,1,20260926,2.530239012
Core-92,industry_49,49 Industries,5,1,20260927,2.307063337
Core-92,industry_49,49 Industries,5,1,20260928,2.415413545
Core-92,industry_49,49 Industries,8,0,20260924,2.895044486
Core-92,industry_49,49 Industries,8,0,20260925,3.204493117
Core-92,industry_49,49 Industries,8,0,20260926,4.28461158
Core-92,industry_49,49 Industries,8,0,20260927,3.735079182
Core-92,industry_49,49 Industries,8,0,20260928,2.73492393
Core-92,industry_49,49 Industries,8,0.05,20260924,2.897731604
Core-92,industry_49,49 Industries,8,0.05,20260925,3.182688704
Core-92,industry_49,49 Industries,8,0.05,20260926,4.22419919
Core-92,industry_49,49 Industries,8,0.05,20260927,3.696988547
Core-92,industry_49,49 Industries,8,0.05,20260928,2.762214802
Core-92,industry_49,49 Industries,8,0.1,20260924,2.895238666
Core-92,industry_49,49 Industries,8,0.1,20260925,3.155642376
Core-92,industry_49,49 Industries,8,0.1,20260926,4.155399773
Core-92,industry_49,49 Industries,8,0.1,20260927,3.651881212
Core-92,industry_49,49 Industries,8,0.1,20260928,2.783573065
Core-92,industry_49,49 Industries,8,0.15,20260924,2.887141924
Core-92,industry_49,49 Industries,8,0.15,20260925,3.123226083
Core-92,industry_49,49 Industries,8,0.15,20260926,4.078280515
Core-92,industry_49,49 Industries,8,0.15,20260927,3.599656724
Core-92,industry_49,49 Industries,8,0.15,20260928,2.798319178
Core-92,industry_49,49 Industries,8,0.2,20260924,2.873185132
Core-92,industry_49,49 Industries,8,0.2,20260925,3.085495318
Core-92,industry_49,49 Industries,8,0.2,20260926,3.99320221
Core-92,industry_49,49 Industries,8,0.2,20260927,3.540457012
Core-92,industry_49,49 Industries,8,0.2,20260928,2.805956193
Core-92,industry_49,49 Industries,8,0.25,20260924,2.853311425
Core-92,industry_49,49 Industries,8,0.25,20260925,3.042706401
Core-92,industry_49,49 Industries,8,0.25,20260926,3.900832605
Core-92,industry_49,49 Industries,8,0.25,20260927,3.47468634
Core-92,industry_49,49 Industries,8,0.25,20260928,2.806215267
Core-92,industry_49,49 Industries,8,0.3,20260924,2.827680446
Core-92,industry_49,49 Industries,8,0.3,20260925,2.995317291
Core-92,industry_49,49 Industries,8,0.3,20260926,3.802133991
Core-92,industry_49,49 Industries,8,0.3,20260927,3.403010082
Core-92,industry_49,49 Industries,8,0.3,20260928,2.799085742
Core-92,industry_49,49 Industries,8,0.35,20260924,2.796667207
Core-92,industry_49,49 Industries,8,0.35,20260925,2.943970145
Core-92,industry_49,49 Industries,8,0.35,20260926,3.698323945
Core-92,industry_49,49 Industries,8,0.35,20260927,3.326330344
Core-92,industry_49,49 Industries,8,0.35,20260928,2.784824746
Core-92,industry_49,49 Industries,8,0.4,20260924,2.760841963
Core-92,industry_49,49 Industries,8,0.4,20260925,2.889456772
Core-92,industry_49,49 Industries,8,0.4,20260926,3.590812472
Core-92,industry_49,49 Industries,8,0.4,20260927,3.245740125
Core-92,industry_49,49 Industries,8,0.4,20260928,2.763944191
Core-92,industry_49,49 Industries,8,0.45,20260924,2.720933384
Core-92,industry_49,49 Industries,8,0.45,20260925,2.832670942
Core-92,industry_49,49 Industries,8,0.45,20260926,3.481122691
Core-92,industry_49,49 Industries,8,0.45,20260927,3.162461225
Core-92,industry_49,49 Industries,8,0.45,20260928,2.737176589
Core-92,industry_49,49 Industries,8,0.5,20260924,2.677779958
Core-92,industry_49,49 Industries,8,0.5,20260925,2.774553618
Core-92,industry_49,49 Industries,8,0.5,20260926,3.370804748
Core-92,industry_49,49 Industries,8,0.5,20260927,3.077773571
Core-92,industry_49,49 Industries,8,0.5,20260928,2.705424307
Core-92,industry_49,49 Industries,8,0.55,20260924,2.632275986
Core-92,industry_49,49 Industries,8,0.55,20260925,2.716037892
Core-92,industry_49,49 Industries,8,0.55,20260926,3.261353064
Core-92,industry_49,49 Industries,8,0.55,20260927,2.992944481
Core-92,industry_49,49 Industries,8,0.55,20260928,2.669699074
Core-92,industry_49,49 Industries,8,0.6,20260924,2.585318687
Core-92,industry_49,49 Industries,8,0.6,20260925,2.657999804
Core-92,industry_49,49 Industries,8,0.6,20260926,3.154135578
Core-92,industry_49,49 Industries,8,0.6,20260927,2.909165494
Core-92,industry_49,49 Industries,8,0.6,20260928,2.631059208
Core-92,industry_49,49 Industries,8,0.65,20260924,2.537761839
Core-92,industry_49,49 Industries,8,0.65,20260925,2.601219543
Core-92,industry_49,49 Industries,8,0.65,20260926,3.050340745
Core-92,industry_49,49 Industries,8,0.65,20260927,2.827502289
Core-92,industry_49,49 Industries,8,0.65,20260928,2.590551228
Core-92,industry_49,49 Industries,8,0.7,20260924,2.490379524
Core-92,industry_49,49 Industries,8,0.7,20260925,2.546355354
Core-92,industry_49,49 Industries,8,0.7,20260926,2.95094474
Core-92,industry_49,49 Industries,8,0.7,20260927,2.748860504
Core-92,industry_49,49 Industries,8,0.7,20260928,2.549160802
Core-92,industry_49,49 Industries,8,0.75,20260924,2.443841566
Core-92,industry_49,49 Industries,8,0.75,20260925,2.493930344
Core-92,industry_49,49 Industries,8,0.75,20260926,2.856698253
Core-92,industry_49,49 Industries,8,0.75,20260927,2.673967689
Core-92,industry_49,49 Industries,8,0.75,20260928,2.507775772
Core-92,industry_49,49 Industries,8,0.8,20260924,2.398700428
Core-92,industry_49,49 Industries,8,0.8,20260925,2.444330774
Core-92,industry_49,49 Industries,8,0.8,20260926,2.768130075
Core-92,industry_49,49 Industries,8,0.8,20260927,2.603369659
Core-92,industry_49,49 Industries,8,0.8,20260928,2.467161961
Core-92,industry_49,49 Industries,8,0.85,20260924,2.355388113
Core-92,industry_49,49 Industries,8,0.85,20260925,2.397813415
Core-92,industry_49,49 Industries,8,0.85,20260926,2.685563444
Core-92,industry_49,49 Industries,8,0.85,20260927,2.537438338
Core-92,industry_49,49 Industries,8,0.85,20260928,2.427950932
Core-92,industry_49,49 Industries,8,0.9,20260924,2.31422092
Core-92,industry_49,49 Industries,8,0.9,20260925,2.354519188
Core-92,industry_49,49 Industries,8,0.9,20260926,2.609140852
Core-92,industry_49,49 Industries,8,0.9,20260927,2.476387745
Core-92,industry_49,49 Industries,8,0.9,20260928,2.39063782
Core-92,industry_49,49 Industries,8,0.95,20260924,2.275409715
Core-92,industry_49,49 Industries,8,0.95,20260925,2.314490418
Core-92,industry_49,49 Industries,8,0.95,20260926,2.538853323
Core-92,industry_49,49 Industries,8,0.95,20260927,2.420294934
Core-92,industry_49,49 Industries,8,0.95,20260928,2.355586968
Core-92,industry_49,49 Industries,8,1,20260924,2.239073527
Core-92,industry_49,49 Industries,8,1,20260925,2.277689482
Core-92,industry_49,49 Industries,8,1,20260926,2.47457092
Core-92,industry_49,49 Industries,8,1,20260927,2.369123149
Core-92,industry_49,49 Industries,8,1,20260928,2.32304305
Core-92,combined_74,Combined 74,1,0,20260924,5.445887169
Core-92,combined_74,Combined 74,1,0,20260925,5.735931581
Core-92,combined_74,Combined 74,1,0,20260926,5.136667567
Core-92,combined_74,Combined 74,1,0,20260927,5.919074893
Core-92,combined_74,Combined 74,1,0,20260928,4.81468863
Core-92,combined_74,Combined 74,1,0.05,20260924,5.329550119
Core-92,combined_74,Combined 74,1,0.05,20260925,5.615721409
Core-92,combined_74,Combined 74,1,0.05,20260926,5.035936549
Core-92,combined_74,Combined 74,1,0.05,20260927,5.780730388
Core-92,combined_74,Combined 74,1,0.05,20260928,4.757170795
Core-92,combined_74,Combined 74,1,0.1,20260924,5.199190228
Core-92,combined_74,Combined 74,1,0.1,20260925,5.48070005
Core-92,combined_74,Combined 74,1,0.1,20260926,4.922610641
Core-92,combined_74,Combined 74,1,0.1,20260927,5.626636114
Core-92,combined_74,Combined 74,1,0.1,20260928,4.688719049
Core-92,combined_74,Combined 74,1,0.15,20260924,5.055162019
Core-92,combined_74,Combined 74,1,0.15,20260925,5.331168374
Core-92,combined_74,Combined 74,1,0.15,20260926,4.796926534
Core-92,combined_74,Combined 74,1,0.15,20260927,5.457309855
Core-92,combined_74,Combined 74,1,0.15,20260928,4.608910882
Core-92,combined_74,Combined 74,1,0.2,20260924,4.89848133
Core-92,combined_74,Combined 74,1,0.2,20260925,5.168108514
Core-92,combined_74,Combined 74,1,0.2,20260926,4.659707588
Core-92,combined_74,Combined 74,1,0.2,20260927,5.274014748
Core-92,combined_74,Combined 74,1,0.2,20260928,4.517769741
Core-92,combined_74,Combined 74,1,0.25,20260924,4.730873339
Core-92,combined_74,Combined 74,1,0.25,20260925,4.993235337
Core-92,combined_74,Combined 74,1,0.25,20260926,4.512411401
Core-92,combined_74,Combined 74,1,0.25,20260927,5.078804314
Core-92,combined_74,Combined 74,1,0.25,20260928,4.415844253
Core-92,combined_74,Combined 74,1,0.3,20260924,4.55475023
Core-92,combined_74,Combined 74,1,0.3,20260925,4.808975094
Core-92,combined_74,Combined 74,1,0.3,20260926,4.357114796
Core-92,combined_74,Combined 74,1,0.3,20260927,4.874487984
Core-92,combined_74,Combined 74,1,0.3,20260928,4.304242139
Core-92,combined_74,Combined 74,1,0.35,20260924,4.373109796
Core-92,combined_74,Combined 74,1,0.35,20260925,4.618362134
Core-92,combined_74,Combined 74,1,0.35,20260926,4.196427813
Core-92,combined_74,Combined 74,1,0.35,20260927,4.664508763
Core-92,combined_74,Combined 74,1,0.35,20260928,4.184606404
Core-92,combined_74,Combined 74,1,0.4,20260924,4.18936114
Core-92,combined_74,Combined 74,1,0.4,20260925,4.424860111
Core-92,combined_74,Combined 74,1,0.4,20260926,4.033341772
Core-92,combined_74,Combined 74,1,0.4,20260927,4.452741345
Core-92,combined_74,Combined 74,1,0.4,20260928,4.05903175
Core-92,combined_74,Combined 74,1,0.45,20260924,4.007098625
Core-92,combined_74,Combined 74,1,0.45,20260925,4.232129861
Core-92,combined_74,Combined 74,1,0.45,20260926,3.871030108
Core-92,combined_74,Combined 74,1,0.45,20260927,4.243235402
Core-92,combined_74,Combined 74,1,0.45,20260928,3.929931259
Core-92,combined_74,Combined 74,1,0.5,20260924,3.829855469
Core-92,combined_74,Combined 74,1,0.5,20260925,4.043776858
Core-92,combined_74,Combined 74,1,0.5,20260926,3.712630247
Core-92,combined_74,Combined 74,1,0.5,20260927,4.039939637
Core-92,combined_74,Combined 74,1,0.5,20260928,3.799873136
Core-92,combined_74,Combined 74,1,0.55,20260924,3.660870859
Core-92,combined_74,Combined 74,1,0.55,20260925,3.863113666
Core-92,combined_74,Combined 74,1,0.55,20260926,3.56103716
Core-92,combined_74,Combined 74,1,0.55,20260927,3.846444264
Core-92,combined_74,Combined 74,1,0.55,20260928,3.671411781
Core-92,combined_74,Combined 74,1,0.6,20260924,3.502899115
Core-92,combined_74,Combined 74,1,0.6,20260925,3.692967029
Core-92,combined_74,Combined 74,1,0.6,20260926,3.41873439
Core-92,combined_74,Combined 74,1,0.6,20260927,3.665773021
Core-92,combined_74,Combined 74,1,0.6,20260928,3.54693554
Core-92,combined_74,Combined 74,1,0.65,20260924,3.358078891
Core-92,combined_74,Combined 74,1,0.65,20260925,3.53554785
Core-92,combined_74,Combined 74,1,0.65,20260926,3.287678603
Core-92,combined_74,Combined 74,1,0.65,20260927,3.500243868
Core-92,combined_74,Combined 74,1,0.65,20260928,3.428546795
Core-92,combined_74,Combined 74,1,0.7,20260924,3.227868628
Core-92,combined_74,Combined 74,1,0.7,20260925,3.392389601
Core-92,combined_74,Combined 74,1,0.7,20260926,3.169242681
Core-92,combined_74,Combined 74,1,0.7,20260927,3.35140432
Core-92,combined_74,Combined 74,1,0.7,20260928,3.317981406
Core-92,combined_74,Combined 74,1,0.75,20260924,3.113044347
Core-92,combined_74,Combined 74,1,0.75,20260925,3.264349936
Core-92,combined_74,Combined 74,1,0.75,20260926,3.064213044
Core-92,combined_74,Combined 74,1,0.75,20260927,3.220036361
Core-92,combined_74,Combined 74,1,0.75,20260928,3.216566831
Core-92,combined_74,Combined 74,1,0.8,20260924,3.013749082
Core-92,combined_74,Combined 74,1,0.8,20260925,3.151663233
Core-92,combined_74,Combined 74,1,0.8,20260926,2.972830793
Core-92,combined_74,Combined 74,1,0.8,20260927,3.106218523
Core-92,combined_74,Combined 74,1,0.8,20260928,3.125213169
Core-92,combined_74,Combined 74,1,0.85,20260924,2.929579718
Core-92,combined_74,Combined 74,1,0.85,20260925,3.0540286
Core-92,combined_74,Combined 74,1,0.85,20260926,2.89486355
Core-92,combined_74,Combined 74,1,0.85,20260927,3.009428918
Core-92,combined_74,Combined 74,1,0.85,20260928,3.044429254
Core-92,combined_74,Combined 74,1,0.9,20260924,2.859696082
Core-92,combined_74,Combined 74,1,0.9,20260925,2.970717654
Core-92,combined_74,Combined 74,1,0.9,20260926,2.82969478
Core-92,combined_74,Combined 74,1,0.9,20260927,2.928671999
Core-92,combined_74,Combined 74,1,0.9,20260928,2.974356107
Core-92,combined_74,Combined 74,1,0.95,20260924,2.802938113
Core-92,combined_74,Combined 74,1,0.95,20260925,2.900688147
Core-92,combined_74,Combined 74,1,0.95,20260926,2.776418983
Core-92,combined_74,Combined 74,1,0.95,20260927,2.862612909
Core-92,combined_74,Combined 74,1,0.95,20260928,2.914811393
Core-92,combined_74,Combined 74,1,1,20260924,2.757939242
Core-92,combined_74,Combined 74,1,1,20260925,2.842692409
Core-92,combined_74,Combined 74,1,1,20260926,2.733933598
Core-92,combined_74,Combined 74,1,1,20260927,2.809705848
Core-92,combined_74,Combined 74,1,1,20260928,2.865340148
Core-92,combined_74,Combined 74,2,0,20260924,3.732969045
Core-92,combined_74,Combined 74,2,0,20260925,3.632351871
Core-92,combined_74,Combined 74,2,0,20260926,4.949659187
Core-92,combined_74,Combined 74,2,0,20260927,4.824478631
Core-92,combined_74,Combined 74,2,0,20260928,4.577021658
Core-92,combined_74,Combined 74,2,0.05,20260924,3.74569278
Core-92,combined_74,Combined 74,2,0.05,20260925,3.627593557
Core-92,combined_74,Combined 74,2,0.05,20260926,4.903539112
Core-92,combined_74,Combined 74,2,0.05,20260927,4.753565693
Core-92,combined_74,Combined 74,2,0.05,20260928,4.500899856
Core-92,combined_74,Combined 74,2,0.1,20260924,3.750402264
Core-92,combined_74,Combined 74,2,0.1,20260925,3.616127291
Core-92,combined_74,Combined 74,2,0.1,20260926,4.845738022
Core-92,combined_74,Combined 74,2,0.1,20260927,4.671919448
Core-92,combined_74,Combined 74,2,0.1,20260928,4.414867638
Core-92,combined_74,Combined 74,2,0.15,20260924,3.745928795
Core-92,combined_74,Combined 74,2,0.15,20260925,3.597236002
Core-92,combined_74,Combined 74,2,0.15,20260926,4.775580092
Core-92,combined_74,Combined 74,2,0.15,20260927,4.57945498
Core-92,combined_74,Combined 74,2,0.15,20260928,4.319113865
Core-92,combined_74,Combined 74,2,0.2,20260924,3.731393296
Core-92,combined_74,Combined 74,2,0.2,20260925,3.570465426
Core-92,combined_74,Combined 74,2,0.2,20260926,4.692851707
Core-92,combined_74,Combined 74,2,0.2,20260927,4.476564083
Core-92,combined_74,Combined 74,2,0.2,20260928,4.214305058
Core-92,combined_74,Combined 74,2,0.25,20260924,3.706321883
Core-92,combined_74,Combined 74,2,0.25,20260925,3.535704938
Core-92,combined_74,Combined 74,2,0.25,20260926,4.597898975
Core-92,combined_74,Combined 74,2,0.25,20260927,4.364173285
Core-92,combined_74,Combined 74,2,0.25,20260928,4.101623933
Core-92,combined_74,Combined 74,2,0.3,20260924,3.670734089
Core-92,combined_74,Combined 74,2,0.3,20260925,3.493241859
Core-92,combined_74,Combined 74,2,0.3,20260926,4.491678583
Core-92,combined_74,Combined 74,2,0.3,20260927,4.243751464
Core-92,combined_74,Combined 74,2,0.3,20260928,3.982755576
Core-92,combined_74,Combined 74,2,0.35,20260924,3.625185868
Core-92,combined_74,Combined 74,2,0.35,20260925,3.443776333
Core-92,combined_74,Combined 74,2,0.35,20260926,4.375746695
Core-92,combined_74,Combined 74,2,0.35,20260927,4.117257422
Core-92,combined_74,Combined 74,2,0.35,20260928,3.859814078
Core-92,combined_74,Combined 74,2,0.4,20260924,3.570756479
Core-92,combined_74,Combined 74,2,0.4,20260925,3.388390486
Core-92,combined_74,Combined 74,2,0.4,20260926,4.252181462
Core-92,combined_74,Combined 74,2,0.4,20260927,3.987029035
Core-92,combined_74,Combined 74,2,0.4,20260928,3.735213948
Core-92,combined_74,Combined 74,2,0.45,20260924,3.50897895
Core-92,combined_74,Combined 74,2,0.45,20260925,3.328474522
Core-92,combined_74,Combined 74,2,0.45,20260926,4.123447956
Core-92,combined_74,Combined 74,2,0.45,20260927,3.855627682
Core-92,combined_74,Combined 74,2,0.45,20260928,3.611502312
Core-92,combined_74,Combined 74,2,0.5,20260924,3.441724716
Core-92,combined_74,Combined 74,2,0.5,20260925,3.265621053
Core-92,combined_74,Combined 74,2,0.5,20260926,3.992225626
Core-92,combined_74,Combined 74,2,0.5,20260927,3.72566074
Core-92,combined_74,Combined 74,2,0.5,20260928,3.491176206
Core-92,combined_74,Combined 74,2,0.55,20260924,3.371060865
Core-92,combined_74,Combined 74,2,0.55,20260925,3.201504404
Core-92,combined_74,Combined 74,2,0.55,20260926,3.861224321
Core-92,combined_74,Combined 74,2,0.55,20260927,3.599608041
Core-92,combined_74,Combined 74,2,0.55,20260928,3.376511447
Core-92,combined_74,Combined 74,2,0.6,20260924,3.299101065
Core-92,combined_74,Combined 74,2,0.6,20260925,3.137762586
Core-92,combined_74,Combined 74,2,0.6,20260926,3.733013966
Core-92,combined_74,Combined 74,2,0.6,20260927,3.479674871
Core-92,combined_74,Combined 74,2,0.6,20260928,3.269425357
Core-92,combined_74,Combined 74,2,0.65,20260924,3.227868823
Core-92,combined_74,Combined 74,2,0.65,20260925,3.075896374
Core-92,combined_74,Combined 74,2,0.65,20260926,3.609886581
Core-92,combined_74,Combined 74,2,0.65,20260927,3.367686152
Core-92,combined_74,Combined 74,2,0.65,20260928,3.171386999
Core-92,combined_74,Combined 74,2,0.7,20260924,3.159185952
Core-92,combined_74,Combined 74,2,0.7,20260925,3.01719428
Core-92,combined_74,Combined 74,2,0.7,20260926,3.493760273
Core-92,combined_74,Combined 74,2,0.7,20260927,3.265026983
Core-92,combined_74,Combined 74,2,0.7,20260928,3.083378627
Core-92,combined_74,Combined 74,2,0.75,20260924,3.094592489
Core-92,combined_74,Combined 74,2,0.75,20260925,2.962686235
Core-92,combined_74,Combined 74,2,0.75,20260926,3.386126324
Core-92,combined_74,Combined 74,2,0.75,20260927,3.172626548
Core-92,combined_74,Combined 74,2,0.75,20260928,3.005903511
Core-92,combined_74,Combined 74,2,0.8,20260924,3.03529865
Core-92,combined_74,Combined 74,2,0.8,20260925,2.913124055
Core-92,combined_74,Combined 74,2,0.8,20260926,3.288034379
Core-92,combined_74,Combined 74,2,0.8,20260927,3.090977143
Core-92,combined_74,Combined 74,2,0.8,20260928,2.939029738
Core-92,combined_74,Combined 74,2,0.85,20260924,2.982165736
Core-92,combined_74,Combined 74,2,0.85,20260925,2.868983961
Core-92,combined_74,Combined 74,2,0.85,20260926,3.200107676
Core-92,combined_74,Combined 74,2,0.85,20260927,3.020177944
Core-92,combined_74,Combined 74,2,0.85,20260928,2.882457357
Core-92,combined_74,Combined 74,2,0.9,20260924,2.935711075
Core-92,combined_74,Combined 74,2,0.9,20260925,2.830485358
Core-92,combined_74,Combined 74,2,0.9,20260926,3.122579679
Core-92,combined_74,Combined 74,2,0.9,20260927,2.95999339
Core-92,combined_74,Combined 74,2,0.9,20260928,2.835596674
Core-92,combined_74,Combined 74,2,0.95,20260924,2.896131603
Core-92,combined_74,Combined 74,2,0.95,20260925,2.797620336
Core-92,combined_74,Combined 74,2,0.95,20260926,3.055344326
Core-92,combined_74,Combined 74,2,0.95,20260927,2.909917764
Core-92,combined_74,Combined 74,2,0.95,20260928,2.797647647
Core-92,combined_74,Combined 74,2,1,20260924,2.86334088
Core-92,combined_74,Combined 74,2,1,20260925,2.77018917
Core-92,combined_74,Combined 74,2,1,20260926,2.998013588
Core-92,combined_74,Combined 74,2,1,20260927,2.869239732
Core-92,combined_74,Combined 74,2,1,20260928,2.767673303
Core-92,combined_74,Combined 74,3,0,20260924,3.835280387
Core-92,combined_74,Combined 74,3,0,20260925,3.976226937
Core-92,combined_74,Combined 74,3,0,20260926,4.935698881
Core-92,combined_74,Combined 74,3,0,20260927,6.207799282
Core-92,combined_74,Combined 74,3,0,20260928,4.299707662
Core-92,combined_74,Combined 74,3,0.05,20260924,3.845805877
Core-92,combined_74,Combined 74,3,0.05,20260925,3.926911962
Core-92,combined_74,Combined 74,3,0.05,20260926,4.905037799
Core-92,combined_74,Combined 74,3,0.05,20260927,6.07789367
Core-92,combined_74,Combined 74,3,0.05,20260928,4.245715596
Core-92,combined_74,Combined 74,3,0.1,20260924,3.84842661
Core-92,combined_74,Combined 74,3,0.1,20260925,3.869867049
Core-92,combined_74,Combined 74,3,0.1,20260926,4.862764498
Core-92,combined_74,Combined 74,3,0.1,20260927,5.931556692
Core-92,combined_74,Combined 74,3,0.1,20260928,4.182840564
Core-92,combined_74,Combined 74,3,0.15,20260924,3.841969131
Core-92,combined_74,Combined 74,3,0.15,20260925,3.805085465
Core-92,combined_74,Combined 74,3,0.15,20260926,4.807895597
Core-92,combined_74,Combined 74,3,0.15,20260927,5.769044862
Core-92,combined_74,Combined 74,3,0.15,20260928,4.110957737
Core-92,combined_74,Combined 74,3,0.2,20260924,3.825530192
Core-92,combined_74,Combined 74,3,0.2,20260925,3.73292924
Core-92,combined_74,Combined 74,3,0.2,20260926,4.73987368
Core-92,combined_74,Combined 74,3,0.2,20260927,5.591359545
Core-92,combined_74,Combined 74,3,0.2,20260928,4.03034119
Core-92,combined_74,Combined 74,3,0.25,20260924,3.798588467
Core-92,combined_74,Combined 74,3,0.25,20260925,3.654169737
Core-92,combined_74,Combined 74,3,0.25,20260926,4.658682001
Core-92,combined_74,Combined 74,3,0.25,20260927,5.400308338
Core-92,combined_74,Combined 74,3,0.25,20260928,3.941716434
Core-92,combined_74,Combined 74,3,0.3,20260924,3.761090204
Core-92,combined_74,Combined 74,3,0.3,20260925,3.569987633
Core-92,combined_74,Combined 74,3,0.3,20260926,4.564917317
Core-92,combined_74,Combined 74,3,0.3,20260927,5.198487491
Core-92,combined_74,Combined 74,3,0.3,20260928,3.846270312
Core-92,combined_74,Combined 74,3,0.35,20260924,3.713491513
Core-92,combined_74,Combined 74,3,0.35,20260925,3.481925105
Core-92,combined_74,Combined 74,3,0.35,20260926,4.459803246
Core-92,combined_74,Combined 74,3,0.35,20260927,4.989174743
Core-92,combined_74,Combined 74,3,0.35,20260928,3.745609464
Core-92,combined_74,Combined 74,3,0.4,20260924,3.656746866
Core-92,combined_74,Combined 74,3,0.4,20260925,3.391792113
Core-92,combined_74,Combined 74,3,0.4,20260926,4.345136673
Core-92,combined_74,Combined 74,3,0.4,20260927,4.776138875
Core-92,combined_74,Combined 74,3,0.4,20260928,3.641668084
Core-92,combined_74,Combined 74,3,0.45,20260924,3.592243702
Core-92,combined_74,Combined 74,3,0.45,20260925,3.301538406
Core-92,combined_74,Combined 74,3,0.45,20260926,4.223172924
Core-92,combined_74,Combined 74,3,0.45,20260927,4.563389439
Core-92,combined_74,Combined 74,3,0.45,20260928,3.536576294
Core-92,combined_74,Combined 74,3,0.5,20260924,3.521693706
Core-92,combined_74,Combined 74,3,0.5,20260925,3.213110178
Core-92,combined_74,Combined 74,3,0.5,20260926,4.09646742
Core-92,combined_74,Combined 74,3,0.5,20260927,4.354902034
Core-92,combined_74,Combined 74,3,0.5,20260928,3.43250849
Core-92,combined_74,Combined 74,3,0.55,20260924,3.446998861
Core-92,combined_74,Combined 74,3,0.55,20260925,3.128312722
Core-92,combined_74,Combined 74,3,0.55,20260926,3.96769862
Core-92,combined_74,Combined 74,3,0.55,20260927,4.154357515
Core-92,combined_74,Combined 74,3,0.55,20260928,3.331534071
Core-92,combined_74,Combined 74,3,0.6,20260924,3.370112845
Core-92,combined_74,Combined 74,3,0.6,20260925,3.048697564
Core-92,combined_74,Combined 74,3,0.6,20260926,3.839497313
Core-92,combined_74,Combined 74,3,0.6,20260927,3.964927427
Core-92,combined_74,Combined 74,3,0.6,20260928,3.235490375
Core-92,combined_74,Combined 74,3,0.65,20260924,3.292915696
Core-92,combined_74,Combined 74,3,0.65,20260925,2.975485853
Core-92,combined_74,Combined 74,3,0.65,20260926,3.714301852
Core-92,combined_74,Combined 74,3,0.65,20260927,3.78912593
Core-92,combined_74,Combined 74,3,0.65,20260928,3.145890937
Core-92,combined_74,Combined 74,3,0.7,20260924,3.217113739
Core-92,combined_74,Combined 74,3,0.7,20260925,2.909531724
Core-92,combined_74,Combined 74,3,0.7,20260926,3.594250327
Core-92,combined_74,Combined 74,3,0.7,20260927,3.628734861
Core-92,combined_74,Combined 74,3,0.7,20260928,3.063873971
Core-92,combined_74,Combined 74,3,0.75,20260924,3.144170006
Core-92,combined_74,Combined 74,3,0.75,20260925,2.851322314
Core-92,combined_74,Combined 74,3,0.75,20260926,3.481112187
Core-92,combined_74,Combined 74,3,0.75,20260927,3.484797105
Core-92,combined_74,Combined 74,3,0.75,20260928,2.990188767
Core-92,combined_74,Combined 74,3,0.8,20260924,3.075264646
Core-92,combined_74,Combined 74,3,0.8,20260925,2.801006485
Core-92,combined_74,Combined 74,3,0.8,20260926,3.376255598
Core-92,combined_74,Combined 74,3,0.8,20260927,3.357665993
Core-92,combined_74,Combined 74,3,0.8,20260928,2.925212909
Core-92,combined_74,Combined 74,3,0.85,20260924,3.011281224
Core-92,combined_74,Combined 74,3,0.85,20260925,2.758442441
Core-92,combined_74,Combined 74,3,0.85,20260926,3.28064355
Core-92,combined_74,Combined 74,3,0.85,20260927,3.247094934
Core-92,combined_74,Combined 74,3,0.85,20260928,2.868991187
Core-92,combined_74,Combined 74,3,0.9,20260924,2.952813159
Core-92,combined_74,Combined 74,3,0.9,20260925,2.723254774
Core-92,combined_74,Combined 74,3,0.9,20260926,3.194851145
Core-92,combined_74,Combined 74,3,0.9,20260927,3.152351037
Core-92,combined_74,Combined 74,3,0.9,20260928,2.821287208
Core-92,combined_74,Combined 74,3,0.95,20260924,2.900184543
Core-92,combined_74,Combined 74,3,0.95,20260925,2.694893207
Core-92,combined_74,Combined 74,3,0.95,20260926,3.119097426
Core-92,combined_74,Combined 74,3,0.95,20260927,3.072337957
Core-92,combined_74,Combined 74,3,0.95,20260928,2.781640157
Core-92,combined_74,Combined 74,3,1,20260924,2.853480314
Core-92,combined_74,Combined 74,3,1,20260925,2.672687601
Core-92,combined_74,Combined 74,3,1,20260926,3.053286714
Core-92,combined_74,Combined 74,3,1,20260927,3.005715777
Core-92,combined_74,Combined 74,3,1,20260928,2.749421129
Core-92,combined_74,Combined 74,4,0,20260924,3.374798928
Core-92,combined_74,Combined 74,4,0,20260925,3.329819289
Core-92,combined_74,Combined 74,4,0,20260926,4.794683266
Core-92,combined_74,Combined 74,4,0,20260927,3.392423568
Core-92,combined_74,Combined 74,4,0,20260928,3.639824351
Core-92,combined_74,Combined 74,4,0.05,20260924,3.435578866
Core-92,combined_74,Combined 74,4,0.05,20260925,3.326126264
Core-92,combined_74,Combined 74,4,0.05,20260926,4.751777832
Core-92,combined_74,Combined 74,4,0.05,20260927,3.414203176
Core-92,combined_74,Combined 74,4,0.05,20260928,3.644558893
Core-92,combined_74,Combined 74,4,0.1,20260924,3.487651908
Core-92,combined_74,Combined 74,4,0.1,20260925,3.317266946
Core-92,combined_74,Combined 74,4,0.1,20260926,4.697620328
Core-92,combined_74,Combined 74,4,0.1,20260927,3.429439507
Core-92,combined_74,Combined 74,4,0.1,20260928,3.642367563
Core-92,combined_74,Combined 74,4,0.15,20260924,3.529161722
Core-92,combined_74,Combined 74,4,0.15,20260925,3.302699864
Core-92,combined_74,Combined 74,4,0.15,20260926,4.631444948
Core-92,combined_74,Combined 74,4,0.15,20260927,3.436963993
Core-92,combined_74,Combined 74,4,0.15,20260928,3.632308495
Core-92,combined_74,Combined 74,4,0.2,20260924,3.558513529
Core-92,combined_74,Combined 74,4,0.2,20260925,3.282096346
Core-92,combined_74,Combined 74,4,0.2,20260926,4.552911874
Core-92,combined_74,Combined 74,4,0.2,20260927,3.435832371
Core-92,combined_74,Combined 74,4,0.2,20260928,3.613700305
Core-92,combined_74,Combined 74,4,0.25,20260924,3.574526725
Core-92,combined_74,Combined 74,4,0.25,20260925,3.255404133
Core-92,combined_74,Combined 74,4,0.25,20260926,4.462208613
Core-92,combined_74,Combined 74,4,0.25,20260927,3.425433284
Core-92,combined_74,Combined 74,4,0.25,20260928,3.586220617
Core-92,combined_74,Combined 74,4,0.3,20260924,3.576565404
Core-92,combined_74,Combined 74,4,0.3,20260925,3.222888837
Core-92,combined_74,Combined 74,4,0.3,20260926,4.360109499
Core-92,combined_74,Combined 74,4,0.3,20260927,3.405576003
Core-92,combined_74,Combined 74,4,0.3,20260928,3.549979443
Core-92,combined_74,Combined 74,4,0.35,20260924,3.564623751
Core-92,combined_74,Combined 74,4,0.35,20260925,3.185142916
Core-92,combined_74,Combined 74,4,0.35,20260926,4.247977827
Core-92,combined_74,Combined 74,4,0.35,20260927,3.376540472
Core-92,combined_74,Combined 74,4,0.35,20260928,3.50555192
Core-92,combined_74,Combined 74,4,0.4,20260924,3.539349593
Core-92,combined_74,Combined 74,4,0.4,20260925,3.143057314
Core-92,combined_74,Combined 74,4,0.4,20260926,4.127705058
Core-92,combined_74,Combined 74,4,0.4,20260927,3.339078566
Core-92,combined_74,Combined 74,4,0.4,20260928,3.453961323
Core-92,combined_74,Combined 74,4,0.45,20260924,3.50200067
Core-92,combined_74,Combined 74,4,0.45,20260925,3.097758442
Core-92,combined_74,Combined 74,4,0.45,20260926,4.001593984
Core-92,combined_74,Combined 74,4,0.45,20260927,3.294364643
Core-92,combined_74,Combined 74,4,0.45,20260928,3.396612736
Core-92,combined_74,Combined 74,4,0.5,20260924,3.454341072
Core-92,combined_74,Combined 74,4,0.5,20260925,3.050520191
Core-92,combined_74,Combined 74,4,0.5,20260926,3.872203674
Core-92,combined_74,Combined 74,4,0.5,20260927,3.243903357
Core-92,combined_74,Combined 74,4,0.5,20260928,3.335187437
Core-92,combined_74,Combined 74,4,0.55,20260924,3.398495811
Core-92,combined_74,Combined 74,4,0.55,20260925,3.002665088
Core-92,combined_74,Combined 74,4,0.55,20260926,3.742179969
Core-92,combined_74,Combined 74,4,0.55,20260927,3.189410222
Core-92,combined_74,Combined 74,4,0.55,20260928,3.271514751
Core-92,combined_74,Combined 74,4,0.6,20260924,3.336786585
Core-92,combined_74,Combined 74,4,0.6,20260925,2.955469266
Core-92,combined_74,Combined 74,4,0.6,20260926,3.614094824
Core-92,combined_74,Combined 74,4,0.6,20260927,3.13268337
Core-92,combined_74,Combined 74,4,0.6,20260928,3.207440286
Core-92,combined_74,Combined 74,4,0.65,20260924,3.271570921
Core-92,combined_74,Combined 74,4,0.65,20260925,2.910082961
Core-92,combined_74,Combined 74,4,0.65,20260926,3.490312011
Core-92,combined_74,Combined 74,4,0.65,20260927,3.075483352
Core-92,combined_74,Combined 74,4,0.65,20260928,3.144706959
Core-92,combined_74,Combined 74,4,0.7,20260924,3.205101563
Core-92,combined_74,Combined 74,4,0.7,20260925,2.867473444
Core-92,combined_74,Combined 74,4,0.7,20260926,3.372888371
Core-92,combined_74,Combined 74,4,0.7,20260927,3.019432966
Core-92,combined_74,Combined 74,4,0.7,20260928,3.084859935
Core-92,combined_74,Combined 74,4,0.75,20260924,3.13941582
Core-92,combined_74,Combined 74,4,0.75,20260925,2.828392142
Core-92,combined_74,Combined 74,4,0.75,20260926,3.263511902
Core-92,combined_74,Combined 74,4,0.75,20260927,2.965943202
Core-92,combined_74,Combined 74,4,0.75,20260928,3.029180536
Core-92,combined_74,Combined 74,4,0.8,20260924,3.076257996
Core-92,combined_74,Combined 74,4,0.8,20260925,2.793363788
Core-92,combined_74,Combined 74,4,0.8,20260926,3.163472516
Core-92,combined_74,Combined 74,4,0.8,20260927,2.916166244
Core-92,combined_74,Combined 74,4,0.8,20260928,2.97864913
Core-92,combined_74,Combined 74,4,0.85,20260924,3.017033346
Core-92,combined_74,Combined 74,4,0.85,20260925,2.762693143
Core-92,combined_74,Combined 74,4,0.85,20260926,3.07365875
Core-92,combined_74,Combined 74,4,0.85,20260927,2.870973003
Core-92,combined_74,Combined 74,4,0.85,20260928,2.933933708
Core-92,combined_74,Combined 74,4,0.9,20260924,2.962789479
Core-92,combined_74,Combined 74,4,0.9,20260925,2.736484102
Core-92,combined_74,Combined 74,4,0.9,20260926,2.994573644
Core-92,combined_74,Combined 74,4,0.9,20260927,2.830950938
Core-92,combined_74,Combined 74,4,0.9,20260928,2.895399311
Core-92,combined_74,Combined 74,4,0.95,20260924,2.9142203
Core-92,combined_74,Combined 74,4,0.95,20260925,2.714666332
Core-92,combined_74,Combined 74,4,0.95,20260926,2.926364228
Core-92,combined_74,Combined 74,4,0.95,20260927,2.796417566
Core-92,combined_74,Combined 74,4,0.95,20260928,2.863133111
Core-92,combined_74,Combined 74,4,1,20260924,2.871687655
Core-92,combined_74,Combined 74,4,1,20260925,2.697025523
Core-92,combined_74,Combined 74,4,1,20260926,2.868860635
Core-92,combined_74,Combined 74,4,1,20260927,2.767445344
Core-92,combined_74,Combined 74,4,1,20260928,2.836980256
Core-92,combined_74,Combined 74,5,0,20260924,3.212062955
Core-92,combined_74,Combined 74,5,0,20260925,2.675323385
Core-92,combined_74,Combined 74,5,0,20260926,3.406337386
Core-92,combined_74,Combined 74,5,0,20260927,4.159635326
Core-92,combined_74,Combined 74,5,0,20260928,4.340421317
Core-92,combined_74,Combined 74,5,0.05,20260924,3.299958972
Core-92,combined_74,Combined 74,5,0.05,20260925,2.75648926
Core-92,combined_74,Combined 74,5,0.05,20260926,3.498167024
Core-92,combined_74,Combined 74,5,0.05,20260927,4.131461907
Core-92,combined_74,Combined 74,5,0.05,20260928,4.299085972
Core-92,combined_74,Combined 74,5,0.1,20260924,3.377744066
Core-92,combined_74,Combined 74,5,0.1,20260925,2.831196588
Core-92,combined_74,Combined 74,5,0.1,20260926,3.578866173
Core-92,combined_74,Combined 74,5,0.1,20260927,4.094579241
Core-92,combined_74,Combined 74,5,0.1,20260928,4.249414703
Core-92,combined_74,Combined 74,5,0.15,20260924,3.443347481
Core-92,combined_74,Combined 74,5,0.15,20260925,2.897803959
Core-92,combined_74,Combined 74,5,0.15,20260926,3.646159241
Core-92,combined_74,Combined 74,5,0.15,20260927,4.048364999
Core-92,combined_74,Combined 74,5,0.15,20260928,4.191061512
Core-92,combined_74,Combined 74,5,0.2,20260924,3.494976013
Core-92,combined_74,Combined 74,5,0.2,20260925,2.954852823
Core-92,combined_74,Combined 74,5,0.2,20260926,3.698070225
Core-92,combined_74,Combined 74,5,0.2,20260927,3.992545361
Core-92,combined_74,Combined 74,5,0.2,20260928,4.124030702
Core-92,combined_74,Combined 74,5,0.25,20260924,3.53127939
Core-92,combined_74,Combined 74,5,0.25,20260925,3.001197594
Core-92,combined_74,Combined 74,5,0.25,20260926,3.733104419
Core-92,combined_74,Combined 74,5,0.25,20260927,3.927279685
Core-92,combined_74,Combined 74,5,0.25,20260928,4.048741161
Core-92,combined_74,Combined 74,5,0.3,20260924,3.551493278
Core-92,combined_74,Combined 74,5,0.3,20260925,3.036121271
Core-92,combined_74,Combined 74,5,0.3,20260926,3.750406825
Core-92,combined_74,Combined 74,5,0.3,20260927,3.853210442
Core-92,combined_74,Combined 74,5,0.3,20260928,3.966054381
Core-92,combined_74,Combined 74,5,0.35,20260924,3.555534874
Core-92,combined_74,Combined 74,5,0.35,20260925,3.059416467
Core-92,combined_74,Combined 74,5,0.35,20260926,3.749870026
Core-92,combined_74,Combined 74,5,0.35,20260927,3.771465028
Core-92,combined_74,Combined 74,5,0.35,20260928,3.877255911
Core-92,combined_74,Combined 74,5,0.4,20260924,3.544032432
Core-92,combined_74,Combined 74,5,0.4,20260925,3.07141627
Core-92,combined_74,Combined 74,5,0.4,20260926,3.732171161
Core-92,combined_74,Combined 74,5,0.4,20260927,3.683604358
Core-92,combined_74,Combined 74,5,0.4,20260928,3.783988351
Core-92,combined_74,Combined 74,5,0.45,20260924,3.518282075
Core-92,combined_74,Combined 74,5,0.45,20260925,3.072968311
Core-92,combined_74,Combined 74,5,0.45,20260926,3.698730398
Core-92,combined_74,Combined 74,5,0.45,20260927,3.591523618
Core-92,combined_74,Combined 74,5,0.45,20260928,3.688143946
Core-92,combined_74,Combined 74,5,0.5,20260924,3.480139197
Core-92,combined_74,Combined 74,5,0.5,20260925,3.065356458
Core-92,combined_74,Combined 74,5,0.5,20260926,3.651598337
Core-92,combined_74,Combined 74,5,0.5,20260927,3.497319895
Core-92,combined_74,Combined 74,5,0.5,20260928,3.591732907
Core-92,combined_74,Combined 74,5,0.55,20260924,3.431863352
Core-92,combined_74,Combined 74,5,0.55,20260925,3.050184036
Core-92,combined_74,Combined 74,5,0.55,20260926,3.593292205
Core-92,combined_74,Combined 74,5,0.55,20260927,3.403146781
Core-92,combined_74,Combined 74,5,0.55,20260928,3.496747392
Core-92,combined_74,Combined 74,5,0.6,20260924,3.375941454
Core-92,combined_74,Combined 74,5,0.6,20260925,3.029237783
Core-92,combined_74,Combined 74,5,0.6,20260926,3.52660704
Core-92,combined_74,Combined 74,5,0.6,20260927,3.31107599
Core-92,combined_74,Combined 74,5,0.6,20260928,3.405039556
Core-92,combined_74,Combined 74,5,0.65,20260924,3.314913549
Core-92,combined_74,Combined 74,5,0.65,20260925,3.004351943
Core-92,combined_74,Combined 74,5,0.65,20260926,3.454427482
Core-92,combined_74,Combined 74,5,0.65,20260927,3.222981493
Core-92,combined_74,Combined 74,5,0.65,20260928,3.318226617
Core-92,combined_74,Combined 74,5,0.7,20260924,3.251219926
Core-92,combined_74,Combined 74,5,0.7,20260925,2.977288044
Core-92,combined_74,Combined 74,5,0.7,20260926,3.379559879
Core-92,combined_74,Combined 74,5,0.7,20260927,3.140454879
Core-92,combined_74,Combined 74,5,0.7,20260928,3.237628658
Core-92,combined_74,Combined 74,5,0.75,20260924,3.18708065
Core-92,combined_74,Combined 74,5,0.75,20260925,2.949640011
Core-92,combined_74,Combined 74,5,0.75,20260926,3.304596301
Core-92,combined_74,Combined 74,5,0.75,20260927,3.064753954
Core-92,combined_74,Combined 74,5,0.75,20260928,3.164238413
Core-92,combined_74,Combined 74,5,0.8,20260924,3.124411333
Core-92,combined_74,Combined 74,5,0.8,20260925,2.922768391
Core-92,combined_74,Combined 74,5,0.8,20260926,3.231814475
Core-92,combined_74,Combined 74,5,0.8,20260927,2.996781695
Core-92,combined_74,Combined 74,5,0.8,20260928,3.098717943
Core-92,combined_74,Combined 74,5,0.85,20260924,3.064773621
Core-92,combined_74,Combined 74,5,0.85,20260925,2.897762909
Core-92,combined_74,Combined 74,5,0.85,20260926,3.163112386
Core-92,combined_74,Combined 74,5,0.85,20260927,2.937090075
Core-92,combined_74,Combined 74,5,0.85,20260928,3.041415269
Core-92,combined_74,Combined 74,5,0.9,20260924,3.009355876
Core-92,combined_74,Combined 74,5,0.9,20260925,2.875429766
Core-92,combined_74,Combined 74,5,0.9,20260926,3.099973547
Core-92,combined_74,Combined 74,5,0.9,20260927,2.885902576
Core-92,combined_74,Combined 74,5,0.9,20260928,2.992394104
Core-92,combined_74,Combined 74,5,0.95,20260924,2.958978374
Core-92,combined_74,Combined 74,5,0.95,20260925,2.856298782
Core-92,combined_74,Combined 74,5,0.95,20260926,3.043458243
Core-92,combined_74,Combined 74,5,0.95,20260927,2.843149664
Core-92,combined_74,Combined 74,5,0.95,20260928,2.951471092
Core-92,combined_74,Combined 74,5,1,20260924,2.914117326
Core-92,combined_74,Combined 74,5,1,20260925,2.840645248
Core-92,combined_74,Combined 74,5,1,20260926,2.994216369
Core-92,combined_74,Combined 74,5,1,20260927,2.808512423
Core-92,combined_74,Combined 74,5,1,20260928,2.918256486
Core-92,combined_74,Combined 74,8,0,20260924,3.408786423
Core-92,combined_74,Combined 74,8,0,20260925,3.974334023
Core-92,combined_74,Combined 74,8,0,20260926,5.352641311
Core-92,combined_74,Combined 74,8,0,20260927,4.507675782
Core-92,combined_74,Combined 74,8,0,20260928,3.089232188
Core-92,combined_74,Combined 74,8,0.05,20260924,3.418227909
Core-92,combined_74,Combined 74,8,0.05,20260925,3.941972725
Core-92,combined_74,Combined 74,8,0.05,20260926,5.27380663
Core-92,combined_74,Combined 74,8,0.05,20260927,4.466200638
Core-92,combined_74,Combined 74,8,0.05,20260928,3.144091265
Core-92,combined_74,Combined 74,8,0.1,20260924,3.421554119
Core-92,combined_74,Combined 74,8,0.1,20260925,3.902053644
Core-92,combined_74,Combined 74,8,0.1,20260926,5.18197874
Core-92,combined_74,Combined 74,8,0.1,20260927,4.414787753
Core-92,combined_74,Combined 74,8,0.1,20260928,3.192107371
Core-92,combined_74,Combined 74,8,0.15,20260924,3.417833951
Core-92,combined_74,Combined 74,8,0.15,20260925,3.854220182
Core-92,combined_74,Combined 74,8,0.15,20260926,5.076857291
Core-92,combined_74,Combined 74,8,0.15,20260927,4.352864041
Core-92,combined_74,Combined 74,8,0.15,20260928,3.231693142
Core-92,combined_74,Combined 74,8,0.2,20260924,3.406355158
Core-92,combined_74,Combined 74,8,0.2,20260925,3.798435434
Core-92,combined_74,Combined 74,8,0.2,20260926,4.958677375
Core-92,combined_74,Combined 74,8,0.2,20260927,4.280252361
Core-92,combined_74,Combined 74,8,0.2,20260928,3.261481086
Core-92,combined_74,Combined 74,8,0.25,20260924,3.38671603
Core-92,combined_74,Combined 74,8,0.25,20260925,3.735042599
Core-92,combined_74,Combined 74,8,0.25,20260926,4.828286714
Core-92,combined_74,Combined 74,8,0.25,20260927,4.19725704
Core-92,combined_74,Combined 74,8,0.25,20260928,3.280458021
Core-92,combined_74,Combined 74,8,0.3,20260924,3.358895877
Core-92,combined_74,Combined 74,8,0.3,20260925,3.664791822
Core-92,combined_74,Combined 74,8,0.3,20260926,4.687167412
Core-92,combined_74,Combined 74,8,0.3,20260927,4.104709833
Core-92,combined_74,Combined 74,8,0.3,20260928,3.288081054
Core-92,combined_74,Combined 74,8,0.35,20260924,3.32328998
Core-92,combined_74,Combined 74,8,0.35,20260925,3.588823702
Core-92,combined_74,Combined 74,8,0.35,20260926,4.537390079
Core-92,combined_74,Combined 74,8,0.35,20260927,4.003962923
Core-92,combined_74,Combined 74,8,0.35,20260928,3.284354607
Core-92,combined_74,Combined 74,8,0.4,20260924,3.280700264
Core-92,combined_74,Combined 74,8,0.4,20260925,3.508607553
Core-92,combined_74,Combined 74,8,0.4,20260926,4.3815007
Core-92,combined_74,Combined 74,8,0.4,20260927,3.896824861
Core-92,combined_74,Combined 74,8,0.4,20260928,3.269853379
Core-92,combined_74,Combined 74,8,0.45,20260924,3.232281515
Core-92,combined_74,Combined 74,8,0.45,20260925,3.425841794
Core-92,combined_74,Combined 74,8,0.45,20260926,4.222354404
Core-92,combined_74,Combined 74,8,0.45,20260927,3.785446651
Core-92,combined_74,Combined 74,8,0.45,20260928,3.245685836
Core-92,combined_74,Combined 74,8,0.5,20260924,3.179451754
Core-92,combined_74,Combined 74,8,0.5,20260925,3.342331585
Core-92,combined_74,Combined 74,8,0.5,20260926,4.062920952
Core-92,combined_74,Combined 74,8,0.5,20260927,3.672174935
Core-92,combined_74,Combined 74,8,0.5,20260928,3.213404177
Core-92,combined_74,Combined 74,8,0.55,20260924,3.123781679
Core-92,combined_74,Combined 74,8,0.55,20260925,3.259862488
Core-92,combined_74,Combined 74,8,0.55,20260926,3.906090733
Core-92,combined_74,Combined 74,8,0.55,20260927,3.559394327
Core-92,combined_74,Combined 74,8,0.55,20260928,3.174876095
Core-92,combined_74,Combined 74,8,0.6,20260924,3.066880152
Core-92,combined_74,Combined 74,8,0.6,20260925,3.180087683
Core-92,combined_74,Combined 74,8,0.6,20260926,3.754506797
Core-92,combined_74,Combined 74,8,0.6,20260927,3.449380202
Core-92,combined_74,Combined 74,8,0.6,20260928,3.132138419
Core-92,combined_74,Combined 74,8,0.65,20260924,3.010290552
Core-92,combined_74,Combined 74,8,0.65,20260925,3.10444115
Core-92,combined_74,Combined 74,8,0.65,20260926,3.610439719
Core-92,combined_74,Combined 74,8,0.65,20260927,3.344177722
Core-92,combined_74,Combined 74,8,0.65,20260928,3.087252312
Core-92,combined_74,Combined 74,8,0.7,20260924,2.955407916
Core-92,combined_74,Combined 74,8,0.7,20260925,3.034082396
Core-92,combined_74,Combined 74,8,0.7,20260926,3.475711619
Core-92,combined_74,Combined 74,8,0.7,20260927,3.245515303
Core-92,combined_74,Combined 74,8,0.7,20260928,3.042175339
Core-92,combined_74,Combined 74,8,0.75,20260924,2.903421211
Core-92,combined_74,Combined 74,8,0.75,20260925,2.96987202
Core-92,combined_74,Combined 74,8,0.75,20260926,3.351666502
Core-92,combined_74,Combined 74,8,0.75,20260927,3.154753491
Core-92,combined_74,Combined 74,8,0.75,20260928,2.998659704
Core-92,combined_74,Combined 74,8,0.8,20260924,2.855280347
Core-92,combined_74,Combined 74,8,0.8,20260925,2.912373087
Core-92,combined_74,Combined 74,8,0.8,20260926,3.239178291
Core-92,combined_74,Combined 74,8,0.8,20260927,3.072865333
Core-92,combined_74,Combined 74,8,0.8,20260928,2.95818027
Core-92,combined_74,Combined 74,8,0.85,20260924,2.811684562
Core-92,combined_74,Combined 74,8,0.85,20260925,2.86187126
Core-92,combined_74,Combined 74,8,0.85,20260926,3.138685676
Core-92,combined_74,Combined 74,8,0.85,20260927,3.000441906
Core-92,combined_74,Combined 74,8,0.85,20260928,2.921891792
Core-92,combined_74,Combined 74,8,0.9,20260924,2.773087496
Core-92,combined_74,Combined 74,8,0.9,20260925,2.818406661
Core-92,combined_74,Combined 74,8,0.9,20260926,3.050243417
Core-92,combined_74,Combined 74,8,0.9,20260927,2.937716472
Core-92,combined_74,Combined 74,8,0.9,20260928,2.890612384
Core-92,combined_74,Combined 74,8,0.95,20260924,2.739714232
Core-92,combined_74,Combined 74,8,0.95,20260925,2.781811501
Core-92,combined_74,Combined 74,8,0.95,20260926,2.973581734
Core-92,combined_74,Combined 74,8,0.95,20260927,2.884601558
Core-92,combined_74,Combined 74,8,0.95,20260928,2.864829106
Core-92,combined_74,Combined 74,8,1,20260924,2.711586243
Core-92,combined_74,Combined 74,8,1,20260925,2.751749179
Core-92,combined_74,Combined 74,8,1,20260926,2.908167854
Core-92,combined_74,Combined 74,8,1,20260927,2.840734465
Core-92,combined_74,Combined 74,8,1,20260928,2.844721234
Core-86,size_bm_25,25 Size–B/M,1,0,20260924,2.151096174
Core-86,size_bm_25,25 Size–B/M,1,0,20260925,2.641508401
Core-86,size_bm_25,25 Size–B/M,1,0,20260926,2.40238058
Core-86,size_bm_25,25 Size–B/M,1,0,20260927,2.103127687
Core-86,size_bm_25,25 Size–B/M,1,0,20260928,2.527823935
Core-86,size_bm_25,25 Size–B/M,1,0.05,20260924,2.159259607
Core-86,size_bm_25,25 Size–B/M,1,0.05,20260925,2.646757184
Core-86,size_bm_25,25 Size–B/M,1,0.05,20260926,2.398376775
Core-86,size_bm_25,25 Size–B/M,1,0.05,20260927,2.097824703
Core-86,size_bm_25,25 Size–B/M,1,0.05,20260928,2.523786064
Core-86,size_bm_25,25 Size–B/M,1,0.1,20260924,2.167150835
Core-86,size_bm_25,25 Size–B/M,1,0.1,20260925,2.650681433
Core-86,size_bm_25,25 Size–B/M,1,0.1,20260926,2.392602062
Core-86,size_bm_25,25 Size–B/M,1,0.1,20260927,2.09109817
Core-86,size_bm_25,25 Size–B/M,1,0.1,20260928,2.517508546
Core-86,size_bm_25,25 Size–B/M,1,0.15,20260924,2.174257588
Core-86,size_bm_25,25 Size–B/M,1,0.15,20260925,2.652513473
Core-86,size_bm_25,25 Size–B/M,1,0.15,20260926,2.384560966
Core-86,size_bm_25,25 Size–B/M,1,0.15,20260927,2.082666138
Core-86,size_bm_25,25 Size–B/M,1,0.15,20260928,2.508331487
Core-86,size_bm_25,25 Size–B/M,1,0.2,20260924,2.179926373
Core-86,size_bm_25,25 Size–B/M,1,0.2,20260925,2.651326796
Core-86,size_bm_25,25 Size–B/M,1,0.2,20260926,2.373706595
Core-86,size_bm_25,25 Size–B/M,1,0.2,20260927,2.072245637
Core-86,size_bm_25,25 Size–B/M,1,0.2,20260928,2.495522627
Core-86,size_bm_25,25 Size–B/M,1,0.25,20260924,2.18337746
Core-86,size_bm_25,25 Size–B/M,1,0.25,20260925,2.64607202
Core-86,size_bm_25,25 Size–B/M,1,0.25,20260926,2.359479112
Core-86,size_bm_25,25 Size–B/M,1,0.25,20260927,2.059583858
Core-86,size_bm_25,25 Size–B/M,1,0.25,20260928,2.478327231
Core-86,size_bm_25,25 Size–B/M,1,0.3,20260924,2.183748992
Core-86,size_bm_25,25 Size–B/M,1,0.3,20260925,2.635651442
Core-86,size_bm_25,25 Size–B/M,1,0.3,20260926,2.341365991
Core-86,size_bm_25,25 Size–B/M,1,0.3,20260927,2.04449983
Core-86,size_bm_25,25 Size–B/M,1,0.3,20260928,2.456046982
Core-86,size_bm_25,25 Size–B/M,1,0.35,20260924,2.180174656
Core-86,size_bm_25,25 Size–B/M,1,0.35,20260925,2.61903447
Core-86,size_bm_25,25 Size–B/M,1,0.35,20260926,2.318980877
Core-86,size_bm_25,25 Size–B/M,1,0.35,20260927,2.026931693
Core-86,size_bm_25,25 Size–B/M,1,0.35,20260928,2.428144262
Core-86,size_bm_25,25 Size–B/M,1,0.4,20260924,2.171890459
Core-86,size_bm_25,25 Size–B/M,1,0.4,20260925,2.595403664
Core-86,size_bm_25,25 Size–B/M,1,0.4,20260926,2.292149465
Core-86,size_bm_25,25 Size–B/M,1,0.4,20260927,2.006979612
Core-86,size_bm_25,25 Size–B/M,1,0.4,20260928,2.394357166
Core-86,size_bm_25,25 Size–B/M,1,0.45,20260924,2.15835388
Core-86,size_bm_25,25 Size–B/M,1,0.45,20260925,2.564305492
Core-86,size_bm_25,25 Size–B/M,1,0.45,20260926,2.260982309
Core-86,size_bm_25,25 Size–B/M,1,0.45,20260927,1.984930678
Core-86,size_bm_25,25 Size–B/M,1,0.45,20260928,2.354799407
Core-86,size_bm_25,25 Size–B/M,1,0.5,20260924,2.139347845
Core-86,size_bm_25,25 Size–B/M,1,0.5,20260925,2.525768144
Core-86,size_bm_25,25 Size–B/M,1,0.5,20260926,2.225910821
Core-86,size_bm_25,25 Size–B/M,1,0.5,20260927,1.961253009
Core-86,size_bm_25,25 Size–B/M,1,0.5,20260928,2.31001388
Core-86,size_bm_25,25 Size–B/M,1,0.55,20260924,2.115039469
Core-86,size_bm_25,25 Size–B/M,1,0.55,20260925,2.480349176
Core-86,size_bm_25,25 Size–B/M,1,0.55,20260926,2.187668467
Core-86,size_bm_25,25 Size–B/M,1,0.55,20260927,1.936553411
Core-86,size_bm_25,25 Size–B/M,1,0.55,20260928,2.260955266
Core-86,size_bm_25,25 Size–B/M,1,0.6,20260924,2.085973403
Core-86,size_bm_25,25 Size–B/M,1,0.6,20260925,2.429092489
Core-86,size_bm_25,25 Size–B/M,1,0.6,20260926,2.147214591
Core-86,size_bm_25,25 Size–B/M,1,0.6,20260927,1.911504884
Core-86,size_bm_25,25 Size–B/M,1,0.6,20260928,2.208896325
Core-86,size_bm_25,25 Size–B/M,1,0.65,20260924,2.052999496
Core-86,size_bm_25,25 Size–B/M,1,0.65,20260925,2.373401883
Core-86,size_bm_25,25 Size–B/M,1,0.65,20260926,2.105617346
Core-86,size_bm_25,25 Size–B/M,1,0.65,20260927,1.88676141
Core-86,size_bm_25,25 Size–B/M,1,0.65,20260928,2.155277263
Core-86,size_bm_25,25 Size–B/M,1,0.7,20260924,2.017155049
Core-86,size_bm_25,25 Size–B/M,1,0.7,20260925,2.314864314
Core-86,size_bm_25,25 Size–B/M,1,0.7,20260926,2.063925461
Core-86,size_bm_25,25 Size–B/M,1,0.7,20260927,1.862881773
Core-86,size_bm_25,25 Size–B/M,1,0.7,20260928,2.101535616
Core-86,size_bm_25,25 Size–B/M,1,0.75,20260924,1.979533342
Core-86,size_bm_25,25 Size–B/M,1,0.75,20260925,2.255067494
Core-86,size_bm_25,25 Size–B/M,1,0.75,20260926,2.023059357
Core-86,size_bm_25,25 Size–B/M,1,0.75,20260927,1.84027946
Core-86,size_bm_25,25 Size–B/M,1,0.75,20260928,2.048956833
Core-86,size_bm_25,25 Size–B/M,1,0.8,20260924,1.941168312
Core-86,size_bm_25,25 Size–B/M,1,0.8,20260925,2.195450331
Core-86,size_bm_25,25 Size–B/M,1,0.8,20260926,1.983741577
Core-86,size_bm_25,25 Size–B/M,1,0.8,20260927,1.819205109
Core-86,size_bm_25,25 Size–B/M,1,0.8,20260928,1.99857343
Core-86,size_bm_25,25 Size–B/M,1,0.85,20260924,1.902953799
Core-86,size_bm_25,25 Size–B/M,1,0.85,20260925,2.137206994
Core-86,size_bm_25,25 Size–B/M,1,0.85,20260926,1.946471276
Core-86,size_bm_25,25 Size–B/M,1,0.85,20260927,1.799757377
Core-86,size_bm_25,25 Size–B/M,1,0.85,20260928,1.951121446
Core-86,size_bm_25,25 Size–B/M,1,0.9,20260924,1.86560195
Core-86,size_bm_25,25 Size–B/M,1,0.9,20260925,2.081246461
Core-86,size_bm_25,25 Size–B/M,1,0.9,20260926,1.911535092
Core-86,size_bm_25,25 Size–B/M,1,0.9,20260927,1.781911939
Core-86,size_bm_25,25 Size–B/M,1,0.9,20260928,1.907046431
Core-86,size_bm_25,25 Size–B/M,1,0.95,20260924,1.829635027
Core-86,size_bm_25,25 Size–B/M,1,0.95,20260925,2.028196418
Core-86,size_bm_25,25 Size–B/M,1,0.95,20260926,1.879040831
Core-86,size_bm_25,25 Size–B/M,1,0.95,20260927,1.765557462
Core-86,size_bm_25,25 Size–B/M,1,0.95,20260928,1.866542421
Core-86,size_bm_25,25 Size–B/M,1,1,20260924,1.795400119
Core-86,size_bm_25,25 Size–B/M,1,1,20260925,1.978435462
Core-86,size_bm_25,25 Size–B/M,1,1,20260926,1.848960526
Core-86,size_bm_25,25 Size–B/M,1,1,20260927,1.750530042
Core-86,size_bm_25,25 Size–B/M,1,1,20260928,1.829606481
Core-86,size_bm_25,25 Size–B/M,2,0,20260924,1.432479434
Core-86,size_bm_25,25 Size–B/M,2,0,20260925,1.523828868
Core-86,size_bm_25,25 Size–B/M,2,0,20260926,1.930616712
Core-86,size_bm_25,25 Size–B/M,2,0,20260927,1.274774353
Core-86,size_bm_25,25 Size–B/M,2,0,20260928,2.003862965
Core-86,size_bm_25,25 Size–B/M,2,0.05,20260924,1.459618172
Core-86,size_bm_25,25 Size–B/M,2,0.05,20260925,1.566190506
Core-86,size_bm_25,25 Size–B/M,2,0.05,20260926,1.956162891
Core-86,size_bm_25,25 Size–B/M,2,0.05,20260927,1.346105393
Core-86,size_bm_25,25 Size–B/M,2,0.05,20260928,2.018380878
Core-86,size_bm_25,25 Size–B/M,2,0.1,20260924,1.489374001
Core-86,size_bm_25,25 Size–B/M,2,0.1,20260925,1.612179593
Core-86,size_bm_25,25 Size–B/M,2,0.1,20260926,1.983582473
Core-86,size_bm_25,25 Size–B/M,2,0.1,20260927,1.421587539
Core-86,size_bm_25,25 Size–B/M,2,0.1,20260928,2.03347568
Core-86,size_bm_25,25 Size–B/M,2,0.15,20260924,1.521441356
Core-86,size_bm_25,25 Size–B/M,2,0.15,20260925,1.6612271
Core-86,size_bm_25,25 Size–B/M,2,0.15,20260926,2.012346299
Core-86,size_bm_25,25 Size–B/M,2,0.15,20260927,1.500191889
Core-86,size_bm_25,25 Size–B/M,2,0.15,20260928,2.048670806
Core-86,size_bm_25,25 Size–B/M,2,0.2,20260924,1.555289779
Core-86,size_bm_25,25 Size–B/M,2,0.2,20260925,1.712437185
Core-86,size_bm_25,25 Size–B/M,2,0.2,20260926,2.041668723
Core-86,size_bm_25,25 Size–B/M,2,0.2,20260927,1.580498392
Core-86,size_bm_25,25 Size–B/M,2,0.2,20260928,2.063318117
Core-86,size_bm_25,25 Size–B/M,2,0.25,20260924,1.590140206
Core-86,size_bm_25,25 Size–B/M,2,0.25,20260925,1.764565544
Core-86,size_bm_25,25 Size–B/M,2,0.25,20260926,2.070496278
Core-86,size_bm_25,25 Size–B/M,2,0.25,20260927,1.660686861
Core-86,size_bm_25,25 Size–B/M,2,0.25,20260928,2.07660235
Core-86,size_bm_25,25 Size–B/M,2,0.3,20260924,1.624971296
Core-86,size_bm_25,25 Size–B/M,2,0.3,20260925,1.816041706
Core-86,size_bm_25,25 Size–B/M,2,0.3,20260926,2.09753549
Core-86,size_bm_25,25 Size–B/M,2,0.3,20260927,1.738580998
Core-86,size_bm_25,25 Size–B/M,2,0.3,20260928,2.087576211
Core-86,size_bm_25,25 Size–B/M,2,0.35,20260924,1.658568566
Core-86,size_bm_25,25 Size–B/M,2,0.35,20260925,1.865050892
Core-86,size_bm_25,25 Size–B/M,2,0.35,20260926,2.121332439
Core-86,size_bm_25,25 Size–B/M,2,0.35,20260927,1.81176281
Core-86,size_bm_25,25 Size–B/M,2,0.35,20260928,2.095233263
Core-86,size_bm_25,25 Size–B/M,2,0.4,20260924,1.689622075
Core-86,size_bm_25,25 Size–B/M,2,0.4,20260925,1.909680827
Core-86,size_bm_25,25 Size–B/M,2,0.4,20260926,2.140406529
Core-86,size_bm_25,25 Size–B/M,2,0.4,20260927,1.877762365
Core-86,size_bm_25,25 Size–B/M,2,0.4,20260928,2.098617021
Core-86,size_bm_25,25 Size–B/M,2,0.45,20260924,1.716864899
Core-86,size_bm_25,25 Size–B/M,2,0.45,20260925,1.948120567
Core-86,size_bm_25,25 Size–B/M,2,0.45,20260926,2.153423999
Core-86,size_bm_25,25 Size–B/M,2,0.45,20260927,1.934305786
Core-86,size_bm_25,25 Size–B/M,2,0.45,20260928,2.096951485
Core-86,size_bm_25,25 Size–B/M,2,0.5,20260924,1.739228443
Core-86,size_bm_25,25 Size–B/M,2,0.5,20260925,1.978876955
Core-86,size_bm_25,25 Size–B/M,2,0.5,20260926,2.159378179
Core-86,size_bm_25,25 Size–B/M,2,0.5,20260927,1.979578969
Core-86,size_bm_25,25 Size–B/M,2,0.5,20260928,2.08976534
Core-86,size_bm_25,25 Size–B/M,2,0.55,20260924,1.755979032
Core-86,size_bm_25,25 Size–B/M,2,0.55,20260925,2.000959875
Core-86,size_bm_25,25 Size–B/M,2,0.55,20260926,2.157732721
Core-86,size_bm_25,25 Size–B/M,2,0.55,20260927,2.012447698
Core-86,size_bm_25,25 Size–B/M,2,0.55,20260928,2.076976648
Core-86,size_bm_25,25 Size–B/M,2,0.6,20260924,1.766800946
Core-86,size_bm_25,25 Size–B/M,2,0.6,20260925,2.013989734
Core-86,size_bm_25,25 Size–B/M,2,0.6,20260926,2.148489235
Core-86,size_bm_25,25 Size–B/M,2,0.6,20260927,2.032578526
Core-86,size_bm_25,25 Size–B/M,2,0.6,20260928,2.058912399
Core-86,size_bm_25,25 Size–B/M,2,0.65,20260924,1.771806041
Core-86,size_bm_25,25 Size–B/M,2,0.65,20260925,2.018201966
Core-86,size_bm_25,25 Size–B/M,2,0.65,20260926,2.132162432
Core-86,size_bm_25,25 Size–B/M,2,0.65,20260927,2.040431302
Core-86,size_bm_25,25 Size–B/M,2,0.65,20260928,2.036256642
Core-86,size_bm_25,25 Size–B/M,2,0.7,20260924,1.771473112
Core-86,size_bm_25,25 Size–B/M,2,0.7,20260925,2.01435476
Core-86,size_bm_25,25 Size–B/M,2,0.7,20260926,2.109674551
Core-86,size_bm_25,25 Size–B/M,2,0.7,20260927,2.037132703
Core-86,size_bm_25,25 Size–B/M,2,0.7,20260928,2.009943251
Core-86,size_bm_25,25 Size–B/M,2,0.75,20260924,1.766540023
Core-86,size_bm_25,25 Size–B/M,2,0.75,20260925,2.003572933
Core-86,size_bm_25,25 Size–B/M,2,0.75,20260926,2.082202818
Core-86,size_bm_25,25 Size–B/M,2,0.75,20260927,2.024272346
Core-86,size_bm_25,25 Size–B/M,2,0.75,20260928,1.981024019
Core-86,size_bm_25,25 Size–B/M,2,0.8,20260924,1.75788008
Core-86,size_bm_25,25 Size–B/M,2,0.8,20260925,1.987171645
Core-86,size_bm_25,25 Size–B/M,2,0.8,20260926,2.051020124
Core-86,size_bm_25,25 Size–B/M,2,0.8,20260927,2.003675864
Core-86,size_bm_25,25 Size–B/M,2,0.8,20260928,1.950544056
Core-86,size_bm_25,25 Size–B/M,2,0.85,20260924,1.746390153
Core-86,size_bm_25,25 Size–B/M,2,0.85,20260925,1.966497757
Core-86,size_bm_25,25 Size–B/M,2,0.85,20260926,2.017360713
Core-86,size_bm_25,25 Size–B/M,2,0.85,20260927,1.977201539
Core-86,size_bm_25,25 Size–B/M,2,0.85,20260928,1.919446762
Core-86,size_bm_25,25 Size–B/M,2,0.9,20260924,1.732906881
Core-86,size_bm_25,25 Size–B/M,2,0.9,20260925,1.942811002
Core-86,size_bm_25,25 Size–B/M,2,0.9,20260926,1.982327151
Core-86,size_bm_25,25 Size–B/M,2,0.9,20260927,1.946587808
Core-86,size_bm_25,25 Size–B/M,2,0.9,20260928,1.888516891
Core-86,size_bm_25,25 Size–B/M,2,0.95,20260924,1.718155468
Core-86,size_bm_25,25 Size–B/M,2,0.95,20260925,1.91721094
Core-86,size_bm_25,25 Size–B/M,2,0.95,20260926,1.946840138
Core-86,size_bm_25,25 Size–B/M,2,0.95,20260927,1.913358799
Core-86,size_bm_25,25 Size–B/M,2,0.95,20260928,1.858358853
Core-86,size_bm_25,25 Size–B/M,2,1,20260924,1.702727222
Core-86,size_bm_25,25 Size–B/M,2,1,20260925,1.890604234
Core-86,size_bm_25,25 Size–B/M,2,1,20260926,1.911623496
Core-86,size_bm_25,25 Size–B/M,2,1,20260927,1.878781065
Core-86,size_bm_25,25 Size–B/M,2,1,20260928,1.829401252
Core-86,size_bm_25,25 Size–B/M,3,0,20260924,1.977873736
Core-86,size_bm_25,25 Size–B/M,3,0,20260925,2.424058318
Core-86,size_bm_25,25 Size–B/M,3,0,20260926,1.673727879
Core-86,size_bm_25,25 Size–B/M,3,0,20260927,1.474440916
Core-86,size_bm_25,25 Size–B/M,3,0,20260928,2.12468574
Core-86,size_bm_25,25 Size–B/M,3,0.05,20260924,1.99129517
Core-86,size_bm_25,25 Size–B/M,3,0.05,20260925,2.428079358
Core-86,size_bm_25,25 Size–B/M,3,0.05,20260926,1.709581726
Core-86,size_bm_25,25 Size–B/M,3,0.05,20260927,1.514471089
Core-86,size_bm_25,25 Size–B/M,3,0.05,20260928,2.13711088
Core-86,size_bm_25,25 Size–B/M,3,0.1,20260924,2.005409802
Core-86,size_bm_25,25 Size–B/M,3,0.1,20260925,2.431077794
Core-86,size_bm_25,25 Size–B/M,3,0.1,20260926,1.748440384
Core-86,size_bm_25,25 Size–B/M,3,0.1,20260927,1.557902379
Core-86,size_bm_25,25 Size–B/M,3,0.1,20260928,2.149603
Core-86,size_bm_25,25 Size–B/M,3,0.15,20260924,2.019825058
Core-86,size_bm_25,25 Size–B/M,3,0.15,20260925,2.43246567
Core-86,size_bm_25,25 Size–B/M,3,0.15,20260926,1.789752835
Core-86,size_bm_25,25 Size–B/M,3,0.15,20260927,1.604180688
Core-86,size_bm_25,25 Size–B/M,3,0.15,20260928,2.161589607
Core-86,size_bm_25,25 Size–B/M,3,0.2,20260924,2.033991513
Core-86,size_bm_25,25 Size–B/M,3,0.2,20260925,2.431535274
Core-86,size_bm_25,25 Size–B/M,3,0.2,20260926,1.832662798
Core-86,size_bm_25,25 Size–B/M,3,0.2,20260927,1.652439306
Core-86,size_bm_25,25 Size–B/M,3,0.2,20260928,2.172325013
Core-86,size_bm_25,25 Size–B/M,3,0.25,20260924,2.047202328
Core-86,size_bm_25,25 Size–B/M,3,0.25,20260925,2.427488167
Core-86,size_bm_25,25 Size–B/M,3,0.25,20260926,1.875989926
Core-86,size_bm_25,25 Size–B/M,3,0.25,20260927,1.701479351
Core-86,size_bm_25,25 Size–B/M,3,0.25,20260928,2.180903527
Core-86,size_bm_25,25 Size–B/M,3,0.3,20260924,2.058619611
Core-86,size_bm_25,25 Size–B/M,3,0.3,20260925,2.419494284
Core-86,size_bm_25,25 Size–B/M,3,0.3,20260926,1.918253986
Core-86,size_bm_25,25 Size–B/M,3,0.3,20260927,1.749792668
Core-86,size_bm_25,25 Size–B/M,3,0.3,20260928,2.186306205
Core-86,size_bm_25,25 Size–B/M,3,0.35,20260924,2.067335088
Core-86,size_bm_25,25 Size–B/M,3,0.35,20260925,2.406782592
Core-86,size_bm_25,25 Size–B/M,3,0.35,20260926,1.957756846
Core-86,size_bm_25,25 Size–B/M,3,0.35,20260927,1.795641989
Core-86,size_bm_25,25 Size–B/M,3,0.35,20260928,2.187487125
Core-86,size_bm_25,25 Size–B/M,3,0.4,20260924,2.072464923
Core-86,size_bm_25,25 Size–B/M,3,0.4,20260925,2.388754787
Core-86,size_bm_25,25 Size–B/M,3,0.4,20260926,1.99272661
Core-86,size_bm_25,25 Size–B/M,3,0.4,20260927,1.837203196
Core-86,size_bm_25,25 Size–B/M,3,0.4,20260928,2.183495232
Core-86,size_bm_25,25 Size–B/M,3,0.45,20260924,2.073266608
Core-86,size_bm_25,25 Size–B/M,3,0.45,20260925,2.365101223
Core-86,size_bm_25,25 Size–B/M,3,0.45,20260926,2.021510138
Core-86,size_bm_25,25 Size–B/M,3,0.45,20260927,1.872756829
Core-86,size_bm_25,25 Size–B/M,3,0.45,20260928,2.173613706
Core-86,size_bm_25,25 Size–B/M,3,0.5,20260924,2.06925363
Core-86,size_bm_25,25 Size–B/M,3,0.5,20260925,2.33588919
Core-86,size_bm_25,25 Size–B/M,3,0.5,20260926,2.042779458
Core-86,size_bm_25,25 Size–B/M,3,0.5,20260927,1.900895503
Core-86,size_bm_25,25 Size–B/M,3,0.5,20260928,2.157485872
Core-86,size_bm_25,25 Size–B/M,3,0.55,20260924,2.060277738
Core-86,size_bm_25,25 Size–B/M,3,0.55,20260925,2.301594541
Core-86,size_bm_25,25 Size–B/M,3,0.55,20260926,2.055704314
Core-86,size_bm_25,25 Size–B/M,3,0.55,20260927,1.920700224
Core-86,size_bm_25,25 Size–B/M,3,0.55,20260928,2.135192709
Core-86,size_bm_25,25 Size–B/M,3,0.6,20260924,2.046554447
Core-86,size_bm_25,25 Size–B/M,3,0.6,20260925,2.26306149
Core-86,size_bm_25,25 Size–B/M,3,0.6,20260926,2.060046565
Core-86,size_bm_25,25 Size–B/M,3,0.6,20260927,1.931841133
Core-86,size_bm_25,25 Size–B/M,3,0.6,20260928,2.107257062
Core-86,size_bm_25,25 Size–B/M,3,0.65,20260924,2.028624307
Core-86,size_bm_25,25 Size–B/M,3,0.65,20260925,2.221397802
Core-86,size_bm_25,25 Size–B/M,3,0.65,20260926,2.056153929
Core-86,size_bm_25,25 Size–B/M,3,0.65,20260927,1.934578971
Core-86,size_bm_25,25 Size–B/M,3,0.65,20260928,2.074571594
Core-86,size_bm_25,25 Size–B/M,3,0.7,20260924,2.007262723
Core-86,size_bm_25,25 Size–B/M,3,0.7,20260925,2.177832858
Core-86,size_bm_25,25 Size–B/M,3,0.7,20260926,2.044861466
Core-86,size_bm_25,25 Size–B/M,3,0.7,20260927,1.929673837
Core-86,size_bm_25,25 Size–B/M,3,0.7,20260928,2.03827118
Core-86,size_bm_25,25 Size–B/M,3,0.75,20260924,1.983365073
Core-86,size_bm_25,25 Size–B/M,3,0.75,20260925,2.13357459
Core-86,size_bm_25,25 Size–B/M,3,0.75,20260926,2.027334489
Core-86,size_bm_25,25 Size–B/M,3,0.75,20260927,1.918233287
Core-86,size_bm_25,25 Size–B/M,3,0.75,20260928,1.999584636
Core-86,size_bm_25,25 Size–B/M,3,0.8,20260924,1.957835812
Core-86,size_bm_25,25 Size–B/M,3,0.8,20260925,2.089695403
Core-86,size_bm_25,25 Size–B/M,3,0.8,20260926,2.004895919
Core-86,size_bm_25,25 Size–B/M,3,0.8,20260927,1.901541967
Core-86,size_bm_25,25 Size–B/M,3,0.8,20260928,1.95970011
Core-86,size_bm_25,25 Size–B/M,3,0.85,20260924,1.931502198
Core-86,size_bm_25,25 Size–B/M,3,0.85,20260925,2.047062471
Core-86,size_bm_25,25 Size–B/M,3,0.85,20260926,1.978874182
Core-86,size_bm_25,25 Size–B/M,3,0.85,20260927,1.880908955
Core-86,size_bm_25,25 Size–B/M,3,0.85,20260928,1.919666622
Core-86,size_bm_25,25 Size–B/M,3,0.9,20260924,1.90506108
Core-86,size_bm_25,25 Size–B/M,3,0.9,20260925,2.006312493
Core-86,size_bm_25,25 Size–B/M,3,0.9,20260926,1.950492001
Core-86,size_bm_25,25 Size–B/M,3,0.9,20260927,1.857553946
Core-86,size_bm_25,25 Size–B/M,3,0.9,20260928,1.880338891
Core-86,size_bm_25,25 Size–B/M,3,0.95,20260924,1.879056894
Core-86,size_bm_25,25 Size–B/M,3,0.95,20260925,1.967860937
Core-86,size_bm_25,25 Size–B/M,3,0.95,20260926,1.9208005
Core-86,size_bm_25,25 Size–B/M,3,0.95,20260927,1.8325377
Core-86,size_bm_25,25 Size–B/M,3,0.95,20260928,1.842360593
Core-86,size_bm_25,25 Size–B/M,3,1,20260924,1.853883267
Core-86,size_bm_25,25 Size–B/M,3,1,20260925,1.931932319
Core-86,size_bm_25,25 Size–B/M,3,1,20260926,1.890652349
Core-86,size_bm_25,25 Size–B/M,3,1,20260927,1.806731352
Core-86,size_bm_25,25 Size–B/M,3,1,20260928,1.806175154
Core-86,size_bm_25,25 Size–B/M,4,0,20260924,1.645834157
Core-86,size_bm_25,25 Size–B/M,4,0,20260925,3.092839812
Core-86,size_bm_25,25 Size–B/M,4,0,20260926,2.422559028
Core-86,size_bm_25,25 Size–B/M,4,0,20260927,1.118121874
Core-86,size_bm_25,25 Size–B/M,4,0,20260928,3.067075861
Core-86,size_bm_25,25 Size–B/M,4,0.05,20260924,1.676594041
Core-86,size_bm_25,25 Size–B/M,4,0.05,20260925,3.071831499
Core-86,size_bm_25,25 Size–B/M,4,0.05,20260926,2.421671264
Core-86,size_bm_25,25 Size–B/M,4,0.05,20260927,1.197818773
Core-86,size_bm_25,25 Size–B/M,4,0.05,20260928,3.044581792
Core-86,size_bm_25,25 Size–B/M,4,0.1,20260924,1.710114599
Core-86,size_bm_25,25 Size–B/M,4,0.1,20260925,3.045929317
Core-86,size_bm_25,25 Size–B/M,4,0.1,20260926,2.41916655
Core-86,size_bm_25,25 Size–B/M,4,0.1,20260927,1.281516758
Core-86,size_bm_25,25 Size–B/M,4,0.1,20260928,3.016808645
Core-86,size_bm_25,25 Size–B/M,4,0.15,20260924,1.745968615
Core-86,size_bm_25,25 Size–B/M,4,0.15,20260925,3.014273219
Core-86,size_bm_25,25 Size–B/M,4,0.15,20260926,2.414459078
Core-86,size_bm_25,25 Size–B/M,4,0.15,20260927,1.368208387
Core-86,size_bm_25,25 Size–B/M,4,0.15,20260928,2.982812992
Core-86,size_bm_25,25 Size–B/M,4,0.2,20260924,1.783461918
Core-86,size_bm_25,25 Size–B/M,4,0.2,20260925,2.976020607
Core-86,size_bm_25,25 Size–B/M,4,0.2,20260926,2.406875161
Core-86,size_bm_25,25 Size–B/M,4,0.2,20260927,1.456505629
Core-86,size_bm_25,25 Size–B/M,4,0.2,20260928,2.941661518
Core-86,size_bm_25,25 Size–B/M,4,0.25,20260924,1.821611234
Core-86,size_bm_25,25 Size–B/M,4,0.25,20260925,2.930444582
Core-86,size_bm_25,25 Size–B/M,4,0.25,20260926,2.39569047
Core-86,size_bm_25,25 Size–B/M,4,0.25,20260927,1.544624847
Core-86,size_bm_25,25 Size–B/M,4,0.25,20260928,2.892534658
Core-86,size_bm_25,25 Size–B/M,4,0.3,20260924,1.859159081
Core-86,size_bm_25,25 Size–B/M,4,0.3,20260925,2.877063086
Core-86,size_bm_25,25 Size–B/M,4,0.3,20260926,2.380194724
Core-86,size_bm_25,25 Size–B/M,4,0.3,20260927,1.630423227
Core-86,size_bm_25,25 Size–B/M,4,0.3,20260928,2.834864248
Core-86,size_bm_25,25 Size–B/M,4,0.35,20260924,1.894639869
Core-86,size_bm_25,25 Size–B/M,4,0.35,20260925,2.815784465
Core-86,size_bm_25,25 Size–B/M,4,0.35,20260926,2.359782652
Core-86,size_bm_25,25 Size–B/M,4,0.35,20260927,1.711504932
Core-86,size_bm_25,25 Size–B/M,4,0.35,20260928,2.768490624
Core-86,size_bm_25,25 Size–B/M,4,0.4,20260924,1.926502424
Core-86,size_bm_25,25 Size–B/M,4,0.4,20260925,2.74704027
Core-86,size_bm_25,25 Size–B/M,4,0.4,20260926,2.334060285
Core-86,size_bm_25,25 Size–B/M,4,0.4,20260927,1.785403273
Core-86,size_bm_25,25 Size–B/M,4,0.4,20260928,2.693809016
Core-86,size_bm_25,25 Size–B/M,4,0.45,20260924,1.953277977
Core-86,size_bm_25,25 Size–B/M,4,0.45,20260925,2.671864979
Core-86,size_bm_25,25 Size–B/M,4,0.45,20260926,2.302944711
Core-86,size_bm_25,25 Size–B/M,4,0.45,20260927,1.849823618
Core-86,size_bm_25,25 Size–B/M,4,0.45,20260928,2.611862739
Core-86,size_bm_25,25 Size–B/M,4,0.5,20260924,1.973763796
Core-86,size_bm_25,25 Size–B/M,4,0.5,20260925,2.591883363
Core-86,size_bm_25,25 Size–B/M,4,0.5,20260926,2.26672884
Core-86,size_bm_25,25 Size–B/M,4,0.5,20260927,1.902906099
Core-86,size_bm_25,25 Size–B/M,4,0.5,20260928,2.524340874
Core-86,size_bm_25,25 Size–B/M,4,0.55,20260924,1.987179947
Core-86,size_bm_25,25 Size–B/M,4,0.55,20260925,2.509185457
Core-86,size_bm_25,25 Size–B/M,4,0.55,20260926,2.226086428
Core-86,size_bm_25,25 Size–B/M,4,0.55,20260927,1.943449557
Core-86,size_bm_25,25 Size–B/M,4,0.55,20260928,2.433457116
Core-86,size_bm_25,25 Size–B/M,4,0.6,20260924,1.993258886
Core-86,size_bm_25,25 Size–B/M,4,0.6,20260925,2.426102958
Core-86,size_bm_25,25 Size–B/M,4,0.6,20260926,2.182008249
Core-86,size_bm_25,25 Size–B/M,4,0.6,20260927,1.971040418
Core-86,size_bm_25,25 Size–B/M,4,0.6,20260928,2.341721345
Core-86,size_bm_25,25 Size–B/M,4,0.65,20260924,1.992246426
Core-86,size_bm_25,25 Size–B/M,4,0.65,20260925,2.34493535
Core-86,size_bm_25,25 Size–B/M,4,0.65,20260926,2.13568227
Core-86,size_bm_25,25 Size–B/M,4,0.65,20260927,1.98605547
Core-86,size_bm_25,25 Size–B/M,4,0.65,20260928,2.251651859
Core-86,size_bm_25,25 Size–B/M,4,0.7,20260924,1.984820134
Core-86,size_bm_25,25 Size–B/M,4,0.7,20260925,2.267691577
Core-86,size_bm_25,25 Size–B/M,4,0.7,20260926,2.088348411
Core-86,size_bm_25,25 Size–B/M,4,0.7,20260927,1.989545351
Core-86,size_bm_25,25 Size–B/M,4,0.7,20260928,2.16549614
Core-86,size_bm_25,25 Size–B/M,4,0.75,20260924,1.971954214
Core-86,size_bm_25,25 Size–B/M,4,0.75,20260925,2.195904737
Core-86,size_bm_25,25 Size–B/M,4,0.75,20260926,2.041163324
Core-86,size_bm_25,25 Size–B/M,4,0.75,20260927,1.983038249
Core-86,size_bm_25,25 Size–B/M,4,0.75,20260928,2.085021625
Core-86,size_bm_25,25 Size–B/M,4,0.8,20260924,1.954768863
Core-86,size_bm_25,25 Size–B/M,4,0.8,20260925,2.130548917
Core-86,size_bm_25,25 Size–B/M,4,0.8,20260926,1.995101885
Core-86,size_bm_25,25 Size–B/M,4,0.8,20260927,1.968317091
Core-86,size_bm_25,25 Size–B/M,4,0.8,20260928,2.011410325
Core-86,size_bm_25,25 Size–B/M,4,0.85,20260924,1.934396419
Core-86,size_bm_25,25 Size–B/M,4,0.85,20260925,2.072054101
Core-86,size_bm_25,25 Size–B/M,4,0.85,20260926,1.950906143
Core-86,size_bm_25,25 Size–B/M,4,0.85,20260927,1.947216942
Core-86,size_bm_25,25 Size–B/M,4,0.85,20260928,1.945257318
Core-86,size_bm_25,25 Size–B/M,4,0.9,20260924,1.911882831
Core-86,size_bm_25,25 Size–B/M,4,0.9,20260925,2.020391569
Core-86,size_bm_25,25 Size–B/M,4,0.9,20260926,1.909077721
Core-86,size_bm_25,25 Size–B/M,4,0.9,20260927,1.92147076
Core-86,size_bm_25,25 Size–B/M,4,0.9,20260928,1.886647756
Core-86,size_bm_25,25 Size–B/M,4,0.95,20260924,1.888128826
Core-86,size_bm_25,25 Size–B/M,4,0.95,20260925,1.975193971
Core-86,size_bm_25,25 Size–B/M,4,0.95,20260926,1.869901091
Core-86,size_bm_25,25 Size–B/M,4,0.95,20260927,1.892611785
Core-86,size_bm_25,25 Size–B/M,4,0.95,20260928,1.835276623
Core-86,size_bm_25,25 Size–B/M,4,1,20260924,1.863865487
Core-86,size_bm_25,25 Size–B/M,4,1,20260925,1.935878884
Core-86,size_bm_25,25 Size–B/M,4,1,20260926,1.833483295
Core-86,size_bm_25,25 Size–B/M,4,1,20260927,1.861926674
Core-86,size_bm_25,25 Size–B/M,4,1,20260928,1.790578268
Core-86,size_bm_25,25 Size–B/M,5,0,20260924,2.285613468
Core-86,size_bm_25,25 Size–B/M,5,0,20260925,3.698638684
Core-86,size_bm_25,25 Size–B/M,5,0,20260926,2.68265946
Core-86,size_bm_25,25 Size–B/M,5,0,20260927,1.816439552
Core-86,size_bm_25,25 Size–B/M,5,0,20260928,2.335604918
Core-86,size_bm_25,25 Size–B/M,5,0.05,20260924,2.289380598
Core-86,size_bm_25,25 Size–B/M,5,0.05,20260925,3.659746124
Core-86,size_bm_25,25 Size–B/M,5,0.05,20260926,2.668014051
Core-86,size_bm_25,25 Size–B/M,5,0.05,20260927,1.833600112
Core-86,size_bm_25,25 Size–B/M,5,0.05,20260928,2.358333732
Core-86,size_bm_25,25 Size–B/M,5,0.1,20260924,2.292567136
Core-86,size_bm_25,25 Size–B/M,5,0.1,20260925,3.612959859
Core-86,size_bm_25,25 Size–B/M,5,0.1,20260926,2.649641389
Core-86,size_bm_25,25 Size–B/M,5,0.1,20260927,1.851913602
Core-86,size_bm_25,25 Size–B/M,5,0.1,20260928,2.381863231
Core-86,size_bm_25,25 Size–B/M,5,0.15,20260924,2.294755827
Core-86,size_bm_25,25 Size–B/M,5,0.15,20260925,3.557112827
Core-86,size_bm_25,25 Size–B/M,5,0.15,20260926,2.626821351
Core-86,size_bm_25,25 Size–B/M,5,0.15,20260927,1.87099163
Core-86,size_bm_25,25 Size–B/M,5,0.15,20260928,2.405425429
Core-86,size_bm_25,25 Size–B/M,5,0.2,20260924,2.29543372
Core-86,size_bm_25,25 Size–B/M,5,0.2,20260925,3.491126801
Core-86,size_bm_25,25 Size–B/M,5,0.2,20260926,2.598827033
Core-86,size_bm_25,25 Size–B/M,5,0.2,20260927,1.890268646
Core-86,size_bm_25,25 Size–B/M,5,0.2,20260928,2.427988015
Core-86,size_bm_25,25 Size–B/M,5,0.25,20260924,2.29400988
Core-86,size_bm_25,25 Size–B/M,5,0.25,20260925,3.414164566
Core-86,size_bm_25,25 Size–B/M,5,0.25,20260926,2.565000363
Core-86,size_bm_25,25 Size–B/M,5,0.25,20260927,1.908996348
Core-86,size_bm_25,25 Size–B/M,5,0.25,20260928,2.448263848
Core-86,size_bm_25,25 Size–B/M,5,0.3,20260924,2.289855637
Core-86,size_bm_25,25 Size–B/M,5,0.3,20260925,3.325820763
Core-86,size_bm_25,25 Size–B/M,5,0.3,20260926,2.52485467
Core-86,size_bm_25,25 Size–B/M,5,0.3,20260927,1.926266549
Core-86,size_bm_25,25 Size–B/M,5,0.3,20260928,2.464766991
Core-86,size_bm_25,25 Size–B/M,5,0.35,20260924,2.282369377
Core-86,size_bm_25,25 Size–B/M,5,0.35,20260925,3.226327073
Core-86,size_bm_25,25 Size–B/M,5,0.35,20260926,2.478193899
Core-86,size_bm_25,25 Size–B/M,5,0.35,20260927,1.941071316
Core-86,size_bm_25,25 Size–B/M,5,0.35,20260928,2.475925372
Core-86,size_bm_25,25 Size–B/M,5,0.4,20260924,2.271060508
Core-86,size_bm_25,25 Size–B/M,5,0.4,20260925,3.116727311
Core-86,size_bm_25,25 Size–B/M,5,0.4,20260926,2.425226011
Core-86,size_bm_25,25 Size–B/M,5,0.4,20260927,1.952401524
Core-86,size_bm_25,25 Size–B/M,5,0.4,20260928,2.480247064
Core-86,size_bm_25,25 Size–B/M,5,0.45,20260924,2.25563771
Core-86,size_bm_25,25 Size–B/M,5,0.45,20260925,2.998964195
Core-86,size_bm_25,25 Size–B/M,5,0.45,20260926,2.36663824
Core-86,size_bm_25,25 Size–B/M,5,0.45,20260927,1.959372367
Core-86,size_bm_25,25 Size–B/M,5,0.45,20260928,2.476517829
Core-86,size_bm_25,25 Size–B/M,5,0.5,20260924,2.236079165
Core-86,size_bm_25,25 Size–B/M,5,0.5,20260925,2.875824094
Core-86,size_bm_25,25 Size–B/M,5,0.5,20260926,2.303601455
Core-86,size_bm_25,25 Size–B/M,5,0.5,20260927,1.96135089
Core-86,size_bm_25,25 Size–B/M,5,0.5,20260928,2.463988757
Core-86,size_bm_25,25 Size–B/M,5,0.55,20260924,2.212662254
Core-86,size_bm_25,25 Size–B/M,5,0.55,20260925,2.75071603
Core-86,size_bm_25,25 Size–B/M,5,0.55,20260926,2.237685011
Core-86,size_bm_25,25 Size–B/M,5,0.55,20260927,1.958053242
Core-86,size_bm_25,25 Size–B/M,5,0.55,20260928,2.442505112
Core-86,size_bm_25,25 Size–B/M,5,0.6,20260924,2.185940051
Core-86,size_bm_25,25 Size–B/M,5,0.6,20260925,2.627310718
Core-86,size_bm_25,25 Size–B/M,5,0.6,20260926,2.170690143
Core-86,size_bm_25,25 Size–B/M,5,0.6,20260927,1.949584152
Core-86,size_bm_25,25 Size–B/M,5,0.6,20260928,2.412538643
Core-86,size_bm_25,25 Size–B/M,5,0.65,20260924,2.156668666
Core-86,size_bm_25,25 Size–B/M,5,0.65,20260925,2.509114198
Core-86,size_bm_25,25 Size–B/M,5,0.65,20260926,2.104438003
Core-86,size_bm_25,25 Size–B/M,5,0.65,20260927,1.936408041
Core-86,size_bm_25,25 Size–B/M,5,0.65,20260928,2.375113778
Core-86,size_bm_25,25 Size–B/M,5,0.7,20260924,2.125705189
Core-86,size_bm_25,25 Size–B/M,5,0.7,20260925,2.399074729
Core-86,size_bm_25,25 Size–B/M,5,0.7,20260926,2.040563727
Core-86,size_bm_25,25 Size–B/M,5,0.7,20260927,1.919262688
Core-86,size_bm_25,25 Size–B/M,5,0.7,20260928,2.33165069
Core-86,size_bm_25,25 Size–B/M,5,0.75,20260924,2.093902939
Core-86,size_bm_25,25 Size–B/M,5,0.75,20260925,2.299308915
Core-86,size_bm_25,25 Size–B/M,5,0.75,20260926,1.980362802
Core-86,size_bm_25,25 Size–B/M,5,0.75,20260927,1.899042066
Core-86,size_bm_25,25 Size–B/M,5,0.75,20260928,2.283769733
Core-86,size_bm_25,25 Size–B/M,5,0.8,20260924,2.062026846
Core-86,size_bm_25,25 Size–B/M,5,0.8,20260925,2.210991413
Core-86,size_bm_25,25 Size–B/M,5,0.8,20260926,1.924714477
Core-86,size_bm_25,25 Size–B/M,5,0.8,20260927,1.876678596
Core-86,size_bm_25,25 Size–B/M,5,0.8,20260928,2.233104092
Core-86,size_bm_25,25 Size–B/M,5,0.85,20260924,2.030700898
Core-86,size_bm_25,25 Size–B/M,5,0.85,20260925,2.134402603
Core-86,size_bm_25,25 Size–B/M,5,0.85,20260926,1.87408118
Core-86,size_bm_25,25 Size–B/M,5,0.85,20260927,1.85304773
Core-86,size_bm_25,25 Size–B/M,5,0.85,20260928,2.181153838
Core-86,size_bm_25,25 Size–B/M,5,0.9,20260924,2.000388139
Core-86,size_bm_25,25 Size–B/M,5,0.9,20260925,2.069090886
Core-86,size_bm_25,25 Size–B/M,5,0.9,20260926,1.828564162
Core-86,size_bm_25,25 Size–B/M,5,0.9,20260927,1.828905506
Core-86,size_bm_25,25 Size–B/M,5,0.9,20260928,2.129194891
Core-86,size_bm_25,25 Size–B/M,5,0.95,20260924,1.971396061
Core-86,size_bm_25,25 Size–B/M,5,0.95,20260925,2.014090704
Core-86,size_bm_25,25 Size–B/M,5,0.95,20260926,1.787988638
Core-86,size_bm_25,25 Size–B/M,5,0.95,20260927,1.804858734
Core-86,size_bm_25,25 Size–B/M,5,0.95,20260928,2.078239762
Core-86,size_bm_25,25 Size–B/M,5,1,20260924,1.943897532
Core-86,size_bm_25,25 Size–B/M,5,1,20260925,1.968142718
Core-86,size_bm_25,25 Size–B/M,5,1,20260926,1.751994671
Core-86,size_bm_25,25 Size–B/M,5,1,20260927,1.781360892
Core-86,size_bm_25,25 Size–B/M,5,1,20260928,2.029037751
Core-86,size_bm_25,25 Size–B/M,8,0,20260924,2.410985965
Core-86,size_bm_25,25 Size–B/M,8,0,20260925,2.642054441
Core-86,size_bm_25,25 Size–B/M,8,0,20260926,3.055079247
Core-86,size_bm_25,25 Size–B/M,8,0,20260927,1.908333016
Core-86,size_bm_25,25 Size–B/M,8,0,20260928,1.165963668
Core-86,size_bm_25,25 Size–B/M,8,0.05,20260924,2.406041287
Core-86,size_bm_25,25 Size–B/M,8,0.05,20260925,2.625065676
Core-86,size_bm_25,25 Size–B/M,8,0.05,20260926,3.033265117
Core-86,size_bm_25,25 Size–B/M,8,0.05,20260927,1.909705683
Core-86,size_bm_25,25 Size–B/M,8,0.05,20260928,1.195003736
Core-86,size_bm_25,25 Size–B/M,8,0.1,20260924,2.399217883
Core-86,size_bm_25,25 Size–B/M,8,0.1,20260925,2.604728593
Core-86,size_bm_25,25 Size–B/M,8,0.1,20260926,3.006245995
Core-86,size_bm_25,25 Size–B/M,8,0.1,20260927,1.910964869
Core-86,size_bm_25,25 Size–B/M,8,0.1,20260928,1.228297984
Core-86,size_bm_25,25 Size–B/M,8,0.15,20260924,2.390039147
Core-86,size_bm_25,25 Size–B/M,8,0.15,20260925,2.580580636
Core-86,size_bm_25,25 Size–B/M,8,0.15,20260926,2.973077937
Core-86,size_bm_25,25 Size–B/M,8,0.15,20260927,1.912009117
Core-86,size_bm_25,25 Size–B/M,8,0.15,20260928,1.265961402
Core-86,size_bm_25,25 Size–B/M,8,0.2,20260924,2.377992811
Core-86,size_bm_25,25 Size–B/M,8,0.2,20260925,2.552213897
Core-86,size_bm_25,25 Size–B/M,8,0.2,20260926,2.932823337
Core-86,size_bm_25,25 Size–B/M,8,0.2,20260927,1.912714852
Core-86,size_bm_25,25 Size–B/M,8,0.2,20260928,1.307887609
Core-86,size_bm_25,25 Size–B/M,8,0.25,20260924,2.362572747
Core-86,size_bm_25,25 Size–B/M,8,0.25,20260925,2.519343289
Core-86,size_bm_25,25 Size–B/M,8,0.25,20260926,2.884653495
Core-86,size_bm_25,25 Size–B/M,8,0.25,20260927,1.912941395
Core-86,size_bm_25,25 Size–B/M,8,0.25,20260928,1.353684203
Core-86,size_bm_25,25 Size–B/M,8,0.3,20260924,2.343340961
Core-86,size_bm_25,25 Size–B/M,8,0.3,20260925,2.481888498
Core-86,size_bm_25,25 Size–B/M,8,0.3,20260926,2.827985413
Core-86,size_bm_25,25 Size–B/M,8,0.3,20260927,1.912541434
Core-86,size_bm_25,25 Size–B/M,8,0.3,20260928,1.402628684
Core-86,size_bm_25,25 Size–B/M,8,0.35,20260924,2.320005285
Core-86,size_bm_25,25 Size–B/M,8,0.35,20260925,2.440056589
Core-86,size_bm_25,25 Size–B/M,8,0.35,20260926,2.762638586
Core-86,size_bm_25,25 Size–B/M,8,0.35,20260927,1.911377142
Core-86,size_bm_25,25 Size–B/M,8,0.35,20260928,1.453664206
Core-86,size_bm_25,25 Size–B/M,8,0.4,20260924,2.292500039
Core-86,size_bm_25,25 Size–B/M,8,0.4,20260925,2.394403462
Core-86,size_bm_25,25 Size–B/M,8,0.4,20260926,2.688981972
Core-86,size_bm_25,25 Size–B/M,8,0.4,20260927,1.909340216
Core-86,size_bm_25,25 Size–B/M,8,0.4,20260928,1.505451044
Core-86,size_bm_25,25 Size–B/M,8,0.45,20260924,2.261049161
Core-86,size_bm_25,25 Size–B/M,8,0.45,20260925,2.345848128
Core-86,size_bm_25,25 Size–B/M,8,0.45,20260926,2.608028898
Core-86,size_bm_25,25 Size–B/M,8,0.45,20260927,1.906371795
Core-86,size_bm_25,25 Size–B/M,8,0.45,20260928,1.556478113
Core-86,size_bm_25,25 Size–B/M,8,0.5,20260924,2.226189065
Core-86,size_bm_25,25 Size–B/M,8,0.5,20260925,2.295619357
Core-86,size_bm_25,25 Size–B/M,8,0.5,20260926,2.521437563
Core-86,size_bm_25,25 Size–B/M,8,0.5,20260927,1.902476617
Core-86,size_bm_25,25 Size–B/M,8,0.5,20260928,1.605220752
Core-86,size_bm_25,25 Size–B/M,8,0.55,20260924,2.188735689
Core-86,size_bm_25,25 Size–B/M,8,0.55,20260925,2.245132081
Core-86,size_bm_25,25 Size–B/M,8,0.55,20260926,2.431393446
Core-86,size_bm_25,25 Size–B/M,8,0.55,20260927,1.897726242
Core-86,size_bm_25,25 Size–B/M,8,0.55,20260928,1.650313107
Core-86,size_bm_25,25 Size–B/M,8,0.6,20260924,2.149696532
Core-86,size_bm_25,25 Size–B/M,8,0.6,20260925,2.195815521
Core-86,size_bm_25,25 Size–B/M,8,0.6,20260926,2.34038445
Core-86,size_bm_25,25 Size–B/M,8,0.6,20260927,1.892249168
Core-86,size_bm_25,25 Size–B/M,8,0.6,20260928,1.690694843
Core-86,size_bm_25,25 Size–B/M,8,0.65,20260924,2.110147192
Core-86,size_bm_25,25 Size–B/M,8,0.65,20260925,2.148934831
Core-86,size_bm_25,25 Size–B/M,8,0.65,20260926,2.250915892
Core-86,size_bm_25,25 Size–B/M,8,0.65,20260927,1.886210078
Core-86,size_bm_25,25 Size–B/M,8,0.65,20260928,1.725698719
Core-86,size_bm_25,25 Size–B/M,8,0.7,20260924,2.071103594
Core-86,size_bm_25,25 Size–B/M,8,0.7,20260925,2.105451471
Core-86,size_bm_25,25 Size–B/M,8,0.7,20260926,2.16523256
Core-86,size_bm_25,25 Size–B/M,8,0.7,20260927,1.879784068
Core-86,size_bm_25,25 Size–B/M,8,0.7,20260928,1.75506506
Core-86,size_bm_25,25 Size–B/M,8,0.75,20260924,2.033419814
Core-86,size_bm_25,25 Size–B/M,8,0.75,20260925,2.065952374
Core-86,size_bm_25,25 Size–B/M,8,0.75,20260926,2.085109072
Core-86,size_bm_25,25 Size–B/M,8,0.75,20260927,1.873132688
Core-86,size_bm_25,25 Size–B/M,8,0.75,20260928,1.778891922
Core-86,size_bm_25,25 Size–B/M,8,0.8,20260924,1.997729192
Core-86,size_bm_25,25 Size–B/M,8,0.8,20260925,2.030652819
Core-86,size_bm_25,25 Size–B/M,8,0.8,20260926,2.011742601
Core-86,size_bm_25,25 Size–B/M,8,0.8,20260927,1.866386871
Core-86,size_bm_25,25 Size–B/M,8,0.8,20260928,1.797545208
Core-86,size_bm_25,25 Size–B/M,8,0.85,20260924,1.964430612
Core-86,size_bm_25,25 Size–B/M,8,0.85,20260925,1.999455885
Core-86,size_bm_25,25 Size–B/M,8,0.85,20260926,1.945748565
Core-86,size_bm_25,25 Size–B/M,8,0.85,20260927,1.85963865
Core-86,size_bm_25,25 Size–B/M,8,0.85,20260928,1.811556647
Core-86,size_bm_25,25 Size–B/M,8,0.9,20260924,1.933709881
Core-86,size_bm_25,25 Size–B/M,8,0.9,20260925,1.972040993
Core-86,size_bm_25,25 Size–B/M,8,0.9,20260926,1.887234621
Core-86,size_bm_25,25 Size–B/M,8,0.9,20260927,1.852940719
Core-86,size_bm_25,25 Size–B/M,8,0.9,20260928,1.82153152
Core-86,size_bm_25,25 Size–B/M,8,0.95,20260924,1.905581233
Core-86,size_bm_25,25 Size–B/M,8,0.95,20260925,1.947955737
Core-86,size_bm_25,25 Size–B/M,8,0.95,20260926,1.835917759
Core-86,size_bm_25,25 Size–B/M,8,0.95,20260927,1.846311371
Core-86,size_bm_25,25 Size–B/M,8,0.95,20260928,1.828078003
Core-86,size_bm_25,25 Size–B/M,8,1,20260924,1.879935159
Core-86,size_bm_25,25 Size–B/M,8,1,20260925,1.926693913
Core-86,size_bm_25,25 Size–B/M,8,1,20260926,1.791251913
Core-86,size_bm_25,25 Size–B/M,8,1,20260927,1.839742095
Core-86,size_bm_25,25 Size–B/M,8,1,20260928,1.831760924
Core-86,industry_49,49 Industries,1,0,20260924,3.381836998
Core-86,industry_49,49 Industries,1,0,20260925,3.827259642
Core-86,industry_49,49 Industries,1,0,20260926,3.445743777
Core-86,industry_49,49 Industries,1,0,20260927,3.017097582
Core-86,industry_49,49 Industries,1,0,20260928,3.651396791
Core-86,industry_49,49 Industries,1,0.05,20260924,3.359761143
Core-86,industry_49,49 Industries,1,0.05,20260925,3.795620869
Core-86,industry_49,49 Industries,1,0.05,20260926,3.408786546
Core-86,industry_49,49 Industries,1,0.05,20260927,2.9974855
Core-86,industry_49,49 Industries,1,0.05,20260928,3.626076477
Core-86,industry_49,49 Industries,1,0.1,20260924,3.331151923
Core-86,industry_49,49 Industries,1,0.1,20260925,3.756807572
Core-86,industry_49,49 Industries,1,0.1,20260926,3.366296587
Core-86,industry_49,49 Industries,1,0.1,20260927,2.973001203
Core-86,industry_49,49 Industries,1,0.1,20260928,3.593541562
Core-86,industry_49,49 Industries,1,0.15,20260924,3.2957577
Core-86,industry_49,49 Industries,1,0.15,20260925,3.710590633
Core-86,industry_49,49 Industries,1,0.15,20260926,3.318288992
Core-86,industry_49,49 Industries,1,0.15,20260927,2.943518811
Core-86,industry_49,49 Industries,1,0.15,20260928,3.55353298
Core-86,industry_49,49 Industries,1,0.2,20260924,3.253546948
Core-86,industry_49,49 Industries,1,0.2,20260925,3.656977922
Core-86,industry_49,49 Industries,1,0.2,20260926,3.264975162
Core-86,industry_49,49 Industries,1,0.2,20260927,2.909082847
Core-86,industry_49,49 Industries,1,0.2,20260928,3.506035413
Core-86,industry_49,49 Industries,1,0.25,20260924,3.204734451
Core-86,industry_49,49 Industries,1,0.25,20260925,3.59623986
Core-86,industry_49,49 Industries,1,0.25,20260926,3.206771943
Core-86,industry_49,49 Industries,1,0.25,20260927,2.869923869
Core-86,industry_49,49 Industries,1,0.25,20260928,3.451305207
Core-86,industry_49,49 Industries,1,0.3,20260924,3.14978807
Core-86,industry_49,49 Industries,1,0.3,20260925,3.528913958
Core-86,industry_49,49 Industries,1,0.3,20260926,3.144292687
Core-86,industry_49,49 Industries,1,0.3,20260927,2.826458472
Core-86,industry_49,49 Industries,1,0.3,20260928,3.389876822
Core-86,industry_49,49 Industries,1,0.35,20260924,3.089413348
Core-86,industry_49,49 Industries,1,0.35,20260925,3.455785744
Core-86,industry_49,49 Industries,1,0.35,20260926,3.07831949
Core-86,industry_49,49 Industries,1,0.35,20260927,2.779272096
Core-86,industry_49,49 Industries,1,0.35,20260928,3.322544929
Core-86,industry_49,49 Industries,1,0.4,20260924,3.024516673
Core-86,industry_49,49 Industries,1,0.4,20260925,3.377847238
Core-86,industry_49,49 Industries,1,0.4,20260926,3.009759047
Core-86,industry_49,49 Industries,1,0.4,20260927,2.729085833
Core-86,industry_49,49 Industries,1,0.4,20260928,3.250323057
Core-86,industry_49,49 Industries,1,0.45,20260924,2.956151244
Core-86,industry_49,49 Industries,1,0.45,20260925,3.296237836
Core-86,industry_49,49 Industries,1,0.45,20260926,2.939587368
Core-86,industry_49,49 Industries,1,0.45,20260927,2.676711195
Core-86,industry_49,49 Industries,1,0.45,20260928,3.17438353
Core-86,industry_49,49 Industries,1,0.5,20260924,2.885452703
Core-86,industry_49,49 Industries,1,0.5,20260925,3.21217521
Core-86,industry_49,49 Industries,1,0.5,20260926,2.868790427
Core-86,industry_49,49 Industries,1,0.5,20260927,2.62299867
Core-86,industry_49,49 Industries,1,0.5,20260928,3.095986304
Core-86,industry_49,49 Industries,1,0.55,20260924,2.813572463
Core-86,industry_49,49 Industries,1,0.55,20260925,3.126884835
Core-86,industry_49,49 Industries,1,0.55,20260926,2.79830803
Core-86,industry_49,49 Industries,1,0.55,20260927,2.568786588
Core-86,industry_49,49 Industries,1,0.55,20260928,3.016405525
Core-86,industry_49,49 Industries,1,0.6,20260924,2.741616225
Core-86,industry_49,49 Industries,1,0.6,20260925,3.041536091
Core-86,industry_49,49 Industries,1,0.6,20260926,2.728987069
Core-86,industry_49,49 Industries,1,0.6,20260927,2.51485611
Core-86,industry_49,49 Industries,1,0.6,20260928,2.936862028
Core-86,industry_49,49 Industries,1,0.65,20260924,2.670593417
Core-86,industry_49,49 Industries,1,0.65,20260925,2.957190762
Core-86,industry_49,49 Industries,1,0.65,20260926,2.661548067
Core-86,industry_49,49 Industries,1,0.65,20260927,2.461896487
Core-86,industry_49,49 Industries,1,0.65,20260928,2.858468008
Core-86,industry_49,49 Industries,1,0.7,20260924,2.601380786
Core-86,industry_49,49 Industries,1,0.7,20260925,2.874767067
Core-86,industry_49,49 Industries,1,0.7,20260926,2.596566464
Core-86,industry_49,49 Industries,1,0.7,20260927,2.410482602
Core-86,industry_49,49 Industries,1,0.7,20260928,2.782187381
Core-86,industry_49,49 Industries,1,0.75,20260924,2.534700945
Core-86,industry_49,49 Industries,1,0.75,20260925,2.795019675
Core-86,industry_49,49 Industries,1,0.75,20260926,2.534467798
Core-86,industry_49,49 Industries,1,0.75,20260927,2.361064783
Core-86,industry_49,49 Industries,1,0.75,20260928,2.708812656
Core-86,industry_49,49 Industries,1,0.8,20260924,2.471114705
Core-86,industry_49,49 Industries,1,0.8,20260925,2.718534125
Core-86,industry_49,49 Industries,1,0.8,20260926,2.47553437
Core-86,industry_49,49 Industries,1,0.8,20260927,2.313969322
Core-86,industry_49,49 Industries,1,0.8,20260928,2.638956975
Core-86,industry_49,49 Industries,1,0.85,20260924,2.411024747
Core-86,industry_49,49 Industries,1,0.85,20260925,2.645732799
Core-86,industry_49,49 Industries,1,0.85,20260926,2.419920188
Core-86,industry_49,49 Industries,1,0.85,20260927,2.269407242
Core-86,industry_49,49 Industries,1,0.85,20260928,2.573058656
Core-86,industry_49,49 Industries,1,0.9,20260924,2.354687688
Core-86,industry_49,49 Industries,1,0.9,20260925,2.576889116
Core-86,industry_49,49 Industries,1,0.9,20260926,2.367670868
Core-86,industry_49,49 Industries,1,0.9,20260927,2.22748856
Core-86,industry_49,49 Industries,1,0.9,20260928,2.511394922
Core-86,industry_49,49 Industries,1,0.95,20260924,2.302231553
Core-86,industry_49,49 Industries,1,0.95,20260925,2.512146759
Core-86,industry_49,49 Industries,1,0.95,20260926,2.318745556
Core-86,industry_49,49 Industries,1,0.95,20260927,2.188239473
Core-86,industry_49,49 Industries,1,0.95,20260928,2.454101564
Core-86,industry_49,49 Industries,1,1,20260924,2.253676061
Core-86,industry_49,49 Industries,1,1,20260925,2.451541184
Core-86,industry_49,49 Industries,1,1,20260926,2.273038604
Core-86,industry_49,49 Industries,1,1,20260927,2.151620337
Core-86,industry_49,49 Industries,1,1,20260928,2.401195654
Core-86,industry_49,49 Industries,2,0,20260924,2.684101812
Core-86,industry_49,49 Industries,2,0,20260925,2.885753393
Core-86,industry_49,49 Industries,2,0,20260926,3.282229679
Core-86,industry_49,49 Industries,2,0,20260927,2.707540529
Core-86,industry_49,49 Industries,2,0,20260928,3.260397277
Core-86,industry_49,49 Industries,2,0.05,20260924,2.702507181
Core-86,industry_49,49 Industries,2,0.05,20260925,2.921860851
Core-86,industry_49,49 Industries,2,0.05,20260926,3.285102787
Core-86,industry_49,49 Industries,2,0.05,20260927,2.747166815
Core-86,industry_49,49 Industries,2,0.05,20260928,3.265618432
Core-86,industry_49,49 Industries,2,0.1,20260924,2.715580661
Core-86,industry_49,49 Industries,2,0.1,20260925,2.95130285
Core-86,industry_49,49 Industries,2,0.1,20260926,3.282123486
Core-86,industry_49,49 Industries,2,0.1,20260927,2.780954182
Core-86,industry_49,49 Industries,2,0.1,20260928,3.263993618
Core-86,industry_49,49 Industries,2,0.15,20260924,2.722753796
Core-86,industry_49,49 Industries,2,0.15,20260925,2.97319015
Core-86,industry_49,49 Industries,2,0.15,20260926,3.272762681
Core-86,industry_49,49 Industries,2,0.15,20260927,2.807976905
Core-86,industry_49,49 Industries,2,0.15,20260928,3.254957257
Core-86,industry_49,49 Industries,2,0.2,20260924,2.723626678
Core-86,industry_49,49 Industries,2,0.2,20260925,2.986819778
Core-86,industry_49,49 Industries,2,0.2,20260926,3.256670811
Core-86,industry_49,49 Industries,2,0.2,20260927,2.827472564
Core-86,industry_49,49 Industries,2,0.2,20260928,3.238160771
Core-86,industry_49,49 Industries,2,0.25,20260924,2.71800674
Core-86,industry_49,49 Industries,2,0.25,20260925,2.991730352
Core-86,industry_49,49 Industries,2,0.25,20260926,3.23371547
Core-86,industry_49,49 Industries,2,0.25,20260927,2.838898979
Core-86,industry_49,49 Industries,2,0.25,20260928,3.213514318
Core-86,industry_49,49 Industries,2,0.3,20260924,2.705932763
Core-86,industry_49,49 Industries,2,0.3,20260925,2.987741553
Core-86,industry_49,49 Industries,2,0.3,20260926,3.204002978
Core-86,industry_49,49 Industries,2,0.3,20260927,2.841977243
Core-86,industry_49,49 Industries,2,0.3,20260928,3.18120966
Core-86,industry_49,49 Industries,2,0.35,20260924,2.687679748
Core-86,industry_49,49 Industries,2,0.35,20260925,2.974971635
Core-86,industry_49,49 Industries,2,0.35,20260926,3.167879773
Core-86,industry_49,49 Industries,2,0.35,20260927,2.836714503
Core-86,industry_49,49 Industries,2,0.35,20260928,3.141719599
Core-86,industry_49,49 Industries,2,0.4,20260924,2.663743198
Core-86,industry_49,49 Industries,2,0.4,20260925,2.953830003
Core-86,industry_49,49 Industries,2,0.4,20260926,3.1259126
Core-86,industry_49,49 Industries,2,0.4,20260927,2.823403009
Core-86,industry_49,49 Industries,2,0.4,20260928,3.095772984
Core-86,industry_49,49 Industries,2,0.45,20260924,2.634804606
Core-86,industry_49,49 Industries,2,0.45,20260925,2.92498582
Core-86,industry_49,49 Industries,2,0.45,20260926,3.078849901
Core-86,industry_49,49 Industries,2,0.45,20260927,2.802595665
Core-86,industry_49,49 Industries,2,0.45,20260928,3.044308163
Core-86,industry_49,49 Industries,2,0.5,20260924,2.601682887
Core-86,industry_49,49 Industries,2,0.5,20260925,2.889317336
Core-86,industry_49,49 Industries,2,0.5,20260926,3.027569787
Core-86,industry_49,49 Industries,2,0.5,20260927,2.775061946
Core-86,industry_49,49 Industries,2,0.5,20260928,2.988411095
Core-86,industry_49,49 Industries,2,0.55,20260924,2.565278323
Core-86,industry_49,49 Industries,2,0.55,20260925,2.847849173
Core-86,industry_49,49 Industries,2,0.55,20260926,2.973021665
Core-86,industry_49,49 Industries,2,0.55,20260927,2.741730702
Core-86,industry_49,49 Industries,2,0.55,20260928,2.929246221
Core-86,industry_49,49 Industries,2,0.6,20260924,2.526515974
Core-86,industry_49,49 Industries,2,0.6,20260925,2.801685728
Core-86,industry_49,49 Industries,2,0.6,20260926,2.916168757
Core-86,industry_49,49 Industries,2,0.6,20260927,2.703627493
Core-86,industry_49,49 Industries,2,0.6,20260928,2.867988391
Core-86,industry_49,49 Industries,2,0.65,20260924,2.486294599
Core-86,industry_49,49 Industries,2,0.65,20260925,2.751948147
Core-86,industry_49,49 Industries,2,0.65,20260926,2.857937546
Core-86,industry_49,49 Industries,2,0.65,20260927,2.661813655
Core-86,industry_49,49 Industries,2,0.65,20260928,2.805762752
Core-86,industry_49,49 Industries,2,0.7,20260924,2.4454453
Core-86,industry_49,49 Industries,2,0.7,20260925,2.699720428
Core-86,industry_49,49 Industries,2,0.7,20260926,2.79917812
Core-86,industry_49,49 Industries,2,0.7,20260927,2.617332706
Core-86,industry_49,49 Industries,2,0.7,20260928,2.74359722
Core-86,industry_49,49 Industries,2,0.75,20260924,2.404702018
Core-86,industry_49,49 Industries,2,0.75,20260925,2.646007862
Core-86,industry_49,49 Industries,2,0.75,20260926,2.740637142
Core-86,industry_49,49 Industries,2,0.75,20260927,2.571167518
Core-86,industry_49,49 Industries,2,0.75,20260928,2.682389601
Core-86,industry_49,49 Industries,2,0.8,20260924,2.364684074
Core-86,industry_49,49 Industries,2,0.8,20260925,2.591708743
Core-86,industry_49,49 Industries,2,0.8,20260926,2.682943165
Core-86,industry_49,49 Industries,2,0.8,20260927,2.524209576
Core-86,industry_49,49 Industries,2,0.8,20260928,2.622889194
Core-86,industry_49,49 Industries,2,0.85,20260924,2.325889542
Core-86,industry_49,49 Industries,2,0.85,20260925,2.53759852
Core-86,industry_49,49 Industries,2,0.85,20260926,2.626602668
Core-86,industry_49,49 Industries,2,0.85,20260927,2.477239924
Core-86,industry_49,49 Industries,2,0.85,20260928,2.565691161
Core-86,industry_49,49 Industries,2,0.9,20260924,2.288697401
Core-86,industry_49,49 Industries,2,0.9,20260925,2.484324475
Core-86,industry_49,49 Industries,2,0.9,20260926,2.572004428
Core-86,industry_49,49 Industries,2,0.9,20260927,2.430920281
Core-86,industry_49,49 Industries,2,0.9,20260928,2.511241018
Core-86,industry_49,49 Industries,2,0.95,20260924,2.253376111
Core-86,industry_49,49 Industries,2,0.95,20260925,2.432408513
Core-86,industry_49,49 Industries,2,0.95,20260926,2.519429667
Core-86,industry_49,49 Industries,2,0.95,20260927,2.385792275
Core-86,industry_49,49 Industries,2,0.95,20260928,2.459846416
Core-86,industry_49,49 Industries,2,1,20260924,2.220096315
Core-86,industry_49,49 Industries,2,1,20260925,2.38225562
Core-86,industry_49,49 Industries,2,1,20260926,2.469065638
Core-86,industry_49,49 Industries,2,1,20260927,2.342282621
Core-86,industry_49,49 Industries,2,1,20260928,2.411693496
Core-86,industry_49,49 Industries,3,0,20260924,3.172972393
Core-86,industry_49,49 Industries,3,0,20260925,3.453310781
Core-86,industry_49,49 Industries,3,0,20260926,3.074103174
Core-86,industry_49,49 Industries,3,0,20260927,2.755587248
Core-86,industry_49,49 Industries,3,0,20260928,3.297360919
Core-86,industry_49,49 Industries,3,0.05,20260924,3.146382171
Core-86,industry_49,49 Industries,3,0.05,20260925,3.435572555
Core-86,industry_49,49 Industries,3,0.05,20260926,3.099017851
Core-86,industry_49,49 Industries,3,0.05,20260927,2.768646936
Core-86,industry_49,49 Industries,3,0.05,20260928,3.284591768
Core-86,industry_49,49 Industries,3,0.1,20260924,3.114709333
Core-86,industry_49,49 Industries,3,0.1,20260925,3.411706121
Core-86,industry_49,49 Industries,3,0.1,20260926,3.117689753
Core-86,industry_49,49 Industries,3,0.1,20260927,2.777052623
Core-86,industry_49,49 Industries,3,0.1,20260928,3.265626037
Core-86,industry_49,49 Industries,3,0.15,20260924,3.077830014
Core-86,industry_49,49 Industries,3,0.15,20260925,3.381417442
Core-86,industry_49,49 Industries,3,0.15,20260926,3.129349239
Core-86,industry_49,49 Industries,3,0.15,20260927,2.780208007
Core-86,industry_49,49 Industries,3,0.15,20260928,3.240119806
Core-86,industry_49,49 Industries,3,0.2,20260924,3.035791473
Core-86,industry_49,49 Industries,3,0.2,20260925,3.344613838
Core-86,industry_49,49 Industries,3,0.2,20260926,3.133408578
Core-86,industry_49,49 Industries,3,0.2,20260927,2.777657222
Core-86,industry_49,49 Industries,3,0.2,20260928,3.207932555
Core-86,industry_49,49 Industries,3,0.25,20260924,2.988828278
Core-86,industry_49,49 Industries,3,0.25,20260925,3.301430856
Core-86,industry_49,49 Industries,3,0.25,20260926,3.129511607
Core-86,industry_49,49 Industries,3,0.25,20260927,2.769125276
Core-86,industry_49,49 Industries,3,0.25,20260928,3.169157058
Core-86,industry_49,49 Industries,3,0.3,20260924,2.937363011
Core-86,industry_49,49 Industries,3,0.3,20260925,3.252241113
Core-86,industry_49,49 Industries,3,0.3,20260926,3.117567499
Core-86,industry_49,49 Industries,3,0.3,20260927,2.754545985
Core-86,industry_49,49 Industries,3,0.3,20260928,3.12413129
Core-86,industry_49,49 Industries,3,0.35,20260924,2.881989862
Core-86,industry_49,49 Industries,3,0.35,20260925,3.197642295
Core-86,industry_49,49 Industries,3,0.35,20260926,3.097763199
Core-86,industry_49,49 Industries,3,0.35,20260927,2.734072901
Core-86,industry_49,49 Industries,3,0.35,20260928,3.073429156
Core-86,industry_49,49 Industries,3,0.4,20260924,2.823442302
Core-86,industry_49,49 Industries,3,0.4,20260925,3.138424754
Core-86,industry_49,49 Industries,3,0.4,20260926,3.070552112
Core-86,industry_49,49 Industries,3,0.4,20260927,2.708071211
Core-86,industry_49,49 Industries,3,0.4,20260928,3.017830169
Core-86,industry_49,49 Industries,3,0.45,20260924,2.762548696
Core-86,industry_49,49 Industries,3,0.45,20260925,3.075522537
Core-86,industry_49,49 Industries,3,0.45,20260926,3.036620506
Core-86,industry_49,49 Industries,3,0.45,20260927,2.67709167
Core-86,industry_49,49 Industries,3,0.45,20260928,2.958271607
Core-86,industry_49,49 Industries,3,0.5,20260924,2.700181608
Core-86,industry_49,49 Industries,3,0.5,20260925,3.009954247
Core-86,industry_49,49 Industries,3,0.5,20260926,2.996836494
Core-86,industry_49,49 Industries,3,0.5,20260927,2.641830411
Core-86,industry_49,49 Industries,3,0.5,20260928,2.895789412
Core-86,industry_49,49 Industries,3,0.55,20260924,2.637207207
Core-86,industry_49,49 Industries,3,0.55,20260925,2.942761327
Core-86,industry_49,49 Industries,3,0.55,20260926,2.952188811
Core-86,industry_49,49 Industries,3,0.55,20260927,2.60308037
Core-86,industry_49,49 Industries,3,0.55,20260928,2.831455409
Core-86,industry_49,49 Industries,3,0.6,20260924,2.574440468
Core-86,industry_49,49 Industries,3,0.6,20260925,2.874950911
Core-86,industry_49,49 Industries,3,0.6,20260926,2.90372324
Core-86,industry_49,49 Industries,3,0.6,20260927,2.561680627
Core-86,industry_49,49 Industries,3,0.6,20260928,2.766318165
Core-86,industry_49,49 Industries,3,0.65,20260924,2.512610235
Core-86,industry_49,49 Industries,3,0.65,20260925,2.807448741
Core-86,industry_49,49 Industries,3,0.65,20260926,2.8524837
Core-86,industry_49,49 Industries,3,0.65,20260927,2.518469272
Core-86,industry_49,49 Industries,3,0.65,20260928,2.701353196
Core-86,industry_49,49 Industries,3,0.7,20260924,2.452336105
Core-86,industry_49,49 Industries,3,0.7,20260925,2.741065254
Core-86,industry_49,49 Industries,3,0.7,20260926,2.799463071
Core-86,industry_49,49 Industries,3,0.7,20260927,2.474243877
Core-86,industry_49,49 Industries,3,0.7,20260928,2.637426007
Core-86,industry_49,49 Industries,3,0.75,20260924,2.394117116
Core-86,industry_49,49 Industries,3,0.75,20260925,2.676475639
Core-86,industry_49,49 Industries,3,0.75,20260926,2.745566477
Core-86,industry_49,49 Industries,3,0.75,20260927,2.429731799
Core-86,industry_49,49 Industries,3,0.75,20260928,2.575269011
Core-86,industry_49,49 Industries,3,0.8,20260924,2.338330764
Core-86,industry_49,49 Industries,3,0.8,20260925,2.614212708
Core-86,industry_49,49 Industries,3,0.8,20260926,2.691587589
Core-86,industry_49,49 Industries,3,0.8,20260927,2.385570776
Core-86,industry_49,49 Industries,3,0.8,20260928,2.515471506
Core-86,industry_49,49 Industries,3,0.85,20260924,2.285239989
Core-86,industry_49,49 Industries,3,0.85,20260925,2.554670268
Core-86,industry_49,49 Industries,3,0.85,20260926,2.638196865
Core-86,industry_49,49 Industries,3,0.85,20260927,2.342298994
Core-86,industry_49,49 Industries,3,0.85,20260928,2.458480554
Core-86,industry_49,49 Industries,3,0.9,20260924,2.235005542
Core-86,industry_49,49 Industries,3,0.9,20260925,2.498114129
Core-86,industry_49,49 Industries,3,0.9,20260926,2.585939632
Core-86,industry_49,49 Industries,3,0.9,20260927,2.300352996
Core-86,industry_49,49 Industries,3,0.9,20260928,2.404610044
Core-86,industry_49,49 Industries,3,0.95,20260924,2.187701304
Core-86,industry_49,49 Industries,3,0.95,20260925,2.444697914
Core-86,industry_49,49 Industries,3,0.95,20260926,2.535241553
Core-86,industry_49,49 Industries,3,0.95,20260927,2.260071516
Core-86,industry_49,49 Industries,3,0.95,20260928,2.354055155
Core-86,industry_49,49 Industries,3,1,20260924,2.143330575
Core-86,industry_49,49 Industries,3,1,20260925,2.39448123
Core-86,industry_49,49 Industries,3,1,20260926,2.486419054
Core-86,industry_49,49 Industries,3,1,20260927,2.22170333
Core-86,industry_49,49 Industries,3,1,20260928,2.306909737
Core-86,industry_49,49 Industries,4,0,20260924,2.917402742
Core-86,industry_49,49 Industries,4,0,20260925,3.985350957
Core-86,industry_49,49 Industries,4,0,20260926,3.452375656
Core-86,industry_49,49 Industries,4,0,20260927,2.625675729
Core-86,industry_49,49 Industries,4,0,20260928,3.991209572
Core-86,industry_49,49 Industries,4,0.05,20260924,2.917906128
Core-86,industry_49,49 Industries,4,0.05,20260925,3.927206343
Core-86,industry_49,49 Industries,4,0.05,20260926,3.425054435
Core-86,industry_49,49 Industries,4,0.05,20260927,2.673665997
Core-86,industry_49,49 Industries,4,0.05,20260928,3.917594556
Core-86,industry_49,49 Industries,4,0.1,20260924,2.913499321
Core-86,industry_49,49 Industries,4,0.1,20260925,3.862104763
Core-86,industry_49,49 Industries,4,0.1,20260926,3.392339264
Core-86,industry_49,49 Industries,4,0.1,20260927,2.71493342
Core-86,industry_49,49 Industries,4,0.1,20260928,3.836613054
Core-86,industry_49,49 Industries,4,0.15,20260924,2.903718493
Core-86,industry_49,49 Industries,4,0.15,20260925,3.790249029
Core-86,industry_49,49 Industries,4,0.15,20260926,3.354121864
Core-86,industry_49,49 Industries,4,0.15,20260927,2.748503626
Core-86,industry_49,49 Industries,4,0.15,20260928,3.7486321
Core-86,industry_49,49 Industries,4,0.2,20260924,2.888249481
Core-86,industry_49,49 Industries,4,0.2,20260925,3.712101052
Core-86,industry_49,49 Industries,4,0.2,20260926,3.310478903
Core-86,industry_49,49 Industries,4,0.2,20260927,2.773586457
Core-86,industry_49,49 Industries,4,0.2,20260928,3.654303599
Core-86,industry_49,49 Industries,4,0.25,20260924,2.866961158
Core-86,industry_49,49 Industries,4,0.25,20260925,3.628384419
Core-86,industry_49,49 Industries,4,0.25,20260926,3.261687326
Core-86,industry_49,49 Industries,4,0.25,20260927,2.789635746
Core-86,industry_49,49 Industries,4,0.25,20260928,3.554560953
Core-86,industry_49,49 Industries,4,0.3,20260924,2.839925408
Core-86,industry_49,49 Industries,4,0.3,20260925,3.540063127
Core-86,industry_49,49 Industries,4,0.3,20260926,3.208222681
Core-86,industry_49,49 Industries,4,0.3,20260927,2.796393865
Core-86,industry_49,49 Industries,4,0.3,20260928,3.450589798
Core-86,industry_49,49 Industries,4,0.35,20260924,2.807420023
Core-86,industry_49,49 Industries,4,0.35,20260925,3.448296569
Core-86,industry_49,49 Industries,4,0.35,20260926,3.150738969
Core-86,industry_49,49 Industries,4,0.35,20260927,2.79391437
Core-86,industry_49,49 Industries,4,0.35,20260928,3.343773613
Core-86,industry_49,49 Industries,4,0.4,20260924,2.769913462
Core-86,industry_49,49 Industries,4,0.4,20260925,3.354374842
Core-86,industry_49,49 Industries,4,0.4,20260926,3.09003157
Core-86,industry_49,49 Industries,4,0.4,20260927,2.782559143
Core-86,industry_49,49 Industries,4,0.4,20260928,3.235619185
Core-86,industry_49,49 Industries,4,0.45,20260924,2.728033356
Core-86,industry_49,49 Industries,4,0.45,20260925,3.259641952
Core-86,industry_49,49 Industries,4,0.45,20260926,3.026987703
Core-86,industry_49,49 Industries,4,0.45,20260927,2.7629704
Core-86,industry_49,49 Industries,4,0.45,20260928,3.127670449
Core-86,industry_49,49 Industries,4,0.5,20260924,2.682523206
Core-86,industry_49,49 Industries,4,0.5,20260925,3.165416387
Core-86,industry_49,49 Industries,4,0.5,20260926,2.962530838
Core-86,industry_49,49 Industries,4,0.5,20260927,2.736021796
Core-86,industry_49,49 Industries,4,0.5,20260928,3.021421032
Core-86,industry_49,49 Industries,4,0.55,20260924,2.634193211
Core-86,industry_49,49 Industries,4,0.55,20260925,3.072918527
Core-86,industry_49,49 Industries,4,0.55,20260926,2.897566102
Core-86,industry_49,49 Industries,4,0.55,20260927,2.702755654
Core-86,industry_49,49 Industries,4,0.55,20260928,2.918235568
Core-86,industry_49,49 Industries,4,0.6,20260924,2.583871402
Core-86,industry_49,49 Industries,4,0.6,20260925,2.983212499
Core-86,industry_49,49 Industries,4,0.6,20260926,2.832932848
Core-86,industry_49,49 Industries,4,0.6,20260927,2.664314528
Core-86,industry_49,49 Industries,4,0.6,20260928,2.819287716
Core-86,industry_49,49 Industries,4,0.65,20260924,2.532360227
Core-86,industry_49,49 Industries,4,0.65,20260925,2.897167082
Core-86,industry_49,49 Industries,4,0.65,20260926,2.769368639
Core-86,industry_49,49 Industries,4,0.65,20260927,2.621874806
Core-86,industry_49,49 Industries,4,0.65,20260928,2.725519499
Core-86,industry_49,49 Industries,4,0.7,20260924,2.480402065
Core-86,industry_49,49 Industries,4,0.7,20260925,2.815436888
Core-86,industry_49,49 Industries,4,0.7,20260926,2.707486616
Core-86,industry_49,49 Industries,4,0.7,20260927,2.57658836
Core-86,industry_49,49 Industries,4,0.7,20260928,2.637623042
Core-86,industry_49,49 Industries,4,0.75,20260924,2.428655217
Core-86,industry_49,49 Industries,4,0.75,20260925,2.7384622
Core-86,industry_49,49 Industries,4,0.75,20260926,2.647765967
Core-86,industry_49,49 Industries,4,0.75,20260927,2.529535916
Core-86,industry_49,49 Industries,4,0.75,20260928,2.556042743
Core-86,industry_49,49 Industries,4,0.8,20260924,2.377680233
Core-86,industry_49,49 Industries,4,0.8,20260925,2.666483827
Core-86,industry_49,49 Industries,4,0.8,20260926,2.590553669
Core-86,industry_49,49 Industries,4,0.8,20260927,2.481693571
Core-86,industry_49,49 Industries,4,0.8,20260928,2.480993856
Core-86,industry_49,49 Industries,4,0.85,20260924,2.32793529
Core-86,industry_49,49 Industries,4,0.85,20260925,2.599568423
Core-86,industry_49,49 Industries,4,0.85,20260926,2.536074733
Core-86,industry_49,49 Industries,4,0.85,20260927,2.433912047
Core-86,industry_49,49 Industries,4,0.85,20260928,2.412492479
Core-86,industry_49,49 Industries,4,0.9,20260924,2.279778664
Core-86,industry_49,49 Industries,4,0.9,20260925,2.537639653
Core-86,industry_49,49 Industries,4,0.9,20260926,2.484447965
Core-86,industry_49,49 Industries,4,0.9,20260927,2.38690708
Core-86,industry_49,49 Industries,4,0.9,20260928,2.350391906
Core-86,industry_49,49 Industries,4,0.95,20260924,2.233476198
Core-86,industry_49,49 Industries,4,0.95,20260925,2.480511206
Core-86,industry_49,49 Industries,4,0.95,20260926,2.435704504
Core-86,industry_49,49 Industries,4,0.95,20260927,2.341258757
Core-86,industry_49,49 Industries,4,0.95,20260928,2.294420922
Core-86,industry_49,49 Industries,4,1,20260924,2.189211815
Core-86,industry_49,49 Industries,4,1,20260925,2.427918571
Core-86,industry_49,49 Industries,4,1,20260926,2.389806915
Core-86,industry_49,49 Industries,4,1,20260927,2.297417485
Core-86,industry_49,49 Industries,4,1,20260928,2.244220591
Core-86,industry_49,49 Industries,5,0,20260924,3.484866799
Core-86,industry_49,49 Industries,5,0,20260925,4.414219565
Core-86,industry_49,49 Industries,5,0,20260926,3.704517343
Core-86,industry_49,49 Industries,5,0,20260927,2.934791165
Core-86,industry_49,49 Industries,5,0,20260928,4.050321233
Core-86,industry_49,49 Industries,5,0.05,20260924,3.449244241
Core-86,industry_49,49 Industries,5,0.05,20260925,4.316623511
Core-86,industry_49,49 Industries,5,0.05,20260926,3.650184645
Core-86,industry_49,49 Industries,5,0.05,20260927,2.940745614
Core-86,industry_49,49 Industries,5,0.05,20260928,4.04459384
Core-86,industry_49,49 Industries,5,0.1,20260924,3.407644127
Core-86,industry_49,49 Industries,5,0.1,20260925,4.211047741
Core-86,industry_49,49 Industries,5,0.1,20260926,3.58961683
Core-86,industry_49,49 Industries,5,0.1,20260927,2.941423584
Core-86,industry_49,49 Industries,5,0.1,20260928,4.029507454
Core-86,industry_49,49 Industries,5,0.15,20260924,3.359991441
Core-86,industry_49,49 Industries,5,0.15,20260925,4.098160526
Core-86,industry_49,49 Industries,5,0.15,20260926,3.523042769
Core-86,industry_49,49 Industries,5,0.15,20260927,2.936328173
Core-86,industry_49,49 Industries,5,0.15,20260928,4.00443381
Core-86,industry_49,49 Industries,5,0.2,20260924,3.306415154
Core-86,industry_49,49 Industries,5,0.2,20260925,3.978957622
Core-86,industry_49,49 Industries,5,0.2,20260926,3.450930817
Core-86,industry_49,49 Industries,5,0.2,20260927,2.925128004
Core-86,industry_49,49 Industries,5,0.2,20260928,3.969034934
Core-86,industry_49,49 Industries,5,0.25,20260924,3.247263332
Core-86,industry_49,49 Industries,5,0.25,20260925,3.854744057
Core-86,industry_49,49 Industries,5,0.25,20260926,3.373988971
Core-86,industry_49,49 Industries,5,0.25,20260927,2.907692864
Core-86,industry_49,49 Industries,5,0.25,20260928,3.923311158
Core-86,industry_49,49 Industries,5,0.3,20260924,3.183099794
Core-86,industry_49,49 Industries,5,0.3,20260925,3.727085267
Core-86,industry_49,49 Industries,5,0.3,20260926,3.293142776
Core-86,industry_49,49 Industries,5,0.3,20260927,2.884114663
Core-86,industry_49,49 Industries,5,0.3,20260928,3.867624098
Core-86,industry_49,49 Industries,5,0.35,20260924,3.114680915
Core-86,industry_49,49 Industries,5,0.35,20260925,3.597730012
Core-86,industry_49,49 Industries,5,0.35,20260926,3.209491246
Core-86,industry_49,49 Industries,5,0.35,20260927,2.854709772
Core-86,industry_49,49 Industries,5,0.35,20260928,3.802689511
Core-86,industry_49,49 Industries,5,0.4,20260924,3.04291439
Core-86,industry_49,49 Industries,5,0.4,20260925,3.468512402
Core-86,industry_49,49 Industries,5,0.4,20260926,3.124244865
Core-86,industry_49,49 Industries,5,0.4,20260927,2.820001656
Core-86,industry_49,49 Industries,5,0.4,20260928,3.729539516
Core-86,industry_49,49 Industries,5,0.45,20260924,2.968804833
Core-86,industry_49,49 Industries,5,0.45,20260925,3.341244201
Core-86,industry_49,49 Industries,5,0.45,20260926,3.038652881
Core-86,industry_49,49 Industries,5,0.45,20260927,2.780685871
Core-86,industry_49,49 Industries,5,0.45,20260928,3.649458589
Core-86,industry_49,49 Industries,5,0.5,20260924,2.893393149
Core-86,industry_49,49 Industries,5,0.5,20260925,3.217610254
Core-86,industry_49,49 Industries,5,0.5,20260926,2.953928873
Core-86,industry_49,49 Industries,5,0.5,20260927,2.737582289
Core-86,industry_49,49 Industries,5,0.5,20260928,3.563901732
Core-86,industry_49,49 Industries,5,0.55,20260924,2.817697173
Core-86,industry_49,49 Industries,5,0.55,20260925,3.099079017
Core-86,industry_49,49 Industries,5,0.55,20260926,2.871183455
Core-86,industry_49,49 Industries,5,0.55,20260927,2.691581007
Core-86,industry_49,49 Industries,5,0.55,20260928,3.474405343
Core-86,industry_49,49 Industries,5,0.6,20260924,2.742660129
Core-86,industry_49,49 Industries,5,0.6,20260925,2.986837171
Core-86,industry_49,49 Industries,5,0.6,20260926,2.791371185
Core-86,industry_49,49 Industries,5,0.6,20260927,2.643588646
Core-86,industry_49,49 Industries,5,0.6,20260928,3.382501215
Core-86,industry_49,49 Industries,5,0.65,20260924,2.669111411
Core-86,industry_49,49 Industries,5,0.65,20260925,2.881752975
Core-86,industry_49,49 Industries,5,0.65,20260926,2.715255849
Core-86,industry_49,49 Industries,5,0.65,20260927,2.594480678
Core-86,industry_49,49 Industries,5,0.65,20260928,3.289642098
Core-86,industry_49,49 Industries,5,0.7,20260924,2.597741724
Core-86,industry_49,49 Industries,5,0.7,20260925,2.784368571
Core-86,industry_49,49 Industries,5,0.7,20260926,2.643395121
Core-86,industry_49,49 Industries,5,0.7,20260927,2.545063563
Core-86,industry_49,49 Industries,5,0.7,20260928,3.197144195
Core-86,industry_49,49 Industries,5,0.75,20260924,2.529092299
Core-86,industry_49,49 Industries,5,0.75,20260925,2.694917651
Core-86,industry_49,49 Industries,5,0.75,20260926,2.576142862
Core-86,industry_49,49 Industries,5,0.75,20260927,2.496048435
Core-86,industry_49,49 Industries,5,0.75,20260928,3.106148697
Core-86,industry_49,49 Industries,5,0.8,20260924,2.46355625
Core-86,industry_49,49 Industries,5,0.8,20260925,2.613362464
Core-86,industry_49,49 Industries,5,0.8,20260926,2.513665468
Core-86,industry_49,49 Industries,5,0.8,20260927,2.44803621
Core-86,industry_49,49 Industries,5,0.8,20260928,3.017601666
Core-86,industry_49,49 Industries,5,0.85,20260924,2.401389142
Core-86,industry_49,49 Industries,5,0.85,20260925,2.539443
Core-86,industry_49,49 Industries,5,0.85,20260926,2.455967806
Core-86,industry_49,49 Industries,5,0.85,20260927,2.401512732
Core-86,industry_49,49 Industries,5,0.85,20260928,2.932249747
Core-86,industry_49,49 Industries,5,0.9,20260924,2.342725643
Core-86,industry_49,49 Industries,5,0.9,20260925,2.472731409
Core-86,industry_49,49 Industries,5,0.9,20260926,2.402924294
Core-86,industry_49,49 Industries,5,0.9,20260927,2.356851839
Core-86,industry_49,49 Industries,5,0.9,20260928,2.850648159
Core-86,industry_49,49 Industries,5,0.95,20260924,2.287599352
Core-86,industry_49,49 Industries,5,0.95,20260925,2.412685733
Core-86,industry_49,49 Industries,5,0.95,20260926,2.354311268
Core-86,industry_49,49 Industries,5,0.95,20260927,2.314324029
Core-86,industry_49,49 Industries,5,0.95,20260928,2.77317726
Core-86,industry_49,49 Industries,5,1,20260924,2.235963459
Core-86,industry_49,49 Industries,5,1,20260925,2.358698626
Core-86,industry_49,49 Industries,5,1,20260926,2.309837715
Core-86,industry_49,49 Industries,5,1,20260927,2.274108585
Core-86,industry_49,49 Industries,5,1,20260928,2.700064293
Core-86,industry_49,49 Industries,8,0,20260924,3.463240293
Core-86,industry_49,49 Industries,8,0,20260925,3.444774205
Core-86,industry_49,49 Industries,8,0,20260926,4.033517629
Core-86,industry_49,49 Industries,8,0,20260927,2.912025516
Core-86,industry_49,49 Industries,8,0,20260928,2.886674125
Core-86,industry_49,49 Industries,8,0.05,20260924,3.418683016
Core-86,industry_49,49 Industries,8,0.05,20260925,3.413500864
Core-86,industry_49,49 Industries,8,0.05,20260926,3.963325354
Core-86,industry_49,49 Industries,8,0.05,20260927,2.910128511
Core-86,industry_49,49 Industries,8,0.05,20260928,2.932746808
Core-86,industry_49,49 Industries,8,0.1,20260924,3.368420763
Core-86,industry_49,49 Industries,8,0.1,20260925,3.377151051
Core-86,industry_49,49 Industries,8,0.1,20260926,3.885949756
Core-86,industry_49,49 Industries,8,0.1,20260927,2.903708668
Core-86,industry_49,49 Industries,8,0.1,20260928,2.97111583
Core-86,industry_49,49 Industries,8,0.15,20260924,3.31254901
Core-86,industry_49,49 Industries,8,0.15,20260925,3.33573624
Core-86,industry_49,49 Industries,8,0.15,20260926,3.801745876
Core-86,industry_49,49 Industries,8,0.15,20260927,2.892448431
Core-86,industry_49,49 Industries,8,0.15,20260928,3.001007831
Core-86,industry_49,49 Industries,8,0.2,20260924,3.251369604
Core-86,industry_49,49 Industries,8,0.2,20260925,3.289451786
Core-86,industry_49,49 Industries,8,0.2,20260926,3.71134898
Core-86,industry_49,49 Industries,8,0.2,20260927,2.876180462
Core-86,industry_49,49 Industries,8,0.2,20260928,3.021871067
Core-86,industry_49,49 Industries,8,0.25,20260924,3.185396368
Core-86,industry_49,49 Industries,8,0.25,20260925,3.238685065
Core-86,industry_49,49 Industries,8,0.25,20260926,3.615670791
Core-86,industry_49,49 Industries,8,0.25,20260927,2.854912454
Core-86,industry_49,49 Industries,8,0.25,20260928,3.033425412
Core-86,industry_49,49 Industries,8,0.3,20260924,3.115341735
Core-86,industry_49,49 Industries,8,0.3,20260925,3.184006381
Core-86,industry_49,49 Industries,8,0.3,20260926,3.515869844
Core-86,industry_49,49 Industries,8,0.3,20260927,2.828838182
Core-86,industry_49,49 Industries,8,0.3,20260928,3.035693393
Core-86,industry_49,49 Industries,8,0.35,20260924,3.042084125
Core-86,industry_49,49 Industries,8,0.35,20260925,3.126142015
Core-86,industry_49,49 Industries,8,0.35,20260926,3.413296753
Core-86,industry_49,49 Industries,8,0.35,20260927,2.798332072
Core-86,industry_49,49 Industries,8,0.35,20260928,3.029006597
Core-86,industry_49,49 Industries,8,0.4,20260924,2.966618997
Core-86,industry_49,49 Industries,8,0.4,20260925,3.065931815
Core-86,industry_49,49 Industries,8,0.4,20260926,3.309419405
Core-86,industry_49,49 Industries,8,0.4,20260927,2.763927163
Core-86,industry_49,49 Industries,8,0.4,20260928,3.013985402
Core-86,industry_49,49 Industries,8,0.45,20260924,2.889999382
Core-86,industry_49,49 Industries,8,0.45,20260925,3.004276449
Core-86,industry_49,49 Industries,8,0.45,20260926,3.205736674
Core-86,industry_49,49 Industries,8,0.45,20260927,2.726279138
Core-86,industry_49,49 Industries,8,0.45,20260928,2.991494223
Core-86,industry_49,49 Industries,8,0.5,20260924,2.813273352
Core-86,industry_49,49 Industries,8,0.5,20260925,2.942081112
Core-86,industry_49,49 Industries,8,0.5,20260926,3.103691112
Core-86,industry_49,49 Industries,8,0.5,20260927,2.686121256
Core-86,industry_49,49 Industries,8,0.5,20260928,2.962578279
Core-86,industry_49,49 Industries,8,0.55,20260924,2.737426014
Core-86,industry_49,49 Industries,8,0.55,20260925,2.880202725
Core-86,industry_49,49 Industries,8,0.55,20260926,3.004590789
Core-86,industry_49,49 Industries,8,0.55,20260927,2.644216215
Core-86,industry_49,49 Industries,8,0.55,20260928,2.928390354
Core-86,industry_49,49 Industries,8,0.6,20260924,2.6633322
Core-86,industry_49,49 Industries,8,0.6,20260925,2.81940645
Core-86,industry_49,49 Industries,8,0.6,20260926,2.909548313
Core-86,industry_49,49 Industries,8,0.6,20260927,2.601310768
Core-86,industry_49,49 Industries,8,0.6,20260928,2.890116641
Core-86,industry_49,49 Industries,8,0.65,20260924,2.591723655
Core-86,industry_49,49 Industries,8,0.65,20260925,2.760335215
Core-86,industry_49,49 Industries,8,0.65,20260926,2.81944169
Core-86,industry_49,49 Industries,8,0.65,20260927,2.558097707
Core-86,industry_49,49 Industries,8,0.65,20260928,2.848909631
Core-86,industry_49,49 Industries,8,0.7,20260924,2.523171908
Core-86,industry_49,49 Industries,8,0.7,20260925,2.703493456
Core-86,industry_49,49 Industries,8,0.7,20260926,2.734898047
Core-86,industry_49,49 Industries,8,0.7,20260927,2.515187998
Core-86,industry_49,49 Industries,8,0.7,20260928,2.805833734
Core-86,industry_49,49 Industries,8,0.75,20260924,2.458085673
Core-86,industry_49,49 Industries,8,0.75,20260925,2.649244149
Core-86,industry_49,49 Industries,8,0.75,20260926,2.656298093
Core-86,industry_49,49 Industries,8,0.75,20260927,2.473093921
Core-86,industry_49,49 Industries,8,0.75,20260928,2.761826567
Core-86,industry_49,49 Industries,8,0.8,20260924,2.396720047
Core-86,industry_49,49 Industries,8,0.8,20260925,2.597816656
Core-86,industry_49,49 Industries,8,0.8,20260926,2.583797107
Core-86,industry_49,49 Industries,8,0.8,20260927,2.432222491
Core-86,industry_49,49 Industries,8,0.8,20260928,2.717676316
Core-86,industry_49,49 Industries,8,0.85,20260924,2.339194034
Core-86,industry_49,49 Industries,8,0.85,20260925,2.549322206
Core-86,industry_49,49 Industries,8,0.85,20260926,2.517357194
Core-86,industry_49,49 Industries,8,0.85,20260927,2.392877379
Core-86,industry_49,49 Industries,8,0.85,20260928,2.674013635
Core-86,industry_49,49 Industries,8,0.9,20260924,2.285512865
Core-86,industry_49,49 Industries,8,0.9,20260925,2.503773758
Core-86,industry_49,49 Industries,8,0.9,20260926,2.456785556
Core-86,industry_49,49 Industries,8,0.9,20260927,2.355267079
Core-86,industry_49,49 Industries,8,0.9,20260928,2.631315401
Core-86,industry_49,49 Industries,8,0.95,20260924,2.235592052
Core-86,industry_49,49 Industries,8,0.95,20260925,2.461107425
Core-86,industry_49,49 Industries,8,0.95,20260926,2.401774198
Core-86,industry_49,49 Industries,8,0.95,20260927,2.319517025
Core-86,industry_49,49 Industries,8,0.95,20260928,2.58991712
Core-86,industry_49,49 Industries,8,1,20260924,2.189280814
Core-86,industry_49,49 Industries,8,1,20260925,2.421203291
Core-86,industry_49,49 Industries,8,1,20260926,2.351937552
Core-86,industry_49,49 Industries,8,1,20260927,2.28568364
Core-86,industry_49,49 Industries,8,1,20260928,2.550030872
Core-86,combined_74,Combined 74,1,0,20260924,4.037274537
Core-86,combined_74,Combined 74,1,0,20260925,4.660705905
Core-86,combined_74,Combined 74,1,0,20260926,4.207185852
Core-86,combined_74,Combined 74,1,0,20260927,3.683633473
Core-86,combined_74,Combined 74,1,0,20260928,4.450059966
Core-86,combined_74,Combined 74,1,0.05,20260924,4.017588456
Core-86,combined_74,Combined 74,1,0.05,20260925,4.624924927
Core-86,combined_74,Combined 74,1,0.05,20260926,4.162604451
Core-86,combined_74,Combined 74,1,0.05,20260927,3.658045342
Core-86,combined_74,Combined 74,1,0.05,20260928,4.418365836
Core-86,combined_74,Combined 74,1,0.1,20260924,3.989356892
Core-86,combined_74,Combined 74,1,0.1,20260925,4.578883318
Core-86,combined_74,Combined 74,1,0.1,20260926,4.109868814
Core-86,combined_74,Combined 74,1,0.1,20260927,3.625895908
Core-86,combined_74,Combined 74,1,0.1,20260928,4.376718001
Core-86,combined_74,Combined 74,1,0.15,20260924,3.95180433
Core-86,combined_74,Combined 74,1,0.15,20260925,4.521788816
Core-86,combined_74,Combined 74,1,0.15,20260926,4.048715657
Core-86,combined_74,Combined 74,1,0.15,20260927,3.586844854
Core-86,combined_74,Combined 74,1,0.15,20260928,4.324388547
Core-86,combined_74,Combined 74,1,0.2,20260924,3.90447985
Core-86,combined_74,Combined 74,1,0.2,20260925,4.453226676
Core-86,combined_74,Combined 74,1,0.2,20260926,3.979223405
Core-86,combined_74,Combined 74,1,0.2,20260927,3.540833072
Core-86,combined_74,Combined 74,1,0.2,20260928,4.261037379
Core-86,combined_74,Combined 74,1,0.25,20260924,3.84734853
Core-86,combined_74,Combined 74,1,0.25,20260925,4.373255936
Core-86,combined_74,Combined 74,1,0.25,20260926,3.901865758
Core-86,combined_74,Combined 74,1,0.25,20260927,3.488136958
Core-86,combined_74,Combined 74,1,0.25,20260928,4.186805991
Core-86,combined_74,Combined 74,1,0.3,20260924,3.780850186
Core-86,combined_74,Combined 74,1,0.3,20260925,4.282467447
Core-86,combined_74,Combined 74,1,0.3,20260926,3.817528116
Core-86,combined_74,Combined 74,1,0.3,20260927,3.429392184
Core-86,combined_74,Combined 74,1,0.3,20260928,4.102371743
Core-86,combined_74,Combined 74,1,0.35,20260924,3.705911084
Core-86,combined_74,Combined 74,1,0.35,20260925,4.181988718
Core-86,combined_74,Combined 74,1,0.35,20260926,3.727478158
Core-86,combined_74,Combined 74,1,0.35,20260927,3.365578008
Core-86,combined_74,Combined 74,1,0.35,20260928,4.008947877
Core-86,combined_74,Combined 74,1,0.4,20260924,3.62390225
Core-86,combined_74,Combined 74,1,0.4,20260925,4.073429996
Core-86,combined_74,Combined 74,1,0.4,20260926,3.633290536
Core-86,combined_74,Combined 74,1,0.4,20260927,3.297960441
Core-86,combined_74,Combined 74,1,0.4,20260928,3.908223966
Core-86,combined_74,Combined 74,1,0.45,20260924,3.536548645
Core-86,combined_74,Combined 74,1,0.45,20260925,3.958777882
Core-86,combined_74,Combined 74,1,0.45,20260926,3.536735448
Core-86,combined_74,Combined 74,1,0.45,20260927,3.228001213
Core-86,combined_74,Combined 74,1,0.45,20260928,3.802253439
Core-86,combined_74,Combined 74,1,0.5,20260924,3.445803184
Core-86,combined_74,Combined 74,1,0.5,20260925,3.84025328
Core-86,combined_74,Combined 74,1,0.5,20260926,3.4396484
Core-86,combined_74,Combined 74,1,0.5,20260927,3.157246596
Core-86,combined_74,Combined 74,1,0.5,20260928,3.693305328
Core-86,combined_74,Combined 74,1,0.55,20260924,3.353705441
Core-86,combined_74,Combined 74,1,0.55,20260925,3.720156332
Core-86,combined_74,Combined 74,1,0.55,20260926,3.343801416
Core-86,combined_74,Combined 74,1,0.55,20260927,3.087213525
Core-86,combined_74,Combined 74,1,0.55,20260928,3.583703222
Core-86,combined_74,Combined 74,1,0.6,20260924,3.262245323
Core-86,combined_74,Combined 74,1,0.6,20260925,3.600720593
Core-86,combined_74,Combined 74,1,0.6,20260926,3.250793561
Core-86,combined_74,Combined 74,1,0.6,20260927,3.019289199
Core-86,combined_74,Combined 74,1,0.6,20260928,3.475674117
Core-86,combined_74,Combined 74,1,0.65,20260924,3.173247744
Core-86,combined_74,Combined 74,1,0.65,20260925,3.483993213
Core-86,combined_74,Combined 74,1,0.65,20260926,3.161972451
Core-86,combined_74,Combined 74,1,0.65,20260927,2.954655534
Core-86,combined_74,Combined 74,1,0.65,20260928,3.371224391
Core-86,combined_74,Combined 74,1,0.7,20260924,3.088287522
Core-86,combined_74,Combined 74,1,0.7,20260925,3.371749832
Core-86,combined_74,Combined 74,1,0.7,20260926,3.078390732
Core-86,combined_74,Combined 74,1,0.7,20260927,2.894243383
Core-86,combined_74,Combined 74,1,0.7,20260928,3.272052183
Core-86,combined_74,Combined 74,1,0.75,20260924,3.008636952
Core-86,combined_74,Combined 74,1,0.75,20260925,3.265445158
Core-86,combined_74,Combined 74,1,0.75,20260926,3.000794892
Core-86,combined_74,Combined 74,1,0.75,20260927,2.838715571
Core-86,combined_74,Combined 74,1,0.75,20260928,3.179497741
Core-86,combined_74,Combined 74,1,0.8,20260924,2.935243325
Core-86,combined_74,Combined 74,1,0.8,20260925,3.166194669
Core-86,combined_74,Combined 74,1,0.8,20260926,2.929639525
Core-86,combined_74,Combined 74,1,0.8,20260927,2.788473732
Core-86,combined_74,Combined 74,1,0.8,20260928,3.094527621
Core-86,combined_74,Combined 74,1,0.85,20260924,2.868730892
Core-86,combined_74,Combined 74,1,0.85,20260925,3.074780136
Core-86,combined_74,Combined 74,1,0.85,20260926,2.865118534
Core-86,combined_74,Combined 74,1,0.85,20260927,2.743682065
Core-86,combined_74,Combined 74,1,0.85,20260928,3.017745716
Core-86,combined_74,Combined 74,1,0.9,20260924,2.809420909
Core-86,combined_74,Combined 74,1,0.9,20260925,2.991671416
Core-86,combined_74,Combined 74,1,0.9,20260926,2.807205287
Core-86,combined_74,Combined 74,1,0.9,20260927,2.704301124
Core-86,combined_74,Combined 74,1,0.9,20260928,2.949423343
Core-86,combined_74,Combined 74,1,0.95,20260924,2.757363918
Core-86,combined_74,Combined 74,1,0.95,20260925,2.917058093
Core-86,combined_74,Combined 74,1,0.95,20260926,2.755695372
Core-86,combined_74,Combined 74,1,0.95,20260927,2.670125875
Core-86,combined_74,Combined 74,1,0.95,20260928,2.889541423
Core-86,combined_74,Combined 74,1,1,20260924,2.712379411
Core-86,combined_74,Combined 74,1,1,20260925,2.850886317
Core-86,combined_74,Combined 74,1,1,20260926,2.7102477
Core-86,combined_74,Combined 74,1,1,20260927,2.640823798
Core-86,combined_74,Combined 74,1,1,20260928,2.837839044
Core-86,combined_74,Combined 74,2,0,20260924,3.09403255
Core-86,combined_74,Combined 74,2,0,20260925,3.320444215
Core-86,combined_74,Combined 74,2,0,20260926,3.852961603
Core-86,combined_74,Combined 74,2,0,20260927,3.060766952
Core-86,combined_74,Combined 74,2,0,20260928,3.862673617
Core-86,combined_74,Combined 74,2,0.05,20260924,3.128937641
Core-86,combined_74,Combined 74,2,0.05,20260925,3.378771607
Core-86,combined_74,Combined 74,2,0.05,20260926,3.867538132
Core-86,combined_74,Combined 74,2,0.05,20260927,3.132959799
Core-86,combined_74,Combined 74,2,0.05,20260928,3.875177627
Core-86,combined_74,Combined 74,2,0.1,20260924,3.157950053
Core-86,combined_74,Combined 74,2,0.1,20260925,3.429496545
Core-86,combined_74,Combined 74,2,0.1,20260926,3.874852183
Core-86,combined_74,Combined 74,2,0.1,20260927,3.197938435
Core-86,combined_74,Combined 74,2,0.1,20260928,3.879285666
Core-86,combined_74,Combined 74,2,0.15,20260924,3.179805225
Core-86,combined_74,Combined 74,2,0.15,20260925,3.470759354
Core-86,combined_74,Combined 74,2,0.15,20260926,3.873626467
Core-86,combined_74,Combined 74,2,0.15,20260927,3.253691811
Core-86,combined_74,Combined 74,2,0.15,20260928,3.873728859
Core-86,combined_74,Combined 74,2,0.2,20260924,3.193434573
Core-86,combined_74,Combined 74,2,0.2,20260925,3.500909438
Core-86,combined_74,Combined 74,2,0.2,20260926,3.862808221
Core-86,combined_74,Combined 74,2,0.2,20260927,3.298398175
Core-86,combined_74,Combined 74,2,0.2,20260928,3.857526902
Core-86,combined_74,Combined 74,2,0.25,20260924,3.198076152
Core-86,combined_74,Combined 74,2,0.25,20260925,3.518653928
Core-86,combined_74,Combined 74,2,0.25,20260926,3.841684116
Core-86,combined_74,Combined 74,2,0.25,20260927,3.330581617
Core-86,combined_74,Combined 74,2,0.25,20260928,3.830108831
Core-86,combined_74,Combined 74,2,0.3,20260924,3.193366852
Core-86,combined_74,Combined 74,2,0.3,20260925,3.523188387
Core-86,combined_74,Combined 74,2,0.3,20260926,3.809973407
Core-86,combined_74,Combined 74,2,0.3,20260927,3.349253604
Core-86,combined_74,Combined 74,2,0.3,20260928,3.791405939
Core-86,combined_74,Combined 74,2,0.35,20260924,3.179398868
Core-86,combined_74,Combined 74,2,0.35,20260925,3.514287088
Core-86,combined_74,Combined 74,2,0.35,20260926,3.767881479
Core-86,combined_74,Combined 74,2,0.35,20260927,3.354015893
Core-86,combined_74,Combined 74,2,0.35,20260928,3.741898159
Core-86,combined_74,Combined 74,2,0.4,20260924,3.156728529
Core-86,combined_74,Combined 74,2,0.4,20260925,3.492336002
Core-86,combined_74,Combined 74,2,0.4,20260926,3.716102129
Core-86,combined_74,Combined 74,2,0.4,20260927,3.345106272
Core-86,combined_74,Combined 74,2,0.4,20260928,3.682602577
Core-86,combined_74,Combined 74,2,0.45,20260924,3.126334501
Core-86,combined_74,Combined 74,2,0.45,20260925,3.458302278
Core-86,combined_74,Combined 74,2,0.45,20260926,3.655766946
Core-86,combined_74,Combined 74,2,0.45,20260927,3.323378935
Core-86,combined_74,Combined 74,2,0.45,20260928,3.61500393
Core-86,combined_74,Combined 74,2,0.5,20260924,3.08953243
Core-86,combined_74,Combined 74,2,0.5,20260925,3.41364649
Core-86,combined_74,Combined 74,2,0.5,20260926,3.58835076
Core-86,combined_74,Combined 74,2,0.5,20260927,3.290224031
Core-86,combined_74,Combined 74,2,0.5,20260928,3.540938353
Core-86,combined_74,Combined 74,2,0.55,20260924,3.047860899
Core-86,combined_74,Combined 74,2,0.55,20260925,3.360194182
Core-86,combined_74,Combined 74,2,0.55,20260926,3.515550012
Core-86,combined_74,Combined 74,2,0.55,20260927,3.2474418
Core-86,combined_74,Combined 74,2,0.55,20260928,3.462449789
Core-86,combined_74,Combined 74,2,0.6,20260924,3.002957069
Core-86,combined_74,Combined 74,2,0.6,20260925,3.299988469
Core-86,combined_74,Combined 74,2,0.6,20260926,3.439153833
Core-86,combined_74,Combined 74,2,0.6,20260927,3.197092791
Core-86,combined_74,Combined 74,2,0.6,20260928,3.38164107
Core-86,combined_74,Combined 74,2,0.65,20260924,2.956439114
Core-86,combined_74,Combined 74,2,0.65,20260925,3.235144768
Core-86,combined_74,Combined 74,2,0.65,20260926,3.360925433
Core-86,combined_74,Combined 74,2,0.65,20260927,3.141345802
Core-86,combined_74,Combined 74,2,0.65,20260928,3.300538874
Core-86,combined_74,Combined 74,2,0.7,20260924,2.90980801
Core-86,combined_74,Combined 74,2,0.7,20260925,3.16772368
Core-86,combined_74,Combined 74,2,0.7,20260926,3.282505813
Core-86,combined_74,Combined 74,2,0.7,20260927,3.0823407
Core-86,combined_74,Combined 74,2,0.7,20260928,3.220985415
Core-86,combined_74,Combined 74,2,0.75,20260924,2.864375289
Core-86,combined_74,Combined 74,2,0.75,20260925,3.099631066
Core-86,combined_74,Combined 74,2,0.75,20260926,3.205345242
Core-86,combined_74,Combined 74,2,0.75,20260927,3.022076626
Core-86,combined_74,Combined 74,2,0.75,20260928,3.14456255
Core-86,combined_74,Combined 74,2,0.8,20260924,2.821218087
Core-86,combined_74,Combined 74,2,0.8,20260925,3.032547869
Core-86,combined_74,Combined 74,2,0.8,20260926,3.130662245
Core-86,combined_74,Combined 74,2,0.8,20260927,2.962329648
Core-86,combined_74,Combined 74,2,0.8,20260928,3.07254796
Core-86,combined_74,Combined 74,2,0.85,20260924,2.781158997
Core-86,combined_74,Combined 74,2,0.85,20260925,2.967887601
Core-86,combined_74,Combined 74,2,0.85,20260926,3.05942621
Core-86,combined_74,Combined 74,2,0.85,20260927,2.904599151
Core-86,combined_74,Combined 74,2,0.85,20260928,3.005899207
Core-86,combined_74,Combined 74,2,0.9,20260924,2.744766284
Core-86,combined_74,Combined 74,2,0.9,20260925,2.906777024
Core-86,combined_74,Combined 74,2,0.9,20260926,2.992358175
Core-86,combined_74,Combined 74,2,0.9,20260927,2.850079591
Core-86,combined_74,Combined 74,2,0.9,20260928,2.945259816
Core-86,combined_74,Combined 74,2,0.95,20260924,2.712369356
Core-86,combined_74,Combined 74,2,0.95,20260925,2.850054903
Core-86,combined_74,Combined 74,2,0.95,20260926,2.929944282
Core-86,combined_74,Combined 74,2,0.95,20260927,2.799653311
Core-86,combined_74,Combined 74,2,0.95,20260928,2.890981401
Core-86,combined_74,Combined 74,2,1,20260924,2.684084708
Core-86,combined_74,Combined 74,2,1,20260925,2.79828425
Core-86,combined_74,Combined 74,2,1,20260926,2.872457323
Core-86,combined_74,Combined 74,2,1,20260927,2.753900217
Core-86,combined_74,Combined 74,2,1,20260928,2.843156557
Core-86,combined_74,Combined 74,3,0,20260924,3.770749201
Core-86,combined_74,Combined 74,3,0,20260925,4.223983357
Core-86,combined_74,Combined 74,3,0,20260926,3.556039124
Core-86,combined_74,Combined 74,3,0,20260927,3.177857273
Core-86,combined_74,Combined 74,3,0,20260928,3.948203602
Core-86,combined_74,Combined 74,3,0.05,20260924,3.748432919
Core-86,combined_74,Combined 74,3,0.05,20260925,4.202100183
Core-86,combined_74,Combined 74,3,0.05,20260926,3.600015958
Core-86,combined_74,Combined 74,3,0.05,20260927,3.20960646
Core-86,combined_74,Combined 74,3,0.05,20260928,3.938329214
Core-86,combined_74,Combined 74,3,0.1,20260924,3.719192257
Core-86,combined_74,Combined 74,3,0.1,20260925,4.171666305
Core-86,combined_74,Combined 74,3,0.1,20260926,3.636797804
Core-86,combined_74,Combined 74,3,0.1,20260927,3.235749698
Core-86,combined_74,Combined 74,3,0.1,20260928,3.920209775
Core-86,combined_74,Combined 74,3,0.15,20260924,3.682450918
Core-86,combined_74,Combined 74,3,0.15,20260925,4.131901262
Core-86,combined_74,Combined 74,3,0.15,20260926,3.664717139
Core-86,combined_74,Combined 74,3,0.15,20260927,3.254936343
Core-86,combined_74,Combined 74,3,0.15,20260928,3.892922675
Core-86,combined_74,Combined 74,3,0.2,20260924,3.637895436
Core-86,combined_74,Combined 74,3,0.2,20260925,4.082337922
Core-86,combined_74,Combined 74,3,0.2,20260926,3.682312779
Core-86,combined_74,Combined 74,3,0.2,20260927,3.265984894
Core-86,combined_74,Combined 74,3,0.2,20260928,3.855844742
Core-86,combined_74,Combined 74,3,0.25,20260924,3.585546514
Core-86,combined_74,Combined 74,3,0.25,20260925,4.02291148
Core-86,combined_74,Combined 74,3,0.25,20260926,3.688468109
Core-86,combined_74,Combined 74,3,0.25,20260927,3.268000189
Core-86,combined_74,Combined 74,3,0.25,20260928,3.808751253
Core-86,combined_74,Combined 74,3,0.3,20260924,3.52580355
Core-86,combined_74,Combined 74,3,0.3,20260925,3.954016534
Core-86,combined_74,Combined 74,3,0.3,20260926,3.682530617
Core-86,combined_74,Combined 74,3,0.3,20260927,3.260475273
Core-86,combined_74,Combined 74,3,0.3,20260928,3.751885296
Core-86,combined_74,Combined 74,3,0.35,20260924,3.459451057
Core-86,combined_74,Combined 74,3,0.35,20260925,3.87651823
Core-86,combined_74,Combined 74,3,0.35,20260926,3.664391564
Core-86,combined_74,Combined 74,3,0.35,20260927,3.243359809
Core-86,combined_74,Combined 74,3,0.35,20260928,3.685982012
Core-86,combined_74,Combined 74,3,0.4,20260924,3.387622356
Core-86,combined_74,Combined 74,3,0.4,20260925,3.791711533
Core-86,combined_74,Combined 74,3,0.4,20260926,3.634510384
Core-86,combined_74,Combined 74,3,0.4,20260927,3.217081693
Core-86,combined_74,Combined 74,3,0.4,20260928,3.612239804
Core-86,combined_74,Combined 74,3,0.45,20260924,3.311724533
Core-86,combined_74,Combined 74,3,0.45,20260925,3.701233091
Core-86,combined_74,Combined 74,3,0.45,20260926,3.593878844
Core-86,combined_74,Combined 74,3,0.45,20260927,3.182517283
Core-86,combined_74,Combined 74,3,0.45,20260928,3.532241038
Core-86,combined_74,Combined 74,3,0.5,20260924,3.233336533
Core-86,combined_74,Combined 74,3,0.5,20260925,3.606939772
Core-86,combined_74,Combined 74,3,0.5,20260926,3.543931886
Core-86,combined_74,Combined 74,3,0.5,20260927,3.140915782
Core-86,combined_74,Combined 74,3,0.5,20260928,3.447834768
Core-86,combined_74,Combined 74,3,0.55,20260924,3.154096664
Core-86,combined_74,Combined 74,3,0.55,20260925,3.510773577
Core-86,combined_74,Combined 74,3,0.55,20260926,3.486421737
Core-86,combined_74,Combined 74,3,0.55,20260927,3.093791529
Core-86,combined_74,Combined 74,3,0.55,20260928,3.361000498
Core-86,combined_74,Combined 74,3,0.6,20260924,3.07559586
Core-86,combined_74,Combined 74,3,0.6,20260925,3.414632834
Core-86,combined_74,Combined 74,3,0.6,20260926,3.423276391
Core-86,combined_74,Combined 74,3,0.6,20260927,3.042801982
Core-86,combined_74,Combined 74,3,0.6,20260928,3.273713101
Core-86,combined_74,Combined 74,3,0.65,20260924,2.999289148
Core-86,combined_74,Combined 74,3,0.65,20260925,3.320265128
Core-86,combined_74,Combined 74,3,0.65,20260926,3.3564626
Core-86,combined_74,Combined 74,3,0.65,20260927,2.989628457
Core-86,combined_74,Combined 74,3,0.65,20260928,3.187825373
Core-86,combined_74,Combined 74,3,0.7,20260924,2.926432062
Core-86,combined_74,Combined 74,3,0.7,20260925,3.229190446
Core-86,combined_74,Combined 74,3,0.7,20260926,3.287868279
Core-86,combined_74,Combined 74,3,0.7,20260927,2.935872556
Core-86,combined_74,Combined 74,3,0.7,20260928,3.104978263
Core-86,combined_74,Combined 74,3,0.75,20260924,2.85804306
Core-86,combined_74,Combined 74,3,0.75,20260925,3.142656114
Core-86,combined_74,Combined 74,3,0.75,20260926,3.21921244
Core-86,combined_74,Combined 74,3,0.75,20260927,2.88297558
Core-86,combined_74,Combined 74,3,0.75,20260928,3.026542063
Core-86,combined_74,Combined 74,3,0.8,20260924,2.794888962
Core-86,combined_74,Combined 74,3,0.8,20260925,3.06161996
Core-86,combined_74,Combined 74,3,0.8,20260926,3.151984495
Core-86,combined_74,Combined 74,3,0.8,20260927,2.832163121
Core-86,combined_74,Combined 74,3,0.8,20260928,2.953586603
Core-86,combined_74,Combined 74,3,0.85,20260924,2.737488311
Core-86,combined_74,Combined 74,3,0.85,20260925,2.986755435
Core-86,combined_74,Combined 74,3,0.85,20260926,3.087410398
Core-86,combined_74,Combined 74,3,0.85,20260927,2.784413348
Core-86,combined_74,Combined 74,3,0.85,20260928,2.886875483
Core-86,combined_74,Combined 74,3,0.9,20260924,2.686127291
Core-86,combined_74,Combined 74,3,0.9,20260925,2.918471803
Core-86,combined_74,Combined 74,3,0.9,20260926,3.026440837
Core-86,combined_74,Combined 74,3,0.9,20260927,2.740445575
Core-86,combined_74,Combined 74,3,0.9,20260928,2.826878419
Core-86,combined_74,Combined 74,3,0.95,20260924,2.640883533
Core-86,combined_74,Combined 74,3,0.95,20260925,2.856943401
Core-86,combined_74,Combined 74,3,0.95,20260926,2.969756207
Core-86,combined_74,Combined 74,3,0.95,20260927,2.700725099
Core-86,combined_74,Combined 74,3,0.95,20260928,2.773796142
Core-86,combined_74,Combined 74,3,1,20260924,2.601654328
Core-86,combined_74,Combined 74,3,1,20260925,2.802143332
Core-86,combined_74,Combined 74,3,1,20260926,2.917783591
Core-86,combined_74,Combined 74,3,1,20260927,2.665480438
Core-86,combined_74,Combined 74,3,1,20260928,2.727593305
Core-86,combined_74,Combined 74,4,0,20260924,3.3968504
Core-86,combined_74,Combined 74,4,0,20260925,5.016329776
Core-86,combined_74,Combined 74,4,0,20260926,4.222450208
Core-86,combined_74,Combined 74,4,0,20260927,2.930272777
Core-86,combined_74,Combined 74,4,0,20260928,5.008711431
Core-86,combined_74,Combined 74,4,0.05,20260924,3.411847921
Core-86,combined_74,Combined 74,4,0.05,20260925,4.937028555
Core-86,combined_74,Combined 74,4,0.05,20260926,4.188331989
Core-86,combined_74,Combined 74,4,0.05,20260927,3.016150937
Core-86,combined_74,Combined 74,4,0.05,20260928,4.91386793
Core-86,combined_74,Combined 74,4,0.1,20260924,3.420844589
Core-86,combined_74,Combined 74,4,0.1,20260925,4.846409005
Core-86,combined_74,Combined 74,4,0.1,20260926,4.146248373
Core-86,combined_74,Combined 74,4,0.1,20260927,3.093894469
Core-86,combined_74,Combined 74,4,0.1,20260928,4.806978639
Core-86,combined_74,Combined 74,4,0.15,20260924,3.42269551
Core-86,combined_74,Combined 74,4,0.15,20260925,4.744462417
Core-86,combined_74,Combined 74,4,0.15,20260926,4.095732876
Core-86,combined_74,Combined 74,4,0.15,20260927,3.161407701
Core-86,combined_74,Combined 74,4,0.15,20260928,4.688256067
Core-86,combined_74,Combined 74,4,0.2,20260924,3.416441842
Core-86,combined_74,Combined 74,4,0.2,20260925,4.631679577
Core-86,combined_74,Combined 74,4,0.2,20260926,4.036630255
Core-86,combined_74,Combined 74,4,0.2,20260927,3.216805238
Core-86,combined_74,Combined 74,4,0.2,20260928,4.558475618
Core-86,combined_74,Combined 74,4,0.25,20260924,3.401415082
Core-86,combined_74,Combined 74,4,0.25,20260925,4.509100907
Core-86,combined_74,Combined 74,4,0.25,20260926,3.969161184
Core-86,combined_74,Combined 74,4,0.25,20260927,3.258574095
Core-86,combined_74,Combined 74,4,0.25,20260928,4.419020428
Core-86,combined_74,Combined 74,4,0.3,20260924,3.377323879
Core-86,combined_74,Combined 74,4,0.3,20260925,4.378311608
Core-86,combined_74,Combined 74,4,0.3,20260926,3.893953574
Core-86,combined_74,Combined 74,4,0.3,20260927,3.285719867
Core-86,combined_74,Combined 74,4,0.3,20260928,4.271864883
Core-86,combined_74,Combined 74,4,0.35,20260924,3.344307161
Core-86,combined_74,Combined 74,4,0.35,20260925,4.24137328
Core-86,combined_74,Combined 74,4,0.35,20260926,3.81203016
Core-86,combined_74,Combined 74,4,0.35,20260927,3.297872396
Core-86,combined_74,Combined 74,4,0.35,20260928,4.119488799
Core-86,combined_74,Combined 74,4,0.4,20260924,3.302942514
Core-86,combined_74,Combined 74,4,0.4,20260925,4.100695935
Core-86,combined_74,Combined 74,4,0.4,20260926,3.724750127
Core-86,combined_74,Combined 74,4,0.4,20260927,3.295331634
Core-86,combined_74,Combined 74,4,0.4,20260928,3.964727646
Core-86,combined_74,Combined 74,4,0.45,20260924,3.254207383
Core-86,combined_74,Combined 74,4,0.45,20260925,3.958867171
Core-86,combined_74,Combined 74,4,0.45,20260926,3.633712102
Core-86,combined_74,Combined 74,4,0.45,20260927,3.279045175
Core-86,combined_74,Combined 74,4,0.45,20260928,3.81057777
Core-86,combined_74,Combined 74,4,0.5,20260924,3.199400074
Core-86,combined_74,Combined 74,4,0.5,20260925,3.818464418
Core-86,combined_74,Combined 74,4,0.5,20260926,3.540633977
Core-86,combined_74,Combined 74,4,0.5,20260927,3.250522114
Core-86,combined_74,Combined 74,4,0.5,20260928,3.659984896
Core-86,combined_74,Combined 74,4,0.55,20260924,3.140034703
Core-86,combined_74,Combined 74,4,0.55,20260925,3.68187855
Core-86,combined_74,Combined 74,4,0.55,20260926,3.44722879
Core-86,combined_74,Combined 74,4,0.55,20260927,3.211699308
Core-86,combined_74,Combined 74,4,0.55,20260928,3.515646392
Core-86,combined_74,Combined 74,4,0.6,20260924,3.077727198
Core-86,combined_74,Combined 74,4,0.6,20260925,3.551172501
Core-86,combined_74,Combined 74,4,0.6,20260926,3.355094601
Core-86,combined_74,Combined 74,4,0.6,20260927,3.164782422
Core-86,combined_74,Combined 74,4,0.6,20260928,3.379852655
Core-86,combined_74,Combined 74,4,0.65,20260924,3.014087927
Core-86,combined_74,Combined 74,4,0.65,20260925,3.427989027
Core-86,combined_74,Combined 74,4,0.65,20260926,3.265630925
Core-86,combined_74,Combined 74,4,0.65,20260927,3.112084394
Core-86,combined_74,Combined 74,4,0.65,20260928,3.254382951
Core-86,combined_74,Combined 74,4,0.7,20260924,2.950631926
Core-86,combined_74,Combined 74,4,0.7,20260925,3.313510904
Core-86,combined_74,Combined 74,4,0.7,20260926,3.179987132
Core-86,combined_74,Combined 74,4,0.7,20260927,3.055879382
Core-86,combined_74,Combined 74,4,0.7,20260928,3.140459769
Core-86,combined_74,Combined 74,4,0.75,20260924,2.888712098
Core-86,combined_74,Combined 74,4,0.75,20260925,3.20846776
Core-86,combined_74,Combined 74,4,0.75,20260926,3.099041695
Core-86,combined_74,Combined 74,4,0.75,20260927,2.998283357
Core-86,combined_74,Combined 74,4,0.75,20260928,3.038756189
Core-86,combined_74,Combined 74,4,0.8,20260924,2.829475902
Core-86,combined_74,Combined 74,4,0.8,20260925,3.113178149
Core-86,combined_74,Combined 74,4,0.8,20260926,3.023406686
Core-86,combined_74,Combined 74,4,0.8,20260927,2.941165901
Core-86,combined_74,Combined 74,4,0.8,20260928,2.949444687
Core-86,combined_74,Combined 74,4,0.85,20260924,2.773842848
Core-86,combined_74,Combined 74,4,0.85,20260925,3.027613535
Core-86,combined_74,Combined 74,4,0.85,20260926,2.953449973
Core-86,combined_74,Combined 74,4,0.85,20260927,2.886092774
Core-86,combined_74,Combined 74,4,0.85,20260928,2.872273293
Core-86,combined_74,Combined 74,4,0.9,20260924,2.72249871
Core-86,combined_74,Combined 74,4,0.9,20260925,2.951471838
Core-86,combined_74,Combined 74,4,0.9,20260926,2.889327614
Core-86,combined_74,Combined 74,4,0.9,20260927,2.834296038
Core-86,combined_74,Combined 74,4,0.9,20260928,2.806655377
Core-86,combined_74,Combined 74,4,0.95,20260924,2.675902267
Core-86,combined_74,Combined 74,4,0.95,20260925,2.884250772
Core-86,combined_74,Combined 74,4,0.95,20260926,2.831020298
Core-86,combined_74,Combined 74,4,0.95,20260927,2.786667423
Core-86,combined_74,Combined 74,4,0.95,20260928,2.75176154
Core-86,combined_74,Combined 74,4,1,20260924,2.634300985
Core-86,combined_74,Combined 74,4,1,20260925,2.82531443
Core-86,combined_74,Combined 74,4,1,20260926,2.778369492
Core-86,combined_74,Combined 74,4,1,20260927,2.743770591
Core-86,combined_74,Combined 74,4,1,20260928,2.706605138
Core-86,combined_74,Combined 74,5,0,20260924,4.19021252
Core-86,combined_74,Combined 74,5,0,20260925,5.69528223
Core-86,combined_74,Combined 74,5,0,20260926,4.569693983
Core-86,combined_74,Combined 74,5,0,20260927,3.482236711
Core-86,combined_74,Combined 74,5,0,20260928,4.735882209
Core-86,combined_74,Combined 74,5,0.05,20260924,4.152634428
Core-86,combined_74,Combined 74,5,0.05,20260925,5.563367437
Core-86,combined_74,Combined 74,5,0.05,20260926,4.50144666
Core-86,combined_74,Combined 74,5,0.05,20260927,3.495144695
Core-86,combined_74,Combined 74,5,0.05,20260928,4.743721982
Core-86,combined_74,Combined 74,5,0.1,20260924,4.106645521
Core-86,combined_74,Combined 74,5,0.1,20260925,5.417150087
Core-86,combined_74,Combined 74,5,0.1,20260926,4.423473045
Core-86,combined_74,Combined 74,5,0.1,20260927,3.501579501
Core-86,combined_74,Combined 74,5,0.1,20260928,4.739825963
Core-86,combined_74,Combined 74,5,0.15,20260924,4.051766921
Core-86,combined_74,Combined 74,5,0.15,20260925,5.257257761
Core-86,combined_74,Combined 74,5,0.15,20260926,4.335792461
Core-86,combined_74,Combined 74,5,0.15,20260927,3.50046266
Core-86,combined_74,Combined 74,5,0.15,20260928,4.722525111
Core-86,combined_74,Combined 74,5,0.2,20260924,3.98785041
Core-86,combined_74,Combined 74,5,0.2,20260925,5.085012629
Core-86,combined_74,Combined 74,5,0.2,20260926,4.238864292
Core-86,combined_74,Combined 74,5,0.2,20260927,3.49093535
Core-86,combined_74,Combined 74,5,0.2,20260928,4.690523945
Core-86,combined_74,Combined 74,5,0.25,20260924,3.915147792
Core-86,combined_74,Combined 74,5,0.25,20260925,4.902457366
Core-86,combined_74,Combined 74,5,0.25,20260926,4.133630279
Core-86,combined_74,Combined 74,5,0.25,20260927,3.472460439
Core-86,combined_74,Combined 74,5,0.25,20260928,4.643053567
Core-86,combined_74,Combined 74,5,0.3,20260924,3.834345611
Core-86,combined_74,Combined 74,5,0.3,20260925,4.712302854
Core-86,combined_74,Combined 74,5,0.3,20260926,4.021507565
Core-86,combined_74,Combined 74,5,0.3,20260927,3.444903257
Core-86,combined_74,Combined 74,5,0.3,20260928,4.579988828
Core-86,combined_74,Combined 74,5,0.35,20260924,3.746554169
Core-86,combined_74,Combined 74,5,0.35,20260925,4.517791868
Core-86,combined_74,Combined 74,5,0.35,20260926,3.904325097
Core-86,combined_74,Combined 74,5,0.35,20260927,3.40857512
Core-86,combined_74,Combined 74,5,0.35,20260928,4.501906377
Core-86,combined_74,Combined 74,5,0.4,20260924,3.653248116
Core-86,combined_74,Combined 74,5,0.4,20260925,4.322489711
Core-86,combined_74,Combined 74,5,0.4,20260926,3.78420707
Core-86,combined_74,Combined 74,5,0.4,20260927,3.364229496
Core-86,combined_74,Combined 74,5,0.4,20260928,4.410069863
Core-86,combined_74,Combined 74,5,0.45,20260924,3.556165843
Core-86,combined_74,Combined 74,5,0.45,20260925,4.13002884
Core-86,combined_74,Combined 74,5,0.45,20260926,3.663418683
Core-86,combined_74,Combined 74,5,0.45,20260927,3.31300986
Core-86,combined_74,Combined 74,5,0.45,20260928,4.306342762
Core-86,combined_74,Combined 74,5,0.5,20260924,3.457183315
Core-86,combined_74,Combined 74,5,0.5,20260925,3.943844674
Core-86,combined_74,Combined 74,5,0.5,20260926,3.544197594
Core-86,combined_74,Combined 74,5,0.5,20260927,3.25635787
Core-86,combined_74,Combined 74,5,0.5,20260928,4.193043574
Core-86,combined_74,Combined 74,5,0.55,20260924,3.358182089
Core-86,combined_74,Combined 74,5,0.55,20260925,3.766940872
Core-86,combined_74,Combined 74,5,0.55,20260926,3.428596587
Core-86,combined_74,Combined 74,5,0.55,20260927,3.195897551
Core-86,combined_74,Combined 74,5,0.55,20260928,4.072768165
Core-86,combined_74,Combined 74,5,0.6,20260924,3.260930143
Core-86,combined_74,Combined 74,5,0.6,20260925,3.60171452
Core-86,combined_74,Combined 74,5,0.6,20260926,3.318358707
Core-86,combined_74,Combined 74,5,0.6,20260927,3.133313617
Core-86,combined_74,Combined 74,5,0.6,20260928,3.948206833
Core-86,combined_74,Combined 74,5,0.65,20260924,3.166988772
Core-86,combined_74,Combined 74,5,0.65,20260925,3.449858151
Core-86,combined_74,Combined 74,5,0.65,20260926,3.214837513
Core-86,combined_74,Combined 74,5,0.65,20260927,3.070240007
Core-86,combined_74,Combined 74,5,0.65,20260928,3.821979706
Core-86,combined_74,Combined 74,5,0.7,20260924,3.07765172
Core-86,combined_74,Combined 74,5,0.7,20260925,3.312340656
Core-86,combined_74,Combined 74,5,0.7,20260926,3.118965218
Core-86,combined_74,Combined 74,5,0.7,20260927,3.008169567
Core-86,combined_74,Combined 74,5,0.7,20260928,3.696505731
Core-86,combined_74,Combined 74,5,0.75,20260924,2.99391605
Core-86,combined_74,Combined 74,5,0.75,20260925,3.189456662
Core-86,combined_74,Combined 74,5,0.75,20260926,3.031263235
Core-86,combined_74,Combined 74,5,0.75,20260927,2.94838989
Core-86,combined_74,Combined 74,5,0.75,20260928,3.573911266
Core-86,combined_74,Combined 74,5,0.8,20260924,2.916479771
Core-86,combined_74,Combined 74,5,0.8,20260925,3.080925922
Core-86,combined_74,Combined 74,5,0.8,20260926,2.951884547
Core-86,combined_74,Combined 74,5,0.8,20260927,2.891945253
Core-86,combined_74,Combined 74,5,0.8,20260928,3.4559767
Core-86,combined_74,Combined 74,5,0.85,20260924,2.845759135
Core-86,combined_74,Combined 74,5,0.85,20260925,2.986021183
Core-86,combined_74,Combined 74,5,0.85,20260926,2.88067558
Core-86,combined_74,Combined 74,5,0.85,20260927,2.839621354
Core-86,combined_74,Combined 74,5,0.85,20260928,3.344114933
Core-86,combined_74,Combined 74,5,0.9,20260924,2.781918504
Core-86,combined_74,Combined 74,5,0.9,20260925,2.903704085
Core-86,combined_74,Combined 74,5,0.9,20260926,2.817246174
Core-86,combined_74,Combined 74,5,0.9,20260927,2.791948082
Core-86,combined_74,Combined 74,5,0.9,20260928,3.239373891
Core-86,combined_74,Combined 74,5,0.95,20260924,2.724906825
Core-86,combined_74,Combined 74,5,0.95,20260925,2.832752708
Core-86,combined_74,Combined 74,5,0.95,20260926,2.761038687
Core-86,combined_74,Combined 74,5,0.95,20260927,2.74921548
Core-86,combined_74,Combined 74,5,0.95,20260928,3.142455665
Core-86,combined_74,Combined 74,5,1,20260924,2.674496368
Core-86,combined_74,Combined 74,5,1,20260925,2.771869861
Core-86,combined_74,Combined 74,5,1,20260926,2.711390263
Core-86,combined_74,Combined 74,5,1,20260927,2.711498635
Core-86,combined_74,Combined 74,5,1,20260928,3.053746374
Core-86,combined_74,Combined 74,8,0,20260924,4.226897981
Core-86,combined_74,Combined 74,8,0,20260925,4.320453495
Core-86,combined_74,Combined 74,8,0,20260926,5.039975915
Core-86,combined_74,Combined 74,8,0,20260927,3.500736673
Core-86,combined_74,Combined 74,8,0,20260928,3.202549205
Core-86,combined_74,Combined 74,8,0.05,20260924,4.174360527
Core-86,combined_74,Combined 74,8,0.05,20260925,4.273504995
Core-86,combined_74,Combined 74,8,0.05,20260926,4.949540256
Core-86,combined_74,Combined 74,8,0.05,20260927,3.49832429
Core-86,combined_74,Combined 74,8,0.05,20260928,3.280108147
Core-86,combined_74,Combined 74,8,0.1,20260924,4.113322707
Core-86,combined_74,Combined 74,8,0.1,20260925,4.21885777
Core-86,combined_74,Combined 74,8,0.1,20260926,4.847391491
Core-86,combined_74,Combined 74,8,0.1,20260927,3.490388451
Core-86,combined_74,Combined 74,8,0.1,20260928,3.349395533
Core-86,combined_74,Combined 74,8,0.15,20260924,4.043622712
Core-86,combined_74,Combined 74,8,0.15,20260925,4.156391789
Core-86,combined_74,Combined 74,8,0.15,20260926,4.733705212
Core-86,combined_74,Combined 74,8,0.15,20260927,3.47629508
Core-86,combined_74,Combined 74,8,0.15,20260928,3.408588231
Core-86,combined_74,Combined 74,8,0.2,20260924,3.96546412
Core-86,combined_74,Combined 74,8,0.2,20260925,4.086319193
Core-86,combined_74,Combined 74,8,0.2,20260926,4.609198871
Core-86,combined_74,Combined 74,8,0.2,20260927,3.455625336
Core-86,combined_74,Combined 74,8,0.2,20260928,3.456089747
Core-86,combined_74,Combined 74,8,0.25,20260924,3.879464917
Core-86,combined_74,Combined 74,8,0.25,20260925,4.009222931
Core-86,combined_74,Combined 74,8,0.25,20260926,4.475174405
Core-86,combined_74,Combined 74,8,0.25,20260927,3.428244426
Core-86,combined_74,Combined 74,8,0.25,20260928,3.490670843
Core-86,combined_74,Combined 74,8,0.3,20260924,3.786666714
Core-86,combined_74,Combined 74,8,0.3,20260925,3.926057503
Core-86,combined_74,Combined 74,8,0.3,20260926,4.333500706
Core-86,combined_74,Combined 74,8,0.3,20260927,3.394347476
Core-86,combined_74,Combined 74,8,0.3,20260928,3.511589717
Core-86,combined_74,Combined 74,8,0.35,20260924,3.688496066
Core-86,combined_74,Combined 74,8,0.35,20260925,3.838105381
Core-86,combined_74,Combined 74,8,0.35,20260926,4.186528217
Core-86,combined_74,Combined 74,8,0.35,20260927,3.354471229
Core-86,combined_74,Combined 74,8,0.35,20260928,3.518669995
Core-86,combined_74,Combined 74,8,0.4,20260924,3.586679035
Core-86,combined_74,Combined 74,8,0.4,20260925,3.746891647
Core-86,combined_74,Combined 74,8,0.4,20260926,4.036941269
Core-86,combined_74,Combined 74,8,0.4,20260927,3.309466273
Core-86,combined_74,Combined 74,8,0.4,20260928,3.512320815
Core-86,combined_74,Combined 74,8,0.45,20260924,3.483120112
Core-86,combined_74,Combined 74,8,0.45,20260925,3.654068679
Core-86,combined_74,Combined 74,8,0.45,20260926,3.887567198
Core-86,combined_74,Combined 74,8,0.45,20260927,3.260432486
Core-86,combined_74,Combined 74,8,0.45,20260928,3.493494283
Core-86,combined_74,Combined 74,8,0.5,20260924,3.379764082
Core-86,combined_74,Combined 74,8,0.5,20260925,3.561289413
Core-86,combined_74,Combined 74,8,0.5,20260926,3.741170606
Core-86,combined_74,Combined 74,8,0.5,20260927,3.208628008
Core-86,combined_74,Combined 74,8,0.5,20260928,3.463588109
Core-86,combined_74,Combined 74,8,0.55,20260924,3.278461987
Core-86,combined_74,Combined 74,8,0.55,20260925,3.470089351
Core-86,combined_74,Combined 74,8,0.55,20260926,3.600263173
Core-86,combined_74,Combined 74,8,0.55,20260927,3.155366804
Core-86,combined_74,Combined 74,8,0.55,20260928,3.424311418
Core-86,combined_74,Combined 74,8,0.6,20260924,3.180859417
Core-86,combined_74,Combined 74,8,0.6,20260925,3.381793905
Core-86,combined_74,Combined 74,8,0.6,20260926,3.466954154
Core-86,combined_74,Combined 74,8,0.6,20260927,3.101920423
Core-86,combined_74,Combined 74,8,0.6,20260928,3.377536585
Core-86,combined_74,Combined 74,8,0.65,20260924,3.088318598
Core-86,combined_74,Combined 74,8,0.65,20260925,3.297460536
Core-86,combined_74,Combined 74,8,0.65,20260926,3.3428564
Core-86,combined_74,Combined 74,8,0.65,20260927,3.049436488
Core-86,combined_74,Combined 74,8,0.65,20260928,3.325158813
Core-86,combined_74,Combined 74,8,0.7,20260924,3.001877761
Core-86,combined_74,Combined 74,8,0.7,20260925,3.217857071
Core-86,combined_74,Combined 74,8,0.7,20260926,3.229051107
Core-86,combined_74,Combined 74,8,0.7,20260927,2.99888109
Core-86,combined_74,Combined 74,8,0.7,20260928,3.268979497
Core-86,combined_74,Combined 74,8,0.75,20260924,2.922244422
Core-86,combined_74,Combined 74,8,0.75,20260925,3.14347106
Core-86,combined_74,Combined 74,8,0.75,20260926,3.126104721
Core-86,combined_74,Combined 74,8,0.75,20260927,2.951006846
Core-86,combined_74,Combined 74,8,0.75,20260928,3.21062191
Core-86,combined_74,Combined 74,8,0.8,20260924,2.849814979
Core-86,combined_74,Combined 74,8,0.8,20260925,3.074541257
Core-86,combined_74,Combined 74,8,0.8,20260926,3.034125225
Core-86,combined_74,Combined 74,8,0.8,20260927,2.906344074
Core-86,combined_74,Combined 74,8,0.8,20260928,3.151480597
Core-86,combined_74,Combined 74,8,0.85,20260924,2.784711543
Core-86,combined_74,Combined 74,8,0.85,20260925,3.011101402
Core-86,combined_74,Combined 74,8,0.85,20260926,2.952842781
Core-86,combined_74,Combined 74,8,0.85,20260927,2.865210133
Core-86,combined_74,Combined 74,8,0.85,20260928,3.09270076
Core-86,combined_74,Combined 74,8,0.9,20260924,2.72682754
Core-86,combined_74,Combined 74,8,0.9,20260925,2.953027673
Core-86,combined_74,Combined 74,8,0.9,20260926,2.881700461
Core-86,combined_74,Combined 74,8,0.9,20260927,2.827731206
Core-86,combined_74,Combined 74,8,0.9,20260928,3.035181092
Core-86,combined_74,Combined 74,8,0.95,20260924,2.675875466
Core-86,combined_74,Combined 74,8,0.95,20260925,2.900083539
Core-86,combined_74,Combined 74,8,0.95,20260926,2.819943615
Core-86,combined_74,Combined 74,8,0.95,20260927,2.793871227
Core-86,combined_74,Combined 74,8,0.95,20260928,2.979592721
Core-86,combined_74,Combined 74,8,1,20260924,2.631432344
Core-86,combined_74,Combined 74,8,1,20260925,2.851958226
Core-86,combined_74,Combined 74,8,1,20260926,2.766699942
Core-86,combined_74,Combined 74,8,1,20260927,2.763463719
Core-86,combined_74,Combined 74,8,1,20260928,2.926407498
