split,feature_month,target_month,factor_0,factor_1,factor_2,factor_3,factor_4,factor_5,factor_6,factor_7
train,1963-07,1963-08,-0.017747322097420692,-0.01871911995112896,0.012459629215300083,0.0022187663707882166,0.0009045426268130541,0.0010384805500507355,-0.012740974314510822,-0.0038002945948392153
train,1963-08,1963-09,0.009363180957734585,0.01614096574485302,-0.005946169141680002,-0.01119997724890709,-0.006823861505836248,-0.006845113821327686,0.010061126202344894,0.003290175460278988
train,1963-09,1963-10,-0.00882978830486536,-0.012818356044590473,0.0071212067268788815,-0.0020149964839220047,-0.005948976147919893,0.0015986183425411582,-0.005675789900124073,-0.006340201012790203
train,1963-10,1963-11,-0.004450708162039518,-0.0038596189115196466,0.008706329390406609,0.005117462016642094,0.003210274735465646,-0.010727746412158012,-0.005611606873571873,0.006472763605415821
train,1963-11,1963-12,-0.012160876765847206,-0.006168234162032604,0.014333182945847511,0.008777013048529625,-0.0005240156315267086,-0.018614135682582855,-0.0061832512728869915,0.004333194345235825
train,1963-12,1964-01,0.008593106642365456,0.010238559916615486,-0.007923148572444916,-0.019179945811629295,-0.006981578655540943,0.004362476523965597,0.007792625576257706,-0.00755657535046339
train,1964-01,1964-02,0.0017237295396625996,-0.0010793653782457113,-0.0015465097967535257,-0.0015554570127278566,-0.0029175439849495888,0.0017586469184607267,0.0008014354389160872,-0.005851477384567261
train,1964-02,1964-03,-0.004280013032257557,-0.000373510061763227,0.007890849374234676,-0.009515799582004547,-0.007287491578608751,-0.005014683585613966,-0.003428648691624403,-0.00537868682295084
train,1964-03,1964-04,0.005589838605374098,0.011688847094774246,-0.00029629701748490334,-0.006638290360569954,-0.004831960424780846,-0.010445808991789818,0.008052055723965168,0.004248906392604113
train,1964-04,1964-05,-0.009769238531589508,-0.004775345325469971,0.008748597465455532,0.003723998088389635,-0.00504255248233676,-0.010071510449051857,-0.0047581554390490055,0.0049971528351306915
train,1964-05,1964-06,-0.00850057601928711,-0.010145108215510845,0.00969285424798727,0.0024811183102428913,-0.006104797124862671,-0.001975716557353735,-0.008172428235411644,0.00806661881506443
train,1964-06,1964-07,0.004011229611933231,0.007647903170436621,-0.002739878837019205,-0.006877723149955273,-0.006545243319123983,-0.007259788922965527,0.009863483719527721,-0.0019262454006820917
train,1964-07,1964-08,0.0021981894969940186,0.004110310226678848,0.0014931457117199898,-0.005388488061726093,-0.0025780857540667057,-0.008481327444314957,0.0025746612809598446,0.00438845157623291
train,1964-08,1964-09,0.00017614953685551882,-0.0025500862393528223,-0.0012354191858321428,-0.0025580814108252525,-0.0005417470238171518,0.0081402026116848,-0.0004839737666770816,-0.007735329680144787
train,1964-09,1964-10,-0.0009294254705309868,0.003825817722827196,-0.00143853307235986,-0.0099931750446558,-0.008225280791521072,-0.0015153506537899375,0.004945943597704172,-0.008985665626823902
train,1964-10,1964-11,-0.0032522857654839754,0.0027284862007945776,0.002843319671228528,-0.002080567181110382,-0.000969752378296107,-0.012401044368743896,0.00030546780908480287,0.007166128605604172
train,1964-11,1964-12,-0.007866236381232738,-0.004982971120625734,0.006261258851736784,0.008369609713554382,-0.0023613416124135256,-0.004789923317730427,-0.004180246498435736,0.012166153639554977
train,1964-12,1965-01,0.006130569614470005,0.003189781680703163,-0.010661216452717781,-0.01464770920574665,0.005069108679890633,0.021668164059519768,0.0020925397984683514,-0.017620256170630455
train,1965-01,1965-02,0.000603176187723875,0.002654649782925844,-0.00255556870251894,-0.009540052153170109,0.0010959827341139317,0.002975986571982503,0.0014082249253988266,-0.005202769301831722
train,1965-02,1965-03,0.011103830300271511,0.013927726075053215,-0.011521786451339722,-0.014696590602397919,-0.007714437320828438,5.165202310308814e-05,0.013264274224638939,-0.010430008172988892
train,1965-03,1965-04,-0.0016518514603376389,0.000986455474048853,0.0012513217516243458,-0.011007354594767094,-0.004767716396600008,0.000718455296009779,0.0022938887123018503,-0.006695976015180349
train,1965-04,1965-05,-0.004097132012248039,-0.0015440727584064007,0.003421798348426819,-0.004569795448333025,-0.00274161109700799,-0.004191183485090733,-0.0006684872787445784,0.0031306296586990356
train,1965-05,1965-06,0.003557237796485424,-5.545280873775482e-05,0.009600019082427025,0.00743869598954916,0.004197206813842058,-0.022751053795218468,-0.00640034070238471,0.02208925038576126
train,1965-06,1965-07,-0.004494610242545605,-0.0025344123132526875,0.001386310439556837,-0.006482851225882769,-0.004350369330495596,-0.0013291238574311137,-0.0005481976550072432,-0.006907299160957336
train,1965-07,1965-08,-0.013922273181378841,-0.011196974664926529,0.001763571985065937,0.0007016862509772182,0.005693049635738134,0.018049275502562523,-0.011631881818175316,-0.005553885363042355
train,1965-08,1965-09,-0.016068223863840103,-0.01239026803523302,0.011528467759490013,-0.0024086148478090763,-0.008648399263620377,0.004349334165453911,-0.007555731572210789,-0.0011015752097591758
train,1965-09,1965-10,0.002861930290237069,0.006595071405172348,-0.011403716169297695,-0.014342820271849632,-0.007538515143096447,0.01338715199381113,0.010603025555610657,-0.03175652399659157
train,1965-10,1965-11,-0.0005417631473392248,0.008308475837111473,-0.008852481842041016,-0.019735723733901978,-0.008327296003699303,0.01242518238723278,0.008687714114785194,-0.029262062162160873
train,1965-11,1965-12,0.008493319153785706,0.007588058244436979,-0.012332513928413391,-0.010171772912144661,-0.0010871984995901585,0.013725612312555313,0.007355300709605217,-0.01763506606221199
train,1965-12,1966-01,0.023195747286081314,0.02022724226117134,-0.018507014960050583,-0.027445422485470772,-0.008574380539357662,0.003746506292372942,0.02085299976170063,-0.036473095417022705
train,1966-01,1966-02,0.004012824967503548,0.009034458547830582,-0.011731244623661041,-0.023462172597646713,-0.010768400505185127,0.011251642368733883,0.01517573930323124,-0.03558223694562912
train,1966-02,1966-03,0.004678376950323582,0.010628761723637581,-0.0031934697180986404,-0.01322697103023529,-0.0031243725679814816,-0.0019859224557876587,0.006904888898134232,-0.00857328437268734
train,1966-03,1966-04,-0.008424385450780392,0.001691373996436596,-0.00985075905919075,-0.014615574851632118,-0.013176687993109226,0.006118912249803543,0.012017177417874336,-0.029533253982663155
train,1966-04,1966-05,0.008217069320380688,0.004916892386972904,0.00806400366127491,0.013295267708599567,0.008565613068640232,-0.022201597690582275,-0.008075287565588951,0.03802147135138512
train,1966-05,1966-06,-0.0046812803484499454,-0.0024504070170223713,-0.0006976245786063373,3.4830765798687935e-05,-0.003233338473364711,-0.0005538330296985805,2.6295194402337074e-05,-0.00625191442668438
train,1966-06,1966-07,-0.00016288296319544315,0.0019198637455701828,0.0036570080555975437,0.001282534096390009,-0.004501804243773222,-0.005453496240079403,0.0018070193473249674,0.005937470123171806
train,1966-07,1966-08,-0.00351887964643538,-0.0052843112498521805,0.013712928630411625,0.0025799081195145845,-0.0019355402328073978,-0.015173238702118397,-0.008390210568904877,0.02068468928337097
train,1966-08,1966-09,0.0016089645214378834,0.001963589573279023,0.005182047374546528,-0.00010587589349597692,-0.0069405208341777325,-0.013916145078837872,0.00344615476205945,0.008806264027953148
train,1966-09,1966-10,-0.01516265794634819,-0.01978154107928276,0.027424504980444908,0.015782037749886513,-0.007444929797202349,-0.01908734440803528,-0.019467100501060486,0.044227782636880875
train,1966-10,1966-11,-0.018404947593808174,-0.008858060464262962,-0.009134923107922077,0.015166114084422588,0.0053167156875133514,0.035058993846178055,-0.008713532239198685,-0.02552437037229538
train,1966-11,1966-12,-0.00663244491443038,-0.0025383313186466694,-0.0018818615935742855,0.0019639453385025263,-0.0001838240714278072,0.003702574409544468,-0.0011596165131777525,-0.005069343373179436
train,1966-12,1967-01,0.03834865987300873,0.013325460255146027,-0.03612149506807327,-0.011951307766139507,0.0002708323299884796,0.058460839092731476,0.01967727392911911,-0.054046764969825745
train,1967-01,1967-02,0.007937620393931866,0.01661461591720581,-0.012385064736008644,-0.020290235057473183,-0.009799782186746597,0.007811369374394417,0.016444571316242218,-0.025985073298215866
train,1967-02,1967-03,-0.005974514409899712,-0.0018390156328678131,-0.0025018982123583555,-0.002884889720007777,-0.009873591363430023,0.006595042068511248,0.005813701543956995,-0.015156330540776253
train,1967-03,1967-04,-0.008656468242406845,-0.002521377056837082,0.002416628412902355,-0.0037747796159237623,-0.0077768899500370026,0.003099817084148526,0.00047520967200398445,-0.005447715520858765
train,1967-04,1967-05,0.00918431393802166,0.012730047106742859,-0.005647697485983372,-0.013279561884701252,-0.009283415973186493,-0.009847191162407398,0.012368740513920784,-0.008667456917464733
train,1967-05,1967-06,-0.00437559001147747,0.006498641800135374,-0.015392649918794632,-0.025595150887966156,-0.033157214522361755,0.02047698013484478,0.02676289901137352,-0.044622089713811874
train,1967-06,1967-07,-0.0004811091348528862,0.003494824282824993,0.0006139171309769154,-0.02201583981513977,-0.009875958785414696,-0.0004360247403383255,0.005483260378241539,-0.019051987677812576
train,1967-07,1967-08,0.011280842125415802,0.005893185269087553,-0.0014441919047385454,-0.009884774684906006,-0.0020217811688780785,-0.010824229568243027,0.005947619676589966,-0.002074924763292074
train,1967-08,1967-09,-0.007075396366417408,0.014989601448178291,-0.003828800283372402,-0.023979704827070236,-0.017654256895184517,-0.0031814705580472946,0.018387185409665108,-0.023718899115920067
train,1967-09,1967-10,-0.002865262795239687,0.011303111910820007,0.0004555028863251209,-0.01362830400466919,-0.008765249513089657,-0.004840063862502575,0.011190026067197323,-0.009708470664918423
train,1967-10,1967-11,-0.0006033420795574784,-0.0017576750833541155,-0.0023709875531494617,0.005981700494885445,-0.0034490367397665977,0.0005106429453007877,-0.0010143666295334697,0.0065656742081046104
train,1967-11,1967-12,-0.009087305516004562,0.013391430489718914,-0.0057943593710660934,-0.014319073408842087,-0.014814097434282303,0.004579487722367048,0.016257742419838905,-0.04277189075946808
train,1967-12,1968-01,0.022181494161486626,0.029405806213617325,0.004001968540251255,-0.04848938435316086,-0.003365557873621583,-0.03406347706913948,0.02196134626865387,-0.025594661012291908
train,1968-01,1968-02,0.013632271438837051,-0.0026532523334026337,0.004813221283257008,-0.003349118400365114,-0.0037550264969468117,-0.023334933444857597,-0.000623779371380806,0.023787613958120346
train,1968-02,1968-03,-0.005191716365516186,-0.010070588439702988,0.001666093710809946,0.002555444836616516,-0.00036503415321931243,-0.0011362220393493772,-0.007460394874215126,0.0036503304727375507
train,1968-03,1968-04,-0.017780575901269913,-0.0010567773133516312,-0.008583886548876762,-0.007271192967891693,0.001796636381186545,0.024700891226530075,0.0026080217212438583,-0.03686061128973961
train,1968-04,1968-05,-0.0065851458348333836,0.019436683505773544,0.0010696863755583763,-0.029000436887145042,-0.005228549707680941,-0.001145829213783145,0.009616335853934288,-0.04001012444496155
train,1968-05,1968-06,0.015074621886014938,0.01315123587846756,-0.0025757979601621628,-0.006243097595870495,0.008263342082500458,-0.023320268839597702,0.003486079629510641,0.010018394328653812
train,1968-06,1968-07,0.011325284838676453,0.009077676571905613,0.005482626613229513,-0.014676181599497795,0.0020209364593029022,-0.02098887227475643,0.006518613547086716,0.0013670078478753567
train,1968-07,1968-08,-0.004833228420466185,-0.002041880041360855,0.004776670131832361,-0.017659611999988556,-0.008572129532694817,-0.00687883235514164,0.0033369227312505245,-0.014783157035708427
train,1968-08,1968-09,-0.008391205221414566,-0.003075401298701763,0.0023045437410473824,-0.006790811195969582,-0.005177482031285763,0.00823595467954874,-0.0026337597519159317,-0.014343800023198128
train,1968-09,1968-10,0.005203524604439735,0.0015803026035428047,0.00799107737839222,-0.007365829776972532,-0.0013220570981502533,-0.017879754304885864,-0.0016771794762462378,0.007923443801701069
train,1968-10,1968-11,-0.0021556129213422537,0.00027208030223846436,-0.005318517331033945,0.0070903105661273,-0.00029921066015958786,0.009622864425182343,-0.00013003870844841003,-0.002052739728242159
train,1968-11,1968-12,-0.0003720134263858199,0.002299051033332944,-0.0023311541881412268,-0.014959092251956463,-0.002131402026861906,-0.0017613666132092476,0.008560228161513805,-0.01829182542860508
train,1968-12,1969-01,0.0076616196893155575,0.008166946470737457,-0.0031323330476880074,-0.005209134891629219,0.004276357125490904,-0.008049636147916317,0.005672489758580923,-0.005700726993381977
train,1969-01,1969-02,0.0070896027609705925,0.0010115988552570343,0.007282965816557407,-0.006639024708420038,0.00328052812255919,-0.024975959211587906,-0.0041391486302018166,0.015617222525179386
train,1969-02,1969-03,-0.010037255473434925,-0.005603049881756306,0.0014614248648285866,-0.003009112784639001,-0.0037162872031331062,0.0008960898267105222,5.27859665453434e-05,-0.00868222489953041
train,1969-03,1969-04,-0.004153119400143623,-0.0021098474971950054,0.004197947680950165,0.0016224227147176862,0.0005452565965242684,-0.003544496139511466,-0.005701527930796146,0.0034185312688350677
train,1969-04,1969-05,-0.0019918871112167835,0.005308863706886768,0.0013897055760025978,-0.007429632358253002,0.0007065541576594114,-0.005928603000938892,0.0036537479609251022,-0.009980587288737297
train,1969-05,1969-06,0.009573295712471008,0.00488872779533267,-0.0011002002283930779,0.0006307680159807205,-0.00481622526422143,-0.024807892739772797,0.006385761313140392,0.019767597317695618
train,1969-06,1969-07,0.009998456574976444,0.008590556681156158,0.0030023320578038692,-0.001915718661621213,0.0030132404062896967,-0.030826451256871223,0.0016551907174289227,0.012905833311378956
train,1969-07,1969-08,-0.010815308429300785,-0.005231049377471209,-0.011336424387991428,0.007498999126255512,-0.007673364132642746,0.012337980791926384,0.002825760981068015,-0.009954333305358887
train,1969-08,1969-09,-0.002820749767124653,0.004016357008367777,-0.001210724818520248,-0.004244260489940643,-0.015345903113484383,-0.01510452851653099,0.011298944242298603,-0.00218142825178802
train,1969-09,1969-10,-0.01135213952511549,-0.0048693642020225525,-0.0045431386679410934,0.007373563013970852,0.0004595215432345867,0.036539576947689056,-0.00776938209310174,0.0025033471174538136
train,1969-10,1969-11,-0.0016221405239775777,0.005099263042211533,-0.0024483317974954844,0.0006436029216274619,-0.006212842650711536,-0.020328156650066376,0.010800491087138653,0.0009584996150806546
train,1969-11,1969-12,-0.005331197287887335,0.004483154509216547,-0.0018081075977534056,0.009749887511134148,-0.010352340526878834,-0.027612760663032532,0.010049962438642979,0.01541414950042963
train,1969-12,1970-01,0.013209236785769463,0.013915898278355598,0.007638878654688597,-0.03196059912443161,0.009544450789690018,-0.010842747986316681,-0.0024158742744475603,0.0012180856429040432
train,1970-01,1970-02,-0.0011302503990009427,0.00020084402058273554,0.0047294762916862965,0.0019489460391923785,0.004804979078471661,-0.008596444502472878,-0.006821665447205305,-0.0015995627036318183
train,1970-02,1970-03,0.012425202876329422,0.0016793779795989394,0.012162294238805771,-0.011664429679512978,0.0027536307461559772,-0.029059164226055145,-0.0032067643478512764,0.005195459350943565
train,1970-03,1970-04,0.017832037061452866,0.004752837587147951,0.018931839615106583,-0.015384431928396225,0.004992546048015356,-0.05574573576450348,-0.0030921651050448418,0.01975032314658165
train,1970-04,1970-05,0.007589081302285194,0.0002111438661813736,0.003111485857516527,-0.003107978729531169,0.003798647318035364,-0.009966211393475533,-0.0044349683448672295,0.0038445896934717894
train,1970-05,1970-06,0.0061694178730249405,0.013388499617576599,0.007347532548010349,-0.01352563127875328,-0.01073442306369543,-0.0380406454205513,0.015345493331551552,0.0014622879680246115
train,1970-06,1970-07,-0.002240607049316168,-0.003742103697732091,-0.004364670254290104,0.0043069650419056416,-0.006248436868190765,-0.006473278161138296,2.6084715500473976e-05,-0.0007562548853456974
train,1970-07,1970-08,-0.004790702369064093,-0.014688771218061447,-0.004974300507456064,0.00825130008161068,0.0070145344361662865,0.02117415890097618,-0.011551851406693459,-0.00018350034952163696
train,1970-08,1970-09,-0.007389672566205263,-0.013306098990142345,-0.007862448692321777,0.005594070069491863,0.006753197871148586,0.06967057287693024,-0.02148081734776497,-0.008140482008457184
train,1970-09,1970-10,0.005058250855654478,0.01368564460426569,-0.001653442857787013,-0.004704602994024754,-0.009645946323871613,-0.045280203223228455,0.016782579943537712,0.003930537961423397
train,1970-10,1970-11,0.0017874136101454496,-0.004024103283882141,-0.004969044588506222,0.0156143419444561,0.0036928842309862375,-0.025190385058522224,-0.0020632059313356876,0.010351759381592274
train,1970-11,1970-12,-0.003179478459060192,-0.005397604778409004,0.0048515829257667065,-0.017147140577435493,-0.006872965022921562,-0.00741383945569396,-0.0003204778768122196,0.00383863621391356
train,1970-12,1971-01,0.006281740963459015,-0.009120222181081772,0.011938564479351044,-0.031012900173664093,0.0157182477414608,0.03445255011320114,-0.02542153373360634,-0.0073718419298529625
train,1971-01,1971-02,-0.0037935455329716206,0.008275281637907028,-0.005966816563159227,-0.006893740966916084,-0.010200336575508118,0.015492698177695274,0.008174842223525047,-0.009520778432488441
train,1971-02,1971-03,-0.017612338066101074,-0.010031724348664284,0.0033042849972844124,-0.005694942083209753,-0.016056468710303307,0.009566666558384895,-0.0003821875434368849,-0.002426391700282693
train,1971-03,1971-04,-0.005600609350949526,-0.012480751611292362,0.006813548970967531,0.0006067301728762686,-0.002216448076069355,-0.0007158910157158971,-0.008651665411889553,-0.001094760256819427
train,1971-04,1971-05,-0.002912058960646391,0.006026862654834986,-0.005219434387981892,-0.0007786047644913197,-0.00559502188116312,-0.015432453714311123,0.007556844502687454,0.0036674027796834707
train,1971-05,1971-06,-0.0018412335775792599,0.005436945240944624,-0.00508950836956501,0.006827290635555983,-0.006342175882309675,-0.011698110029101372,0.005300490185618401,0.0058904471807181835
train,1971-06,1971-07,0.012858799658715725,0.010349576361477375,-0.00264558382332325,-0.003919410984963179,-0.002908322960138321,-0.023939723148941994,0.007609011605381966,0.010702114552259445
train,1971-07,1971-08,-0.013167011551558971,-0.010979454033076763,0.008918557316064835,-0.0008412437746301293,-0.0006735521601513028,0.00046267174184322357,-0.0061528729274868965,-0.01065830234438181
train,1971-08,1971-09,-0.00196817796677351,0.008802804164588451,-0.007533487863838673,-0.00018029386410489678,-0.01541057601571083,-0.008902781642973423,0.013014478608965874,-0.003160559805110097
train,1971-09,1971-10,0.0087434072047472,0.010440252721309662,-0.003422847017645836,-0.002157782204449177,-0.0068512968719005585,-0.020163746550679207,0.007679587695747614,0.014878565445542336
train,1971-10,1971-11,-0.0072069233283400536,-0.001777004450559616,-0.0007201340049505234,0.005737672094255686,-0.009982132352888584,-0.00943287555128336,0.00355351809412241,0.0062568639405071735
train,1971-11,1971-12,-0.013085734099149704,-0.009363876655697823,0.0042268973775208,0.0007809365633875132,0.0009759692475199699,0.021790876984596252,-0.013655828312039375,-0.004065655171871185
train,1971-12,1972-01,0.003205967368558049,0.002537057502195239,0.0196126326918602,-0.03579019010066986,0.041486307978630066,0.03787203133106232,-0.03675905615091324,-0.024503834545612335
train,1972-01,1972-02,-0.01376921497285366,-0.00597513560205698,0.008672073483467102,-0.010498336516320705,-0.004095445387065411,0.005743934772908688,-0.004404493607580662,-0.010128800757229328
train,1972-02,1972-03,-0.004776427522301674,0.004647003952413797,-0.0028361689765006304,-0.0018013754161074758,-0.007887380197644234,-0.012250322848558426,0.005024167709052563,0.0004950291477143764
train,1972-03,1972-04,-0.0076314234174788,-0.004063340835273266,0.00796277541667223,-0.0038905865512788296,-0.002638854319229722,-0.010595442727208138,-0.0011876384960487485,-0.001444016583263874
train,1972-04,1972-05,-0.0034654205664992332,0.004379064776003361,-0.005624189041554928,0.0033797179348766804,-0.011859634891152382,-0.017219407483935356,0.0097018051892519,0.005644664168357849
train,1972-05,1972-06,-0.0011375548783689737,0.003740081563591957,0.0015463129384443164,-0.002566617913544178,-0.0036885289009660482,-0.010784403420984745,0.0017386614345014095,0.00477891881018877
train,1972-06,1972-07,0.001149188494309783,0.0031866643112152815,0.00672151381149888,-0.00641377829015255,-0.002865168498829007,-0.021351609379053116,0.0011051897890865803,0.004768632352352142
train,1972-07,1972-08,0.00784651841968298,-0.003697217907756567,0.004513388499617577,-0.002115687821060419,0.0010091611184179783,-0.014628594741225243,-0.006230090744793415,0.007694967556744814
train,1972-08,1972-09,0.0038238465785980225,0.0036710314452648163,-0.0012998448219150305,0.0014624965842813253,-0.005937797017395496,-0.01253812201321125,0.006022742949426174,0.00754746375605464
train,1972-09,1972-10,0.005724180489778519,0.004371665418148041,0.0009602583013474941,0.001761830528266728,-0.009465491399168968,-0.019278064370155334,0.006244796793907881,0.010778223164379597
train,1972-10,1972-11,0.003526223823428154,-0.010569988749921322,-0.003914666827768087,0.004673689603805542,-0.007731331512331963,-0.0026445076800882816,0.0024212757125496864,-0.003825200954452157
train,1972-11,1972-12,-0.008156351745128632,0.002917081816121936,-0.0005545747699216008,-0.0006310621392913163,-0.012550522573292255,-0.018219055607914925,0.01111176609992981,0.006581560708582401
train,1972-12,1973-01,0.009261058643460274,0.007448883727192879,0.015234317630529404,-0.020517610013484955,0.016172973439097404,-0.02186436578631401,-0.011505885981023312,0.003940165042877197
train,1973-01,1973-02,0.007803130894899368,0.0019508234690874815,0.0037239615339785814,-0.004564804024994373,0.0015463446034118533,-0.026980087161064148,-0.0008040317334234715,0.013134523294866085
train,1973-02,1973-03,-0.001969687407836318,-0.003225616179406643,0.00694258464500308,-0.00614735996350646,-0.0019484244985505939,-0.013642997480928898,-0.004963158629834652,0.002973731141537428
train,1973-03,1973-04,0.005169232841581106,0.005034773610532284,0.007370823994278908,-0.0071086278185248375,0.00036740198265761137,-0.03535015508532524,-0.0003668323624879122,0.008445171639323235
train,1973-04,1973-05,-0.00017908134032040834,0.0008055542130023241,0.0036147134378552437,-0.00101093715056777,-0.005210304632782936,-0.03010961413383484,0.003055194392800331,0.01425564382225275
train,1973-05,1973-06,-0.007252690382301807,-0.0048797824420034885,0.010312125086784363,-0.008255417458713055,-0.0035862699151039124,-0.011784947477281094,-0.0072294557467103004,0.0030331844463944435
train,1973-06,1973-07,-0.024210970848798752,-0.025259248912334442,0.006203320808708668,-0.012811273336410522,-0.01701570674777031,0.06089191883802414,-0.016198907047510147,-0.001067861681804061
train,1973-07,1973-08,-0.0013117438647896051,0.003788223024457693,0.0009226978290826082,0.0024805960711091757,0.00020014957408420742,-0.022422920912504196,0.0033570609521120787,-0.00020684720948338509
train,1973-08,1973-09,-0.020011737942695618,-0.019276088103652,0.014278266578912735,-0.007220827043056488,-0.014054805971682072,0.023543817922472954,-0.013165262527763844,0.008245578967034817
train,1973-09,1973-10,-0.0029902015812695026,0.001533848699182272,0.009617546573281288,-0.009420644491910934,-0.0011038114316761494,-0.02348489686846733,-0.0044585480354726315,-0.0026848523411899805
train,1973-10,1973-11,0.01747659035027027,0.015484604984521866,-0.004190200008451939,0.007116848137229681,0.01412206795066595,-0.046277306973934174,0.002765490673482418,0.005582770332694054
train,1973-11,1973-12,-0.013331993483006954,-0.006274698302149773,0.010040419176220894,0.00030263978987932205,-0.01151740737259388,-0.020838886499404907,0.0012595235602930188,0.010303720831871033
train,1973-12,1974-01,0.017496580258011818,-0.014231318607926369,0.00946907326579094,-0.02139393612742424,0.021939385682344437,0.03937549516558647,-0.0314779132604599,-0.010428518988192081
train,1974-01,1974-02,0.004145580809563398,0.002690436551347375,0.003387719625607133,-0.002592216245830059,0.002425548154860735,-0.012977235019207,-0.005980258341878653,-0.0027026929892599583
train,1974-02,1974-03,0.006881490349769592,0.0054379855282604694,-0.0017589896451681852,0.001474572578445077,0.002217194065451622,-0.006294179242104292,-0.0036554441321641207,-0.0008750470005907118
train,1974-03,1974-04,-0.0005171443335711956,-0.0002233179984614253,0.006318609230220318,-0.006919709499925375,-0.0051504396833479404,-0.017785266041755676,0.000972672482021153,-0.007982474751770496
train,1974-04,1974-05,-0.0011365446262061596,0.003589618718251586,0.002048221882432699,-0.0036215169820934534,-0.005326468031853437,-0.015095236711204052,0.003959693945944309,0.004959186539053917
train,1974-05,1974-06,-0.004935430362820625,-0.004217127338051796,0.008785856887698174,-0.010286644101142883,-0.008422814309597015,-0.0133626414462924,0.0004996975185349584,0.0008211208041757345
train,1974-06,1974-07,0.0033945036120712757,-0.004099300131201744,0.00869227945804596,-0.011719055473804474,0.000820981920696795,-0.015947718173265457,-0.0013400112511590123,-0.0021805833093822002
train,1974-07,1974-08,-0.0004334184341132641,0.0001313749235123396,0.006636524572968483,-0.008046330884099007,-2.119201235473156e-05,-0.01794600300490856,-0.002619482111185789,-0.003351731225848198
train,1974-08,1974-09,0.01670219376683235,0.014108727686107159,-0.002260638866573572,-0.0033795007038861513,0.003012497676536441,-0.023924347013235092,0.008044630289077759,0.0016031787963584065
train,1974-09,1974-10,-0.028509892523288727,-0.022238075733184814,0.009591327048838139,-0.0008438006043434143,-0.016223618760704994,0.028338205069303513,-0.014931716956198215,0.01521501038223505
train,1974-10,1974-11,0.006998980417847633,0.011668178252875805,-0.004452813416719437,-0.001302247168496251,-0.0035197932738810778,-0.02064448967576027,0.010834846645593643,0.0028339324053376913
train,1974-11,1974-12,-0.00500921905040741,0.0018855234375223517,0.0002522451104596257,-0.0012227495899423957,-0.016384590417146683,-0.015549193136394024,0.012588482350111008,0.01260454673320055
train,1974-12,1975-01,-0.0016648839227855206,-0.05191958695650101,0.029196372255682945,-0.02602781541645527,0.02983858995139599,0.09735555946826935,-0.06340613961219788,-0.0141824409365654
train,1975-01,1975-02,-0.008916802704334259,0.004198540933430195,-0.005773133598268032,0.010566986165940762,0.014069429598748684,0.005376214627176523,-0.009251313284039497,-0.0037914705462753773
train,1975-02,1975-03,-0.019592169672250748,-0.031472645699977875,0.021134262904524803,-0.009820776991546154,-0.0035276988055557013,0.047562770545482635,-0.02496744692325592,-0.01655508019030094
train,1975-03,1975-04,-0.02135089784860611,-0.010012771934270859,0.0032248771749436855,4.1477615013718605e-06,-0.00789865106344223,0.010073110461235046,-0.00454680435359478,0.0007988591678440571
train,1975-04,1975-05,-0.015071391128003597,-0.0075888182036578655,0.0006007220945321023,0.005503272637724876,0.008122008293867111,0.0260264053940773,-0.01475022453814745,-0.0012056330451741815
train,1975-05,1975-06,-0.006495228968560696,-0.01664813607931137,0.015707558020949364,-0.013260653242468834,0.0005569495260715485,0.01410144567489624,-0.016700319945812225,-0.00032020313665270805
train,1975-06,1975-07,0.008008346892893314,0.010527340695261955,-0.0004494670429266989,0.002201189985498786,0.017394859343767166,-0.01589605025947094,-0.006557929329574108,-0.0052988347597420216
train,1975-07,1975-08,0.009028124623000622,0.00945729948580265,-0.00953604280948639,0.008953282609581947,-0.00462552672252059,-0.014958653599023819,0.009946830570697784,0.007210188079625368
train,1975-08,1975-09,0.0026628589257597923,0.0021972395479679108,-8.09060875326395e-05,-0.002594258403405547,-0.006958291865885258,-0.017595335841178894,0.00796453282237053,0.0030192132107913494
train,1975-09,1975-10,-0.013682473450899124,-0.014751407317817211,0.008260347880423069,-0.00618214625865221,-0.012708551250398159,0.006760149262845516,-0.001677488093264401,0.008718489669263363
train,1975-10,1975-11,-0.003769566770642996,-0.012785680592060089,0.006286004092544317,-0.013021773658692837,-0.014686059206724167,-0.0014273542910814285,0.0023112925700843334,-0.0014650876400992274
train,1975-11,1975-12,0.00399630656465888,-0.0004415622679516673,-0.0008540835697203875,0.0054221744649112225,0.005512211471796036,0.004167347215116024,-0.005994562990963459,0.002017261693254113
train,1975-12,1976-01,-0.027753062546253204,-0.04155883938074112,0.04785466566681862,-0.046957820653915405,0.011356750503182411,0.043758574873209,-0.04776674136519432,-0.026111790910363197
train,1976-01,1976-02,-0.007189968600869179,-0.005408256780356169,0.023517081514000893,-0.01865934021770954,0.03415589779615402,0.025376301258802414,-0.03511962667107582,-0.03946323320269585
train,1976-02,1976-03,-0.002585469512268901,0.004465840291231871,-0.000991840846836567,0.010096081532537937,0.009662488475441933,-0.0023897942155599594,-0.0043538277968764305,-0.009330653585493565
train,1976-03,1976-04,0.011070061475038528,0.013307723216712475,-0.010296247899532318,0.015188207849860191,0.00991768017411232,-0.014377204701304436,0.0027775042690336704,0.004287653602659702
train,1976-04,1976-05,0.01096505019813776,0.010717920958995819,-0.015333087183535099,0.009654476307332516,-0.0016105219256132841,-0.010748827829957008,0.00928618386387825,0.008794208988547325
train,1976-05,1976-06,-0.004582321271300316,-0.011894997209310532,-0.0013479251647368073,-0.007414138875901699,-0.013142287731170654,0.007892563007771969,0.0031023756600916386,0.0016245342558249831
train,1976-06,1976-07,0.010973421856760979,0.011088338680565357,-0.0036971231456846,0.00386672536842525,0.0040763625875115395,-0.012117092497646809,0.00258702808059752,0.002061394974589348
train,1976-07,1976-08,0.007821740582585335,0.005504383705556393,-0.006192474160343409,0.001028519938699901,-0.005372304469347,-0.01812203787267208,0.00760421110317111,0.0037972070276737213
train,1976-08,1976-09,-0.007392372470349073,-0.007011539302766323,0.0032650851644575596,-0.006145628169178963,-0.009163793176412582,-0.0015578322345390916,0.0012680062791332603,0.00020648748613893986
train,1976-09,1976-10,0.006944590248167515,0.006226110737770796,-0.0037043248303234577,0.004141130018979311,-0.001091790501959622,-0.01596132293343544,0.008102329447865486,0.0031576931942254305
train,1976-10,1976-11,-0.006287619471549988,-0.003173855133354664,0.000983841484412551,0.0020070825703442097,-0.002350863069295883,0.0012968310620635748,-0.0021076896227896214,-0.0037575531750917435
train,1976-11,1976-12,-0.002449476160109043,1.5819270629435778e-05,0.008049119263887405,-0.005660054739564657,0.00961922388523817,0.016472268849611282,-0.01927388273179531,-0.006117063574492931
train,1976-12,1977-01,0.0033318365458399057,0.018397748470306396,0.0041124760173261166,-0.003602387383580208,0.0248524509370327,-0.002307549584656954,-0.01790742762386799,-0.013744945637881756
train,1977-01,1977-02,0.009191421791911125,0.017101578414440155,-0.008108016103506088,0.005931760650128126,0.014620388858020306,-0.013430971652269363,-0.0014222910394892097,-0.00646869745105505
train,1977-02,1977-03,-0.0006858518463559449,0.00632111169397831,0.004867922514677048,0.004365918226540089,0.010250511579215527,-0.003478554543107748,-0.009332616813480854,-0.0020458323415368795
train,1977-03,1977-04,0.001651141094043851,0.004171691834926605,0.0024958692956715822,0.0005747731775045395,0.004898250102996826,-0.005443802569061518,-0.0041472651064395905,-0.005480268504470587
train,1977-04,1977-05,0.000754347478505224,0.005457723513245583,0.0031418194994330406,-0.0002637439174577594,0.005199930630624294,-0.009715674445033073,-0.006823877338320017,-0.0032334856223315
train,1977-05,1977-06,-0.014302297495305538,-0.015314715914428234,0.00444315280765295,-0.012134028598666191,-0.012966105714440346,0.016845954582095146,-0.0016002824995666742,-0.004481949843466282
train,1977-06,1977-07,0.008239918388426304,0.017667323350906372,-0.0035304315388202667,0.009076627902686596,0.017753377556800842,-0.009965218603610992,-0.010085759684443474,-0.005219390150159597
train,1977-07,1977-08,0.0002728009130805731,0.013842352665960789,-0.006930437870323658,0.011858195066452026,0.010005299933254719,-0.005313904024660587,-0.00361812231130898,-0.00358667504042387
train,1977-08,1977-09,0.0017707168590277433,0.007850797846913338,-0.006137143820524216,0.0025558331981301308,0.0024719771463423967,-0.005079763475805521,0.0010089052375406027,-0.006003646645694971
train,1977-09,1977-10,0.008700285106897354,0.009636376053094864,-0.004918787628412247,0.002063040854409337,0.003684818744659424,-0.011070812121033669,0.0034230658784508705,0.00024017883697524667
train,1977-10,1977-11,-0.017548538744449615,-0.013532248325645924,0.003260062774643302,-0.013899344950914383,-0.007720043882727623,0.014457948505878448,-0.0038443305529654026,-0.010235772468149662
train,1977-11,1977-12,-0.004361837171018124,0.008654924109578133,-0.002797025488689542,0.005452506244182587,0.007921959273517132,-0.005870691500604153,-0.005416641011834145,-0.00905386358499527
train,1977-12,1978-01,0.014958702027797699,0.013400291092693806,0.0016960143111646175,0.0022966598626226187,0.018431393429636955,-0.0029213260859251022,-0.0150145897641778,-0.005605506710708141
train,1978-01,1978-02,-0.0015350293833762407,0.008830935694277287,-0.0025655264034867287,-0.0005812731105834246,0.009605186060070992,-0.0017279400490224361,-0.008732384070754051,-0.012441607192158699
train,1978-02,1978-03,-0.011114943772554398,-0.007854019291698933,0.005851404275745153,-0.008781221695244312,0.0024445292074233294,0.014031367376446724,-0.01191764697432518,-0.01636120304465294
train,1978-03,1978-04,-0.014253461733460426,-0.008102518506348133,0.0056724245660007,-0.005291007459163666,-0.00014218175783753395,0.013198522850871086,-0.010638346895575523,-0.00629088468849659
train,1978-04,1978-05,-0.011999332346022129,0.00402971263974905,-0.000775884953327477,-0.0005864994018338621,0.01212242990732193,0.010315384715795517,-0.011775013990700245,-0.018843015655875206
train,1978-05,1978-06,0.0042967298068106174,0.013920359313488007,-0.0005466809961944818,0.004296648316085339,0.012760452926158905,-0.01102394051849842,-0.007473846431821585,-0.0037017378490418196
train,1978-06,1978-07,-0.012950110249221325,-0.010645383037626743,0.004249772988259792,-0.006085928529500961,-0.0069087594747543335,0.006484467536211014,-0.002344074659049511,-0.006518542300909758
train,1978-07,1978-08,-0.012416914105415344,0.0076848287135362625,-0.0010736762778833508,-0.007747845724225044,0.011914358474314213,0.01096312329173088,-0.01210121251642704,-0.02685532718896866
train,1978-08,1978-09,0.014076167717576027,0.01156539935618639,-0.0002724699443206191,0.004466225393116474,0.014817938208580017,-0.0063479277305305,-0.005917543079704046,-0.0019514112500473857
train,1978-09,1978-10,0.048177022486925125,0.0262849573045969,-0.01755555160343647,0.019366737455129623,0.007896101102232933,-0.05480603873729706,0.012919988483190536,0.03173517808318138
train,1978-10,1978-11,-0.030643412843346596,-0.02254686877131462,0.0021924336906522512,-0.014950940385460854,-0.016207311302423477,0.025178734213113785,0.0003167006652802229,-0.012323378585278988
train,1978-11,1978-12,-0.007885044440627098,0.0042293500155210495,-0.005541302263736725,0.009547046385705471,0.004862165078520775,-0.003088782075792551,-0.0029227526392787695,-0.006309407763183117
train,1978-12,1979-01,-0.008961268700659275,-0.009156690910458565,0.00973693747073412,-0.009485018439590931,0.005534077063202858,0.024318696931004524,-0.01795222982764244,-0.013484127819538116
train,1979-01,1979-02,0.014169135130941868,0.014293564483523369,-0.006870024837553501,0.00623386912047863,0.00828736461699009,-0.015495672821998596,0.004393342416733503,-0.0025096102617681026
train,1979-02,1979-03,-0.015923747792840004,-0.011964087374508381,-0.002204203512519598,-0.0010785874910652637,0.0009318414377048612,0.030387014150619507,-0.012162766419351101,-0.015139994211494923
train,1979-03,1979-04,0.00026562740094959736,0.006954152137041092,0.002394275041297078,0.0007488043047487736,0.008810274302959442,-0.002301671775057912,-0.007518387399613857,-0.012088881805539131
train,1979-04,1979-05,0.008227395825088024,0.006357968784868717,-0.0021001186687499285,-0.003198927268385887,0.0033233072608709335,-0.011543495580554008,0.002703011967241764,-0.0008137892000377178
train,1979-05,1979-06,-0.000516725005581975,0.0030797456856817007,-0.001399653498083353,0.004954251926392317,0.0078198267146945,0.007351269014179707,-0.006268450058996677,-0.00013775320257991552
train,1979-06,1979-07,0.00016829342348501086,-0.0028938190080225468,0.0005192791577428579,-0.0014494960196316242,-0.004443303681910038,-0.0034167547710239887,0.00139295042026788,0.003933443687856197
train,1979-07,1979-08,-0.016188116744160652,-0.010674386285245419,-0.0002658234443515539,-0.007610999047756195,-0.007725990377366543,0.011581286787986755,0.000447568716481328,-0.007923947647213936
train,1979-08,1979-09,-0.0022112487349659204,0.0077077848836779594,0.00010951410513371229,0.002439901465550065,0.0028694788925349712,-0.012863501906394958,0.0008618691354058683,-0.0027386723086237907
train,1979-09,1979-10,0.0038984562270343304,0.00730655575171113,-0.0002369395224377513,0.0010249798651784658,-0.00011696945875883102,-0.01634211465716362,0.004562470130622387,0.008211849257349968
train,1979-10,1979-11,-0.020232921466231346,-0.00693219481036067,-0.006790927145630121,0.001309441402554512,-0.004385169595479965,0.016444656997919083,2.5828718207776546e-05,-0.010384389199316502
train,1979-11,1979-12,-0.0112258680164814,0.015919310972094536,-0.01466206181794405,0.010194155387580395,0.018868904560804367,0.010314678773283958,-0.008633536286652088,-0.02475704252719879
train,1979-12,1980-01,-0.00558424973860383,0.020544108003377914,-0.0069876075722277164,0.0073380060493946075,0.02764936350286007,0.015066025778651237,-0.019051650539040565,-0.02972749061882496
train,1980-01,1980-02,-0.0014169297646731138,0.021796125918626785,-0.0051328944973647594,0.020032735541462898,0.02065216936171055,-0.005059691146016121,-0.006632241886109114,-0.015223863534629345
train,1980-02,1980-03,0.019700350239872932,-0.004168448504060507,0.004070138558745384,-0.0163774061948061,-0.019399527460336685,-0.03713380545377731,0.014765385538339615,0.033998772501945496
train,1980-03,1980-04,0.00030049323686398566,-0.0073353881016373634,9.112415136769414e-05,-0.003910284489393234,-0.0023707072250545025,0.0030346200801432133,-0.006241445895284414,0.003286725375801325
train,1980-04,1980-05,-0.006426387466490269,-0.010318545624613762,-0.0008009022567421198,-0.002841900335624814,-0.006355344317853451,0.010474111884832382,-0.0012860397109761834,0.002000167965888977
train,1980-05,1980-06,0.0031274305656552315,0.008916264399886131,-0.0028859530575573444,0.005144452676177025,0.006529494654387236,-0.004047335125505924,-0.0029525882564485073,-0.0011772261932492256
train,1980-06,1980-07,-0.025561407208442688,-0.015567248687148094,-0.00904643815010786,-0.010073818266391754,-0.011464495211839676,0.0272198673337698,0.002007545903325081,-0.013582125306129456
train,1980-07,1980-08,-0.025081969797611237,0.0032122014090418816,0.00296919047832489,0.0017328959656879306,0.01597295142710209,0.021296346560120583,-0.021215051412582397,-0.018422698602080345
train,1980-08,1980-09,-0.0034418990835547447,0.02725495770573616,-0.012641352601349354,0.019455095753073692,0.02039453200995922,0.0015258004423230886,-0.006608827505260706,-0.012297481298446655
train,1980-09,1980-10,-0.005404053255915642,0.030599037185311317,-0.019393261522054672,0.02342301234602928,0.021435441449284554,0.006712635979056358,-0.005223075859248638,-0.025974445044994354
train,1980-10,1980-11,-0.02392992191016674,0.025359906256198883,-0.022355763241648674,0.031594958156347275,0.013803841546177864,0.01960528828203678,-0.0010805826168507338,-0.026159513741731644
train,1980-11,1980-12,0.0162447988986969,0.0009152184939011931,-0.0030645430088043213,-0.012173444032669067,-0.010554807260632515,-0.018687007948756218,0.008581103757023811,0.012410743162035942
train,1980-12,1981-01,0.023641269654035568,0.0016724782763049006,0.0021558902226388454,-0.008833414874970913,0.008752813562750816,-0.006785430014133453,-0.007214404176920652,0.003672970924526453
train,1981-01,1981-02,0.006288106553256512,-0.015970680862665176,0.01262720674276352,-0.016718357801437378,-0.01655975915491581,-0.011246141977608204,0.004051915369927883,0.006953906267881393
train,1981-02,1981-03,-0.010315553285181522,-0.018387295305728912,0.005629328545182943,-0.014434786513447762,-0.00913885235786438,0.014394862577319145,-0.0026218716520816088,-0.0035366679076105356
train,1981-03,1981-04,-0.0053315539844334126,0.0031907379161566496,0.009695538319647312,-0.003501380328088999,0.005774160847067833,-0.006215700879693031,-0.010114386677742004,-0.0012799695832654834
train,1981-04,1981-05,-0.011210762895643711,-0.003124078270047903,0.0017695063725113869,-0.0027951416559517384,0.00171406171284616,0.005619725212454796,-0.0047080242075026035,-0.0063490672037005424
train,1981-05,1981-06,0.008544295094907284,-0.01717921532690525,0.02506919950246811,-0.026833370327949524,-0.016767341643571854,-0.029506120830774307,0.0011653357651084661,0.011046807281672955
train,1981-06,1981-07,0.0032355417497456074,-0.0009203116642311215,0.0013387236976996064,-0.0021717583294957876,-0.0016722265863791108,-0.00814448855817318,-0.000998599687591195,0.003230468137189746
train,1981-07,1981-08,0.015912208706140518,-0.004037084057927132,0.010960502550005913,-0.012621919624507427,-0.012495369650423527,-0.03214247524738312,0.010784154757857323,0.013595621101558208
train,1981-08,1981-09,0.0078002577647566795,-0.016373850405216217,0.015129197388887405,-0.026501253247261047,-0.02077731490135193,-0.03281067684292793,0.009203610010445118,0.01696413941681385
train,1981-09,1981-10,-0.01534553337842226,6.388290785253048e-05,-0.009620340541005135,-0.001580119482241571,-0.0062705595046281815,0.011006196960806847,0.0014693260891363025,-0.009592650458216667
train,1981-10,1981-11,0.013269700109958649,-0.0023843792732805014,0.00039823862607590854,-0.016368567943572998,-0.019809246063232422,-0.027259189635515213,0.018813755363225937,0.0067434124648571014
train,1981-11,1981-12,0.0018264891114085913,0.0016539152711629868,0.0002545767929404974,-0.009040411561727524,-0.0037254299968481064,-0.01702883280813694,0.005467825103551149,-0.006938561797142029
train,1981-12,1982-01,0.003936405759304762,0.0008498177048750222,0.00431942380964756,-0.006437514442950487,0.00538979284465313,-0.004968817345798016,-0.006449947599321604,-0.001653106533922255
train,1982-01,1982-02,0.005404548719525337,-0.008470339700579643,0.022944744676351547,-0.019781168550252914,-0.008492633700370789,-0.02720416523516178,-0.0019455024739727378,0.009446551091969013
train,1982-02,1982-03,0.003484871005639434,-0.003959701396524906,0.00689512025564909,-0.013049597851932049,-0.0074492404237389565,-0.013581877574324608,0.0023741330951452255,-0.0027461836580187082
train,1982-03,1982-04,-0.010615415871143341,-0.002489357255399227,-0.0007249993504956365,0.0036697061732411385,0.003495320212095976,0.009052660316228867,-0.006763590965420008,-0.003081335686147213
train,1982-04,1982-05,0.0017404567915946245,0.004897582810372114,0.005160738714039326,-0.0031818384304642677,0.001562340883538127,-0.014877304434776306,-0.002125359605997801,0.0018350746249780059
train,1982-05,1982-06,0.0015153071144595742,-0.011561715044081211,0.012531111016869545,-0.024187728762626648,-0.019212042912840843,-0.022557277232408524,0.01187550462782383,0.0009906424675136805
train,1982-06,1982-07,0.001643677824176848,-0.001584616955369711,0.004149013664573431,-0.013747196644544601,-0.00635563675314188,-0.01634928584098816,0.005985339172184467,-0.0053125424310564995
train,1982-07,1982-08,0.014140985906124115,-0.02219698205590248,-0.013165658339858055,-0.014573430642485619,-0.026143459603190422,0.007849249057471752,0.02139122039079666,0.00400625541806221
train,1982-08,1982-09,0.00029539718525484204,0.011500128544867039,0.006212690379470587,-0.010901346802711487,-0.004407104104757309,-0.025827206671237946,0.004640880972146988,-0.009895985946059227
train,1982-09,1982-10,-0.013978616334497929,-0.005738506559282541,-0.006687484681606293,-0.005808256566524506,-0.009807191789150238,0.018802687525749207,0.0047229863703250885,-0.007465374190360308
train,1982-10,1982-11,-0.017985085025429726,0.005573667120188475,0.007901561446487904,-0.011557415127754211,0.0006705023697577417,-0.002635164186358452,0.0005123204318806529,-0.030611254274845123
train,1982-11,1982-12,-0.006967712659388781,0.0025832552928477526,0.003423989750444889,-0.0023089840542525053,0.001294266781769693,-0.0041156974621117115,-0.0028451511170715094,-0.005586615297943354
train,1982-12,1983-01,-0.02070394530892372,0.020263977348804474,-0.010713145136833191,0.03184591233730316,0.057942550629377365,0.055152326822280884,-0.05010783672332764,0.002379844430834055
train,1983-01,1983-02,-0.003269381122663617,0.004472699481993914,0.006069609429687262,-0.027414564043283463,-0.004310083109885454,-0.01790590211749077,0.007315723225474358,-0.018974093720316887
train,1983-02,1983-03,0.0035720255691558123,0.002350947819650173,0.01003614254295826,-0.015051988884806633,0.007614206522703171,-0.009089253842830658,-0.012820659205317497,-0.002786603756248951
train,1983-03,1983-04,-0.0024320119991898537,0.008937671780586243,0.003088028635829687,-0.0050289384089410305,0.007181081920862198,-0.001582106575369835,-0.007052555680274963,-0.006173558067530394
train,1983-04,1983-05,-0.015949362888932228,0.007428096607327461,0.002127403859049082,0.010911657474935055,0.028424881398677826,0.03168000653386116,-0.028128407895565033,-0.00030288752168416977
train,1983-05,1983-06,-0.013366209343075752,0.006093721371144056,0.0029707381036132574,-0.004296171944588423,0.00918932631611824,0.008343501016497612,-0.007426849566400051,-0.005197703838348389
train,1983-06,1983-07,0.015296641737222672,0.006369781214743853,0.012338551692664623,-0.01591918244957924,0.0006231695297174156,-0.021243510767817497,-0.0033953606616705656,0.009264160878956318
train,1983-07,1983-08,0.01411626860499382,-0.007314601913094521,0.0049821799620985985,-0.009792061522603035,-0.012419596314430237,-0.01764606684446335,0.0009112630505114794,0.014453045092523098
train,1983-08,1983-09,0.007745242677628994,-0.004988346714526415,0.006965300068259239,-0.016932431608438492,-0.02025086060166359,-0.027521144598722458,0.011697769165039062,0.0035175138618797064
train,1983-09,1983-10,0.016338173300027847,-0.0002701511839404702,0.0143975131213665,-0.02318432182073593,-0.017481744289398193,-0.03720809519290924,0.012486670166254044,0.012904420495033264
train,1983-10,1983-11,-0.00449809804558754,-0.013747276738286018,0.003459847066551447,-0.0067648389376699924,-0.0181418489664793,0.0015832723584026098,0.005353973712772131,-0.004806189332157373
train,1983-11,1983-12,0.0067994724959135056,-0.0016869185492396355,0.01050150953233242,-0.016105320304632187,-0.012119735591113567,-0.022838866338133812,0.006618754006922245,0.0011533207725733519
train,1983-12,1984-01,0.009875277057290077,0.004215526394546032,0.011667038314044476,-0.009811263531446457,0.01572374999523163,-0.005465853959321976,-0.018979137763381004,0.010335806757211685
train,1984-01,1984-02,0.0069758533500134945,0.0024624429643154144,0.008020748384296894,-0.007212075404822826,-0.0007834518328309059,-0.0191444493830204,0.0002795025648083538,0.0054451278410851955
train,1984-02,1984-03,-0.0013445804361253977,-0.005075692664831877,0.00920460931956768,-0.009494747035205364,-0.0056547424755990505,-0.00968447607010603,-0.003097154200077057,0.002727979328483343
train,1984-03,1984-04,-1.2011791113764048e-05,-0.0029474690090864897,0.002557136118412018,-0.010217907838523388,-0.011802848428487778,-0.020252007991075516,0.007208197843283415,-0.0010997183853760362
train,1984-04,1984-05,-0.000548221287317574,0.003623123047873378,0.00547173572704196,-0.015101853758096695,-0.004894777666777372,-0.02391676977276802,0.001961586531251669,0.004393605049699545
train,1984-05,1984-06,-0.009112988598644733,-0.01108470093458891,-0.0011378825874999166,-0.010389743372797966,-0.02091219462454319,-0.003557331394404173,0.011652931571006775,-0.0014650565572082996
train,1984-06,1984-07,0.009124907664954662,0.005636477842926979,0.004044435918331146,-0.014567709527909756,-0.010332770645618439,-0.03369169682264328,0.011261137202382088,0.0035391151905059814
train,1984-07,1984-08,-0.016824539750814438,-0.025991573929786682,-0.0013978376518934965,-0.0028292492497712374,-0.02839004248380661,0.02052106335759163,0.00419857120141387,-0.0009205670212395489
train,1984-08,1984-09,0.014794284477829933,0.0069550103507936,0.0034162052907049656,-0.012025197967886925,-0.001856973278336227,-0.02603556215763092,0.006638586055487394,-0.0012374049983918667
train,1984-09,1984-10,0.010608195327222347,0.003081652568653226,-0.004450961481779814,-0.013209989294409752,-0.01504081953316927,-0.03052612766623497,0.017990583553910255,-0.0001037397887557745
train,1984-10,1984-11,0.011730767786502838,0.004659472964704037,0.001095692510716617,-0.014477337710559368,-0.014215762726962566,-0.035910479724407196,0.01759934052824974,-0.004347142763435841
train,1984-11,1984-12,0.0008621760061942041,-0.00460902601480484,0.0001005898229777813,-0.009694489650428295,-0.010683582164347172,-0.009429476223886013,0.004954322706907988,-0.0008741037454456091
train,1984-12,1985-01,-0.012690371833741665,-0.007090759463608265,-0.017420504242181778,0.01039051078259945,0.00021132989786565304,0.03609746694564819,-0.0033481777645647526,0.0016659493558108807
train,1985-01,1985-02,-0.0050162943080067635,0.015442116186022758,-0.0026305585633963346,-0.007760053966194391,0.017277922481298447,0.01016929466277361,-0.016354160383343697,-0.0017142415745183825
train,1985-02,1985-03,0.008987097069621086,0.008407332934439182,0.004226394928991795,-0.006587701849639416,0.0029956125654280186,-0.02298508584499359,-0.0025095876771956682,0.001892730942927301
train,1985-03,1985-04,0.012179985642433167,0.004316288977861404,-5.978171247988939e-05,-0.0021034383680671453,0.00017880077939480543,-0.02273651584982872,0.004803466610610485,-0.00037705223076045513
train,1985-04,1985-05,-0.004549551755189896,-0.009523342363536358,-0.0010397270089015365,-0.005245502106845379,-0.01663246564567089,-0.0093295369297266,0.005461215507239103,0.002607810078188777
train,1985-05,1985-06,0.005401664413511753,-0.00046467315405607224,0.0016049769474193454,-0.00214365147985518,-0.012037031352519989,-0.0191815048456192,0.00980584230273962,0.0007044704398140311
train,1985-06,1985-07,-0.003149659838527441,0.0002969222841784358,-0.0031625854317098856,-0.001691410900093615,-0.002082526683807373,-0.0016185048734769225,0.0032300150487571955,-0.0040639303624629974
train,1985-07,1985-08,0.009123066440224648,0.008761384524405003,-0.0033981488086283207,-0.004215246066451073,0.0037922970950603485,-0.014408813789486885,0.004381677135825157,-0.002025844296440482
train,1985-08,1985-09,0.008669687435030937,-0.0006993130664341152,0.006099553778767586,-0.014822762459516525,-0.009267195127904415,-0.027289219200611115,0.006359189748764038,0.0011949787149205804
train,1985-09,1985-10,0.0012569102691486478,-0.00848079938441515,0.0009376502712257206,-0.0041180746629834175,-0.016664478927850723,-0.013764426112174988,0.010875727981328964,0.0030038028489798307
train,1985-10,1985-11,-0.0024047372862696648,-0.009059851989150047,-0.0037357909604907036,-0.007344902493059635,-0.014783383347094059,-0.002637204248458147,0.007382577285170555,-0.005724828690290451
train,1985-11,1985-12,0.001960349502041936,-0.00034437491558492184,-0.0133042111992836,-0.0027786786668002605,-0.010888738557696342,-0.010999374091625214,0.016585584729909897,-0.003801628015935421
train,1985-12,1986-01,0.0027551385574042797,0.018865514546632767,-0.01130278967320919,0.0007173725171014667,0.020593468099832535,0.007032811641693115,-0.008758096024394035,-0.0025910406839102507
train,1986-01,1986-02,0.001063776551745832,-0.0022734440863132477,-0.0020419699139893055,-0.007556903176009655,-0.005592581816017628,-0.004254270810633898,0.003784218803048134,-0.0016600432572886348
train,1986-02,1986-03,-0.0015977126313373446,-0.0013806023634970188,0.001610018196515739,-0.0064598796889185905,-0.0006679550861008465,-0.004643122665584087,-0.0027541639283299446,-0.003638187423348427
train,1986-03,1986-04,-0.0032413704320788383,0.011933034285902977,-0.006758672650903463,-0.006537699140608311,0.002485160483047366,-0.00698104128241539,0.005941291339695454,-0.005339127033948898
train,1986-04,1986-05,-0.003725840710103512,0.00023250962840393186,0.001976886298507452,-0.0042598433792591095,-0.0029655196703970432,-0.008986251428723335,-0.0009209683048538864,-0.0009286717395298183
train,1986-05,1986-06,0.005355458240956068,0.013571265153586864,0.001407624571584165,-0.005209379829466343,0.004908185917884111,-0.021389057859778404,0.0009893457172438502,-0.002667199121788144
train,1986-06,1986-07,0.011181322857737541,0.011132590472698212,0.005538626573979855,-0.012870032340288162,0.0026638349518179893,-0.02798590622842312,0.0009303386323153973,0.006985424552112818
train,1986-07,1986-08,0.006323130801320076,-0.017672359943389893,0.0069690546952188015,-0.006036834791302681,-0.018119726330041885,-0.0035199420526623726,-0.00043944246135652065,0.008413510397076607
train,1986-08,1986-09,0.0038319500163197517,-0.003322286531329155,0.018464956432580948,-0.012519189156591892,-0.002053767442703247,-0.012797548435628414,-0.005587243475019932,0.0034670308232307434
train,1986-09,1986-10,-0.007756587117910385,-0.011459507048130035,-0.004754490219056606,-0.0024820719845592976,-0.016751261427998543,0.0021212114952504635,0.006707348860800266,-0.004552297759801149
train,1986-10,1986-11,-0.002137264935299754,-0.007878403179347515,-0.0007391679682768881,-0.009835615754127502,-0.014067194424569607,-0.0033877110108733177,0.006800259929150343,-5.919544491916895e-06
train,1986-11,1986-12,0.0029632211662828922,-0.0054836580529809,0.0017066444270312786,-0.011028755456209183,-0.009421267546713352,-0.01150972954928875,0.0043466221541166306,-2.32132151722908e-06
train,1986-12,1987-01,-0.00023641996085643768,-0.004669376648962498,-0.008141366764903069,0.0035033070016652346,0.0010470370762050152,0.01946064829826355,-0.0019994822796434164,-0.005990603007376194
train,1987-01,1987-02,-0.016407622024416924,-0.0029386193491518497,-0.004689164459705353,-0.0005348203703761101,0.0068524922244250774,0.020104682072997093,-0.011057702824473381,-0.004986095242202282
train,1987-02,1987-03,-0.0031776190735399723,0.005180219653993845,0.012709597125649452,-0.006309186108410358,0.008299821056425571,-0.00191416684538126,-0.0097957793623209,0.0036209423560649157
train,1987-03,1987-04,-0.005746007431298494,0.0013656578958034515,0.009849773719906807,-0.008055159822106361,0.006594175472855568,-0.004168424289673567,-0.007513970602303743,-0.006769866682589054
train,1987-04,1987-05,-0.010040130466222763,-0.006335102021694183,0.014618669636547565,-0.011594302952289581,-0.001833145972341299,0.003232912626117468,-0.01301330141723156,0.006803465075790882
train,1987-05,1987-06,-0.002236869651824236,-0.010234194807708263,0.01010853797197342,-0.0076721408404409885,-0.01167251355946064,-0.008253026753664017,-0.0019336072728037834,0.008684808388352394
train,1987-06,1987-07,-0.00644177570939064,-0.007475333288311958,0.0200739037245512,-0.009858752600848675,0.0021560988388955593,0.0008953225915320218,-0.018629688769578934,0.004814544692635536
train,1987-07,1987-08,0.0012355681974440813,-0.00689609395340085,-0.001296299509704113,-0.00562241580337286,-0.013259170576930046,-0.011142555624246597,0.007906035520136356,-0.0030100704170763493
train,1987-08,1987-09,-0.00779222697019577,-0.004264153074473143,0.007319669239223003,-0.009248815476894379,-0.00020677366410382092,-0.004947284702211618,-0.005462696775794029,-0.0028481632471084595
train,1987-09,1987-10,0.03712484985589981,0.019350998103618622,-0.001893728505820036,-0.01664140447974205,0.0033016097731888294,-0.054393939673900604,0.00996062345802784,0.009001513943076134
train,1987-10,1987-11,0.003426646115258336,0.0031651414465159178,0.004320887383073568,-0.015219270251691341,-0.005041206255555153,-0.02714706026017666,0.00790303386747837,-0.005671965889632702
train,1987-11,1987-12,-0.025447852909564972,-0.03191983327269554,-0.006878369487822056,0.0028967473190277815,-0.03775671496987343,0.005683520808815956,0.019609518349170685,-0.01624048873782158
train,1987-12,1988-01,0.011851362884044647,0.008017869666218758,-0.001885200385004282,0.004758625291287899,0.020989857614040375,0.022876814007759094,-0.017891045659780502,0.009530460461974144
train,1988-01,1988-02,-0.00834635179489851,-0.017600178718566895,-0.0006055765552446246,0.0021421043202281,-0.01463446393609047,0.011989198625087738,0.0027072171214967966,-0.002800431102514267
train,1988-02,1988-03,-0.005667636636644602,0.000622368068434298,0.0028572683222591877,-0.009292049333453178,0.004433755297213793,0.0015739239752292633,-0.006459523923695087,-0.004613046534359455
train,1988-03,1988-04,-0.005036421585828066,-0.0006342731649056077,0.004702362697571516,-0.006327311974018812,0.0006108216475695372,-0.0019029329996556044,-0.004759516101330519,-0.008403150364756584
train,1988-04,1988-05,0.006810229271650314,0.0027087160851806402,0.004181735683232546,-0.010750764049589634,-3.5472447052598e-05,-0.014380141161382198,-0.002777685411274433,-0.002645224565640092
train,1988-05,1988-06,-0.006725595332682133,-0.01692202314734459,0.00015217787586152554,-0.004330914467573166,-0.01900649629533291,0.0009626985411159694,0.008519278839230537,-0.005001307465136051
train,1988-06,1988-07,0.006904851645231247,0.00956476666033268,-0.003022305201739073,0.003549339482560754,0.010230546817183495,-0.005357601214200258,-0.0013977489434182644,-0.004266937263309956
train,1988-07,1988-08,0.008576826192438602,0.0041458928026258945,0.0009523625485599041,-0.007349218707531691,0.003169613890349865,-0.014950240030884743,-0.00037924759089946747,0.0005546733736991882
train,1988-08,1988-09,-0.0015071111265569925,-0.009800936095416546,0.0021676565520465374,-0.008360404521226883,-0.012005973607301712,-0.0037155826576054096,0.004671668168157339,0.0006820013513788581
train,1988-09,1988-10,0.00445624440908432,-0.004147071857005358,0.005358639173209667,-0.006622311659157276,-0.013652723282575607,-0.019620828330516815,0.008969700895249844,-0.004578256048262119
train,1988-10,1988-11,0.006480359472334385,-8.887494914233685e-05,0.0032277884893119335,-0.005191960372030735,-0.006236671935766935,-0.018655383959412575,0.008566326461732388,-0.0019623145926743746
train,1988-11,1988-12,-0.017718922346830368,-0.015191692858934402,0.00010557359200902283,-0.011004388332366943,-0.014946525916457176,0.006346963346004486,-0.0002849897718988359,-0.007212748751044273
train,1988-12,1989-01,-0.009477678686380386,-0.004793698433786631,0.010852491483092308,-0.006295241415500641,0.00880182720720768,0.019431952387094498,-0.02085350826382637,0.007164797745645046
train,1989-01,1989-02,-0.005708180367946625,0.0024232256691902876,0.004554057959467173,-0.00887494906783104,-0.0020655132830142975,-0.004761781543493271,-0.005460266023874283,0.0017894746270030737
train,1989-02,1989-03,-0.005090421997010708,-0.006752366200089455,0.00807326938956976,-0.008961280807852745,-0.006527488585561514,-0.005227952729910612,-0.002510342514142394,-0.0020035956986248493
train,1989-03,1989-04,-0.007727152667939663,-0.013855617493391037,0.005793941207230091,-0.011396446265280247,-0.01526713464409113,-0.002814976032823324,0.0018424965674057603,0.0024273181334137917
train,1989-04,1989-05,-0.006096991710364819,-0.009007696062326431,0.004206184763461351,-0.011201763525605202,-0.012213903479278088,-0.0008672810508869588,6.932090036571026e-05,0.00039508112240582705
train,1989-05,1989-06,0.011483889073133469,0.009660210460424423,0.0021263156086206436,-0.006640398874878883,0.0041798995807766914,-0.017817839980125427,-0.0010359903099015355,0.0050114295445382595
train,1989-06,1989-07,-0.003944642376154661,-0.008745321072638035,0.0013977473136037588,-0.0009020496509037912,-0.018054161220788956,-0.015428847633302212,0.010904592461884022,-0.004262648057192564
train,1989-07,1989-08,0.002147671999409795,-0.0015744036063551903,-0.004329920746386051,-0.001443288056179881,-0.008405977860093117,-0.008324402384459972,0.009655799716711044,-0.00527464272454381
train,1989-08,1989-09,-0.004482068121433258,0.006091213319450617,-0.0023449247237294912,-0.0033572507090866566,0.0017767437966540456,-0.00500795291736722,-0.001004870980978012,-0.003661340568214655
train,1989-09,1989-10,-0.005011282861232758,0.007876669988036156,0.0004937460180372,-0.007969696074724197,-0.001570658409036696,-0.0167263001203537,0.00321243517100811,0.010238686576485634
train,1989-10,1989-11,-0.006294062826782465,-0.0027929884381592274,-0.002488071797415614,-0.0007049540290609002,-0.012166069820523262,-0.01119985617697239,0.010930461809039116,-0.0015725481789559126
train,1989-11,1989-12,-0.014765637926757336,-0.012313218787312508,0.0064095305278897285,-0.013819576241075993,-0.023725200444459915,-0.00792025774717331,0.006654918193817139,-0.0005717553431168199
train,1989-12,1990-01,0.00483654486015439,0.01585977151989937,0.0030230919364839792,-0.005909762345254421,0.023735813796520233,-0.00016928580589592457,-0.015074996277689934,-0.0007323687896132469
train,1990-01,1990-02,-0.009353195317089558,-0.004524122923612595,0.0028894164133816957,-0.004630282521247864,-0.0014900013338774443,0.009614645503461361,-0.008379274979233742,-0.00510429497808218
train,1990-02,1990-03,-0.020362919196486473,-0.01375860720872879,-0.00026641087606549263,-0.006952725816518068,-0.012376122176647186,0.010997436940670013,-0.00085338024655357,-0.003778010606765747
train,1990-03,1990-04,-0.009709910489618778,0.005630426108837128,0.001178476377390325,-0.003453359939157963,0.004169773776084185,-0.0023532819468528032,-0.0013405251083895564,0.006803491618484259
train,1990-04,1990-05,-0.02650488168001175,-0.02307811565697193,-0.0005607646889984608,4.3988286051899195e-05,-0.024503666907548904,0.014959493651986122,0.004579855129122734,0.0016081249341368675
train,1990-05,1990-06,-0.012107735499739647,0.003820836776867509,0.0009095221757888794,-0.003848088439553976,0.0013785818591713905,0.002336926059797406,-0.0054534119553864,0.0013567708665505052
train,1990-06,1990-07,-0.0013668483588844538,0.006883522961288691,0.006530442740768194,-0.0088737728074193,0.005536157172173262,-0.012454705312848091,-0.009217177517712116,0.0015856719110161066
train,1990-07,1990-08,0.011127635836601257,0.016983667388558388,0.01182335801422596,-0.009969858452677727,0.014380973763763905,-0.034600630402565,-0.011035128496587276,0.0036788347642868757
train,1990-08,1990-09,-3.7997146137058735e-05,0.013736564666032791,0.009140439331531525,-0.010621537454426289,0.003969181794673204,-0.025898663327097893,-0.0028653950430452824,0.007320603355765343
train,1990-09,1990-10,-0.0036451835185289383,-0.006102254614233971,0.0008447894360870123,-0.008346891030669212,-0.012794258072972298,-0.01617809385061264,0.009890091605484486,0.008637568913400173
train,1990-10,1990-11,-0.008052639663219452,-0.029883645474910736,-0.009165719151496887,-0.001640915172174573,-0.030816324055194855,0.01419763546437025,0.0099562406539917,0.004709336906671524
train,1990-11,1990-12,-0.016352958977222443,-0.02046383172273636,-0.001905375043861568,-0.013802753761410713,-0.03723255544900894,-0.01782659813761711,0.02453089877963066,-0.006569467484951019
train,1990-12,1991-01,-0.012351053766906261,-0.0303509458899498,0.003335918765515089,-0.0111712496727705,-0.011598226614296436,0.051763683557510376,-0.015280739404261112,-0.005932371132075787
train,1991-01,1991-02,-0.0002784936223179102,-0.0016759630525484681,-0.006006001029163599,0.009128298610448837,0.02533029019832611,0.057710666209459305,-0.034797124564647675,0.000680677592754364
train,1991-02,1991-03,-0.0068981582298874855,0.006693798117339611,0.003782043932005763,-0.01089969091117382,0.01241360791027546,0.02926149033010006,-0.019191134721040726,-0.004251956008374691
train,1991-03,1991-04,-0.0002550465287640691,0.019453465938568115,0.00224981433711946,-0.006708161905407906,0.018266281113028526,0.0029493002220988274,-0.014928873628377914,0.004969281144440174
train,1991-04,1991-05,-0.007212551310658455,-0.006215241737663746,0.005338991526514292,-0.01180623471736908,-0.01425711065530777,-0.014568106271326542,0.006529209204018116,-0.003684530034661293
train,1991-05,1991-06,0.0029353052377700806,0.010206405073404312,0.008956831879913807,-0.0005710002733394504,0.004672296345233917,-0.01443265937268734,-0.0029792324639856815,0.005317825358361006
train,1991-06,1991-07,-0.00648929039016366,0.0018437758553773165,0.005090974736958742,0.00033508066553622484,0.004704083316028118,-0.002829199191182852,-0.008276484906673431,-0.002158813877031207
train,1991-07,1991-08,-0.00537013029679656,-0.001591331441886723,0.002460913732647896,0.0002452739281579852,0.0072455327026546,0.012331580743193626,-0.015453554689884186,0.0016629000892862678
train,1991-08,1991-09,-0.007970772683620453,0.011515449732542038,-0.00797670241445303,0.00262454547919333,0.01270676776766777,0.004214508458971977,-0.006083864718675613,0.00018939306028187275
train,1991-09,1991-10,-0.001837964984588325,0.011522533372044563,-0.011520102620124817,-0.0007351981475949287,0.007122920360416174,0.008628159761428833,-0.0011965392623096704,0.004461185075342655
train,1991-10,1991-11,-0.0020521569531410933,0.013172287493944168,0.005774464458227158,-0.008308460004627705,0.009400364942848682,-0.010457278229296207,-0.006642885506153107,0.000843728194013238
train,1991-11,1991-12,-0.014001542702317238,-0.022946249693632126,-0.0077319517731666565,0.004518948029726744,-0.030565157532691956,-0.005618687719106674,0.015781914815306664,-0.005574236158281565
train,1991-12,1992-01,0.0013991787564009428,0.030063627287745476,0.028779812157154083,-0.017952466383576393,0.09007582813501358,0.09551006555557251,-0.09797489643096924,-0.01836942881345749
train,1992-01,1992-02,0.0019589741714298725,0.005613993853330612,0.02085811272263527,-0.023496104404330254,0.012704066932201385,0.008847172372043133,-0.025871021673083305,-0.009767262265086174
train,1992-02,1992-03,0.004733449779450893,0.006792470812797546,0.02318919077515602,-0.018109040334820747,0.008504485711455345,-0.02443721890449524,-0.012778444215655327,0.00413370318710804
train,1992-03,1992-04,0.020083080977201462,0.00020761456107720733,0.015774786472320557,-0.016892902553081512,-0.012744944542646408,-0.039577893912792206,0.005062681622803211,0.008084327913820744
train,1992-04,1992-05,0.00423095840960741,0.0002569339703768492,0.007266978733241558,-0.008118296973407269,0.001102372771129012,-0.008096974343061447,-0.003940927796065807,0.0053764451295137405
train,1992-05,1992-06,0.016158729791641235,0.009108658879995346,0.008649200201034546,-0.0108108501881361,-0.005082079209387302,-0.02889357879757881,0.008440090343356133,0.005077142734080553
train,1992-06,1992-07,0.006506647914648056,0.0046265628188848495,-0.006645469926297665,0.000545568997040391,-0.007767040282487869,-0.012715741991996765,0.014786647632718086,-0.005169766955077648
train,1992-07,1992-08,0.010410542599856853,0.0050272149965167046,-0.006668814457952976,-0.006102921441197395,-0.008894812315702438,-0.016252893954515457,0.015308141708374023,0.0037509172689169645
train,1992-08,1992-09,-0.0066299778409302235,-0.00037991185672581196,0.0001518937642686069,-0.0020114779472351074,-0.003910665400326252,-0.002114557195454836,0.002506946213543415,-0.0016965027898550034
train,1992-09,1992-10,-0.00568118691444397,-0.0024624248035252094,-0.009132071398198605,0.0027564819902181625,-0.004963229410350323,0.0015332673210650682,0.004722212441265583,-0.012036396190524101
train,1992-10,1992-11,-0.010668155737221241,-0.0008323713555000722,-0.011254291981458664,0.0018205363303422928,-0.00028765294700860977,0.020826835185289383,-0.0021523754112422466,-0.014574691653251648
train,1992-11,1992-12,0.005076183937489986,0.006741090212017298,0.00704598892480135,-0.009566819295287132,0.005772347562015057,-0.007356078829616308,-0.006336287595331669,-0.009368565864861012
train,1992-12,1993-01,0.009229909628629684,0.020668797194957733,0.012913399375975132,-0.016456134617328644,0.0313602089881897,0.010107550770044327,-0.0335310660302639,-0.01507418230175972
train,1993-01,1993-02,0.011982467025518417,0.0038412376306951046,0.023139294236898422,-0.017950352281332016,0.00361911254003644,-0.022681862115859985,-0.014683380722999573,0.0013898100005462766
train,1993-02,1993-03,0.0006508982623927295,0.00847859587520361,0.006024245172739029,-0.005475602112710476,0.0035099887754768133,-0.013770628720521927,-0.003299818839877844,-0.007064280100166798
train,1993-03,1993-04,0.0012617624597623944,0.013291338458657265,0.007501333951950073,-0.005538028199225664,0.010126916691660881,-0.009190022945404053,-0.007015102077275515,-0.0006853599916212261
train,1993-04,1993-05,-0.020221469923853874,-0.011572309769690037,0.002156550996005535,0.0005850151064805686,-0.0025433567352592945,0.023054931312799454,-0.010334799066185951,0.0002657726872712374
train,1993-05,1993-06,-0.00796503946185112,0.0031598135828971863,0.010081401094794273,-0.010764751583337784,0.0034501091577112675,-0.003051529871299863,-0.007445898838341236,-0.0037849692162126303
train,1993-06,1993-07,0.006533253937959671,0.01023496501147747,0.007491617929190397,-0.010064699687063694,0.007336531765758991,-0.014451177790760994,-0.0067244889214634895,-0.0005968287587165833
train,1993-07,1993-08,-0.0076446072198450565,0.001160633284598589,-0.0009936833521351218,0.011945449747145176,0.0103320786729455,0.005613021552562714,-0.010816926136612892,-0.004953391384333372
train,1993-08,1993-09,-0.0053816684521734715,0.010601691901683807,-0.003701870795339346,-0.0066843051463365555,0.007342920172959566,-0.0033402733970433474,-0.0004653306386899203,-0.00727470126003027
train,1993-09,1993-10,-0.008682817220687866,0.003244730643928051,-0.0006518751615658402,-0.005456688813865185,0.00715662119910121,0.016895292326807976,-0.011957604438066483,-0.005716047249734402
train,1993-10,1993-11,-0.0005065662553533912,-0.00544318463653326,0.004540081135928631,-0.011730575934052467,-0.006943132728338242,-0.002744282130151987,0.0007030516862869263,-0.006857209838926792
train,1993-11,1993-12,-0.0012577329762279987,-0.008950467221438885,0.0043700262904167175,-0.00938266422599554,-0.019883686676621437,-0.016671959310770035,0.011690478771924973,-0.0037928433157503605
train,1993-12,1994-01,0.001912838313728571,0.00219542533159256,0.006154906470328569,-0.010534770786762238,0.010685266926884651,0.011054206639528275,-0.013710355386137962,-0.007058796007186174
train,1994-01,1994-02,-0.004774928092956543,-0.00435926578938961,0.006053456105291843,-0.01269816979765892,-0.007661040406674147,-0.0034780760761350393,0.0007120366208255291,-0.008379287086427212
train,1994-02,1994-03,0.008753877133131027,0.0032521034590899944,0.0072984094731509686,-0.012313601560890675,0.0020050695165991783,-0.012089477851986885,-0.0035176528617739677,8.079624967649579e-05
train,1994-03,1994-04,0.002871496370062232,-0.006542842369526625,0.011690194718539715,-0.015508821234107018,-0.01901555433869362,-0.02851741947233677,0.010650195181369781,-0.002914388896897435
train,1994-04,1994-05,0.006623278837651014,0.005034605506807566,0.006315238308161497,-0.009680718183517456,0.0018259929493069649,-0.009920270182192326,-0.0050214300863444805,0.0013536086771637201
train,1994-05,1994-06,0.015008912421762943,0.012132516130805016,0.005938633345067501,-0.011425398290157318,-0.0013739564456045628,-0.03090127557516098,0.011009116657078266,-0.0018212527502328157
train,1994-06,1994-07,-0.0009785461006686091,-0.004252480808645487,0.004622424021363258,-0.0008914865320548415,-0.0056600249372422695,-0.0029230513609945774,-0.0007760452572256327,-0.002661361824721098
train,1994-07,1994-08,-0.009331116452813148,-0.011182312853634357,-0.00940237008035183,0.00016825390048325062,-0.008256172761321068,0.008286330848932266,-0.0005824565887451172,-0.0034934785217046738
train,1994-08,1994-09,-0.006887524854391813,0.003948158584535122,0.0006528658559545875,-0.011255557648837566,0.002154670190066099,-0.00107020593713969,-0.0010134573094546795,-0.009719138965010643
train,1994-09,1994-10,-0.008068138733506203,-0.006049699150025845,-0.004020075313746929,-0.013497238978743553,-0.014354346320033073,-0.0047921109944581985,0.011295871809124947,-0.009209752082824707
train,1994-10,1994-11,-0.008122689090669155,-0.004719663877040148,0.0009846501052379608,-0.014556299895048141,-0.012187475338578224,-0.00962186511605978,0.005083072930574417,-0.0021960511803627014
train,1994-11,1994-12,-0.0032827663235366344,-0.007028474472463131,0.008563954383134842,-0.018276946619153023,-0.02057470753788948,-0.021878495812416077,0.011435558088123798,-0.004023601301014423
train,1994-12,1995-01,0.005483994260430336,0.00859466940164566,9.828177280724049e-05,-0.009306635707616806,0.01781395822763443,0.015718625858426094,-0.019854150712490082,0.013170638121664524
train,1995-01,1995-02,-0.0017101234989240766,-0.0062276264652609825,0.005211674142628908,-0.005953541491180658,-0.00770913902670145,-0.004872607998549938,-0.0025507756508886814,0.002389701083302498
train,1995-02,1995-03,-0.006677858531475067,0.0008570232894271612,-0.004579903092235327,-0.0007764749461784959,-0.003190465271472931,-0.00029362522764131427,0.003551160218194127,-0.004323589149862528
train,1995-03,1995-04,0.0008812738233245909,6.861280417069793e-05,0.0042630466632544994,-0.012432897463440895,-0.002609547693282366,-0.004596874583512545,0.00017752964049577713,-0.00816703774034977
train,1995-04,1995-05,-0.0005413353210315108,0.00012605663505382836,0.0021838974207639694,-0.01018933579325676,-0.0009254288743250072,-0.00449302326887846,-0.0052744620479643345,0.0013920196797698736
train,1995-05,1995-06,-0.015165706165134907,0.0016276915557682514,-0.01522664725780487,0.004414519295096397,0.009095785208046436,0.021167650818824768,-0.006743049714714289,-0.004410737659782171
train,1995-06,1995-07,-0.011041493155062199,0.005719360895454884,-0.014255654066801071,0.00638171611353755,0.010720889084041119,0.013508176431059837,-0.004464778583496809,-0.009974543936550617
train,1995-07,1995-08,0.0010683275759220123,0.013494896702468395,0.005696789361536503,-0.011500701308250427,0.01265748217701912,-0.0009529027156531811,-0.014436515048146248,0.008605374954640865
train,1995-08,1995-09,-0.0033749649301171303,0.007380736526101828,0.004671905189752579,-0.009532187134027481,0.013337329961359501,0.004891242831945419,-0.016095224767923355,0.002706502564251423
train,1995-09,1995-10,0.019096381962299347,0.01566210761666298,0.010522902011871338,-0.02092120423913002,-0.009503391571342945,-0.0370810367166996,0.010880900546908379,0.000653219991363585
train,1995-10,1995-11,0.00456807529553771,-0.001658913679420948,-0.0019997120834887028,-0.0006523716147057712,-0.019248109310865402,-0.019166527315974236,0.01722169853746891,-0.004358823876827955
train,1995-11,1995-12,-0.002769382670521736,0.007542761974036694,0.006167881190776825,-0.014555721543729305,-0.003939309157431126,-0.012942787259817123,0.00114906276576221,0.0033029825426638126
train,1995-12,1996-01,-0.007482658140361309,0.008650374598801136,0.0016867162194103003,-0.005454445257782936,0.025064196437597275,0.015141825191676617,-0.026284027844667435,0.007346290163695812
train,1996-01,1996-02,-0.012177159078419209,0.003030634019523859,-0.006726640276610851,0.0009744854760356247,0.01235117856413126,0.016721254214644432,-0.011006909422576427,-0.0051555391401052475
train,1996-02,1996-03,-0.007872483693063259,-0.005347779020667076,0.0044561587274074554,-0.005521148443222046,-0.0023773740977048874,0.0062155090272426605,-0.004673108458518982,0.0026476054918020964
train,1996-03,1996-04,-0.020745517686009407,-0.0032508643344044685,-0.023461749777197838,0.008587093092501163,0.0032572459895163774,0.03557319939136505,-0.0006123995408415794,-0.015481864102184772
train,1996-04,1996-05,-0.013976401649415493,0.003980538342148066,-0.011909687891602516,0.002278909320011735,0.026952240616083145,0.03759648650884628,-0.022304266691207886,-0.007957855239510536
train,1996-05,1996-06,0.01544246543198824,0.0010581818642094731,0.02185659483075142,-0.024280572310090065,-0.010503994300961494,-0.0331764742732048,0.0019349162466824055,0.007761193439364433
train,1996-06,1996-07,0.017654763534665108,-0.008214362896978855,0.03588493913412094,-0.03123534470796585,-0.021761205047369003,-0.050121575593948364,-0.0013024290092289448,0.014492060989141464
train,1996-07,1996-08,-0.0033531896770000458,-0.0005370317958295345,-0.006140853278338909,0.004459584131836891,-0.0014954793732613325,0.001644717063754797,0.00234131864272058,-0.0038755382411181927
train,1996-08,1996-09,-0.00047197681851685047,0.001202721381559968,-0.00706749502569437,-0.00026746117509901524,-0.007079045753926039,-0.0028970392886549234,0.008072804659605026,-0.0034788688644766808
train,1996-09,1996-10,0.015585314482450485,-0.0061005656607449055,0.027001993730664253,-0.030136466026306152,-0.02427094429731369,-0.047952067106962204,0.006930884905159473,0.005144398659467697
train,1996-10,1996-11,0.004875482060015202,-0.01588045060634613,0.015185214579105377,-0.013543227687478065,-0.024685055017471313,-0.017300892621278763,0.004787881392985582,0.003282130928710103
train,1996-11,1996-12,0.0030370643362402916,0.0023356990423053503,0.006450538989156485,-0.016463827341794968,-0.02430908754467964,-0.030121836811304092,0.021997474133968353,-0.006415003444999456
train,1996-12,1997-01,-0.008784877136349678,0.0038607732858508825,-0.008359698578715324,0.007568643894046545,0.029094919562339783,0.031797826290130615,-0.024986015632748604,0.004886552691459656
train,1997-01,1997-02,0.019132021814584732,0.0027259541675448418,0.026054976508021355,-0.02167167328298092,-0.003112259553745389,-0.03232581913471222,-0.005851442925632,0.010694345459342003
train,1997-02,1997-03,0.009037012234330177,-0.005251916125416756,0.025892462581396103,-0.02452656626701355,-0.013055453076958656,-0.03602369874715805,-0.000968156848102808,-3.81305580958724e-05
train,1997-03,1997-04,0.0018790509784594178,-0.009019233286380768,0.019806846976280212,-0.014176358468830585,-0.023073242977261543,-0.030344262719154358,0.005599034018814564,0.005374438129365444
train,1997-04,1997-05,-0.016022218391299248,-0.014645099639892578,-0.025771070271730423,0.015700623393058777,-0.010608607903122902,0.024069037288427353,0.0077217030338943005,-0.005307631101459265
train,1997-05,1997-06,0.007616056594997644,0.004292088560760021,0.008624672889709473,-0.008733633905649185,-0.005875394679605961,-0.02110334113240242,0.00402448046952486,-0.008553129620850086
train,1997-06,1997-07,-0.003455604426562786,-0.010330865159630775,0.005362697411328554,-0.00477423844859004,-0.016568921506404877,-0.004477418027818203,0.006468130275607109,0.003030342748388648
train,1997-07,1997-08,-0.010639316402375698,0.002133859321475029,-0.002801597584038973,-0.005188900511711836,0.00972449965775013,0.013838622719049454,-0.011369026266038418,-0.0037073923740535975
train,1997-08,1997-09,-0.007204451598227024,0.008215845562517643,0.00029289466328918934,-0.0021988735534250736,0.0095717404037714,0.003910241648554802,-0.01003311388194561,-0.003755598794668913
train,1997-09,1997-10,0.012533189728856087,0.012274108827114105,0.01824806071817875,-0.0142645463347435,0.014986776746809483,-0.012417016550898552,-0.01624121330678463,0.009215534664690495
train,1997-10,1997-11,0.015916740521788597,-0.004701646044850349,0.019817808642983437,-0.022998925298452377,-0.024467632174491882,-0.04219723865389824,0.011589047499001026,-0.0006377063691616058
train,1997-11,1997-12,0.03513452038168907,0.002334133256226778,0.030593078583478928,-0.02132895216345787,-0.03333999216556549,-0.073529914021492,0.021659428253769875,0.0003504046471789479
train,1997-12,1998-01,-0.009713849052786827,0.004358785226941109,-0.010170694440603256,0.008310955949127674,0.0251376423984766,0.03520890697836876,-0.0192843247205019,0.002221448579803109
train,1998-01,1998-02,-0.007418149616569281,-0.008972417563199997,-0.004307162947952747,0.004690932109951973,-0.008210260421037674,0.0035939430817961693,0.0026116238441318274,-0.004904779139906168
train,1998-02,1998-03,-0.003831801936030388,0.004536336287856102,0.005455323960632086,-0.005582681857049465,0.0002712401910685003,-0.00298919714987278,-0.0007919251220300794,0.0017552399076521397
train,1998-03,1998-04,-0.00036585016641765833,0.00961621105670929,-0.0021356414072215557,-0.009502941742539406,0.004707588814198971,0.008956538513302803,-0.005916016176342964,-0.001967932563275099
train,1998-04,1998-05,0.007371894549578428,0.0026524753775447607,0.018121644854545593,-0.01900930516421795,-0.003493271768093109,-0.02281874790787697,-0.0012095810379832983,0.0036220229230821133
train,1998-05,1998-06,-0.005594557151198387,-0.004771966487169266,0.010433107614517212,-0.006378681864589453,-0.021740421652793884,-0.023205101490020752,0.010856937617063522,0.0004955883487127721
train,1998-06,1998-07,0.011812200769782066,0.013378097675740719,0.013176892884075642,-0.015128910541534424,0.00818977877497673,-0.015595316886901855,-0.008417125791311264,0.006436103954911232
train,1998-07,1998-08,0.02593296580016613,0.005318302661180496,0.031729333102703094,-0.03953804820775986,-0.023758137598633766,-0.05700400844216347,0.0169645007699728,0.0036997697316110134
train,1998-08,1998-09,-0.01824766770005226,-0.009531362913548946,-0.014650290831923485,0.01396428607404232,-0.009389073587954044,0.01212374959141016,-0.001534776296466589,0.012365864589810371
train,1998-09,1998-10,-0.0042854975908994675,-0.026334814727306366,-0.021604366600513458,0.018783053383231163,-0.01935858465731144,0.01340956799685955,0.013430692255496979,-0.004188677296042442
train,1998-10,1998-11,-0.03015172854065895,0.005391864571720362,-0.028659069910645485,-0.0033351141028106213,0.01851114258170128,0.043341394513845444,-0.013482121750712395,-0.010867825709283352
train,1998-11,1998-12,-0.019014140591025352,0.0014164570020511746,-0.012375115416944027,0.005157371051609516,-0.010352471843361855,0.0012433880474418402,0.014254562556743622,-0.010212460532784462
train,1998-12,1999-01,-0.026935875415802002,0.021595152094960213,-0.02559031918644905,0.004201200325042009,0.0522959902882576,0.07543511688709259,-0.03828870505094528,0.0018285405822098255
train,1999-01,1999-02,0.007202587090432644,0.012010140344500542,0.01389583945274353,-0.01739116571843624,0.00578666664659977,-0.016038332134485245,-0.004481705371290445,-0.0014064583228901029
train,1999-02,1999-03,0.007419800851494074,0.007762782275676727,-0.021293988451361656,0.021083246916532516,0.00826697051525116,0.005871882662177086,0.00027590710669755936,-0.005270420573651791
train,1999-03,1999-04,-0.009379956871271133,-0.019245166331529617,-0.001991725992411375,0.006174036301672459,-0.0032141830306500196,0.022745024412870407,-0.010593893006443977,-0.0066229780204594135
train,1999-04,1999-05,-0.016206061467528343,-0.016259564086794853,0.011555438861250877,-0.01895705983042717,-0.006490785628557205,0.01673191785812378,-0.016522079706192017,0.002788172336295247
train,1999-05,1999-06,-0.016661925241351128,-0.007093014195561409,-0.004887474235147238,-0.0024361975956708193,-0.007722664624452591,0.005244124215096235,0.0023016443010419607,-0.008622478693723679
train,1999-06,1999-07,-0.008834654465317726,0.0009768999880179763,0.007509075570851564,-0.018463362008333206,0.0079398974776268,0.009065238758921623,-0.01584089733660221,0.002757556037977338
train,1999-07,1999-08,-0.002891962416470051,0.0055714868940413,0.006945228204131126,-0.012653442099690437,0.00046842737356200814,-0.01065610721707344,-0.003971842583268881,-0.003404158866032958
train,1999-08,1999-09,-0.008645662106573582,0.015220891684293747,-0.016755864024162292,0.010559638030827045,0.012805050238966942,0.009442025795578957,-0.0027863699942827225,-0.007680760696530342
train,1999-09,1999-10,-0.0013989158906042576,0.020821454003453255,-0.013157360255718231,0.004700691904872656,0.008900288492441177,-0.006147343665361404,0.00389218726195395,-0.004515848122537136
train,1999-10,1999-11,-0.04675617814064026,0.03408333659172058,-0.0508287288248539,0.028992651030421257,0.0675903707742691,0.09212905913591385,-0.03958696499466896,-0.013880016282200813
train,1999-11,1999-12,-0.06152869760990143,0.0264873243868351,-0.049179960042238235,0.027854708954691887,0.04730891063809395,0.07182473689317703,-0.024808084592223167,-0.016039561480283737
validation,1999-12,2000-01,-0.048436667770147324,0.007916750386357307,0.005849059671163559,-0.016632188111543655,0.059574589133262634,0.07683499157428741,-0.06290709972381592,0.008386836387217045
validation,2000-01,2000-02,-0.11867617070674896,0.03258102014660835,-0.035756658762693405,0.019405826926231384,0.09058405458927155,0.11979219317436218,-0.056935571134090424,-0.010738956741988659
validation,2000-02,2000-03,0.0014852737076580524,-0.04440047964453697,0.02921229973435402,-0.022153235971927643,-0.04229320213198662,-0.031478047370910645,-0.004968601744621992,0.01010939572006464
validation,2000-03,2000-04,0.025912798941135406,-0.04992637410759926,0.06788243353366852,-0.05789277330040932,-0.06904703378677368,-0.08144273608922958,-0.006103091407567263,0.031207945197820663
validation,2000-04,2000-05,0.01814829558134079,-0.01770041696727276,0.04667854309082031,-0.0326414592564106,-0.040817368775606155,-0.05589504912495613,0.0008943036664277315,0.020655285567045212
validation,2000-05,2000-06,-0.035084068775177,0.0375799685716629,-0.06495530903339386,0.03882939741015434,0.05973589047789574,0.05799141526222229,-0.006847095675766468,-0.037325166165828705
validation,2000-06,2000-07,0.010272035375237465,-0.013878379948437214,0.03451545909047127,-0.032346319407224655,-0.035872869193553925,-0.041365914046764374,0.012356745079159737,0.016509298235177994
validation,2000-07,2000-08,-0.025667831301689148,-0.0067250365391373634,-0.004505413118749857,0.0086017195135355,0.005445686634629965,0.016857484355568886,-0.015296660363674164,-0.0020446954295039177
validation,2000-08,2000-09,0.01291352603584528,-0.01828208938241005,0.04664456844329834,-0.04712937772274017,-0.03330115228891373,-0.056566569954156876,0.01288599893450737,0.010447029955685139
validation,2000-09,2000-10,0.00962045043706894,-0.03724810108542442,0.041857026517391205,-0.04406842589378357,-0.05594823881983757,-0.060981690883636475,0.024421468377113342,0.01839933544397354
validation,2000-10,2000-11,0.02563397027552128,-0.052323099225759506,0.08780980855226517,-0.08702559024095535,-0.09854980558156967,-0.1149207353591919,0.05155114829540253,0.020843425765633583
validation,2000-11,2000-12,0.013451285660266876,-0.025440990924835205,0.03898044303059578,-0.02008095011115074,-0.05880305916070938,-0.0797034204006195,0.0432182140648365,-0.0023433808237314224
validation,2000-12,2001-01,-0.02784043550491333,0.01201554760336876,-0.11610392481088638,0.07058160752058029,0.13138580322265625,0.22462047636508942,-0.11434963345527649,0.003079003654420376
validation,2001-01,2001-02,0.013482298702001572,-0.026298539713025093,0.08921490609645844,-0.0746970921754837,-0.059040505439043045,-0.09175656735897064,0.009351447224617004,0.007339934818446636
validation,2001-02,2001-03,0.004261586349457502,-0.02560257911682129,0.06954927742481232,-0.05525211989879608,-0.03487861901521683,-0.07039027661085129,-0.015722433105111122,0.013396562077105045
validation,2001-03,2001-04,-0.028732962906360626,-0.009853663854300976,-0.043839167803525925,0.03691764920949936,0.0043649510480463505,0.04266577586531639,0.005189057905226946,-0.0037892914842814207
validation,2001-04,2001-05,-0.007235744968056679,0.007284568622708321,0.0021200606133788824,-0.012406634166836739,0.009595879353582859,0.006730769295245409,-0.010205673985183239,-0.0040523456409573555
validation,2001-05,2001-06,-0.0027183645870536566,0.004862888716161251,0.009252011775970459,-0.022571463137865067,-0.016729269176721573,-0.01905193366110325,0.007955124601721764,0.008100168779492378
validation,2001-06,2001-07,0.005465880036354065,-0.015038357116281986,0.053656890988349915,-0.04311712086200714,-0.025635186582803726,-0.05325477942824364,-0.00947487447410822,0.004934452474117279
validation,2001-07,2001-08,0.02294415608048439,-4.172278568148613e-05,0.03655010089278221,-0.03595636785030365,-0.019740739837288857,-0.04204829782247543,0.003826772328466177,-0.005355252418667078
validation,2001-08,2001-09,0.03204606845974922,0.01979587972164154,0.04979858547449112,-0.05064583942294121,-0.010417304001748562,-0.07055836915969849,0.00542892049998045,0.004299892112612724
validation,2001-09,2001-10,-0.050237733870744705,-0.016053250059485435,-0.06010471284389496,0.043164875358343124,0.02481668069958687,0.07625952363014221,-0.009638381190598011,-0.005130845587700605
validation,2001-10,2001-11,-0.024008356034755707,-0.011803997680544853,-0.03813036158680916,0.020399054512381554,0.0010859364410862327,0.042065367102622986,-0.0026979579124599695,0.009397978894412518
validation,2001-11,2001-12,-0.01589595526456833,0.0012840843992307782,-0.017170444130897522,0.004587316885590553,-0.004129020497202873,0.017762258648872375,0.00863631535321474,-0.00938587449491024
validation,2001-12,2002-01,0.00015638081822544336,-0.0050814528949558735,0.029160432517528534,-0.04011125862598419,-0.00029565446311607957,-0.00275913393124938,-0.02110922895371914,-0.009238767437636852
validation,2002-01,2002-02,0.029310641810297966,-0.007765599992126226,0.038234926760196686,-0.03736753761768341,-0.026860807090997696,-0.05943142622709274,0.010439648292958736,-0.006240670569241047
validation,2002-02,2002-03,-0.010797896422445774,-0.015711234882473946,-0.008283931761980057,0.0028860170859843493,-0.0068925293162465096,0.019633974879980087,-0.0017925109714269638,-0.009314022026956081
validation,2002-03,2002-04,0.025060538202524185,-0.004645993933081627,0.05104973167181015,-0.0400274284183979,-0.03424572944641113,-0.0546259731054306,0.017100566998124123,-0.01624126546084881
validation,2002-04,2002-05,0.014509575441479683,0.00027709617279469967,0.03116590902209282,-0.032246559858322144,-0.007428260985761881,-0.03349494934082031,-0.004533414263278246,-0.008086595684289932
validation,2002-05,2002-06,0.02375601977109909,0.011213285848498344,0.03902183100581169,-0.03598221763968468,-0.026149189099669456,-0.06601960957050323,0.02150910533964634,-0.005598068702965975
validation,2002-06,2002-07,0.02053030952811241,0.015919813886284828,0.03230179846286774,-0.02877124212682247,-0.0020485538989305496,-0.041767433285713196,-0.0022486865054816008,0.008505954407155514
validation,2002-07,2002-08,0.005333167500793934,0.0020289081148803234,0.00724299531430006,-0.009704794734716415,-0.007433660328388214,-0.011427474208176136,0.0008972426876425743,-0.00031724723521620035
validation,2002-08,2002-09,0.015674734488129616,0.025289006531238556,0.017209790647029877,-0.027214229106903076,-0.019292842596769333,-0.05382108688354492,0.028072398155927658,0.004445445258170366
validation,2002-09,2002-10,-0.023228848353028297,-0.026910675689578056,-0.017549440264701843,0.02158263884484768,0.012435021810233593,0.04082600399851799,-0.025657616555690765,-0.002027752110734582
validation,2002-10,2002-11,-0.03763607516884804,-0.04366293549537659,-0.02883659303188324,0.04948190227150917,0.07218052446842194,0.12268252670764923,-0.09317620098590851,-0.0007964344695210457
validation,2002-11,2002-12,0.025736894458532333,0.026407336816191673,0.018837779760360718,-0.041759662330150604,-0.03009898215532303,-0.0658394992351532,0.033190760761499405,-0.0005213793483562768
validation,2002-12,2003-01,-0.002228875644505024,0.020662734284996986,0.009413047693669796,-0.02184223011136055,0.020494934171438217,0.004390466958284378,-0.021107856184244156,0.0034361430443823338
validation,2003-01,2003-02,0.003977676387876272,0.009323821403086185,0.016194773837924004,-0.013490701094269753,0.001466662622988224,-0.019220661371946335,-0.00549829937517643,-2.1020998246967793e-05
validation,2003-02,2003-03,-0.010098814964294434,0.0007177561637945473,-0.002156933071091771,-0.000522509915754199,-0.0002386225969530642,0.0003362928982824087,-0.001958022592589259,0.0008977345423772931
validation,2003-03,2003-04,-0.022448454052209854,-0.017490768805146217,-0.014895115979015827,0.020232221111655235,0.015844179317355156,0.04569459706544876,-0.021778654307127,0.008773035369813442
validation,2003-04,2003-05,-0.04566240683197975,-0.01393576618283987,-0.024948691949248314,0.02912517823278904,0.06226301193237305,0.10190579295158386,-0.06437492370605469,0.014156916178762913
validation,2003-05,2003-06,-0.017388856038451195,0.004984139930456877,-0.0028780230786651373,-0.010085949674248695,0.009781209751963615,0.018443342298269272,-0.012638146057724953,-0.017843620851635933
validation,2003-06,2003-07,-0.028969503939151764,-0.004784911870956421,0.011347372084856033,-0.010098290629684925,0.010825688019394875,0.02300286665558815,-0.02249928005039692,-0.015949571505188942
validation,2003-07,2003-08,-0.021653400734066963,-0.013458238914608955,0.002040872583165765,-0.0008858254877850413,0.0020748923998326063,0.016659148037433624,-0.010009928606450558,-0.016344115138053894
validation,2003-08,2003-09,-0.012426989153027534,0.017836887389421463,0.014485044404864311,-0.017087716609239578,0.033207159489393234,0.01574331521987915,-0.03629070520401001,-0.0032495404593646526
validation,2003-09,2003-10,-0.021618204191327095,-0.01468955259770155,0.010485013946890831,-0.007539509795606136,-0.0010984566761180758,0.01214921660721302,-0.011807618662714958,-0.02210402488708496
validation,2003-10,2003-11,-0.009084727615118027,-0.00812460295855999,0.01082703098654747,-0.015461740083992481,-0.007144176866859198,-0.0031344061717391014,-0.00175766390748322,-0.006521817296743393
validation,2003-11,2003-12,0.00846092775464058,-0.0011638537980616093,0.0015231622382998466,-0.003135323291644454,-0.0005664153723046184,-0.0052119055762887,0.0031166602857410908,0.0033949119970202446
validation,2003-12,2004-01,-0.03189080208539963,0.010531343519687653,0.0068938289768993855,-0.011568261310458183,0.03920188918709755,0.04222157597541809,-0.04642345756292343,-0.015167168341577053
validation,2004-01,2004-02,0.013367368839681149,-0.0033605119679123163,0.005123501643538475,-0.006205061916261911,-0.01597990281879902,-0.016871653497219086,0.014426706358790398,0.0037343804724514484
validation,2004-02,2004-03,0.002770453691482544,-0.0004136487259529531,0.004322607070207596,-0.008567612618207932,-0.006822970230132341,-0.010686028748750687,0.0052730790339410305,-0.0025136813055723906
validation,2004-03,2004-04,0.009544814936816692,0.005032605025917292,-0.0015754542546346784,-0.007434610277414322,-0.015153525397181511,-0.015879038721323013,0.02268807217478752,0.004880449268966913
validation,2004-04,2004-05,-0.003955451771616936,-0.008394289761781693,0.004854443948715925,-0.0029775556176900864,-0.011976996436715126,-0.008759371004998684,0.0046785324811935425,-0.004809316247701645
validation,2004-05,2004-06,-0.0038114951457828283,-0.01535874605178833,0.008082225918769836,-0.005904105957597494,-0.02041736990213394,-0.009895868599414825,0.011478192172944546,-0.005402860697358847
validation,2004-06,2004-07,0.03439764678478241,0.007714877836406231,0.022096674889326096,-0.01989988051354885,-0.020403973758220673,-0.05085023120045662,0.023020584136247635,0.015831466764211655
validation,2004-07,2004-08,0.018419789150357246,0.002534173196181655,0.006559622474014759,-0.008022477850317955,-0.005668903701007366,-0.023373303934931755,0.005399500019848347,0.006910090334713459
validation,2004-08,2004-09,-0.015455890446901321,0.001218200079165399,-0.005049346014857292,0.0024390416219830513,-0.002354762051254511,0.004547515418380499,0.0038118865340948105,-0.011847048997879028
validation,2004-09,2004-10,-0.0002683210768736899,0.0007823931518942118,0.000998763949610293,-0.003558887168765068,-0.0025435008574277163,0.0013417972950264812,-0.0009551816619932652,0.0006868590135127306
validation,2004-10,2004-11,-0.013115216046571732,-0.011213132180273533,-0.0030828923918306828,0.004831905476748943,0.008501390926539898,0.02530140057206154,-0.013141344301402569,-0.01083576399832964
validation,2004-11,2004-12,-0.016281859949231148,-0.001867801882326603,-0.011110364459455013,0.0017667378997430205,0.015519730746746063,0.033059261739254,-0.013015558943152428,-0.009648974053561687
validation,2004-12,2005-01,0.006717707961797714,0.005692522041499615,0.013429861515760422,-0.014463470317423344,-0.008765789680182934,-0.03155330941081047,0.011019772849977016,0.0027465056627988815
validation,2005-01,2005-02,-0.00560853211209178,-0.0053918631747365,0.002943728119134903,-0.0013184023555368185,-0.004907185211777687,-0.013660091906785965,0.004302272107452154,-0.009436520747840405
validation,2005-02,2005-03,0.005870943423360586,-0.0027459070552140474,0.012505454942584038,-0.01556953601539135,-0.020741652697324753,-0.019961776211857796,0.012471373192965984,-0.0048780785873532295
validation,2005-03,2005-04,0.016703953966498375,0.010506286285817623,0.006769300438463688,-0.00425511272624135,-0.003335122251883149,-0.025829365476965904,0.008243164978921413,0.014305587857961655
validation,2005-04,2005-05,-0.013865072280168533,-0.013000920414924622,-0.008123796433210373,0.0060163442976772785,-0.009420426562428474,0.012660495005548,0.0002950667403638363,-0.007613043300807476
validation,2005-05,2005-06,0.0004426245577633381,0.004289150238037109,-0.005901756696403027,0.0013532581506296992,0.004006240051239729,-0.001840578974224627,0.00025514874141663313,-0.007229546085000038
validation,2005-06,2005-07,-0.01099543459713459,-0.01091623306274414,-0.0041945017874240875,0.007424784824252129,0.005251054652035236,0.01574721559882164,-0.006609661970287561,-0.010365688242018223
validation,2005-07,2005-08,-0.0009816137608140707,0.00333392433822155,0.006394923664629459,-0.006734860595315695,-0.0021586627699434757,-0.006145646329969168,-0.00021324667613953352,-0.0053024995140731335
validation,2005-08,2005-09,-0.009520348161458969,0.004879823420196772,-0.0021415099035948515,-0.005037390626966953,0.001158644794486463,-0.0008348345290869474,-0.002202205825597048,0.000536993786226958
validation,2005-09,2005-10,0.007149937562644482,0.002946028485894203,0.0030292344745248556,-0.017449146136641502,-0.018920855596661568,-0.02211681753396988,0.01510552130639553,0.0022677090018987656
validation,2005-10,2005-11,-0.0102151520550251,-0.010068665258586407,-0.005982610397040844,0.0021023638546466827,-0.01066608540713787,0.004509107209742069,0.002526314463466406,-0.007522654719650745
validation,2005-11,2005-12,-0.0019208283629268408,0.004211047198623419,-0.0008278209716081619,-0.00026624620659276843,0.004132518079131842,-0.0006082296022213995,-0.0006157113239169121,-0.00868662353605032
validation,2005-12,2006-01,-0.019282573834061623,-0.006038119085133076,-0.01917293295264244,0.015702810138463974,0.019461534917354584,0.026733964681625366,-0.012953534722328186,-0.010935741476714611
validation,2006-01,2006-02,-0.00013618706725537777,0.0008459330420009792,0.0028352185618132353,-0.006828004959970713,-0.0010198274394497275,0.0007194956997409463,-0.0018798711244016886,0.007144858129322529
validation,2006-02,2006-03,-0.010092907585203648,-0.004788100719451904,0.0012873040977865458,0.0019866498187184334,0.006533237174153328,0.008165132254362106,-0.008914987556636333,-0.006625245325267315
validation,2006-03,2006-04,-0.00015877652913331985,-0.00720479991286993,0.004218092188239098,-0.003528873436152935,-0.006140558980405331,-0.004258805885910988,0.0022135968320071697,-0.008657949045300484
validation,2006-04,2006-05,0.018055610358715057,0.0020157170947641134,0.017637742683291435,-0.019938170909881592,-0.020727235823869705,-0.02883552573621273,0.0156593956053257,0.002282810630276799
validation,2006-05,2006-06,0.0014237402938306332,-0.0036474368534982204,0.008501292206346989,-0.006972338538616896,-0.01231122575700283,-0.011351450346410275,0.0027639158070087433,-0.00130959483794868
validation,2006-06,2006-07,0.011667071841657162,-0.003934674430638552,0.02058342657983303,-0.018032200634479523,-0.021247126162052155,-0.027388282120227814,0.011585687287151814,0.003194458782672882
validation,2006-07,2006-08,-0.007420843467116356,-0.005479841493070126,-0.002551884623244405,-0.0021318697836250067,-0.0003339123213663697,0.009313959628343582,-0.00754806911572814,0.0021816398948431015
validation,2006-08,2006-09,0.0027095256373286247,-0.005313972011208534,-0.003024590201675892,-0.008904553949832916,-0.016771605238318443,-0.004511010833084583,0.014971811324357986,-0.0037121756467968225
validation,2006-09,2006-10,-0.006772594526410103,-0.0021399238612502813,-0.01345311664044857,0.009412767365574837,0.005085309036076069,0.015027085319161415,-0.004869777709245682,-0.0037777675315737724
validation,2006-10,2006-11,0.000498735869769007,0.0015623715007677674,-0.00747268833220005,0.005941541865468025,0.005778778810054064,0.005135661456733942,0.0012918818974867463,-0.004691215232014656
validation,2006-11,2006-12,0.0017430161824449897,0.0014342316426336765,0.0052156588062644005,-0.010664129629731178,-0.0033087285701185465,-0.0051559642888605595,0.0035072569735348225,-0.0024506691843271255
validation,2006-12,2007-01,-0.004845901392400265,-0.003727046540006995,0.0008378942729905248,0.003632907522842288,0.002888864604756236,0.009049594402313232,-0.0026164408773183823,-0.005285756196826696
validation,2007-01,2007-02,0.001088092802092433,-0.0007152933394536376,-0.00046902199392206967,-0.0020274044945836067,0.0014151639770716429,0.0040678177028894424,0.0012461359146982431,0.001262830919586122
validation,2007-02,2007-03,-0.006662628147751093,-0.0025515793822705746,-0.003478481201454997,-0.001648654113523662,-0.008887181058526039,-0.005756378173828125,0.009586099535226822,-0.003703393042087555
validation,2007-03,2007-04,-0.009246100671589375,-0.004529879428446293,-0.010603786446154118,0.007129826582968235,-0.005360062699764967,0.008859280496835709,0.010076296515762806,-0.005798362195491791
validation,2007-04,2007-05,-0.00880629662424326,-0.010655708611011505,-0.004006462637335062,0.005325751844793558,-0.014494435861706734,0.0019025090150535107,0.0072195930406451225,-0.005461529362946749
validation,2007-05,2007-06,-0.0027961176820099354,-0.00026260066078975797,-0.003462212160229683,-0.004766686353832483,-0.0027628212701529264,-0.0020139918196946383,0.007304017897695303,-0.00870773196220398
validation,2007-06,2007-07,-0.007787325885146856,-0.002140237484127283,0.0016294780652970076,-0.00649919081479311,-0.003691715421155095,-0.002842133631929755,0.007313836365938187,0.0003185167443007231
validation,2007-07,2007-08,0.002863837406039238,-0.0059006609953939915,0.0007819622987881303,0.0008910257602110505,-0.017001383006572723,-0.01606871746480465,0.010445630177855492,0.009050399996340275
validation,2007-08,2007-09,-0.008068418130278587,0.007990644313395023,-0.014086948707699776,0.01017402671277523,0.00041649816557765007,0.0013958446215838194,0.01050618290901184,-0.005428696982562542
validation,2007-09,2007-10,-0.009244957007467747,0.004567576572299004,-0.01824462041258812,0.009024910628795624,4.1447579860687256e-05,0.005979398265480995,0.0076950970105826855,-0.0060027362778782845
validation,2007-10,2007-11,0.009201585315167904,-0.002830931218340993,0.007056785747408867,-0.012215559370815754,-0.02653663046658039,-0.037713147699832916,0.027077510952949524,0.0005009667947888374
validation,2007-11,2007-12,-0.011079050600528717,-3.275333438068628e-05,-0.0073577663861215115,0.005250271409749985,-0.0056015802547335625,-0.0034810006618499756,0.0084147397428751,-0.012056469917297363
validation,2007-12,2008-01,0.025961877778172493,-0.009326877072453499,0.020520657300949097,-0.016730666160583496,-0.0012800304684787989,-0.00993095152080059,-0.013113252818584442,0.016052385792136192
validation,2008-01,2008-02,-0.009981248527765274,-0.003252547699958086,0.005941244773566723,-0.0035525099374353886,0.0006145986262708902,-0.0049211615696549416,-0.0036783763207495213,-0.0053932638838887215
validation,2008-02,2008-03,-0.004073417745530605,-0.01969790831208229,0.012850996106863022,-0.01088621560484171,-0.02498885616660118,-0.0151488296687603,0.005940536968410015,0.0006223972304724157
validation,2008-03,2008-04,-0.020664561539888382,-0.011853177100419998,-0.009336153045296669,0.013822599314153194,-0.010958223603665829,0.006965087726712227,0.007252490613609552,-0.020483843982219696
validation,2008-04,2008-05,-0.02075372263789177,-0.005312691442668438,-0.010626841336488724,0.013740699738264084,0.001383083639666438,0.012239105999469757,-0.005531252361834049,-0.010328471660614014
validation,2008-05,2008-06,-0.01376938447356224,0.01583048701286316,-0.007168577052652836,0.0032372057903558016,0.0027112255338579416,-0.018092675134539604,0.016250915825366974,-0.011952346190810204
validation,2008-06,2008-07,0.0009200307540595531,-0.010706710629165173,0.00688010361045599,-0.013578027486801147,-0.01879979483783245,-0.009728609584271908,-0.0007205712026916444,0.006669782102108002
validation,2008-07,2008-08,-0.00016567402053624392,-0.017520783469080925,-0.0005946711171418428,-0.011984585784375668,-0.023418687283992767,0.006516298279166222,0.008251015096902847,-0.004801449365913868
validation,2008-08,2008-09,0.03620045632123947,-0.006591195240616798,0.019024111330509186,-0.027266215533018112,-0.036832381039857864,-0.04578505828976631,0.03350324556231499,0.008855129592120647
validation,2008-09,2008-10,0.026151124387979507,0.018884211778640747,0.019562827423214912,-0.04010912775993347,-0.010283135809004307,-0.06412913650274277,0.019981112331151962,0.00594408018514514
validation,2008-10,2008-11,0.009653350338339806,0.019349917769432068,-0.00329693965613842,-0.014332902617752552,-0.02230030670762062,-0.04976693540811539,0.0381474643945694,-0.004164483398199081
validation,2008-11,2008-12,-0.030038103461265564,-0.025416137650609016,-0.024106044322252274,0.011907408013939857,-0.028098955750465393,0.022225860506296158,0.012956541031599045,-0.015983402729034424
validation,2008-12,2009-01,-0.017756178975105286,0.02903851307928562,-0.02547265961766243,0.005657569505274296,0.052498504519462585,0.040602147579193115,-0.022209707647562027,0.02198326773941517
validation,2009-01,2009-02,-0.013688693754374981,0.014539334923028946,-0.014037995599210262,-0.0101231150329113,-0.008947012014687061,-0.01412812527269125,0.02996079996228218,-0.008218720555305481
validation,2009-02,2009-03,0.01727592758834362,0.008104324340820312,-0.00839648861438036,0.028284918516874313,0.033159468322992325,0.05136790871620178,-0.03331408649682999,0.023462608456611633
validation,2009-03,2009-04,-0.0080410810187459,-0.07027151435613632,-0.0014477893710136414,0.025912821292877197,0.011607393622398376,0.12658943235874176,-0.07824787497520447,-0.01941094361245632
validation,2009-04,2009-05,-0.019624391570687294,0.01675480231642723,0.0027880030684173107,-0.003777882782742381,0.041124630719423294,0.038755808025598526,-0.05176869034767151,0.016848722472786903
validation,2009-05,2009-06,-0.026142215356230736,0.018202167004346848,-0.012415029108524323,-0.00841248407959938,0.011621598154306412,0.011412152089178562,0.000436645932495594,0.006618103012442589
validation,2009-06,2009-07,-0.011105716228485107,-0.021789075806736946,-0.002241254085674882,0.0015219409251585603,-0.008112102746963501,0.03131440281867981,-0.01503526046872139,-0.014092057943344116
validation,2009-07,2009-08,-0.001278481213375926,-0.010974090546369553,0.03399677947163582,-0.011750605888664722,0.04001395404338837,0.07049950212240219,-0.0722208246588707,0.00211067171767354
validation,2009-08,2009-09,-0.030291156843304634,-0.011138610541820526,-0.006410581525415182,0.01487804390490055,0.017874129116535187,0.042338237166404724,-0.03089229017496109,-0.013319682329893112
validation,2009-09,2009-10,0.011485890485346317,-0.0007563252002000809,-0.013293364085257053,-0.012280289083719254,-0.0275120846927166,-0.02835175022482872,0.028481408953666687,-0.012380572035908699
validation,2009-10,2009-11,-0.008203788660466671,-0.00405599782243371,-0.01055244728922844,0.012418245896697044,-0.0022530732676386833,-0.004185927100479603,0.002806129166856408,-0.012796628288924694
validation,2009-11,2009-12,-0.0132322758436203,-0.004169930703938007,-0.011015383526682854,0.009241296909749508,0.008048610761761665,0.0230318084359169,-0.014170199632644653,-0.005660815630108118
development,2009-12,2010-01,0.015202958136796951,0.009917840361595154,0.03481452167034149,-0.028042610734701157,0.01752702333033085,-0.004384300671517849,-0.018660932779312134,0.021772485226392746
development,2010-01,2010-02,-0.009706762619316578,-0.004492788575589657,0.0014359322376549244,-0.0007849892135709524,-0.004720212891697884,0.0013072433648630977,-0.0033786746207624674,-0.009235388599336147
development,2010-02,2010-03,-0.005625133402645588,-0.005210316274315119,0.007488624192774296,-0.0021151495166122913,0.0021561922039836645,0.014577800408005714,-0.01701337657868862,-0.0030850879848003387
development,2010-03,2010-04,-0.0009370761690661311,0.003396680112928152,0.040588028728961945,-0.016333889216184616,0.031050998717546463,0.027196263894438744,-0.045248039066791534,0.013710780069231987
development,2010-04,2010-05,0.002281892579048872,0.0017339547630399466,-0.00898037664592266,-0.008033566176891327,-0.01957002654671669,-0.025107307359576225,0.02443636953830719,-0.0015804501017555594
development,2010-05,2010-06,0.007627463899552822,0.00488395057618618,-0.022910509258508682,-0.009611004032194614,-0.01982984133064747,-0.031030235812067986,0.027017656713724136,0.0028263875283300877
development,2010-06,2010-07,-0.013673743233084679,-0.01587083749473095,0.00014406570699065924,0.010426134802401066,-0.003060577902942896,0.01516362838447094,-0.01572280190885067,-0.00778605043888092
development,2010-07,2010-08,0.00482433196157217,0.0017390674911439419,-0.004678392317146063,-0.0062409937381744385,-0.012775897048413754,-0.015092220157384872,0.01657159812748432,0.00632412638515234
development,2010-08,2010-09,-0.03003736212849617,-0.012584041804075241,-0.014791191555559635,0.014927782118320465,-0.00501294806599617,0.03212384507060051,-0.007734266109764576,-0.01904389262199402
development,2010-09,2010-10,-0.008656064048409462,0.00540302274748683,-0.00413163797929883,0.0026869107969105244,0.00468280166387558,0.003944366704672575,-0.0030388212762773037,-0.009429309517145157
development,2010-10,2010-11,-0.011970024555921555,-0.006999564357101917,-0.0035765618085861206,0.001067228615283966,-0.012309474870562553,-0.00043106224620714784,0.0069586047902703285,-0.015834400430321693
development,2010-11,2010-12,-0.004822306334972382,-0.0019528772681951523,0.010324875824153423,0.011861582286655903,0.02209501527249813,0.03303951025009155,-0.03041457012295723,0.003893394023180008
development,2010-12,2011-01,0.007099241949617863,0.004305295646190643,0.01768852211534977,-0.008991003036499023,0.016888746991753578,-0.00011433567851781845,-0.015042262151837349,0.006534420885145664
development,2011-01,2011-02,-0.01542871817946434,-0.010966666974127293,0.009644703939557076,-0.0050916606560349464,-0.008381539955735207,-0.004600920714437962,-0.007134172599762678,-0.008061484433710575
development,2011-02,2011-03,-0.01729854755103588,-0.003787579946219921,-0.003453331533819437,-0.0012053237296640873,-0.009137860499322414,-0.007764430716633797,0.003865279024466872,-0.005880826618522406
development,2011-03,2011-04,-0.006685581989586353,-0.002659160178154707,-0.00813334621489048,0.0036129991058260202,-0.015370148234069347,-0.0024322615936398506,0.01098070852458477,-0.0038799280300736427
development,2011-04,2011-05,-0.0002361624501645565,-0.0005335349123924971,-0.0026505638379603624,-1.9445520592853427e-05,-0.013926147483289242,-0.009728802368044853,0.013276621699333191,0.0023643935564905405
development,2011-05,2011-06,-0.003698300803080201,-0.006668976042419672,0.008908422663807869,-0.011842334643006325,-0.016883064061403275,-0.020417694002389908,0.010167645290493965,-0.0025545964017510414
development,2011-06,2011-07,0.0031056171283125877,0.00046222383389249444,0.005647076293826103,-0.004859442822635174,0.006026452872902155,0.0002605144982226193,-0.008978161960840225,9.769870666787028e-05
development,2011-07,2011-08,0.018893558531999588,-0.007731097750365734,0.0011373036541044712,-0.013336548581719398,-0.026842985302209854,-0.03983231261372566,0.03465036302804947,0.0033832788467407227
development,2011-08,2011-09,0.015711773186922073,0.0028558005578815937,0.0015887292101979256,-0.02671869285404682,-0.020673565566539764,-0.03443668410181999,0.02705039083957672,0.014361203648149967
development,2011-09,2011-10,-0.026918713003396988,-0.028119876980781555,-0.021583007648587227,0.03635672852396965,-0.006125441752374172,0.02690921723842621,-0.013938125222921371,-0.02056025341153145
development,2011-10,2011-11,-0.0011115095112472773,-0.007817348465323448,0.008448837324976921,-0.006685550324618816,-0.019645702093839645,-0.01800837740302086,0.013371944427490234,-0.004405193962156773
development,2011-11,2011-12,0.0030943574383854866,0.002655659569427371,0.010099425911903381,-0.012898489832878113,-0.01068777497857809,-0.011058972217142582,0.003020484233275056,-0.0020612934604287148
development,2011-12,2012-01,-0.010692737996578217,-0.00022675376385450363,-0.009780672378838062,0.0035647458862513304,0.030132031068205833,0.04334720969200134,-0.03364630788564682,0.002979271113872528
development,2012-01,2012-02,-0.000328552327118814,0.006652007810771465,0.0029927603900432587,0.0024942955933511257,0.011736183427274227,0.0069185225293040276,-0.006653839722275734,-0.0032433236483484507
development,2012-02,2012-03,0.00012878177221864462,0.011810269206762314,0.012173937633633614,-0.017590569332242012,0.005785277113318443,-0.006243210285902023,-0.003702655667439103,0.0006494381232187152
development,2012-03,2012-04,0.008284485898911953,0.007645770907402039,0.009192131459712982,-0.008105287328362465,0.0036406624130904675,-0.012831225991249084,0.004285123199224472,-0.0005108116893097758
development,2012-04,2012-05,0.01113155484199524,0.021497907117009163,0.0143514359369874,-0.020617995411157608,-0.0014074663631618023,-0.02618579752743244,0.00863940641283989,0.01328953541815281
development,2012-05,2012-06,-0.0034336985554546118,-0.002099056029692292,-0.0074851857498288155,0.001961069880053401,-0.0037952803540974855,0.0036627158988267183,0.0004361120518296957,-0.000637575751170516
development,2012-06,2012-07,0.001779309706762433,0.006566748023033142,0.008066188544034958,-0.010091062635183334,0.00010195025242865086,-0.011321074329316616,-0.002663808409124613,0.006080711260437965
development,2012-07,2012-08,-0.012734970077872276,-0.014065278694033623,0.005587921477854252,0.0015795084182173014,-0.005363736301660538,0.005995172541588545,-0.0029786406084895134,-0.0031564105302095413
development,2012-08,2012-09,-0.003574683563783765,0.007221907842904329,0.00466617476195097,-0.0004930353024974465,0.01281806081533432,0.004928681533783674,-0.014517493546009064,-0.001684756251052022
development,2012-09,2012-10,0.010435108095407486,-0.004368464462459087,0.015292818658053875,-0.016087811440229416,-0.012568371370434761,-0.025075094774365425,0.011899260804057121,-0.003691605059430003
development,2012-10,2012-11,-0.001605656580068171,-0.011886841617524624,-0.0031277602538466454,0.00798996165394783,-0.009033293463289738,0.004168477840721607,0.002756635658442974,-0.0016283092554658651
development,2012-11,2012-12,0.004435156472027302,-0.013759523630142212,0.004756572190672159,-0.0017612036317586899,-0.005269537214189768,0.005250061862170696,-0.00686360988765955,-0.004076917190104723
development,2012-12,2013-01,-0.004580701235681772,0.007266470231115818,0.008484079502522945,-0.006982744671404362,0.010650768876075745,0.0012401463463902473,-0.01421903632581234,0.0013566743582487106
development,2013-01,2013-02,0.004949483554810286,0.00848543643951416,0.005888540763407946,-0.012687169946730137,-0.0013493136502802372,-0.014714991673827171,0.006733940914273262,-0.0025615524500608444
development,2013-02,2013-03,-0.0014535225927829742,0.006665896158665419,-0.0035454288590699434,0.0022096538450568914,-0.004342449828982353,-0.0016424644272774458,0.008635485544800758,-0.0014254238922148943
development,2013-03,2013-04,-0.003997209016233683,0.006580108776688576,-0.003208138979971409,-0.0015302116516977549,-0.006191556341946125,-0.0030185687355697155,0.0079390499740839,-0.0023140287958085537
development,2013-04,2013-05,-0.01059336494654417,-0.007192034274339676,-0.001552223926410079,0.001282163430005312,0.001602902077138424,0.01589140109717846,-0.011151287704706192,-0.006375504657626152
development,2013-05,2013-06,0.004759761970490217,0.01277695782482624,0.0014195193070918322,-0.01372907031327486,-0.004142487421631813,-0.017196159809827805,0.010915237478911877,-0.00635424442589283
development,2013-06,2013-07,-0.005707245785742998,0.003913375549018383,0.00024541933089494705,-0.0046300338581204414,0.0038468483835458755,0.01024346612393856,-0.009254739619791508,0.004226654767990112
development,2013-07,2013-08,-0.004479249939322472,0.006378774996846914,-0.0025915084406733513,-0.004482355900108814,-0.00024778558872640133,0.0011738103348761797,0.004764387384057045,0.004767469130456448
development,2013-08,2013-09,-0.007881319150328636,0.007695580832660198,-0.008693693205714226,0.006519855931401253,0.008431554771959782,0.009391000494360924,-0.004751162603497505,-0.0019514946034178138
development,2013-09,2013-10,0.005960883107036352,-0.016438793390989304,0.015364192426204681,-0.016503682360053062,-0.021892085671424866,-0.015179285779595375,0.0022531042341142893,-0.01101161353290081
development,2013-10,2013-11,-0.011039543896913528,-0.001967372838407755,0.0007274713134393096,-0.0047277240082621574,0.00047737802378833294,0.005129325203597546,-0.005575621034950018,0.004497038200497627
development,2013-11,2013-12,0.0017102358397096395,0.011271321214735508,-0.010393544100224972,0.007651227992027998,0.01124595757573843,0.008653007447719574,-6.328348536044359e-05,-0.0012073832331225276
development,2013-12,2014-01,0.0006558897439390421,0.03833344578742981,-0.0072075072675943375,0.006696764379739761,0.04876278340816498,0.020316507667303085,-0.019950300455093384,0.014469431713223457
development,2014-01,2014-02,-0.0042351009324193,0.0008000530069693923,-0.0035971179604530334,0.00935723353177309,0.007555962074548006,0.00833561085164547,-0.00736546516418457,0.0018299140501767397
development,2014-02,2014-03,0.009389900602400303,-0.013021307997405529,0.018334541469812393,-0.01682490110397339,-0.010363094508647919,-0.014691419899463654,-0.007350313477218151,0.00203140452504158
development,2014-03,2014-04,0.006654808763414621,-0.029615575447678566,0.020683910697698593,-0.011906458996236324,-0.030597548931837082,-0.017909076064825058,-0.001017563627101481,0.0022528227418661118
development,2014-04,2014-05,-0.00045524857705459,-0.0024858247488737106,-0.00036498496774584055,0.001607813173905015,-0.00855726096779108,-0.008961553685367107,0.0022458864841610193,-2.7553876861929893e-05
development,2014-05,2014-06,0.004050844348967075,0.013029258698225021,-0.016797572374343872,0.014723673462867737,0.017755890265107155,0.012716040015220642,-0.004458877258002758,-0.0063710082322359085
development,2014-06,2014-07,-0.003917864989489317,-0.012785561382770538,0.02111365646123886,-0.021091677248477936,-0.0191029105335474,-0.014755175448954105,0.0038406644016504288,0.00724058086052537
development,2014-07,2014-08,-0.00541189219802618,-0.00485619530081749,-0.006298328284174204,0.010686570778489113,0.001687388401478529,0.0037323515862226486,0.0008184548933058977,-0.002400205237790942
development,2014-08,2014-09,0.008587020449340343,0.011568761430680752,-0.0035057924687862396,-0.018785107880830765,-0.017290424555540085,-0.025562264025211334,0.028748853132128716,3.0279625207185745e-06
development,2014-09,2014-10,-0.006237669847905636,-0.009518178179860115,-0.002785753458738327,-0.009934093803167343,-0.035134658217430115,-0.02059057354927063,0.02800704538822174,0.008393635042011738
development,2014-10,2014-11,-0.0043709916062653065,-0.003522732760757208,-0.001911026774905622,-0.003962500020861626,-0.018251433968544006,-0.009050274267792702,0.02313994988799095,-0.0005383334355428815
development,2014-11,2014-12,0.004096799064427614,0.01603328064084053,-0.005907561630010605,-0.011144513264298439,-0.00924580916762352,-0.010919459164142609,0.020280765369534492,0.006294648628681898
development,2014-12,2015-01,-0.0013044128427281976,0.018022045493125916,-0.004237780347466469,-0.004598408471792936,0.009337675757706165,-0.008706280030310154,0.005097014829516411,0.005961040034890175
development,2015-01,2015-02,0.0015775775536894798,-0.0014202645979821682,-0.0153346573933959,0.023660164326429367,0.017132913693785667,0.025830723345279694,-0.015767207369208336,5.59631735086441e-06
development,2015-02,2015-03,8.984707528725266e-05,0.007964452728629112,0.002816621446982026,-0.009193568490445614,-0.015121369622647762,-0.023441534489393234,0.018516989424824715,5.6762597523629665e-05
development,2015-03,2015-04,0.005028596147894859,-0.010818583890795708,0.006045427639037371,0.004443175159394741,0.008394205011427402,0.018778575584292412,-0.024724191054701805,-0.0012074823025614023
development,2015-04,2015-05,0.0010306525509804487,0.020889483392238617,-0.011527743190526962,0.005326214712113142,0.006897786166518927,-0.009633084759116173,0.015830298885703087,-0.0021241505164653063
development,2015-05,2015-06,0.0032286224886775017,0.012588039971888065,-0.004582061432301998,-0.00936921313405037,-0.0051901740953326225,-0.01747269183397293,0.01390418317168951,0.007984454743564129
development,2015-06,2015-07,0.0004390734829939902,0.017083164304494858,5.835422780364752e-05,-0.005020421463996172,-0.02388899214565754,-0.039684414863586426,0.036583688110113144,-0.0015967213548719883
development,2015-07,2015-08,0.013668680563569069,-0.014223558828234673,0.02144952490925789,-0.020161215215921402,-0.0043578725308179855,-0.00969721283763647,-0.010898590087890625,-0.004317329730838537
development,2015-08,2015-09,0.0190341304987669,-0.0018481819424778223,0.016095705330371857,-0.027857402339577675,-0.03071225807070732,-0.04759623855352402,0.03184632584452629,0.0012746991124004126
development,2015-09,2015-10,-0.00802583247423172,-0.023435328155755997,-0.0013402404729276896,0.0002457170048728585,-0.018763672560453415,0.008525267243385315,-0.0050645265728235245,0.0009344764985144138
development,2015-10,2015-11,-0.016768254339694977,0.017335154116153717,-0.0027444816660135984,-0.0013391829561442137,0.016899174079298973,0.009657280519604683,-0.004306461662054062,0.013801353983581066
development,2015-11,2015-12,-0.0013774281833320856,0.006708905100822449,-0.0014814827591180801,-0.0077074989676475525,-0.01054906751960516,-0.02195119485259056,0.02510742098093033,-0.004375023301690817
development,2015-12,2016-01,0.012158308178186417,-0.02760043740272522,0.016600728034973145,-0.025535274296998978,-0.03754272311925888,-0.03913634270429611,0.024216219782829285,-0.010010646656155586
development,2016-01,2016-02,-0.00813470408320427,-0.02630903199315071,0.004623374901711941,-0.005140571855008602,-0.019584929570555687,0.001594690838828683,0.004705109167844057,-0.00932625774294138
development,2016-02,2016-03,0.005719630979001522,-0.013617591932415962,-0.006205371581017971,0.011026028543710709,0.009461000561714172,0.03305605798959732,-0.025651928037405014,0.004715317860245705
development,2016-03,2016-04,0.006256879307329655,-0.0008811947191134095,0.005836267024278641,0.0018381350673735142,0.015764325857162476,0.015725620090961456,-0.027075545862317085,0.003891206346452236
development,2016-04,2016-05,0.0017283088527619839,0.01203998364508152,-0.007215504068881273,0.0003660924267023802,-0.002536150859668851,-0.010662011802196503,0.005499587394297123,0.013271949253976345
development,2016-05,2016-06,0.004168454557657242,-0.005562870297580957,0.008513634093105793,-0.007666708901524544,-0.002140126656740904,-0.007186554837971926,-0.00024095550179481506,-0.00028889020904898643
development,2016-06,2016-07,-0.011173072271049023,-0.007113282568752766,-0.0016059600748121738,0.002794325817376375,0.006565602030605078,0.020954865962266922,-0.011130445636808872,0.0022211805917322636
development,2016-07,2016-08,0.00597258098423481,0.0010844487696886063,0.006037863902747631,-0.006612866651266813,0.01064310409128666,0.007524533662945032,-0.014285396784543991,0.003420968307182193
development,2016-08,2016-09,-0.008968199603259563,0.02029360830783844,-0.001950288424268365,0.004507322795689106,0.018138151615858078,0.010333099402487278,-0.012699335813522339,0.0006667341804131866
development,2016-09,2016-10,0.01889330893754959,-0.01267729140818119,0.0160524882376194,-0.020884830504655838,-0.03627253323793411,-0.0446319580078125,0.022206924855709076,-0.008406544104218483
development,2016-10,2016-11,0.007219540886580944,-0.0230755265802145,0.03036867268383503,-0.01762649416923523,-0.011662567965686321,-0.014620429836213589,-0.016933945938944817,-0.009783245623111725
development,2016-11,2016-12,0.015691174194216728,-0.00986530166119337,0.022482244297862053,-0.020776567980647087,-0.020686181262135506,-0.03203630819916725,0.008534709922969341,-0.009458981454372406
development,2016-12,2017-01,-0.007725139614194632,0.0036397920921444893,-0.0013814633712172508,0.004715807735919952,0.018281741067767143,0.01766127720475197,-0.018244491890072823,0.011100400239229202
development,2017-01,2017-02,0.004060828126966953,0.005913814064115286,-0.010636312887072563,0.006482579745352268,-0.0016741943545639515,-0.004083311650902033,0.014773470349609852,0.011512434110045433
development,2017-02,2017-03,-0.00991230271756649,0.001961218658834696,-0.007487622555345297,-0.0010761087760329247,-0.0021229786798357964,0.0005081353010609746,0.008686374872922897,0.0022212674375623465
development,2017-03,2017-04,-0.006523502059280872,-0.006510446313768625,-0.003358338261023164,-0.005701955407857895,-0.01975192129611969,-0.016711046919226646,0.014303471893072128,-0.0036957389675080776
development,2017-04,2017-05,-0.00330714019946754,0.00024834461510181427,-0.00684850849211216,-0.008119850419461727,-0.021899094805121422,-0.01707375794649124,0.021711912006139755,-0.005257573444396257
development,2017-05,2017-06,0.00039747863775119185,0.00940206553786993,-0.006508600898087025,0.009833429008722305,0.017599856480956078,0.016446972265839577,-0.011139552108943462,0.01859895884990692
development,2017-06,2017-07,-0.0003631539875641465,-0.0026685339398682117,0.005368835758417845,-0.003893980523571372,-0.008747369050979614,-0.013034163042902946,0.003763741347938776,-0.0034067081287503242
development,2017-07,2017-08,-0.00828669685870409,0.004376961849629879,-0.007124570198357105,-0.002825713250786066,-0.005856668576598167,-0.003706924617290497,0.009286817163228989,0.011076381430029869
development,2017-08,2017-09,-0.011095719411969185,0.005696146748960018,0.012251922860741615,0.004165376536548138,0.026005838066339493,0.023264236748218536,-0.03021284192800522,-0.0028100672643631697
development,2017-09,2017-10,-0.000546057359315455,-0.0004876407911069691,0.006451508030295372,-0.013140574097633362,-0.013919050805270672,-0.01965515874326229,0.00836694985628128,-0.003648859215900302
development,2017-10,2017-11,0.0042654359713196754,-0.010963897220790386,0.0056899841874837875,0.006315476261079311,-0.005214235745370388,0.003585357218980789,0.0016930887941271067,0.00047321105375885963
development,2017-11,2017-12,0.002661782084032893,0.003407668322324753,-0.00555031094700098,0.00658449437469244,0.012066171504557133,0.011402285657823086,-0.0037696990184485912,-0.0077345469035208225
development,2017-12,2018-01,-0.0084461010992527,0.0011046926956623793,-0.00036282435758039355,-0.0028303968720138073,0.003951752092689276,0.0062151821330189705,-0.005710272118449211,0.00431821309030056
development,2018-01,2018-02,-0.003275964641943574,0.011447937227785587,-0.0037609743885695934,-0.00823731254786253,-0.005078371614217758,-0.008233655244112015,0.00877673365175724,0.006018327549099922
development,2018-02,2018-03,0.0021354693453758955,0.0010599694214761257,0.003864929312840104,-0.011074887588620186,-0.005524455104023218,-0.008672711439430714,0.0057372115552425385,0.004125915467739105
development,2018-03,2018-04,-0.0017765196971595287,-0.0048474520444869995,0.007590414024889469,0.0008647599606774747,0.00018462352454662323,0.00028922525234520435,-0.006449458189308643,9.004794992506504e-05
development,2018-04,2018-05,-0.013351909816265106,0.013797901570796967,-0.009566728956997395,-0.0031617009080946445,0.010263185948133469,0.01174190267920494,-0.0038087014108896255,-0.002271094359457493
development,2018-05,2018-06,0.006181987002491951,-0.0012689329450950027,-0.003319454612210393,0.002436308190226555,-0.012602245435118675,-0.009277836419641972,0.018289435654878616,-0.003232806222513318
development,2018-06,2018-07,-0.0025415413547307253,-0.01098589412868023,0.004997880198061466,-0.007763870060443878,-0.024276547133922577,-0.017657451331615448,0.01171807385981083,-0.0007655529771000147
development,2018-07,2018-08,-0.027796592563390732,0.009102705866098404,-0.017009099945425987,0.0023516379296779633,-0.005145678762346506,0.010947543196380138,0.012931705452501774,0.0032321021426469088
development,2018-08,2018-09,0.002598715713247657,0.0038710907101631165,-0.005405464209616184,0.006422828417271376,-0.002265582326799631,-0.001735546626150608,0.006129586603492498,-0.0007922264630906284
development,2018-09,2018-10,0.014465203508734703,-0.0135814743116498,0.01248600147664547,-0.016158808022737503,-0.018883418291807175,-0.029127860441803932,0.014278599992394447,0.0034407267812639475
development,2018-10,2018-11,0.004165001213550568,-0.005156605504453182,-0.006658964790403843,0.0035980879329144955,-0.021221905946731567,-0.01615966111421585,0.02104966528713703,0.007028719410300255
development,2018-11,2018-12,0.009240132756531239,0.00544300302863121,-0.005990922451019287,-0.010539083741605282,-0.030548352748155594,-0.04517705366015434,0.04702883958816528,-0.006387489847838879
development,2018-12,2019-01,-0.02115265652537346,0.0075006308034062386,-0.012510569766163826,0.0231199711561203,0.04845841974020004,0.06252187490463257,-0.04229564964771271,0.025173554196953773
development,2019-01,2019-02,-0.001148472772911191,0.007313831243664026,-0.008434015326201916,0.0003332517226226628,0.011046414263546467,0.010058159939944744,-0.007367907091975212,-0.0014588299673050642
development,2019-02,2019-03,-0.005667965859174728,0.017276231199502945,-0.016110355034470558,0.01166488230228424,0.019140811637043953,0.011282984167337418,-0.0020864009857177734,0.009632790461182594
development,2019-03,2019-04,0.002739784074947238,-0.013800881803035736,0.0028497432358562946,-0.0018957096617668867,-0.018894992768764496,-0.011571024544537067,0.010894818231463432,-0.006008947268128395
development,2019-04,2019-05,0.011456361040472984,0.029335400089621544,-0.0009261586237698793,-0.0067920200526714325,0.004861715715378523,-0.03289388120174408,0.02198561653494835,0.01357044093310833
development,2019-05,2019-06,-0.011002532206475735,-0.015564274042844772,-0.0023749549873173237,0.006589060183614492,-0.022830143570899963,-0.01142093911767006,0.015077156946063042,-0.0072816647589206696
development,2019-06,2019-07,-0.004742479883134365,-0.010239812545478344,0.010848838835954666,-0.011433569714426994,-0.022172994911670685,-0.022644784301519394,0.014228705316781998,0.0010530438739806414
development,2019-07,2019-08,0.0016075321473181248,0.011512884870171547,-0.003722976427525282,0.002362549537792802,-0.0019336496479809284,-0.012038775719702244,0.01911451295018196,0.006232023239135742
development,2019-08,2019-09,0.006834967527538538,-0.03751656785607338,0.023611251264810562,-0.020754389464855194,-0.026420986279845238,-0.005177022889256477,1.2241885997354984e-05,-0.0018548229709267616
development,2019-09,2019-10,-0.008118442259728909,-0.00316425459459424,0.0009778918465599418,-0.0024903281591832638,-0.015915801748633385,-0.011096838861703873,0.014364036731421947,0.0021095694974064827
development,2019-10,2019-11,0.0019170530140399933,0.015724003314971924,-0.02222178317606449,0.01830708608031273,0.007046919781714678,0.0038419945631176233,0.014936037361621857,-0.005705217830836773
development,2019-11,2019-12,0.012263777665793896,0.008822903968393803,-0.013144213706254959,0.007669927552342415,0.03007885068655014,0.02122020348906517,-0.02150583453476429,-0.00959990918636322
