factor_count,seed,target_month,layer_pair,linear_cka
1,20260924,2010-01,hidden1-hidden2,0.8278599381446838
1,20260924,2010-01,hidden2-hidden3,0.8290590047836304
1,20260924,2010-02,hidden1-hidden2,0.8402074575424194
1,20260924,2010-02,hidden2-hidden3,0.8444922566413879
1,20260924,2010-03,hidden1-hidden2,0.8337231278419495
1,20260924,2010-03,hidden2-hidden3,0.8358315825462341
1,20260924,2010-04,hidden1-hidden2,0.8464728593826294
1,20260924,2010-04,hidden2-hidden3,0.845313310623169
1,20260924,2010-05,hidden1-hidden2,0.8298611640930176
1,20260924,2010-05,hidden2-hidden3,0.8281675577163696
1,20260924,2010-06,hidden1-hidden2,0.8277404308319092
1,20260924,2010-06,hidden2-hidden3,0.8119835257530212
1,20260924,2010-07,hidden1-hidden2,0.8376612663269043
1,20260924,2010-07,hidden2-hidden3,0.8285323977470398
1,20260924,2010-08,hidden1-hidden2,0.8317684531211853
1,20260924,2010-08,hidden2-hidden3,0.8240187764167786
1,20260924,2010-09,hidden1-hidden2,0.8308956623077393
1,20260924,2010-09,hidden2-hidden3,0.8329733610153198
1,20260924,2010-10,hidden1-hidden2,0.8288323879241943
1,20260924,2010-10,hidden2-hidden3,0.8307902216911316
1,20260924,2010-11,hidden1-hidden2,0.8353850245475769
1,20260924,2010-11,hidden2-hidden3,0.8261287212371826
1,20260924,2010-12,hidden1-hidden2,0.823936402797699
1,20260924,2010-12,hidden2-hidden3,0.825967013835907
1,20260924,2011-01,hidden1-hidden2,0.8304495811462402
1,20260924,2011-01,hidden2-hidden3,0.8172082304954529
1,20260924,2011-02,hidden1-hidden2,0.8238958716392517
1,20260924,2011-02,hidden2-hidden3,0.8148835301399231
1,20260924,2011-03,hidden1-hidden2,0.8145947456359863
1,20260924,2011-03,hidden2-hidden3,0.8238964080810547
1,20260924,2011-04,hidden1-hidden2,0.80613112449646
1,20260924,2011-04,hidden2-hidden3,0.8227859735488892
1,20260924,2011-05,hidden1-hidden2,0.8166759014129639
1,20260924,2011-05,hidden2-hidden3,0.825752854347229
1,20260924,2011-06,hidden1-hidden2,0.8142459988594055
1,20260924,2011-06,hidden2-hidden3,0.8177579641342163
1,20260924,2011-07,hidden1-hidden2,0.8227832317352295
1,20260924,2011-07,hidden2-hidden3,0.8402658700942993
1,20260924,2011-08,hidden1-hidden2,0.8379643559455872
1,20260924,2011-08,hidden2-hidden3,0.8344475626945496
1,20260924,2011-09,hidden1-hidden2,0.8258402347564697
1,20260924,2011-09,hidden2-hidden3,0.8322544693946838
1,20260924,2011-10,hidden1-hidden2,0.816304087638855
1,20260924,2011-10,hidden2-hidden3,0.8351644277572632
1,20260924,2011-11,hidden1-hidden2,0.8268275856971741
1,20260924,2011-11,hidden2-hidden3,0.8285607099533081
1,20260924,2011-12,hidden1-hidden2,0.8315499424934387
1,20260924,2011-12,hidden2-hidden3,0.8194090723991394
1,20260924,2012-01,hidden1-hidden2,0.8231850862503052
1,20260924,2012-01,hidden2-hidden3,0.8289240598678589
1,20260924,2012-02,hidden1-hidden2,0.8127380013465881
1,20260924,2012-02,hidden2-hidden3,0.8194675445556641
1,20260924,2012-03,hidden1-hidden2,0.8315826654434204
1,20260924,2012-03,hidden2-hidden3,0.7984181046485901
1,20260924,2012-04,hidden1-hidden2,0.823786735534668
1,20260924,2012-04,hidden2-hidden3,0.8144006133079529
1,20260924,2012-05,hidden1-hidden2,0.8348122239112854
1,20260924,2012-05,hidden2-hidden3,0.8254380822181702
1,20260924,2012-06,hidden1-hidden2,0.8319514393806458
1,20260924,2012-06,hidden2-hidden3,0.8082979321479797
1,20260924,2012-07,hidden1-hidden2,0.8380708694458008
1,20260924,2012-07,hidden2-hidden3,0.8354146480560303
1,20260924,2012-08,hidden1-hidden2,0.8419196605682373
1,20260924,2012-08,hidden2-hidden3,0.8184919953346252
1,20260924,2012-09,hidden1-hidden2,0.8341860771179199
1,20260924,2012-09,hidden2-hidden3,0.8360153436660767
1,20260924,2012-10,hidden1-hidden2,0.8396305441856384
1,20260924,2012-10,hidden2-hidden3,0.8210788369178772
1,20260924,2012-11,hidden1-hidden2,0.831017792224884
1,20260924,2012-11,hidden2-hidden3,0.8115806579589844
1,20260924,2012-12,hidden1-hidden2,0.827265202999115
1,20260924,2012-12,hidden2-hidden3,0.8247770667076111
1,20260924,2013-01,hidden1-hidden2,0.843580424785614
1,20260924,2013-01,hidden2-hidden3,0.8169004917144775
1,20260924,2013-02,hidden1-hidden2,0.8383176326751709
1,20260924,2013-02,hidden2-hidden3,0.8337650895118713
1,20260924,2013-03,hidden1-hidden2,0.831933856010437
1,20260924,2013-03,hidden2-hidden3,0.8271017074584961
1,20260924,2013-04,hidden1-hidden2,0.830622673034668
1,20260924,2013-04,hidden2-hidden3,0.8376845717430115
1,20260924,2013-05,hidden1-hidden2,0.8372863531112671
1,20260924,2013-05,hidden2-hidden3,0.8341923952102661
1,20260924,2013-06,hidden1-hidden2,0.8255017995834351
1,20260924,2013-06,hidden2-hidden3,0.8209789395332336
1,20260924,2013-07,hidden1-hidden2,0.816663920879364
1,20260924,2013-07,hidden2-hidden3,0.8195356130599976
1,20260924,2013-08,hidden1-hidden2,0.8374224305152893
1,20260924,2013-08,hidden2-hidden3,0.830856442451477
1,20260924,2013-09,hidden1-hidden2,0.8402713537216187
1,20260924,2013-09,hidden2-hidden3,0.8030743598937988
1,20260924,2013-10,hidden1-hidden2,0.8330760598182678
1,20260924,2013-10,hidden2-hidden3,0.8281990885734558
1,20260924,2013-11,hidden1-hidden2,0.8251681923866272
1,20260924,2013-11,hidden2-hidden3,0.8167375326156616
1,20260924,2013-12,hidden1-hidden2,0.8274155855178833
1,20260924,2013-12,hidden2-hidden3,0.8204875588417053
1,20260924,2014-01,hidden1-hidden2,0.8178468942642212
1,20260924,2014-01,hidden2-hidden3,0.8263921737670898
1,20260924,2014-02,hidden1-hidden2,0.8344199657440186
1,20260924,2014-02,hidden2-hidden3,0.8337446451187134
1,20260924,2014-03,hidden1-hidden2,0.8131713271141052
1,20260924,2014-03,hidden2-hidden3,0.825038492679596
1,20260924,2014-04,hidden1-hidden2,0.8277608156204224
1,20260924,2014-04,hidden2-hidden3,0.8216450214385986
1,20260924,2014-05,hidden1-hidden2,0.8379185199737549
1,20260924,2014-05,hidden2-hidden3,0.8126349449157715
1,20260924,2014-06,hidden1-hidden2,0.8348371982574463
1,20260924,2014-06,hidden2-hidden3,0.8146602511405945
1,20260924,2014-07,hidden1-hidden2,0.8248873353004456
1,20260924,2014-07,hidden2-hidden3,0.82120281457901
1,20260924,2014-08,hidden1-hidden2,0.8322842121124268
1,20260924,2014-08,hidden2-hidden3,0.8169267177581787
1,20260924,2014-09,hidden1-hidden2,0.8349267244338989
1,20260924,2014-09,hidden2-hidden3,0.8231319785118103
1,20260924,2014-10,hidden1-hidden2,0.843915581703186
1,20260924,2014-10,hidden2-hidden3,0.8147112727165222
1,20260924,2014-11,hidden1-hidden2,0.8315072655677795
1,20260924,2014-11,hidden2-hidden3,0.8207294940948486
1,20260924,2014-12,hidden1-hidden2,0.8230943083763123
1,20260924,2014-12,hidden2-hidden3,0.8180662393569946
1,20260924,2015-01,hidden1-hidden2,0.8307692408561707
1,20260924,2015-01,hidden2-hidden3,0.8248881101608276
1,20260924,2015-02,hidden1-hidden2,0.8378726840019226
1,20260924,2015-02,hidden2-hidden3,0.8240672945976257
1,20260924,2015-03,hidden1-hidden2,0.8446746468544006
1,20260924,2015-03,hidden2-hidden3,0.8185001611709595
1,20260924,2015-04,hidden1-hidden2,0.8218833208084106
1,20260924,2015-04,hidden2-hidden3,0.8368692398071289
1,20260924,2015-05,hidden1-hidden2,0.8330269455909729
1,20260924,2015-05,hidden2-hidden3,0.8221241235733032
1,20260924,2015-06,hidden1-hidden2,0.8121533989906311
1,20260924,2015-06,hidden2-hidden3,0.8132181763648987
1,20260924,2015-07,hidden1-hidden2,0.836251974105835
1,20260924,2015-07,hidden2-hidden3,0.838586688041687
1,20260924,2015-08,hidden1-hidden2,0.833192765712738
1,20260924,2015-08,hidden2-hidden3,0.8430280089378357
1,20260924,2015-09,hidden1-hidden2,0.8401398658752441
1,20260924,2015-09,hidden2-hidden3,0.8353814482688904
1,20260924,2015-10,hidden1-hidden2,0.8355043530464172
1,20260924,2015-10,hidden2-hidden3,0.837447464466095
1,20260924,2015-11,hidden1-hidden2,0.8339962959289551
1,20260924,2015-11,hidden2-hidden3,0.8186138868331909
1,20260924,2015-12,hidden1-hidden2,0.8397127389907837
1,20260924,2015-12,hidden2-hidden3,0.823065996170044
1,20260924,2016-01,hidden1-hidden2,0.839206337928772
1,20260924,2016-01,hidden2-hidden3,0.8272266983985901
1,20260924,2016-02,hidden1-hidden2,0.8332694172859192
1,20260924,2016-02,hidden2-hidden3,0.813583493232727
1,20260924,2016-03,hidden1-hidden2,0.824539303779602
1,20260924,2016-03,hidden2-hidden3,0.8316681385040283
1,20260924,2016-04,hidden1-hidden2,0.8385003209114075
1,20260924,2016-04,hidden2-hidden3,0.8347901105880737
1,20260924,2016-05,hidden1-hidden2,0.8327552676200867
1,20260924,2016-05,hidden2-hidden3,0.8417105674743652
1,20260924,2016-06,hidden1-hidden2,0.8261088728904724
1,20260924,2016-06,hidden2-hidden3,0.8379590511322021
1,20260924,2016-07,hidden1-hidden2,0.8334875702857971
1,20260924,2016-07,hidden2-hidden3,0.8312105536460876
1,20260924,2016-08,hidden1-hidden2,0.8253312706947327
1,20260924,2016-08,hidden2-hidden3,0.8368510007858276
1,20260924,2016-09,hidden1-hidden2,0.8355562090873718
1,20260924,2016-09,hidden2-hidden3,0.8463577628135681
1,20260924,2016-10,hidden1-hidden2,0.8325952887535095
1,20260924,2016-10,hidden2-hidden3,0.8410829901695251
1,20260924,2016-11,hidden1-hidden2,0.8239132761955261
1,20260924,2016-11,hidden2-hidden3,0.8275595903396606
1,20260924,2016-12,hidden1-hidden2,0.836286187171936
1,20260924,2016-12,hidden2-hidden3,0.8347129821777344
1,20260924,2017-01,hidden1-hidden2,0.8292340636253357
1,20260924,2017-01,hidden2-hidden3,0.8229535818099976
1,20260924,2017-02,hidden1-hidden2,0.8374425768852234
1,20260924,2017-02,hidden2-hidden3,0.8419522047042847
1,20260924,2017-03,hidden1-hidden2,0.8409723043441772
1,20260924,2017-03,hidden2-hidden3,0.8396072387695312
1,20260924,2017-04,hidden1-hidden2,0.8333058953285217
1,20260924,2017-04,hidden2-hidden3,0.8301123976707458
1,20260924,2017-05,hidden1-hidden2,0.8317879438400269
1,20260924,2017-05,hidden2-hidden3,0.8357811570167542
1,20260924,2017-06,hidden1-hidden2,0.8286690711975098
1,20260924,2017-06,hidden2-hidden3,0.8339160084724426
1,20260924,2017-07,hidden1-hidden2,0.833425760269165
1,20260924,2017-07,hidden2-hidden3,0.8472099900245667
1,20260924,2017-08,hidden1-hidden2,0.832592248916626
1,20260924,2017-08,hidden2-hidden3,0.8173750638961792
1,20260924,2017-09,hidden1-hidden2,0.8419867157936096
1,20260924,2017-09,hidden2-hidden3,0.8336063623428345
1,20260924,2017-10,hidden1-hidden2,0.8482145071029663
1,20260924,2017-10,hidden2-hidden3,0.8284006714820862
1,20260924,2017-11,hidden1-hidden2,0.8370868563652039
1,20260924,2017-11,hidden2-hidden3,0.8286793828010559
1,20260924,2017-12,hidden1-hidden2,0.8399083614349365
1,20260924,2017-12,hidden2-hidden3,0.8260788321495056
1,20260924,2018-01,hidden1-hidden2,0.8311373591423035
1,20260924,2018-01,hidden2-hidden3,0.8346420526504517
1,20260924,2018-02,hidden1-hidden2,0.8271615505218506
1,20260924,2018-02,hidden2-hidden3,0.8421313166618347
1,20260924,2018-03,hidden1-hidden2,0.8387385010719299
1,20260924,2018-03,hidden2-hidden3,0.8213371634483337
1,20260924,2018-04,hidden1-hidden2,0.8194291591644287
1,20260924,2018-04,hidden2-hidden3,0.8227747678756714
1,20260924,2018-05,hidden1-hidden2,0.8235642313957214
1,20260924,2018-05,hidden2-hidden3,0.8299881219863892
1,20260924,2018-06,hidden1-hidden2,0.8249658942222595
1,20260924,2018-06,hidden2-hidden3,0.8233780860900879
1,20260924,2018-07,hidden1-hidden2,0.8308483362197876
1,20260924,2018-07,hidden2-hidden3,0.8189242482185364
1,20260924,2018-08,hidden1-hidden2,0.8321741819381714
1,20260924,2018-08,hidden2-hidden3,0.8239421844482422
1,20260924,2018-09,hidden1-hidden2,0.8279694318771362
1,20260924,2018-09,hidden2-hidden3,0.8290598392486572
1,20260924,2018-10,hidden1-hidden2,0.8212882876396179
1,20260924,2018-10,hidden2-hidden3,0.8373481035232544
1,20260924,2018-11,hidden1-hidden2,0.821567714214325
1,20260924,2018-11,hidden2-hidden3,0.8351852893829346
1,20260924,2018-12,hidden1-hidden2,0.8332351446151733
1,20260924,2018-12,hidden2-hidden3,0.8239321112632751
1,20260924,2019-01,hidden1-hidden2,0.8279959559440613
1,20260924,2019-01,hidden2-hidden3,0.8293198943138123
1,20260924,2019-02,hidden1-hidden2,0.8370904326438904
1,20260924,2019-02,hidden2-hidden3,0.8317552804946899
1,20260924,2019-03,hidden1-hidden2,0.8287920951843262
1,20260924,2019-03,hidden2-hidden3,0.829508364200592
1,20260924,2019-04,hidden1-hidden2,0.8292484283447266
1,20260924,2019-04,hidden2-hidden3,0.8359094262123108
1,20260924,2019-05,hidden1-hidden2,0.8345966339111328
1,20260924,2019-05,hidden2-hidden3,0.8252320885658264
1,20260924,2019-06,hidden1-hidden2,0.8394089937210083
1,20260924,2019-06,hidden2-hidden3,0.8117632269859314
1,20260924,2019-07,hidden1-hidden2,0.8209813833236694
1,20260924,2019-07,hidden2-hidden3,0.8340439796447754
1,20260924,2019-08,hidden1-hidden2,0.8294026851654053
1,20260924,2019-08,hidden2-hidden3,0.8358665704727173
1,20260924,2019-09,hidden1-hidden2,0.8290363550186157
1,20260924,2019-09,hidden2-hidden3,0.8427700400352478
1,20260924,2019-10,hidden1-hidden2,0.8348360657691956
1,20260924,2019-10,hidden2-hidden3,0.8421494364738464
1,20260924,2019-11,hidden1-hidden2,0.8388960361480713
1,20260924,2019-11,hidden2-hidden3,0.8265608549118042
1,20260924,2019-12,hidden1-hidden2,0.8374823927879333
1,20260924,2019-12,hidden2-hidden3,0.8377718329429626
1,20260925,2010-01,hidden1-hidden2,0.8553978800773621
1,20260925,2010-01,hidden2-hidden3,0.8382533192634583
1,20260925,2010-02,hidden1-hidden2,0.8625018000602722
1,20260925,2010-02,hidden2-hidden3,0.8494622111320496
1,20260925,2010-03,hidden1-hidden2,0.8600256443023682
1,20260925,2010-03,hidden2-hidden3,0.8568447232246399
1,20260925,2010-04,hidden1-hidden2,0.8534137606620789
1,20260925,2010-04,hidden2-hidden3,0.8369914293289185
1,20260925,2010-05,hidden1-hidden2,0.8594014048576355
1,20260925,2010-05,hidden2-hidden3,0.8500799536705017
1,20260925,2010-06,hidden1-hidden2,0.8660047054290771
1,20260925,2010-06,hidden2-hidden3,0.8468316793441772
1,20260925,2010-07,hidden1-hidden2,0.8639062643051147
1,20260925,2010-07,hidden2-hidden3,0.8414952754974365
1,20260925,2010-08,hidden1-hidden2,0.8535022735595703
1,20260925,2010-08,hidden2-hidden3,0.8385692834854126
1,20260925,2010-09,hidden1-hidden2,0.8577074408531189
1,20260925,2010-09,hidden2-hidden3,0.8411828875541687
1,20260925,2010-10,hidden1-hidden2,0.8595569729804993
1,20260925,2010-10,hidden2-hidden3,0.8369483947753906
1,20260925,2010-11,hidden1-hidden2,0.8490080833435059
1,20260925,2010-11,hidden2-hidden3,0.8331761360168457
1,20260925,2010-12,hidden1-hidden2,0.8586835265159607
1,20260925,2010-12,hidden2-hidden3,0.818988025188446
1,20260925,2011-01,hidden1-hidden2,0.8637558221817017
1,20260925,2011-01,hidden2-hidden3,0.8341971039772034
1,20260925,2011-02,hidden1-hidden2,0.8561797142028809
1,20260925,2011-02,hidden2-hidden3,0.8454078435897827
1,20260925,2011-03,hidden1-hidden2,0.855323851108551
1,20260925,2011-03,hidden2-hidden3,0.8533231616020203
1,20260925,2011-04,hidden1-hidden2,0.8576374053955078
1,20260925,2011-04,hidden2-hidden3,0.8398729562759399
1,20260925,2011-05,hidden1-hidden2,0.857550859451294
1,20260925,2011-05,hidden2-hidden3,0.8435222506523132
1,20260925,2011-06,hidden1-hidden2,0.852375328540802
1,20260925,2011-06,hidden2-hidden3,0.8224796056747437
1,20260925,2011-07,hidden1-hidden2,0.8634263277053833
1,20260925,2011-07,hidden2-hidden3,0.8298535943031311
1,20260925,2011-08,hidden1-hidden2,0.8539590835571289
1,20260925,2011-08,hidden2-hidden3,0.8219768404960632
1,20260925,2011-09,hidden1-hidden2,0.850111186504364
1,20260925,2011-09,hidden2-hidden3,0.8259062170982361
1,20260925,2011-10,hidden1-hidden2,0.8359378576278687
1,20260925,2011-10,hidden2-hidden3,0.827589750289917
1,20260925,2011-11,hidden1-hidden2,0.8380066752433777
1,20260925,2011-11,hidden2-hidden3,0.8209505081176758
1,20260925,2011-12,hidden1-hidden2,0.8458777070045471
1,20260925,2011-12,hidden2-hidden3,0.818162202835083
1,20260925,2012-01,hidden1-hidden2,0.8465597629547119
1,20260925,2012-01,hidden2-hidden3,0.828886091709137
1,20260925,2012-02,hidden1-hidden2,0.8455966711044312
1,20260925,2012-02,hidden2-hidden3,0.8254863023757935
1,20260925,2012-03,hidden1-hidden2,0.8520972728729248
1,20260925,2012-03,hidden2-hidden3,0.8225848078727722
1,20260925,2012-04,hidden1-hidden2,0.8476395010948181
1,20260925,2012-04,hidden2-hidden3,0.8169551491737366
1,20260925,2012-05,hidden1-hidden2,0.8555006980895996
1,20260925,2012-05,hidden2-hidden3,0.8371708393096924
1,20260925,2012-06,hidden1-hidden2,0.8559523224830627
1,20260925,2012-06,hidden2-hidden3,0.8368162512779236
1,20260925,2012-07,hidden1-hidden2,0.8565157651901245
1,20260925,2012-07,hidden2-hidden3,0.8411058783531189
1,20260925,2012-08,hidden1-hidden2,0.8615422248840332
1,20260925,2012-08,hidden2-hidden3,0.8293997049331665
1,20260925,2012-09,hidden1-hidden2,0.8523513674736023
1,20260925,2012-09,hidden2-hidden3,0.8186129927635193
1,20260925,2012-10,hidden1-hidden2,0.8518421649932861
1,20260925,2012-10,hidden2-hidden3,0.8191295266151428
1,20260925,2012-11,hidden1-hidden2,0.8479271531105042
1,20260925,2012-11,hidden2-hidden3,0.8276247978210449
1,20260925,2012-12,hidden1-hidden2,0.854006290435791
1,20260925,2012-12,hidden2-hidden3,0.8326166868209839
1,20260925,2013-01,hidden1-hidden2,0.8529415130615234
1,20260925,2013-01,hidden2-hidden3,0.8087117671966553
1,20260925,2013-02,hidden1-hidden2,0.8586328625679016
1,20260925,2013-02,hidden2-hidden3,0.8326358795166016
1,20260925,2013-03,hidden1-hidden2,0.8553122282028198
1,20260925,2013-03,hidden2-hidden3,0.8367631435394287
1,20260925,2013-04,hidden1-hidden2,0.8460566997528076
1,20260925,2013-04,hidden2-hidden3,0.8294997811317444
1,20260925,2013-05,hidden1-hidden2,0.8482583165168762
1,20260925,2013-05,hidden2-hidden3,0.8364920616149902
1,20260925,2013-06,hidden1-hidden2,0.841310977935791
1,20260925,2013-06,hidden2-hidden3,0.8262476325035095
1,20260925,2013-07,hidden1-hidden2,0.8532067537307739
1,20260925,2013-07,hidden2-hidden3,0.8193357586860657
1,20260925,2013-08,hidden1-hidden2,0.8540401458740234
1,20260925,2013-08,hidden2-hidden3,0.8397092819213867
1,20260925,2013-09,hidden1-hidden2,0.8486908078193665
1,20260925,2013-09,hidden2-hidden3,0.8228793144226074
1,20260925,2013-10,hidden1-hidden2,0.8458211421966553
1,20260925,2013-10,hidden2-hidden3,0.8371752500534058
1,20260925,2013-11,hidden1-hidden2,0.8493581414222717
1,20260925,2013-11,hidden2-hidden3,0.8224214911460876
1,20260925,2013-12,hidden1-hidden2,0.8557422757148743
1,20260925,2013-12,hidden2-hidden3,0.8244919180870056
1,20260925,2014-01,hidden1-hidden2,0.845785915851593
1,20260925,2014-01,hidden2-hidden3,0.8300402760505676
1,20260925,2014-02,hidden1-hidden2,0.8532595634460449
1,20260925,2014-02,hidden2-hidden3,0.8460952639579773
1,20260925,2014-03,hidden1-hidden2,0.8474350571632385
1,20260925,2014-03,hidden2-hidden3,0.8401428461074829
1,20260925,2014-04,hidden1-hidden2,0.8463128805160522
1,20260925,2014-04,hidden2-hidden3,0.840530514717102
1,20260925,2014-05,hidden1-hidden2,0.8581550121307373
1,20260925,2014-05,hidden2-hidden3,0.8132596015930176
1,20260925,2014-06,hidden1-hidden2,0.8502498865127563
1,20260925,2014-06,hidden2-hidden3,0.8289063572883606
1,20260925,2014-07,hidden1-hidden2,0.8514238595962524
1,20260925,2014-07,hidden2-hidden3,0.8303443789482117
1,20260925,2014-08,hidden1-hidden2,0.8509991765022278
1,20260925,2014-08,hidden2-hidden3,0.8365610241889954
1,20260925,2014-09,hidden1-hidden2,0.8573074340820312
1,20260925,2014-09,hidden2-hidden3,0.8278238773345947
1,20260925,2014-10,hidden1-hidden2,0.8544573187828064
1,20260925,2014-10,hidden2-hidden3,0.8248534202575684
1,20260925,2014-11,hidden1-hidden2,0.8377681374549866
1,20260925,2014-11,hidden2-hidden3,0.8336660861968994
1,20260925,2014-12,hidden1-hidden2,0.8490813970565796
1,20260925,2014-12,hidden2-hidden3,0.8343802094459534
1,20260925,2015-01,hidden1-hidden2,0.8466135859489441
1,20260925,2015-01,hidden2-hidden3,0.8309270143508911
1,20260925,2015-02,hidden1-hidden2,0.8535389304161072
1,20260925,2015-02,hidden2-hidden3,0.848396360874176
1,20260925,2015-03,hidden1-hidden2,0.8488404154777527
1,20260925,2015-03,hidden2-hidden3,0.8415876626968384
1,20260925,2015-04,hidden1-hidden2,0.8446518778800964
1,20260925,2015-04,hidden2-hidden3,0.8381885886192322
1,20260925,2015-05,hidden1-hidden2,0.8480840921401978
1,20260925,2015-05,hidden2-hidden3,0.8249120712280273
1,20260925,2015-06,hidden1-hidden2,0.8487015962600708
1,20260925,2015-06,hidden2-hidden3,0.822502613067627
1,20260925,2015-07,hidden1-hidden2,0.8516011834144592
1,20260925,2015-07,hidden2-hidden3,0.8353372812271118
1,20260925,2015-08,hidden1-hidden2,0.8516655564308167
1,20260925,2015-08,hidden2-hidden3,0.8224102258682251
1,20260925,2015-09,hidden1-hidden2,0.8386969566345215
1,20260925,2015-09,hidden2-hidden3,0.836630642414093
1,20260925,2015-10,hidden1-hidden2,0.854789137840271
1,20260925,2015-10,hidden2-hidden3,0.8296657204627991
1,20260925,2015-11,hidden1-hidden2,0.8496706485748291
1,20260925,2015-11,hidden2-hidden3,0.821499764919281
1,20260925,2015-12,hidden1-hidden2,0.8408370018005371
1,20260925,2015-12,hidden2-hidden3,0.8279315233230591
1,20260925,2016-01,hidden1-hidden2,0.8537952899932861
1,20260925,2016-01,hidden2-hidden3,0.8460817337036133
1,20260925,2016-02,hidden1-hidden2,0.844100832939148
1,20260925,2016-02,hidden2-hidden3,0.8254895210266113
1,20260925,2016-03,hidden1-hidden2,0.8364819884300232
1,20260925,2016-03,hidden2-hidden3,0.8263404369354248
1,20260925,2016-04,hidden1-hidden2,0.8430631756782532
1,20260925,2016-04,hidden2-hidden3,0.8318980932235718
1,20260925,2016-05,hidden1-hidden2,0.8516252040863037
1,20260925,2016-05,hidden2-hidden3,0.860813558101654
1,20260925,2016-06,hidden1-hidden2,0.861547589302063
1,20260925,2016-06,hidden2-hidden3,0.8377032279968262
1,20260925,2016-07,hidden1-hidden2,0.8499671220779419
1,20260925,2016-07,hidden2-hidden3,0.8331077694892883
1,20260925,2016-08,hidden1-hidden2,0.8542537689208984
1,20260925,2016-08,hidden2-hidden3,0.831665575504303
1,20260925,2016-09,hidden1-hidden2,0.8570326566696167
1,20260925,2016-09,hidden2-hidden3,0.8248923420906067
1,20260925,2016-10,hidden1-hidden2,0.8537289500236511
1,20260925,2016-10,hidden2-hidden3,0.8395978212356567
1,20260925,2016-11,hidden1-hidden2,0.8505152463912964
1,20260925,2016-11,hidden2-hidden3,0.8417810201644897
1,20260925,2016-12,hidden1-hidden2,0.8498652577400208
1,20260925,2016-12,hidden2-hidden3,0.8308060765266418
1,20260925,2017-01,hidden1-hidden2,0.8469880819320679
1,20260925,2017-01,hidden2-hidden3,0.8321472406387329
1,20260925,2017-02,hidden1-hidden2,0.8429422974586487
1,20260925,2017-02,hidden2-hidden3,0.8288715481758118
1,20260925,2017-03,hidden1-hidden2,0.8551990985870361
1,20260925,2017-03,hidden2-hidden3,0.852372407913208
1,20260925,2017-04,hidden1-hidden2,0.8513821959495544
1,20260925,2017-04,hidden2-hidden3,0.8383830785751343
1,20260925,2017-05,hidden1-hidden2,0.853313684463501
1,20260925,2017-05,hidden2-hidden3,0.8449779748916626
1,20260925,2017-06,hidden1-hidden2,0.8544844388961792
1,20260925,2017-06,hidden2-hidden3,0.8388841152191162
1,20260925,2017-07,hidden1-hidden2,0.853583574295044
1,20260925,2017-07,hidden2-hidden3,0.8465815782546997
1,20260925,2017-08,hidden1-hidden2,0.8498284220695496
1,20260925,2017-08,hidden2-hidden3,0.8498980402946472
1,20260925,2017-09,hidden1-hidden2,0.8500337600708008
1,20260925,2017-09,hidden2-hidden3,0.8435366749763489
1,20260925,2017-10,hidden1-hidden2,0.8533787131309509
1,20260925,2017-10,hidden2-hidden3,0.8440937399864197
1,20260925,2017-11,hidden1-hidden2,0.851239800453186
1,20260925,2017-11,hidden2-hidden3,0.8451501727104187
1,20260925,2017-12,hidden1-hidden2,0.8573576211929321
1,20260925,2017-12,hidden2-hidden3,0.8425627946853638
1,20260925,2018-01,hidden1-hidden2,0.8488624691963196
1,20260925,2018-01,hidden2-hidden3,0.8446103930473328
1,20260925,2018-02,hidden1-hidden2,0.8468402028083801
1,20260925,2018-02,hidden2-hidden3,0.8466305732727051
1,20260925,2018-03,hidden1-hidden2,0.8607099056243896
1,20260925,2018-03,hidden2-hidden3,0.8426291942596436
1,20260925,2018-04,hidden1-hidden2,0.8472017049789429
1,20260925,2018-04,hidden2-hidden3,0.8324472904205322
1,20260925,2018-05,hidden1-hidden2,0.862836480140686
1,20260925,2018-05,hidden2-hidden3,0.8395079970359802
1,20260925,2018-06,hidden1-hidden2,0.8605535626411438
1,20260925,2018-06,hidden2-hidden3,0.8406693339347839
1,20260925,2018-07,hidden1-hidden2,0.8578494191169739
1,20260925,2018-07,hidden2-hidden3,0.8396151065826416
1,20260925,2018-08,hidden1-hidden2,0.8611574769020081
1,20260925,2018-08,hidden2-hidden3,0.8403773307800293
1,20260925,2018-09,hidden1-hidden2,0.8583110570907593
1,20260925,2018-09,hidden2-hidden3,0.8302159905433655
1,20260925,2018-10,hidden1-hidden2,0.8458109498023987
1,20260925,2018-10,hidden2-hidden3,0.8460801839828491
1,20260925,2018-11,hidden1-hidden2,0.8637164235115051
1,20260925,2018-11,hidden2-hidden3,0.8388791084289551
1,20260925,2018-12,hidden1-hidden2,0.8492572903633118
1,20260925,2018-12,hidden2-hidden3,0.8451414108276367
1,20260925,2019-01,hidden1-hidden2,0.8466079235076904
1,20260925,2019-01,hidden2-hidden3,0.8338737487792969
1,20260925,2019-02,hidden1-hidden2,0.8458978533744812
1,20260925,2019-02,hidden2-hidden3,0.8430574536323547
1,20260925,2019-03,hidden1-hidden2,0.8602873086929321
1,20260925,2019-03,hidden2-hidden3,0.8478277921676636
1,20260925,2019-04,hidden1-hidden2,0.8577799797058105
1,20260925,2019-04,hidden2-hidden3,0.8316171765327454
1,20260925,2019-05,hidden1-hidden2,0.8675764203071594
1,20260925,2019-05,hidden2-hidden3,0.8429814577102661
1,20260925,2019-06,hidden1-hidden2,0.8574170470237732
1,20260925,2019-06,hidden2-hidden3,0.837121307849884
1,20260925,2019-07,hidden1-hidden2,0.8588440418243408
1,20260925,2019-07,hidden2-hidden3,0.8442088961601257
1,20260925,2019-08,hidden1-hidden2,0.8566238880157471
1,20260925,2019-08,hidden2-hidden3,0.8519375324249268
1,20260925,2019-09,hidden1-hidden2,0.8543811440467834
1,20260925,2019-09,hidden2-hidden3,0.8385080099105835
1,20260925,2019-10,hidden1-hidden2,0.8435675501823425
1,20260925,2019-10,hidden2-hidden3,0.8412203788757324
1,20260925,2019-11,hidden1-hidden2,0.8530382513999939
1,20260925,2019-11,hidden2-hidden3,0.842623233795166
1,20260925,2019-12,hidden1-hidden2,0.8544507026672363
1,20260925,2019-12,hidden2-hidden3,0.8433011174201965
1,20260926,2010-01,hidden1-hidden2,0.8965065479278564
1,20260926,2010-01,hidden2-hidden3,0.8518630266189575
1,20260926,2010-02,hidden1-hidden2,0.8900772333145142
1,20260926,2010-02,hidden2-hidden3,0.8600189685821533
1,20260926,2010-03,hidden1-hidden2,0.8892138600349426
1,20260926,2010-03,hidden2-hidden3,0.8564678430557251
1,20260926,2010-04,hidden1-hidden2,0.887791633605957
1,20260926,2010-04,hidden2-hidden3,0.8598490357398987
1,20260926,2010-05,hidden1-hidden2,0.8889883756637573
1,20260926,2010-05,hidden2-hidden3,0.8514273166656494
1,20260926,2010-06,hidden1-hidden2,0.884147584438324
1,20260926,2010-06,hidden2-hidden3,0.8489077091217041
1,20260926,2010-07,hidden1-hidden2,0.8890635967254639
1,20260926,2010-07,hidden2-hidden3,0.855470597743988
1,20260926,2010-08,hidden1-hidden2,0.8841860294342041
1,20260926,2010-08,hidden2-hidden3,0.850655198097229
1,20260926,2010-09,hidden1-hidden2,0.8774827718734741
1,20260926,2010-09,hidden2-hidden3,0.8565269112586975
1,20260926,2010-10,hidden1-hidden2,0.8896487355232239
1,20260926,2010-10,hidden2-hidden3,0.8614926338195801
1,20260926,2010-11,hidden1-hidden2,0.8911228179931641
1,20260926,2010-11,hidden2-hidden3,0.8480584621429443
1,20260926,2010-12,hidden1-hidden2,0.8837504386901855
1,20260926,2010-12,hidden2-hidden3,0.8545623421669006
1,20260926,2011-01,hidden1-hidden2,0.8818608522415161
1,20260926,2011-01,hidden2-hidden3,0.8519764542579651
1,20260926,2011-02,hidden1-hidden2,0.8878127932548523
1,20260926,2011-02,hidden2-hidden3,0.8564014434814453
1,20260926,2011-03,hidden1-hidden2,0.8768108487129211
1,20260926,2011-03,hidden2-hidden3,0.8489601612091064
1,20260926,2011-04,hidden1-hidden2,0.880113959312439
1,20260926,2011-04,hidden2-hidden3,0.8526080846786499
1,20260926,2011-05,hidden1-hidden2,0.8820856809616089
1,20260926,2011-05,hidden2-hidden3,0.8593080043792725
1,20260926,2011-06,hidden1-hidden2,0.8586933016777039
1,20260926,2011-06,hidden2-hidden3,0.8512762188911438
1,20260926,2011-07,hidden1-hidden2,0.8745831251144409
1,20260926,2011-07,hidden2-hidden3,0.8628556132316589
1,20260926,2011-08,hidden1-hidden2,0.8744268417358398
1,20260926,2011-08,hidden2-hidden3,0.8602486252784729
1,20260926,2011-09,hidden1-hidden2,0.8702930212020874
1,20260926,2011-09,hidden2-hidden3,0.871726393699646
1,20260926,2011-10,hidden1-hidden2,0.868985652923584
1,20260926,2011-10,hidden2-hidden3,0.8605541586875916
1,20260926,2011-11,hidden1-hidden2,0.8777937293052673
1,20260926,2011-11,hidden2-hidden3,0.8662676811218262
1,20260926,2011-12,hidden1-hidden2,0.8823049664497375
1,20260926,2011-12,hidden2-hidden3,0.8573351502418518
1,20260926,2012-01,hidden1-hidden2,0.8775275349617004
1,20260926,2012-01,hidden2-hidden3,0.8517136573791504
1,20260926,2012-02,hidden1-hidden2,0.8797588348388672
1,20260926,2012-02,hidden2-hidden3,0.8422521948814392
1,20260926,2012-03,hidden1-hidden2,0.8858301639556885
1,20260926,2012-03,hidden2-hidden3,0.8669406175613403
1,20260926,2012-04,hidden1-hidden2,0.8718674182891846
1,20260926,2012-04,hidden2-hidden3,0.8515012264251709
1,20260926,2012-05,hidden1-hidden2,0.8879887461662292
1,20260926,2012-05,hidden2-hidden3,0.8622366189956665
1,20260926,2012-06,hidden1-hidden2,0.8817234635353088
1,20260926,2012-06,hidden2-hidden3,0.8637876510620117
1,20260926,2012-07,hidden1-hidden2,0.8918535709381104
1,20260926,2012-07,hidden2-hidden3,0.8726525902748108
1,20260926,2012-08,hidden1-hidden2,0.8847078680992126
1,20260926,2012-08,hidden2-hidden3,0.8743681907653809
1,20260926,2012-09,hidden1-hidden2,0.8751952052116394
1,20260926,2012-09,hidden2-hidden3,0.8551640510559082
1,20260926,2012-10,hidden1-hidden2,0.8691176176071167
1,20260926,2012-10,hidden2-hidden3,0.8570101261138916
1,20260926,2012-11,hidden1-hidden2,0.8817219138145447
1,20260926,2012-11,hidden2-hidden3,0.8616478443145752
1,20260926,2012-12,hidden1-hidden2,0.8737618923187256
1,20260926,2012-12,hidden2-hidden3,0.8603229522705078
1,20260926,2013-01,hidden1-hidden2,0.8827219009399414
1,20260926,2013-01,hidden2-hidden3,0.8608536720275879
1,20260926,2013-02,hidden1-hidden2,0.8871078491210938
1,20260926,2013-02,hidden2-hidden3,0.873766303062439
1,20260926,2013-03,hidden1-hidden2,0.8732795119285583
1,20260926,2013-03,hidden2-hidden3,0.8695707321166992
1,20260926,2013-04,hidden1-hidden2,0.876767635345459
1,20260926,2013-04,hidden2-hidden3,0.8753447532653809
1,20260926,2013-05,hidden1-hidden2,0.8823400735855103
1,20260926,2013-05,hidden2-hidden3,0.865201473236084
1,20260926,2013-06,hidden1-hidden2,0.8761733174324036
1,20260926,2013-06,hidden2-hidden3,0.8630509376525879
1,20260926,2013-07,hidden1-hidden2,0.8765373826026917
1,20260926,2013-07,hidden2-hidden3,0.8608426451683044
1,20260926,2013-08,hidden1-hidden2,0.8650894165039062
1,20260926,2013-08,hidden2-hidden3,0.8710417747497559
1,20260926,2013-09,hidden1-hidden2,0.8662434816360474
1,20260926,2013-09,hidden2-hidden3,0.8682610988616943
1,20260926,2013-10,hidden1-hidden2,0.8665356040000916
1,20260926,2013-10,hidden2-hidden3,0.8674226999282837
1,20260926,2013-11,hidden1-hidden2,0.8636360168457031
1,20260926,2013-11,hidden2-hidden3,0.864434003829956
1,20260926,2013-12,hidden1-hidden2,0.8789477348327637
1,20260926,2013-12,hidden2-hidden3,0.8778200149536133
1,20260926,2014-01,hidden1-hidden2,0.8694057464599609
1,20260926,2014-01,hidden2-hidden3,0.862858772277832
1,20260926,2014-02,hidden1-hidden2,0.8724110126495361
1,20260926,2014-02,hidden2-hidden3,0.8687518835067749
1,20260926,2014-03,hidden1-hidden2,0.8681402206420898
1,20260926,2014-03,hidden2-hidden3,0.8662942051887512
1,20260926,2014-04,hidden1-hidden2,0.8651590943336487
1,20260926,2014-04,hidden2-hidden3,0.8726268410682678
1,20260926,2014-05,hidden1-hidden2,0.8682854175567627
1,20260926,2014-05,hidden2-hidden3,0.8560593724250793
1,20260926,2014-06,hidden1-hidden2,0.8693129420280457
1,20260926,2014-06,hidden2-hidden3,0.8691502809524536
1,20260926,2014-07,hidden1-hidden2,0.8727232813835144
1,20260926,2014-07,hidden2-hidden3,0.8769093751907349
1,20260926,2014-08,hidden1-hidden2,0.8758275508880615
1,20260926,2014-08,hidden2-hidden3,0.8720002770423889
1,20260926,2014-09,hidden1-hidden2,0.8779160976409912
1,20260926,2014-09,hidden2-hidden3,0.8801727890968323
1,20260926,2014-10,hidden1-hidden2,0.8744301199913025
1,20260926,2014-10,hidden2-hidden3,0.8742976188659668
1,20260926,2014-11,hidden1-hidden2,0.8783577084541321
1,20260926,2014-11,hidden2-hidden3,0.8705969452857971
1,20260926,2014-12,hidden1-hidden2,0.8860733509063721
1,20260926,2014-12,hidden2-hidden3,0.874792754650116
1,20260926,2015-01,hidden1-hidden2,0.8730118870735168
1,20260926,2015-01,hidden2-hidden3,0.8799405097961426
1,20260926,2015-02,hidden1-hidden2,0.8728935122489929
1,20260926,2015-02,hidden2-hidden3,0.8791098594665527
1,20260926,2015-03,hidden1-hidden2,0.8747317790985107
1,20260926,2015-03,hidden2-hidden3,0.8791067004203796
1,20260926,2015-04,hidden1-hidden2,0.8753023147583008
1,20260926,2015-04,hidden2-hidden3,0.8751205205917358
1,20260926,2015-05,hidden1-hidden2,0.8701909184455872
1,20260926,2015-05,hidden2-hidden3,0.8786561489105225
1,20260926,2015-06,hidden1-hidden2,0.8770444989204407
1,20260926,2015-06,hidden2-hidden3,0.866014301776886
1,20260926,2015-07,hidden1-hidden2,0.8779648542404175
1,20260926,2015-07,hidden2-hidden3,0.8833726644515991
1,20260926,2015-08,hidden1-hidden2,0.8767502307891846
1,20260926,2015-08,hidden2-hidden3,0.8790050148963928
1,20260926,2015-09,hidden1-hidden2,0.8817893862724304
1,20260926,2015-09,hidden2-hidden3,0.8757911920547485
1,20260926,2015-10,hidden1-hidden2,0.8836161494255066
1,20260926,2015-10,hidden2-hidden3,0.8816409111022949
1,20260926,2015-11,hidden1-hidden2,0.8714585900306702
1,20260926,2015-11,hidden2-hidden3,0.8780345320701599
1,20260926,2015-12,hidden1-hidden2,0.8783425092697144
1,20260926,2015-12,hidden2-hidden3,0.8773933053016663
1,20260926,2016-01,hidden1-hidden2,0.8862127065658569
1,20260926,2016-01,hidden2-hidden3,0.8845129609107971
1,20260926,2016-02,hidden1-hidden2,0.8757954239845276
1,20260926,2016-02,hidden2-hidden3,0.8795204162597656
1,20260926,2016-03,hidden1-hidden2,0.8801195621490479
1,20260926,2016-03,hidden2-hidden3,0.8780840039253235
1,20260926,2016-04,hidden1-hidden2,0.8800559639930725
1,20260926,2016-04,hidden2-hidden3,0.8809930682182312
1,20260926,2016-05,hidden1-hidden2,0.8897139430046082
1,20260926,2016-05,hidden2-hidden3,0.8822131752967834
1,20260926,2016-06,hidden1-hidden2,0.8830054402351379
1,20260926,2016-06,hidden2-hidden3,0.8750569820404053
1,20260926,2016-07,hidden1-hidden2,0.8855719566345215
1,20260926,2016-07,hidden2-hidden3,0.890548050403595
1,20260926,2016-08,hidden1-hidden2,0.8731316328048706
1,20260926,2016-08,hidden2-hidden3,0.8851186037063599
1,20260926,2016-09,hidden1-hidden2,0.878529965877533
1,20260926,2016-09,hidden2-hidden3,0.8795790672302246
1,20260926,2016-10,hidden1-hidden2,0.8799163103103638
1,20260926,2016-10,hidden2-hidden3,0.8752058148384094
1,20260926,2016-11,hidden1-hidden2,0.8821435570716858
1,20260926,2016-11,hidden2-hidden3,0.8792501091957092
1,20260926,2016-12,hidden1-hidden2,0.8800667524337769
1,20260926,2016-12,hidden2-hidden3,0.8793411254882812
1,20260926,2017-01,hidden1-hidden2,0.8759806752204895
1,20260926,2017-01,hidden2-hidden3,0.8760355114936829
1,20260926,2017-02,hidden1-hidden2,0.8760221600532532
1,20260926,2017-02,hidden2-hidden3,0.8694359064102173
1,20260926,2017-03,hidden1-hidden2,0.8861202597618103
1,20260926,2017-03,hidden2-hidden3,0.8771176934242249
1,20260926,2017-04,hidden1-hidden2,0.8793306946754456
1,20260926,2017-04,hidden2-hidden3,0.8734198212623596
1,20260926,2017-05,hidden1-hidden2,0.8878390192985535
1,20260926,2017-05,hidden2-hidden3,0.8711960315704346
1,20260926,2017-06,hidden1-hidden2,0.8713638782501221
1,20260926,2017-06,hidden2-hidden3,0.8826050758361816
1,20260926,2017-07,hidden1-hidden2,0.8804840445518494
1,20260926,2017-07,hidden2-hidden3,0.8852346539497375
1,20260926,2017-08,hidden1-hidden2,0.8934774994850159
1,20260926,2017-08,hidden2-hidden3,0.8822994828224182
1,20260926,2017-09,hidden1-hidden2,0.8842162489891052
1,20260926,2017-09,hidden2-hidden3,0.8771440982818604
1,20260926,2017-10,hidden1-hidden2,0.8826569318771362
1,20260926,2017-10,hidden2-hidden3,0.8712581992149353
1,20260926,2017-11,hidden1-hidden2,0.874622106552124
1,20260926,2017-11,hidden2-hidden3,0.8675414323806763
1,20260926,2017-12,hidden1-hidden2,0.8834430575370789
1,20260926,2017-12,hidden2-hidden3,0.8695096969604492
1,20260926,2018-01,hidden1-hidden2,0.8706912994384766
1,20260926,2018-01,hidden2-hidden3,0.8722057342529297
1,20260926,2018-02,hidden1-hidden2,0.8769450783729553
1,20260926,2018-02,hidden2-hidden3,0.8745817542076111
1,20260926,2018-03,hidden1-hidden2,0.8737028241157532
1,20260926,2018-03,hidden2-hidden3,0.8665007948875427
1,20260926,2018-04,hidden1-hidden2,0.8758009076118469
1,20260926,2018-04,hidden2-hidden3,0.8730421662330627
1,20260926,2018-05,hidden1-hidden2,0.8799306154251099
1,20260926,2018-05,hidden2-hidden3,0.8725193738937378
1,20260926,2018-06,hidden1-hidden2,0.8832187652587891
1,20260926,2018-06,hidden2-hidden3,0.8825976848602295
1,20260926,2018-07,hidden1-hidden2,0.8784946203231812
1,20260926,2018-07,hidden2-hidden3,0.8742190599441528
1,20260926,2018-08,hidden1-hidden2,0.8665655255317688
1,20260926,2018-08,hidden2-hidden3,0.8689073920249939
1,20260926,2018-09,hidden1-hidden2,0.87043696641922
1,20260926,2018-09,hidden2-hidden3,0.8767855763435364
1,20260926,2018-10,hidden1-hidden2,0.8726893663406372
1,20260926,2018-10,hidden2-hidden3,0.8847741484642029
1,20260926,2018-11,hidden1-hidden2,0.8802105188369751
1,20260926,2018-11,hidden2-hidden3,0.8794052600860596
1,20260926,2018-12,hidden1-hidden2,0.8753228783607483
1,20260926,2018-12,hidden2-hidden3,0.8827788829803467
1,20260926,2019-01,hidden1-hidden2,0.8839538097381592
1,20260926,2019-01,hidden2-hidden3,0.8816549777984619
1,20260926,2019-02,hidden1-hidden2,0.8809696435928345
1,20260926,2019-02,hidden2-hidden3,0.8921951055526733
1,20260926,2019-03,hidden1-hidden2,0.8874471783638
1,20260926,2019-03,hidden2-hidden3,0.8815255761146545
1,20260926,2019-04,hidden1-hidden2,0.8839244246482849
1,20260926,2019-04,hidden2-hidden3,0.893328845500946
1,20260926,2019-05,hidden1-hidden2,0.8858656883239746
1,20260926,2019-05,hidden2-hidden3,0.8832170963287354
1,20260926,2019-06,hidden1-hidden2,0.8714591264724731
1,20260926,2019-06,hidden2-hidden3,0.8809700012207031
1,20260926,2019-07,hidden1-hidden2,0.8863463401794434
1,20260926,2019-07,hidden2-hidden3,0.9071184992790222
1,20260926,2019-08,hidden1-hidden2,0.8792235851287842
1,20260926,2019-08,hidden2-hidden3,0.888483464717865
1,20260926,2019-09,hidden1-hidden2,0.8722986578941345
1,20260926,2019-09,hidden2-hidden3,0.8890755772590637
1,20260926,2019-10,hidden1-hidden2,0.8676185011863708
1,20260926,2019-10,hidden2-hidden3,0.8864153027534485
1,20260926,2019-11,hidden1-hidden2,0.8654415607452393
1,20260926,2019-11,hidden2-hidden3,0.8812373876571655
1,20260926,2019-12,hidden1-hidden2,0.8796453475952148
1,20260926,2019-12,hidden2-hidden3,0.8906927108764648
1,20260927,2010-01,hidden1-hidden2,0.8549990057945251
1,20260927,2010-01,hidden2-hidden3,0.8502748608589172
1,20260927,2010-02,hidden1-hidden2,0.8567726016044617
1,20260927,2010-02,hidden2-hidden3,0.865096390247345
1,20260927,2010-03,hidden1-hidden2,0.8623871207237244
1,20260927,2010-03,hidden2-hidden3,0.8471900820732117
1,20260927,2010-04,hidden1-hidden2,0.8555635213851929
1,20260927,2010-04,hidden2-hidden3,0.8309198617935181
1,20260927,2010-05,hidden1-hidden2,0.858954906463623
1,20260927,2010-05,hidden2-hidden3,0.8416316509246826
1,20260927,2010-06,hidden1-hidden2,0.8478551506996155
1,20260927,2010-06,hidden2-hidden3,0.8358370065689087
1,20260927,2010-07,hidden1-hidden2,0.8634204268455505
1,20260927,2010-07,hidden2-hidden3,0.8502852320671082
1,20260927,2010-08,hidden1-hidden2,0.8490920662879944
1,20260927,2010-08,hidden2-hidden3,0.8347077965736389
1,20260927,2010-09,hidden1-hidden2,0.842308521270752
1,20260927,2010-09,hidden2-hidden3,0.8286857604980469
1,20260927,2010-10,hidden1-hidden2,0.843852698802948
1,20260927,2010-10,hidden2-hidden3,0.8287345170974731
1,20260927,2010-11,hidden1-hidden2,0.8405904173851013
1,20260927,2010-11,hidden2-hidden3,0.8291966915130615
1,20260927,2010-12,hidden1-hidden2,0.8403124213218689
1,20260927,2010-12,hidden2-hidden3,0.8219408392906189
1,20260927,2011-01,hidden1-hidden2,0.8427248597145081
1,20260927,2011-01,hidden2-hidden3,0.8231101036071777
1,20260927,2011-02,hidden1-hidden2,0.8408521413803101
1,20260927,2011-02,hidden2-hidden3,0.8339451551437378
1,20260927,2011-03,hidden1-hidden2,0.8386757969856262
1,20260927,2011-03,hidden2-hidden3,0.8381282687187195
1,20260927,2011-04,hidden1-hidden2,0.8286997079849243
1,20260927,2011-04,hidden2-hidden3,0.8179032206535339
1,20260927,2011-05,hidden1-hidden2,0.8308172225952148
1,20260927,2011-05,hidden2-hidden3,0.8328232765197754
1,20260927,2011-06,hidden1-hidden2,0.8227621912956238
1,20260927,2011-06,hidden2-hidden3,0.8107171654701233
1,20260927,2011-07,hidden1-hidden2,0.8320305347442627
1,20260927,2011-07,hidden2-hidden3,0.8221760988235474
1,20260927,2011-08,hidden1-hidden2,0.8469922542572021
1,20260927,2011-08,hidden2-hidden3,0.8049820065498352
1,20260927,2011-09,hidden1-hidden2,0.8402026295661926
1,20260927,2011-09,hidden2-hidden3,0.8208314180374146
1,20260927,2011-10,hidden1-hidden2,0.8392641544342041
1,20260927,2011-10,hidden2-hidden3,0.8244479298591614
1,20260927,2011-11,hidden1-hidden2,0.8361310958862305
1,20260927,2011-11,hidden2-hidden3,0.832183301448822
1,20260927,2011-12,hidden1-hidden2,0.8443440198898315
1,20260927,2011-12,hidden2-hidden3,0.8061055541038513
1,20260927,2012-01,hidden1-hidden2,0.8411850929260254
1,20260927,2012-01,hidden2-hidden3,0.8295572400093079
1,20260927,2012-02,hidden1-hidden2,0.8480958342552185
1,20260927,2012-02,hidden2-hidden3,0.8259366154670715
1,20260927,2012-03,hidden1-hidden2,0.8589222431182861
1,20260927,2012-03,hidden2-hidden3,0.8003934621810913
1,20260927,2012-04,hidden1-hidden2,0.842359721660614
1,20260927,2012-04,hidden2-hidden3,0.8164244890213013
1,20260927,2012-05,hidden1-hidden2,0.8492047190666199
1,20260927,2012-05,hidden2-hidden3,0.8262129426002502
1,20260927,2012-06,hidden1-hidden2,0.844976007938385
1,20260927,2012-06,hidden2-hidden3,0.8010551929473877
1,20260927,2012-07,hidden1-hidden2,0.855981171131134
1,20260927,2012-07,hidden2-hidden3,0.8025575876235962
1,20260927,2012-08,hidden1-hidden2,0.8485523462295532
1,20260927,2012-08,hidden2-hidden3,0.8196962475776672
1,20260927,2012-09,hidden1-hidden2,0.8468047380447388
1,20260927,2012-09,hidden2-hidden3,0.8181604743003845
1,20260927,2012-10,hidden1-hidden2,0.8505169749259949
1,20260927,2012-10,hidden2-hidden3,0.8132215738296509
1,20260927,2012-11,hidden1-hidden2,0.852188229560852
1,20260927,2012-11,hidden2-hidden3,0.7988201379776001
1,20260927,2012-12,hidden1-hidden2,0.8475479483604431
1,20260927,2012-12,hidden2-hidden3,0.8179800510406494
1,20260927,2013-01,hidden1-hidden2,0.8583064079284668
1,20260927,2013-01,hidden2-hidden3,0.7987266182899475
1,20260927,2013-02,hidden1-hidden2,0.8559668660163879
1,20260927,2013-02,hidden2-hidden3,0.8063603043556213
1,20260927,2013-03,hidden1-hidden2,0.8381224870681763
1,20260927,2013-03,hidden2-hidden3,0.8205848336219788
1,20260927,2013-04,hidden1-hidden2,0.8436599373817444
1,20260927,2013-04,hidden2-hidden3,0.8185866475105286
1,20260927,2013-05,hidden1-hidden2,0.852645754814148
1,20260927,2013-05,hidden2-hidden3,0.8231011033058167
1,20260927,2013-06,hidden1-hidden2,0.8565999269485474
1,20260927,2013-06,hidden2-hidden3,0.8289924263954163
1,20260927,2013-07,hidden1-hidden2,0.8435574173927307
1,20260927,2013-07,hidden2-hidden3,0.819316565990448
1,20260927,2013-08,hidden1-hidden2,0.8311821222305298
1,20260927,2013-08,hidden2-hidden3,0.8186782598495483
1,20260927,2013-09,hidden1-hidden2,0.8342282772064209
1,20260927,2013-09,hidden2-hidden3,0.8124655485153198
1,20260927,2013-10,hidden1-hidden2,0.8313483595848083
1,20260927,2013-10,hidden2-hidden3,0.817792534828186
1,20260927,2013-11,hidden1-hidden2,0.8429981470108032
1,20260927,2013-11,hidden2-hidden3,0.8158965110778809
1,20260927,2013-12,hidden1-hidden2,0.8515323996543884
1,20260927,2013-12,hidden2-hidden3,0.8175813555717468
1,20260927,2014-01,hidden1-hidden2,0.8414555788040161
1,20260927,2014-01,hidden2-hidden3,0.810366690158844
1,20260927,2014-02,hidden1-hidden2,0.8413302898406982
1,20260927,2014-02,hidden2-hidden3,0.8248391151428223
1,20260927,2014-03,hidden1-hidden2,0.8440552949905396
1,20260927,2014-03,hidden2-hidden3,0.8285772800445557
1,20260927,2014-04,hidden1-hidden2,0.8502141237258911
1,20260927,2014-04,hidden2-hidden3,0.8285027742385864
1,20260927,2014-05,hidden1-hidden2,0.8475350141525269
1,20260927,2014-05,hidden2-hidden3,0.8170554637908936
1,20260927,2014-06,hidden1-hidden2,0.8475066423416138
1,20260927,2014-06,hidden2-hidden3,0.8203357458114624
1,20260927,2014-07,hidden1-hidden2,0.8459353446960449
1,20260927,2014-07,hidden2-hidden3,0.8042446970939636
1,20260927,2014-08,hidden1-hidden2,0.8328284621238708
1,20260927,2014-08,hidden2-hidden3,0.8134610652923584
1,20260927,2014-09,hidden1-hidden2,0.8429499268531799
1,20260927,2014-09,hidden2-hidden3,0.8216594457626343
1,20260927,2014-10,hidden1-hidden2,0.8481001257896423
1,20260927,2014-10,hidden2-hidden3,0.8233584761619568
1,20260927,2014-11,hidden1-hidden2,0.8371248841285706
1,20260927,2014-11,hidden2-hidden3,0.8375741839408875
1,20260927,2014-12,hidden1-hidden2,0.8599442839622498
1,20260927,2014-12,hidden2-hidden3,0.8067346215248108
1,20260927,2015-01,hidden1-hidden2,0.8348026871681213
1,20260927,2015-01,hidden2-hidden3,0.8158391118049622
1,20260927,2015-02,hidden1-hidden2,0.8433337807655334
1,20260927,2015-02,hidden2-hidden3,0.8237378597259521
1,20260927,2015-03,hidden1-hidden2,0.8612112998962402
1,20260927,2015-03,hidden2-hidden3,0.8183495402336121
1,20260927,2015-04,hidden1-hidden2,0.8457609415054321
1,20260927,2015-04,hidden2-hidden3,0.8039779663085938
1,20260927,2015-05,hidden1-hidden2,0.8410426378250122
1,20260927,2015-05,hidden2-hidden3,0.8235973119735718
1,20260927,2015-06,hidden1-hidden2,0.8455934524536133
1,20260927,2015-06,hidden2-hidden3,0.8032837510108948
1,20260927,2015-07,hidden1-hidden2,0.8465539813041687
1,20260927,2015-07,hidden2-hidden3,0.8251302242279053
1,20260927,2015-08,hidden1-hidden2,0.8351320028305054
1,20260927,2015-08,hidden2-hidden3,0.8212785124778748
1,20260927,2015-09,hidden1-hidden2,0.8432499766349792
1,20260927,2015-09,hidden2-hidden3,0.8294685482978821
1,20260927,2015-10,hidden1-hidden2,0.8452167510986328
1,20260927,2015-10,hidden2-hidden3,0.8341572284698486
1,20260927,2015-11,hidden1-hidden2,0.840851902961731
1,20260927,2015-11,hidden2-hidden3,0.8125144243240356
1,20260927,2015-12,hidden1-hidden2,0.8519960641860962
1,20260927,2015-12,hidden2-hidden3,0.8074817657470703
1,20260927,2016-01,hidden1-hidden2,0.8534974455833435
1,20260927,2016-01,hidden2-hidden3,0.816839337348938
1,20260927,2016-02,hidden1-hidden2,0.8355772495269775
1,20260927,2016-02,hidden2-hidden3,0.8085983991622925
1,20260927,2016-03,hidden1-hidden2,0.8236606121063232
1,20260927,2016-03,hidden2-hidden3,0.8112875819206238
1,20260927,2016-04,hidden1-hidden2,0.8514769077301025
1,20260927,2016-04,hidden2-hidden3,0.8354401588439941
1,20260927,2016-05,hidden1-hidden2,0.8603691458702087
1,20260927,2016-05,hidden2-hidden3,0.8168628215789795
1,20260927,2016-06,hidden1-hidden2,0.8597656488418579
1,20260927,2016-06,hidden2-hidden3,0.81679767370224
1,20260927,2016-07,hidden1-hidden2,0.8471324443817139
1,20260927,2016-07,hidden2-hidden3,0.819989025592804
1,20260927,2016-08,hidden1-hidden2,0.8388167023658752
1,20260927,2016-08,hidden2-hidden3,0.8170987963676453
1,20260927,2016-09,hidden1-hidden2,0.8457937836647034
1,20260927,2016-09,hidden2-hidden3,0.825200617313385
1,20260927,2016-10,hidden1-hidden2,0.8459336161613464
1,20260927,2016-10,hidden2-hidden3,0.8476654291152954
1,20260927,2016-11,hidden1-hidden2,0.8495655059814453
1,20260927,2016-11,hidden2-hidden3,0.8190768361091614
1,20260927,2016-12,hidden1-hidden2,0.8519681692123413
1,20260927,2016-12,hidden2-hidden3,0.83597731590271
1,20260927,2017-01,hidden1-hidden2,0.8453757762908936
1,20260927,2017-01,hidden2-hidden3,0.8188447952270508
1,20260927,2017-02,hidden1-hidden2,0.852164089679718
1,20260927,2017-02,hidden2-hidden3,0.8142462968826294
1,20260927,2017-03,hidden1-hidden2,0.8519394993782043
1,20260927,2017-03,hidden2-hidden3,0.8270408511161804
1,20260927,2017-04,hidden1-hidden2,0.8410876393318176
1,20260927,2017-04,hidden2-hidden3,0.8103399872779846
1,20260927,2017-05,hidden1-hidden2,0.845821738243103
1,20260927,2017-05,hidden2-hidden3,0.8175738453865051
1,20260927,2017-06,hidden1-hidden2,0.8315336108207703
1,20260927,2017-06,hidden2-hidden3,0.8163074851036072
1,20260927,2017-07,hidden1-hidden2,0.8481793999671936
1,20260927,2017-07,hidden2-hidden3,0.8396168947219849
1,20260927,2017-08,hidden1-hidden2,0.8442342877388
1,20260927,2017-08,hidden2-hidden3,0.831770122051239
1,20260927,2017-09,hidden1-hidden2,0.839705765247345
1,20260927,2017-09,hidden2-hidden3,0.8139997124671936
1,20260927,2017-10,hidden1-hidden2,0.8495515584945679
1,20260927,2017-10,hidden2-hidden3,0.8310598134994507
1,20260927,2017-11,hidden1-hidden2,0.8420482873916626
1,20260927,2017-11,hidden2-hidden3,0.8280767202377319
1,20260927,2017-12,hidden1-hidden2,0.8419309854507446
1,20260927,2017-12,hidden2-hidden3,0.8293161988258362
1,20260927,2018-01,hidden1-hidden2,0.8315287828445435
1,20260927,2018-01,hidden2-hidden3,0.8230834007263184
1,20260927,2018-02,hidden1-hidden2,0.8525411486625671
1,20260927,2018-02,hidden2-hidden3,0.8266748785972595
1,20260927,2018-03,hidden1-hidden2,0.8401229381561279
1,20260927,2018-03,hidden2-hidden3,0.8261009454727173
1,20260927,2018-04,hidden1-hidden2,0.8524236083030701
1,20260927,2018-04,hidden2-hidden3,0.8013651967048645
1,20260927,2018-05,hidden1-hidden2,0.849448025226593
1,20260927,2018-05,hidden2-hidden3,0.8343562483787537
1,20260927,2018-06,hidden1-hidden2,0.8487417101860046
1,20260927,2018-06,hidden2-hidden3,0.8166303038597107
1,20260927,2018-07,hidden1-hidden2,0.8481659889221191
1,20260927,2018-07,hidden2-hidden3,0.8349393606185913
1,20260927,2018-08,hidden1-hidden2,0.839705228805542
1,20260927,2018-08,hidden2-hidden3,0.8265597820281982
1,20260927,2018-09,hidden1-hidden2,0.8380410075187683
1,20260927,2018-09,hidden2-hidden3,0.8129732012748718
1,20260927,2018-10,hidden1-hidden2,0.8429656028747559
1,20260927,2018-10,hidden2-hidden3,0.8273446559906006
1,20260927,2018-11,hidden1-hidden2,0.8421318531036377
1,20260927,2018-11,hidden2-hidden3,0.8014122247695923
1,20260927,2018-12,hidden1-hidden2,0.8324196338653564
1,20260927,2018-12,hidden2-hidden3,0.8297014832496643
1,20260927,2019-01,hidden1-hidden2,0.8397989273071289
1,20260927,2019-01,hidden2-hidden3,0.8124581575393677
1,20260927,2019-02,hidden1-hidden2,0.8442251682281494
1,20260927,2019-02,hidden2-hidden3,0.8147585391998291
1,20260927,2019-03,hidden1-hidden2,0.8511825203895569
1,20260927,2019-03,hidden2-hidden3,0.809383749961853
1,20260927,2019-04,hidden1-hidden2,0.8495696187019348
1,20260927,2019-04,hidden2-hidden3,0.8148666024208069
1,20260927,2019-05,hidden1-hidden2,0.8462107181549072
1,20260927,2019-05,hidden2-hidden3,0.8104026913642883
1,20260927,2019-06,hidden1-hidden2,0.8433490991592407
1,20260927,2019-06,hidden2-hidden3,0.8225000500679016
1,20260927,2019-07,hidden1-hidden2,0.8595049977302551
1,20260927,2019-07,hidden2-hidden3,0.7959434986114502
1,20260927,2019-08,hidden1-hidden2,0.8404766917228699
1,20260927,2019-08,hidden2-hidden3,0.8115143179893494
1,20260927,2019-09,hidden1-hidden2,0.8398901224136353
1,20260927,2019-09,hidden2-hidden3,0.830303966999054
1,20260927,2019-10,hidden1-hidden2,0.8338998556137085
1,20260927,2019-10,hidden2-hidden3,0.814566433429718
1,20260927,2019-11,hidden1-hidden2,0.8411397933959961
1,20260927,2019-11,hidden2-hidden3,0.8126780986785889
1,20260927,2019-12,hidden1-hidden2,0.846706211566925
1,20260927,2019-12,hidden2-hidden3,0.8322073221206665
1,20260928,2010-01,hidden1-hidden2,0.8944844007492065
1,20260928,2010-01,hidden2-hidden3,0.7525216937065125
1,20260928,2010-02,hidden1-hidden2,0.899661123752594
1,20260928,2010-02,hidden2-hidden3,0.7758293747901917
1,20260928,2010-03,hidden1-hidden2,0.8940978646278381
1,20260928,2010-03,hidden2-hidden3,0.7968273162841797
1,20260928,2010-04,hidden1-hidden2,0.8824789524078369
1,20260928,2010-04,hidden2-hidden3,0.7736876606941223
1,20260928,2010-05,hidden1-hidden2,0.8943041563034058
1,20260928,2010-05,hidden2-hidden3,0.7745277881622314
1,20260928,2010-06,hidden1-hidden2,0.8917844295501709
1,20260928,2010-06,hidden2-hidden3,0.7747166752815247
1,20260928,2010-07,hidden1-hidden2,0.891623854637146
1,20260928,2010-07,hidden2-hidden3,0.7791526317596436
1,20260928,2010-08,hidden1-hidden2,0.8841294050216675
1,20260928,2010-08,hidden2-hidden3,0.7842065691947937
1,20260928,2010-09,hidden1-hidden2,0.8827839493751526
1,20260928,2010-09,hidden2-hidden3,0.7906486988067627
1,20260928,2010-10,hidden1-hidden2,0.8893538117408752
1,20260928,2010-10,hidden2-hidden3,0.7894754409790039
1,20260928,2010-11,hidden1-hidden2,0.8843578100204468
1,20260928,2010-11,hidden2-hidden3,0.7961813807487488
1,20260928,2010-12,hidden1-hidden2,0.8831017017364502
1,20260928,2010-12,hidden2-hidden3,0.7802220582962036
1,20260928,2011-01,hidden1-hidden2,0.8817604780197144
1,20260928,2011-01,hidden2-hidden3,0.7746031284332275
1,20260928,2011-02,hidden1-hidden2,0.8897818922996521
1,20260928,2011-02,hidden2-hidden3,0.7849276661872864
1,20260928,2011-03,hidden1-hidden2,0.8857362866401672
1,20260928,2011-03,hidden2-hidden3,0.7710167169570923
1,20260928,2011-04,hidden1-hidden2,0.882368266582489
1,20260928,2011-04,hidden2-hidden3,0.7735347747802734
1,20260928,2011-05,hidden1-hidden2,0.8896762728691101
1,20260928,2011-05,hidden2-hidden3,0.7859046459197998
1,20260928,2011-06,hidden1-hidden2,0.8696936368942261
1,20260928,2011-06,hidden2-hidden3,0.784149706363678
1,20260928,2011-07,hidden1-hidden2,0.8883064389228821
1,20260928,2011-07,hidden2-hidden3,0.7925204038619995
1,20260928,2011-08,hidden1-hidden2,0.8823984861373901
1,20260928,2011-08,hidden2-hidden3,0.7983021140098572
1,20260928,2011-09,hidden1-hidden2,0.8823673725128174
1,20260928,2011-09,hidden2-hidden3,0.8027282953262329
1,20260928,2011-10,hidden1-hidden2,0.8717882037162781
1,20260928,2011-10,hidden2-hidden3,0.7989321351051331
1,20260928,2011-11,hidden1-hidden2,0.8848440647125244
1,20260928,2011-11,hidden2-hidden3,0.7895588874816895
1,20260928,2011-12,hidden1-hidden2,0.8761081695556641
1,20260928,2011-12,hidden2-hidden3,0.8132664561271667
1,20260928,2012-01,hidden1-hidden2,0.879720151424408
1,20260928,2012-01,hidden2-hidden3,0.8061960935592651
1,20260928,2012-02,hidden1-hidden2,0.883908748626709
1,20260928,2012-02,hidden2-hidden3,0.8169652223587036
1,20260928,2012-03,hidden1-hidden2,0.897158682346344
1,20260928,2012-03,hidden2-hidden3,0.8232296109199524
1,20260928,2012-04,hidden1-hidden2,0.8776755332946777
1,20260928,2012-04,hidden2-hidden3,0.8034536838531494
1,20260928,2012-05,hidden1-hidden2,0.8830499649047852
1,20260928,2012-05,hidden2-hidden3,0.8141172528266907
1,20260928,2012-06,hidden1-hidden2,0.8844042420387268
1,20260928,2012-06,hidden2-hidden3,0.8186120986938477
1,20260928,2012-07,hidden1-hidden2,0.8839263916015625
1,20260928,2012-07,hidden2-hidden3,0.8246238231658936
1,20260928,2012-08,hidden1-hidden2,0.882197916507721
1,20260928,2012-08,hidden2-hidden3,0.8256186842918396
1,20260928,2012-09,hidden1-hidden2,0.8804925084114075
1,20260928,2012-09,hidden2-hidden3,0.8140456676483154
1,20260928,2012-10,hidden1-hidden2,0.8836104273796082
1,20260928,2012-10,hidden2-hidden3,0.8083903193473816
1,20260928,2012-11,hidden1-hidden2,0.8848832845687866
1,20260928,2012-11,hidden2-hidden3,0.825533926486969
1,20260928,2012-12,hidden1-hidden2,0.867457926273346
1,20260928,2012-12,hidden2-hidden3,0.8199214935302734
1,20260928,2013-01,hidden1-hidden2,0.8847900032997131
1,20260928,2013-01,hidden2-hidden3,0.8244550228118896
1,20260928,2013-02,hidden1-hidden2,0.8766677975654602
1,20260928,2013-02,hidden2-hidden3,0.8099056482315063
1,20260928,2013-03,hidden1-hidden2,0.8742063641548157
1,20260928,2013-03,hidden2-hidden3,0.8172175288200378
1,20260928,2013-04,hidden1-hidden2,0.8800078630447388
1,20260928,2013-04,hidden2-hidden3,0.8053007125854492
1,20260928,2013-05,hidden1-hidden2,0.8941088914871216
1,20260928,2013-05,hidden2-hidden3,0.8038668036460876
1,20260928,2013-06,hidden1-hidden2,0.8754158616065979
1,20260928,2013-06,hidden2-hidden3,0.8039128184318542
1,20260928,2013-07,hidden1-hidden2,0.8815149664878845
1,20260928,2013-07,hidden2-hidden3,0.8099425435066223
1,20260928,2013-08,hidden1-hidden2,0.886979877948761
1,20260928,2013-08,hidden2-hidden3,0.7918893098831177
1,20260928,2013-09,hidden1-hidden2,0.8781589865684509
1,20260928,2013-09,hidden2-hidden3,0.7832040190696716
1,20260928,2013-10,hidden1-hidden2,0.8826428055763245
1,20260928,2013-10,hidden2-hidden3,0.790047824382782
1,20260928,2013-11,hidden1-hidden2,0.8771575093269348
1,20260928,2013-11,hidden2-hidden3,0.7820141911506653
1,20260928,2013-12,hidden1-hidden2,0.8829233050346375
1,20260928,2013-12,hidden2-hidden3,0.7748650312423706
1,20260928,2014-01,hidden1-hidden2,0.8796475529670715
1,20260928,2014-01,hidden2-hidden3,0.7877870202064514
1,20260928,2014-02,hidden1-hidden2,0.8808758854866028
1,20260928,2014-02,hidden2-hidden3,0.8011350631713867
1,20260928,2014-03,hidden1-hidden2,0.8754937648773193
1,20260928,2014-03,hidden2-hidden3,0.7980748414993286
1,20260928,2014-04,hidden1-hidden2,0.892662763595581
1,20260928,2014-04,hidden2-hidden3,0.7471323609352112
1,20260928,2014-05,hidden1-hidden2,0.8848825693130493
1,20260928,2014-05,hidden2-hidden3,0.7672717571258545
1,20260928,2014-06,hidden1-hidden2,0.8795798420906067
1,20260928,2014-06,hidden2-hidden3,0.7698483467102051
1,20260928,2014-07,hidden1-hidden2,0.8804413676261902
1,20260928,2014-07,hidden2-hidden3,0.8080806732177734
1,20260928,2014-08,hidden1-hidden2,0.8895062804222107
1,20260928,2014-08,hidden2-hidden3,0.8037883639335632
1,20260928,2014-09,hidden1-hidden2,0.8830646276473999
1,20260928,2014-09,hidden2-hidden3,0.79184889793396
1,20260928,2014-10,hidden1-hidden2,0.8929107189178467
1,20260928,2014-10,hidden2-hidden3,0.796698808670044
1,20260928,2014-11,hidden1-hidden2,0.8874455094337463
1,20260928,2014-11,hidden2-hidden3,0.8047797679901123
1,20260928,2014-12,hidden1-hidden2,0.8843677043914795
1,20260928,2014-12,hidden2-hidden3,0.792411208152771
1,20260928,2015-01,hidden1-hidden2,0.8772838711738586
1,20260928,2015-01,hidden2-hidden3,0.8069596290588379
1,20260928,2015-02,hidden1-hidden2,0.8836367130279541
1,20260928,2015-02,hidden2-hidden3,0.8126825094223022
1,20260928,2015-03,hidden1-hidden2,0.8944404721260071
1,20260928,2015-03,hidden2-hidden3,0.810926616191864
1,20260928,2015-04,hidden1-hidden2,0.8768714070320129
1,20260928,2015-04,hidden2-hidden3,0.8061349391937256
1,20260928,2015-05,hidden1-hidden2,0.8842259049415588
1,20260928,2015-05,hidden2-hidden3,0.8000486493110657
1,20260928,2015-06,hidden1-hidden2,0.8820559978485107
1,20260928,2015-06,hidden2-hidden3,0.7852783203125
1,20260928,2015-07,hidden1-hidden2,0.8776887655258179
1,20260928,2015-07,hidden2-hidden3,0.7956021428108215
1,20260928,2015-08,hidden1-hidden2,0.88393235206604
1,20260928,2015-08,hidden2-hidden3,0.8109310269355774
1,20260928,2015-09,hidden1-hidden2,0.8764564394950867
1,20260928,2015-09,hidden2-hidden3,0.811484158039093
1,20260928,2015-10,hidden1-hidden2,0.8843464255332947
1,20260928,2015-10,hidden2-hidden3,0.8137823343276978
1,20260928,2015-11,hidden1-hidden2,0.8744004964828491
1,20260928,2015-11,hidden2-hidden3,0.7965177893638611
1,20260928,2015-12,hidden1-hidden2,0.8809774518013
1,20260928,2015-12,hidden2-hidden3,0.8149735331535339
1,20260928,2016-01,hidden1-hidden2,0.8805696368217468
1,20260928,2016-01,hidden2-hidden3,0.8399020433425903
1,20260928,2016-02,hidden1-hidden2,0.8858229517936707
1,20260928,2016-02,hidden2-hidden3,0.8227447271347046
1,20260928,2016-03,hidden1-hidden2,0.8744805455207825
1,20260928,2016-03,hidden2-hidden3,0.8135507702827454
1,20260928,2016-04,hidden1-hidden2,0.8840740323066711
1,20260928,2016-04,hidden2-hidden3,0.8349627256393433
1,20260928,2016-05,hidden1-hidden2,0.8919951319694519
1,20260928,2016-05,hidden2-hidden3,0.8288929462432861
1,20260928,2016-06,hidden1-hidden2,0.8941892981529236
1,20260928,2016-06,hidden2-hidden3,0.8177247643470764
1,20260928,2016-07,hidden1-hidden2,0.8960792422294617
1,20260928,2016-07,hidden2-hidden3,0.8244709372520447
1,20260928,2016-08,hidden1-hidden2,0.8964100480079651
1,20260928,2016-08,hidden2-hidden3,0.8290944695472717
1,20260928,2016-09,hidden1-hidden2,0.8945108652114868
1,20260928,2016-09,hidden2-hidden3,0.801132321357727
1,20260928,2016-10,hidden1-hidden2,0.8937899470329285
1,20260928,2016-10,hidden2-hidden3,0.8157703280448914
1,20260928,2016-11,hidden1-hidden2,0.8917862772941589
1,20260928,2016-11,hidden2-hidden3,0.8187326192855835
1,20260928,2016-12,hidden1-hidden2,0.8915755748748779
1,20260928,2016-12,hidden2-hidden3,0.7879835367202759
1,20260928,2017-01,hidden1-hidden2,0.8963799476623535
1,20260928,2017-01,hidden2-hidden3,0.8231634497642517
1,20260928,2017-02,hidden1-hidden2,0.887947142124176
1,20260928,2017-02,hidden2-hidden3,0.8171752095222473
1,20260928,2017-03,hidden1-hidden2,0.8903055191040039
1,20260928,2017-03,hidden2-hidden3,0.8228678703308105
1,20260928,2017-04,hidden1-hidden2,0.8833037614822388
1,20260928,2017-04,hidden2-hidden3,0.8090892434120178
1,20260928,2017-05,hidden1-hidden2,0.885636031627655
1,20260928,2017-05,hidden2-hidden3,0.8220459818840027
1,20260928,2017-06,hidden1-hidden2,0.885322630405426
1,20260928,2017-06,hidden2-hidden3,0.8014948964118958
1,20260928,2017-07,hidden1-hidden2,0.8826414942741394
1,20260928,2017-07,hidden2-hidden3,0.8113347887992859
1,20260928,2017-08,hidden1-hidden2,0.8899219632148743
1,20260928,2017-08,hidden2-hidden3,0.8164350986480713
1,20260928,2017-09,hidden1-hidden2,0.8819355964660645
1,20260928,2017-09,hidden2-hidden3,0.8021008968353271
1,20260928,2017-10,hidden1-hidden2,0.8882933259010315
1,20260928,2017-10,hidden2-hidden3,0.8158667683601379
1,20260928,2017-11,hidden1-hidden2,0.8854048848152161
1,20260928,2017-11,hidden2-hidden3,0.8006507754325867
1,20260928,2017-12,hidden1-hidden2,0.8878939747810364
1,20260928,2017-12,hidden2-hidden3,0.7969578504562378
1,20260928,2018-01,hidden1-hidden2,0.8729018568992615
1,20260928,2018-01,hidden2-hidden3,0.8116694092750549
1,20260928,2018-02,hidden1-hidden2,0.8835998177528381
1,20260928,2018-02,hidden2-hidden3,0.7960991263389587
1,20260928,2018-03,hidden1-hidden2,0.8768529891967773
1,20260928,2018-03,hidden2-hidden3,0.7768659591674805
1,20260928,2018-04,hidden1-hidden2,0.8812950253486633
1,20260928,2018-04,hidden2-hidden3,0.7567769289016724
1,20260928,2018-05,hidden1-hidden2,0.8849963545799255
1,20260928,2018-05,hidden2-hidden3,0.794611394405365
1,20260928,2018-06,hidden1-hidden2,0.8821118474006653
1,20260928,2018-06,hidden2-hidden3,0.8000264167785645
1,20260928,2018-07,hidden1-hidden2,0.8783980011940002
1,20260928,2018-07,hidden2-hidden3,0.7755445837974548
1,20260928,2018-08,hidden1-hidden2,0.8741247653961182
1,20260928,2018-08,hidden2-hidden3,0.7830334901809692
1,20260928,2018-09,hidden1-hidden2,0.8838339447975159
1,20260928,2018-09,hidden2-hidden3,0.7762264609336853
1,20260928,2018-10,hidden1-hidden2,0.8904445171356201
1,20260928,2018-10,hidden2-hidden3,0.77809077501297
1,20260928,2018-11,hidden1-hidden2,0.8859942555427551
1,20260928,2018-11,hidden2-hidden3,0.7755861878395081
1,20260928,2018-12,hidden1-hidden2,0.8863065838813782
1,20260928,2018-12,hidden2-hidden3,0.7860803008079529
1,20260928,2019-01,hidden1-hidden2,0.8908265233039856
1,20260928,2019-01,hidden2-hidden3,0.7931801080703735
1,20260928,2019-02,hidden1-hidden2,0.8888578414916992
1,20260928,2019-02,hidden2-hidden3,0.8118941187858582
1,20260928,2019-03,hidden1-hidden2,0.9046462774276733
1,20260928,2019-03,hidden2-hidden3,0.8083539009094238
1,20260928,2019-04,hidden1-hidden2,0.901268482208252
1,20260928,2019-04,hidden2-hidden3,0.7896909117698669
1,20260928,2019-05,hidden1-hidden2,0.8864721059799194
1,20260928,2019-05,hidden2-hidden3,0.8090307712554932
1,20260928,2019-06,hidden1-hidden2,0.8919785022735596
1,20260928,2019-06,hidden2-hidden3,0.7797456979751587
1,20260928,2019-07,hidden1-hidden2,0.886876106262207
1,20260928,2019-07,hidden2-hidden3,0.8035039901733398
1,20260928,2019-08,hidden1-hidden2,0.8879150152206421
1,20260928,2019-08,hidden2-hidden3,0.7984105944633484
1,20260928,2019-09,hidden1-hidden2,0.8849530220031738
1,20260928,2019-09,hidden2-hidden3,0.8065293431282043
1,20260928,2019-10,hidden1-hidden2,0.8850453495979309
1,20260928,2019-10,hidden2-hidden3,0.7937530279159546
1,20260928,2019-11,hidden1-hidden2,0.8830483555793762
1,20260928,2019-11,hidden2-hidden3,0.8077113628387451
1,20260928,2019-12,hidden1-hidden2,0.8884266018867493
1,20260928,2019-12,hidden2-hidden3,0.8140934109687805
2,20260924,2010-01,hidden1-hidden2,0.8661530017852783
2,20260924,2010-01,hidden2-hidden3,0.8128779530525208
2,20260924,2010-02,hidden1-hidden2,0.8685139417648315
2,20260924,2010-02,hidden2-hidden3,0.8287217617034912
2,20260924,2010-03,hidden1-hidden2,0.8635852932929993
2,20260924,2010-03,hidden2-hidden3,0.8218345642089844
2,20260924,2010-04,hidden1-hidden2,0.8735175728797913
2,20260924,2010-04,hidden2-hidden3,0.8381131887435913
2,20260924,2010-05,hidden1-hidden2,0.8587484955787659
2,20260924,2010-05,hidden2-hidden3,0.8221865296363831
2,20260924,2010-06,hidden1-hidden2,0.8600428700447083
2,20260924,2010-06,hidden2-hidden3,0.802770733833313
2,20260924,2010-07,hidden1-hidden2,0.86967533826828
2,20260924,2010-07,hidden2-hidden3,0.8171485662460327
2,20260924,2010-08,hidden1-hidden2,0.8741045594215393
2,20260924,2010-08,hidden2-hidden3,0.80854332447052
2,20260924,2010-09,hidden1-hidden2,0.8669987916946411
2,20260924,2010-09,hidden2-hidden3,0.8164598345756531
2,20260924,2010-10,hidden1-hidden2,0.8743956685066223
2,20260924,2010-10,hidden2-hidden3,0.8275386691093445
2,20260924,2010-11,hidden1-hidden2,0.8726393580436707
2,20260924,2010-11,hidden2-hidden3,0.8031316995620728
2,20260924,2010-12,hidden1-hidden2,0.8592318892478943
2,20260924,2010-12,hidden2-hidden3,0.8111530542373657
2,20260924,2011-01,hidden1-hidden2,0.8700402975082397
2,20260924,2011-01,hidden2-hidden3,0.7910246849060059
2,20260924,2011-02,hidden1-hidden2,0.871355414390564
2,20260924,2011-02,hidden2-hidden3,0.808611273765564
2,20260924,2011-03,hidden1-hidden2,0.8602153658866882
2,20260924,2011-03,hidden2-hidden3,0.7976135015487671
2,20260924,2011-04,hidden1-hidden2,0.8505367040634155
2,20260924,2011-04,hidden2-hidden3,0.7895278334617615
2,20260924,2011-05,hidden1-hidden2,0.8670119047164917
2,20260924,2011-05,hidden2-hidden3,0.7981582880020142
2,20260924,2011-06,hidden1-hidden2,0.8522156476974487
2,20260924,2011-06,hidden2-hidden3,0.782274067401886
2,20260924,2011-07,hidden1-hidden2,0.8651780486106873
2,20260924,2011-07,hidden2-hidden3,0.8171713948249817
2,20260924,2011-08,hidden1-hidden2,0.8739457726478577
2,20260924,2011-08,hidden2-hidden3,0.815937876701355
2,20260924,2011-09,hidden1-hidden2,0.864084780216217
2,20260924,2011-09,hidden2-hidden3,0.8070237040519714
2,20260924,2011-10,hidden1-hidden2,0.8538668751716614
2,20260924,2011-10,hidden2-hidden3,0.8113678097724915
2,20260924,2011-11,hidden1-hidden2,0.8624826669692993
2,20260924,2011-11,hidden2-hidden3,0.810469388961792
2,20260924,2011-12,hidden1-hidden2,0.8632880449295044
2,20260924,2011-12,hidden2-hidden3,0.8114336729049683
2,20260924,2012-01,hidden1-hidden2,0.8558456897735596
2,20260924,2012-01,hidden2-hidden3,0.8080996870994568
2,20260924,2012-02,hidden1-hidden2,0.8497772216796875
2,20260924,2012-02,hidden2-hidden3,0.8056952953338623
2,20260924,2012-03,hidden1-hidden2,0.8642250895500183
2,20260924,2012-03,hidden2-hidden3,0.7894559502601624
2,20260924,2012-04,hidden1-hidden2,0.8556653261184692
2,20260924,2012-04,hidden2-hidden3,0.7918983697891235
2,20260924,2012-05,hidden1-hidden2,0.861469030380249
2,20260924,2012-05,hidden2-hidden3,0.8219110369682312
2,20260924,2012-06,hidden1-hidden2,0.8607316613197327
2,20260924,2012-06,hidden2-hidden3,0.7921354174613953
2,20260924,2012-07,hidden1-hidden2,0.8608943223953247
2,20260924,2012-07,hidden2-hidden3,0.8158441185951233
2,20260924,2012-08,hidden1-hidden2,0.8631797432899475
2,20260924,2012-08,hidden2-hidden3,0.7985497713088989
2,20260924,2012-09,hidden1-hidden2,0.8602649569511414
2,20260924,2012-09,hidden2-hidden3,0.808565080165863
2,20260924,2012-10,hidden1-hidden2,0.8640221953392029
2,20260924,2012-10,hidden2-hidden3,0.7994645237922668
2,20260924,2012-11,hidden1-hidden2,0.8635320067405701
2,20260924,2012-11,hidden2-hidden3,0.800828218460083
2,20260924,2012-12,hidden1-hidden2,0.8488048315048218
2,20260924,2012-12,hidden2-hidden3,0.8090324997901917
2,20260924,2013-01,hidden1-hidden2,0.8664637207984924
2,20260924,2013-01,hidden2-hidden3,0.8007951974868774
2,20260924,2013-02,hidden1-hidden2,0.8590338826179504
2,20260924,2013-02,hidden2-hidden3,0.812608540058136
2,20260924,2013-03,hidden1-hidden2,0.8569456934928894
2,20260924,2013-03,hidden2-hidden3,0.7980821132659912
2,20260924,2013-04,hidden1-hidden2,0.8546209335327148
2,20260924,2013-04,hidden2-hidden3,0.8136460185050964
2,20260924,2013-05,hidden1-hidden2,0.8624997138977051
2,20260924,2013-05,hidden2-hidden3,0.8062289953231812
2,20260924,2013-06,hidden1-hidden2,0.8543310165405273
2,20260924,2013-06,hidden2-hidden3,0.8032103776931763
2,20260924,2013-07,hidden1-hidden2,0.8482919931411743
2,20260924,2013-07,hidden2-hidden3,0.7940863370895386
2,20260924,2013-08,hidden1-hidden2,0.8655692338943481
2,20260924,2013-08,hidden2-hidden3,0.8046161532402039
2,20260924,2013-09,hidden1-hidden2,0.8673561811447144
2,20260924,2013-09,hidden2-hidden3,0.7893487811088562
2,20260924,2013-10,hidden1-hidden2,0.8599993586540222
2,20260924,2013-10,hidden2-hidden3,0.8004318475723267
2,20260924,2013-11,hidden1-hidden2,0.8561913371086121
2,20260924,2013-11,hidden2-hidden3,0.8023752570152283
2,20260924,2013-12,hidden1-hidden2,0.8615816831588745
2,20260924,2013-12,hidden2-hidden3,0.8014586567878723
2,20260924,2014-01,hidden1-hidden2,0.8461528420448303
2,20260924,2014-01,hidden2-hidden3,0.8001542091369629
2,20260924,2014-02,hidden1-hidden2,0.8599250316619873
2,20260924,2014-02,hidden2-hidden3,0.809395968914032
2,20260924,2014-03,hidden1-hidden2,0.8424486517906189
2,20260924,2014-03,hidden2-hidden3,0.79506516456604
2,20260924,2014-04,hidden1-hidden2,0.8599691987037659
2,20260924,2014-04,hidden2-hidden3,0.7919092774391174
2,20260924,2014-05,hidden1-hidden2,0.865838348865509
2,20260924,2014-05,hidden2-hidden3,0.796761691570282
2,20260924,2014-06,hidden1-hidden2,0.8610410690307617
2,20260924,2014-06,hidden2-hidden3,0.7900670170783997
2,20260924,2014-07,hidden1-hidden2,0.8543404340744019
2,20260924,2014-07,hidden2-hidden3,0.7926307916641235
2,20260924,2014-08,hidden1-hidden2,0.85885089635849
2,20260924,2014-08,hidden2-hidden3,0.792151927947998
2,20260924,2014-09,hidden1-hidden2,0.8618560433387756
2,20260924,2014-09,hidden2-hidden3,0.795203685760498
2,20260924,2014-10,hidden1-hidden2,0.8623061180114746
2,20260924,2014-10,hidden2-hidden3,0.7825568914413452
2,20260924,2014-11,hidden1-hidden2,0.8550916314125061
2,20260924,2014-11,hidden2-hidden3,0.7903444766998291
2,20260924,2014-12,hidden1-hidden2,0.8540647029876709
2,20260924,2014-12,hidden2-hidden3,0.796594500541687
2,20260924,2015-01,hidden1-hidden2,0.8561263084411621
2,20260924,2015-01,hidden2-hidden3,0.80441814661026
2,20260924,2015-02,hidden1-hidden2,0.8547691106796265
2,20260924,2015-02,hidden2-hidden3,0.7855164408683777
2,20260924,2015-03,hidden1-hidden2,0.8621909618377686
2,20260924,2015-03,hidden2-hidden3,0.7883380055427551
2,20260924,2015-04,hidden1-hidden2,0.8488519787788391
2,20260924,2015-04,hidden2-hidden3,0.7948324084281921
2,20260924,2015-05,hidden1-hidden2,0.8500509262084961
2,20260924,2015-05,hidden2-hidden3,0.7826053500175476
2,20260924,2015-06,hidden1-hidden2,0.8423796892166138
2,20260924,2015-06,hidden2-hidden3,0.777859628200531
2,20260924,2015-07,hidden1-hidden2,0.8539490699768066
2,20260924,2015-07,hidden2-hidden3,0.8087624311447144
2,20260924,2015-08,hidden1-hidden2,0.8557068705558777
2,20260924,2015-08,hidden2-hidden3,0.8218333721160889
2,20260924,2015-09,hidden1-hidden2,0.8666263818740845
2,20260924,2015-09,hidden2-hidden3,0.8091647028923035
2,20260924,2015-10,hidden1-hidden2,0.8618044853210449
2,20260924,2015-10,hidden2-hidden3,0.8170434832572937
2,20260924,2015-11,hidden1-hidden2,0.8523221611976624
2,20260924,2015-11,hidden2-hidden3,0.7945364713668823
2,20260924,2015-12,hidden1-hidden2,0.8630062341690063
2,20260924,2015-12,hidden2-hidden3,0.7927271723747253
2,20260924,2016-01,hidden1-hidden2,0.8640589714050293
2,20260924,2016-01,hidden2-hidden3,0.7979907393455505
2,20260924,2016-02,hidden1-hidden2,0.8539794087409973
2,20260924,2016-02,hidden2-hidden3,0.7910842895507812
2,20260924,2016-03,hidden1-hidden2,0.8534193634986877
2,20260924,2016-03,hidden2-hidden3,0.802578866481781
2,20260924,2016-04,hidden1-hidden2,0.8584353923797607
2,20260924,2016-04,hidden2-hidden3,0.7972977757453918
2,20260924,2016-05,hidden1-hidden2,0.8565672039985657
2,20260924,2016-05,hidden2-hidden3,0.8065287470817566
2,20260924,2016-06,hidden1-hidden2,0.8518873453140259
2,20260924,2016-06,hidden2-hidden3,0.8046914935112
2,20260924,2016-07,hidden1-hidden2,0.8610137104988098
2,20260924,2016-07,hidden2-hidden3,0.8061683773994446
2,20260924,2016-08,hidden1-hidden2,0.8570038676261902
2,20260924,2016-08,hidden2-hidden3,0.8163907527923584
2,20260924,2016-09,hidden1-hidden2,0.8641406893730164
2,20260924,2016-09,hidden2-hidden3,0.8215911984443665
2,20260924,2016-10,hidden1-hidden2,0.8606259226799011
2,20260924,2016-10,hidden2-hidden3,0.8070160746574402
2,20260924,2016-11,hidden1-hidden2,0.8546711206436157
2,20260924,2016-11,hidden2-hidden3,0.7962509393692017
2,20260924,2016-12,hidden1-hidden2,0.8579279780387878
2,20260924,2016-12,hidden2-hidden3,0.8178250789642334
2,20260924,2017-01,hidden1-hidden2,0.8505897521972656
2,20260924,2017-01,hidden2-hidden3,0.7839822173118591
2,20260924,2017-02,hidden1-hidden2,0.8558732271194458
2,20260924,2017-02,hidden2-hidden3,0.8096937537193298
2,20260924,2017-03,hidden1-hidden2,0.8575097918510437
2,20260924,2017-03,hidden2-hidden3,0.813753604888916
2,20260924,2017-04,hidden1-hidden2,0.8583410978317261
2,20260924,2017-04,hidden2-hidden3,0.8034639358520508
2,20260924,2017-05,hidden1-hidden2,0.8540019989013672
2,20260924,2017-05,hidden2-hidden3,0.8077617287635803
2,20260924,2017-06,hidden1-hidden2,0.8549305200576782
2,20260924,2017-06,hidden2-hidden3,0.7949925661087036
2,20260924,2017-07,hidden1-hidden2,0.8575723767280579
2,20260924,2017-07,hidden2-hidden3,0.8187264800071716
2,20260924,2017-08,hidden1-hidden2,0.863912045955658
2,20260924,2017-08,hidden2-hidden3,0.7987886071205139
2,20260924,2017-09,hidden1-hidden2,0.8662629723548889
2,20260924,2017-09,hidden2-hidden3,0.8153170347213745
2,20260924,2017-10,hidden1-hidden2,0.8661398887634277
2,20260924,2017-10,hidden2-hidden3,0.804116427898407
2,20260924,2017-11,hidden1-hidden2,0.8640581965446472
2,20260924,2017-11,hidden2-hidden3,0.7953482270240784
2,20260924,2017-12,hidden1-hidden2,0.8614614009857178
2,20260924,2017-12,hidden2-hidden3,0.7995809316635132
2,20260924,2018-01,hidden1-hidden2,0.8500654101371765
2,20260924,2018-01,hidden2-hidden3,0.7979397773742676
2,20260924,2018-02,hidden1-hidden2,0.8556100726127625
2,20260924,2018-02,hidden2-hidden3,0.802125096321106
2,20260924,2018-03,hidden1-hidden2,0.8581268787384033
2,20260924,2018-03,hidden2-hidden3,0.7975462079048157
2,20260924,2018-04,hidden1-hidden2,0.8504151105880737
2,20260924,2018-04,hidden2-hidden3,0.7886891961097717
2,20260924,2018-05,hidden1-hidden2,0.8545709848403931
2,20260924,2018-05,hidden2-hidden3,0.7869361042976379
2,20260924,2018-06,hidden1-hidden2,0.8516371250152588
2,20260924,2018-06,hidden2-hidden3,0.7958278656005859
2,20260924,2018-07,hidden1-hidden2,0.8529685735702515
2,20260924,2018-07,hidden2-hidden3,0.7811264395713806
2,20260924,2018-08,hidden1-hidden2,0.8572466969490051
2,20260924,2018-08,hidden2-hidden3,0.7950223088264465
2,20260924,2018-09,hidden1-hidden2,0.855111300945282
2,20260924,2018-09,hidden2-hidden3,0.7897766828536987
2,20260924,2018-10,hidden1-hidden2,0.8480672836303711
2,20260924,2018-10,hidden2-hidden3,0.7969595789909363
2,20260924,2018-11,hidden1-hidden2,0.8546525239944458
2,20260924,2018-11,hidden2-hidden3,0.7982614040374756
2,20260924,2018-12,hidden1-hidden2,0.8576581478118896
2,20260924,2018-12,hidden2-hidden3,0.7815565466880798
2,20260924,2019-01,hidden1-hidden2,0.8490727543830872
2,20260924,2019-01,hidden2-hidden3,0.7852981686592102
2,20260924,2019-02,hidden1-hidden2,0.8600210547447205
2,20260924,2019-02,hidden2-hidden3,0.8039082884788513
2,20260924,2019-03,hidden1-hidden2,0.8589593172073364
2,20260924,2019-03,hidden2-hidden3,0.7929680943489075
2,20260924,2019-04,hidden1-hidden2,0.8553326725959778
2,20260924,2019-04,hidden2-hidden3,0.8029211759567261
2,20260924,2019-05,hidden1-hidden2,0.8628242611885071
2,20260924,2019-05,hidden2-hidden3,0.7866911292076111
2,20260924,2019-06,hidden1-hidden2,0.8614662289619446
2,20260924,2019-06,hidden2-hidden3,0.7796554565429688
2,20260924,2019-07,hidden1-hidden2,0.8528463244438171
2,20260924,2019-07,hidden2-hidden3,0.7947087287902832
2,20260924,2019-08,hidden1-hidden2,0.8578317165374756
2,20260924,2019-08,hidden2-hidden3,0.7980784773826599
2,20260924,2019-09,hidden1-hidden2,0.8552863597869873
2,20260924,2019-09,hidden2-hidden3,0.7983672022819519
2,20260924,2019-10,hidden1-hidden2,0.8585146069526672
2,20260924,2019-10,hidden2-hidden3,0.8034939765930176
2,20260924,2019-11,hidden1-hidden2,0.8612352609634399
2,20260924,2019-11,hidden2-hidden3,0.7851716876029968
2,20260924,2019-12,hidden1-hidden2,0.86338210105896
2,20260924,2019-12,hidden2-hidden3,0.8010807633399963
2,20260925,2010-01,hidden1-hidden2,0.85652756690979
2,20260925,2010-01,hidden2-hidden3,0.8532693982124329
2,20260925,2010-02,hidden1-hidden2,0.8588552474975586
2,20260925,2010-02,hidden2-hidden3,0.8674938678741455
2,20260925,2010-03,hidden1-hidden2,0.8596645593643188
2,20260925,2010-03,hidden2-hidden3,0.8724839091300964
2,20260925,2010-04,hidden1-hidden2,0.8512561321258545
2,20260925,2010-04,hidden2-hidden3,0.8572930097579956
2,20260925,2010-05,hidden1-hidden2,0.8580552935600281
2,20260925,2010-05,hidden2-hidden3,0.8651567101478577
2,20260925,2010-06,hidden1-hidden2,0.8684209585189819
2,20260925,2010-06,hidden2-hidden3,0.8659752011299133
2,20260925,2010-07,hidden1-hidden2,0.8666284680366516
2,20260925,2010-07,hidden2-hidden3,0.8589286804199219
2,20260925,2010-08,hidden1-hidden2,0.8574329018592834
2,20260925,2010-08,hidden2-hidden3,0.8509485721588135
2,20260925,2010-09,hidden1-hidden2,0.8583834171295166
2,20260925,2010-09,hidden2-hidden3,0.8566117286682129
2,20260925,2010-10,hidden1-hidden2,0.8601842522621155
2,20260925,2010-10,hidden2-hidden3,0.8499249815940857
2,20260925,2010-11,hidden1-hidden2,0.8486198782920837
2,20260925,2010-11,hidden2-hidden3,0.849452793598175
2,20260925,2010-12,hidden1-hidden2,0.861078679561615
2,20260925,2010-12,hidden2-hidden3,0.8414570689201355
2,20260925,2011-01,hidden1-hidden2,0.8660577535629272
2,20260925,2011-01,hidden2-hidden3,0.8523030877113342
2,20260925,2011-02,hidden1-hidden2,0.8570243120193481
2,20260925,2011-02,hidden2-hidden3,0.8622304201126099
2,20260925,2011-03,hidden1-hidden2,0.8568670153617859
2,20260925,2011-03,hidden2-hidden3,0.8657512068748474
2,20260925,2011-04,hidden1-hidden2,0.8591331243515015
2,20260925,2011-04,hidden2-hidden3,0.856099009513855
2,20260925,2011-05,hidden1-hidden2,0.8594850897789001
2,20260925,2011-05,hidden2-hidden3,0.8582644462585449
2,20260925,2011-06,hidden1-hidden2,0.8558844923973083
2,20260925,2011-06,hidden2-hidden3,0.8362656831741333
2,20260925,2011-07,hidden1-hidden2,0.8655959367752075
2,20260925,2011-07,hidden2-hidden3,0.8458980321884155
2,20260925,2011-08,hidden1-hidden2,0.8564254641532898
2,20260925,2011-08,hidden2-hidden3,0.8431944847106934
2,20260925,2011-09,hidden1-hidden2,0.8533162474632263
2,20260925,2011-09,hidden2-hidden3,0.8420215845108032
2,20260925,2011-10,hidden1-hidden2,0.83955317735672
2,20260925,2011-10,hidden2-hidden3,0.847124457359314
2,20260925,2011-11,hidden1-hidden2,0.8417607545852661
2,20260925,2011-11,hidden2-hidden3,0.8363593220710754
2,20260925,2011-12,hidden1-hidden2,0.847093939781189
2,20260925,2011-12,hidden2-hidden3,0.8337436318397522
2,20260925,2012-01,hidden1-hidden2,0.8479688167572021
2,20260925,2012-01,hidden2-hidden3,0.8476097583770752
2,20260925,2012-02,hidden1-hidden2,0.8457027077674866
2,20260925,2012-02,hidden2-hidden3,0.8417455554008484
2,20260925,2012-03,hidden1-hidden2,0.854812741279602
2,20260925,2012-03,hidden2-hidden3,0.8364787101745605
2,20260925,2012-04,hidden1-hidden2,0.8514671921730042
2,20260925,2012-04,hidden2-hidden3,0.8266118764877319
2,20260925,2012-05,hidden1-hidden2,0.8563024997711182
2,20260925,2012-05,hidden2-hidden3,0.8489640355110168
2,20260925,2012-06,hidden1-hidden2,0.8554357886314392
2,20260925,2012-06,hidden2-hidden3,0.8495357036590576
2,20260925,2012-07,hidden1-hidden2,0.856839120388031
2,20260925,2012-07,hidden2-hidden3,0.8533852100372314
2,20260925,2012-08,hidden1-hidden2,0.8604180812835693
2,20260925,2012-08,hidden2-hidden3,0.8461078405380249
2,20260925,2012-09,hidden1-hidden2,0.8488153219223022
2,20260925,2012-09,hidden2-hidden3,0.837962806224823
2,20260925,2012-10,hidden1-hidden2,0.8489356637001038
2,20260925,2012-10,hidden2-hidden3,0.8393887281417847
2,20260925,2012-11,hidden1-hidden2,0.8484798073768616
2,20260925,2012-11,hidden2-hidden3,0.8490077257156372
2,20260925,2012-12,hidden1-hidden2,0.8532573580741882
2,20260925,2012-12,hidden2-hidden3,0.8501851558685303
2,20260925,2013-01,hidden1-hidden2,0.852543294429779
2,20260925,2013-01,hidden2-hidden3,0.8270590305328369
2,20260925,2013-02,hidden1-hidden2,0.8570362329483032
2,20260925,2013-02,hidden2-hidden3,0.8582601547241211
2,20260925,2013-03,hidden1-hidden2,0.8525810837745667
2,20260925,2013-03,hidden2-hidden3,0.8555286526679993
2,20260925,2013-04,hidden1-hidden2,0.8462138175964355
2,20260925,2013-04,hidden2-hidden3,0.8502612113952637
2,20260925,2013-05,hidden1-hidden2,0.8463048934936523
2,20260925,2013-05,hidden2-hidden3,0.8543699383735657
2,20260925,2013-06,hidden1-hidden2,0.8440551161766052
2,20260925,2013-06,hidden2-hidden3,0.8509069085121155
2,20260925,2013-07,hidden1-hidden2,0.8534194827079773
2,20260925,2013-07,hidden2-hidden3,0.8444662094116211
2,20260925,2013-08,hidden1-hidden2,0.8520767688751221
2,20260925,2013-08,hidden2-hidden3,0.8613901138305664
2,20260925,2013-09,hidden1-hidden2,0.8470709919929504
2,20260925,2013-09,hidden2-hidden3,0.842200756072998
2,20260925,2013-10,hidden1-hidden2,0.8446662425994873
2,20260925,2013-10,hidden2-hidden3,0.8629571795463562
2,20260925,2013-11,hidden1-hidden2,0.8522455096244812
2,20260925,2013-11,hidden2-hidden3,0.8488731384277344
2,20260925,2013-12,hidden1-hidden2,0.8564811944961548
2,20260925,2013-12,hidden2-hidden3,0.8499573469161987
2,20260925,2014-01,hidden1-hidden2,0.8483327627182007
2,20260925,2014-01,hidden2-hidden3,0.8484113812446594
2,20260925,2014-02,hidden1-hidden2,0.8536975979804993
2,20260925,2014-02,hidden2-hidden3,0.8652012348175049
2,20260925,2014-03,hidden1-hidden2,0.8481097221374512
2,20260925,2014-03,hidden2-hidden3,0.8664692640304565
2,20260925,2014-04,hidden1-hidden2,0.8504678606987
2,20260925,2014-04,hidden2-hidden3,0.8635867834091187
2,20260925,2014-05,hidden1-hidden2,0.8604841828346252
2,20260925,2014-05,hidden2-hidden3,0.8394178152084351
2,20260925,2014-06,hidden1-hidden2,0.8525006771087646
2,20260925,2014-06,hidden2-hidden3,0.8525040149688721
2,20260925,2014-07,hidden1-hidden2,0.852623462677002
2,20260925,2014-07,hidden2-hidden3,0.8557520508766174
2,20260925,2014-08,hidden1-hidden2,0.8493441939353943
2,20260925,2014-08,hidden2-hidden3,0.8563461899757385
2,20260925,2014-09,hidden1-hidden2,0.8581652045249939
2,20260925,2014-09,hidden2-hidden3,0.8538990020751953
2,20260925,2014-10,hidden1-hidden2,0.8537265062332153
2,20260925,2014-10,hidden2-hidden3,0.8511142730712891
2,20260925,2014-11,hidden1-hidden2,0.8393301963806152
2,20260925,2014-11,hidden2-hidden3,0.85516756772995
2,20260925,2014-12,hidden1-hidden2,0.8523299694061279
2,20260925,2014-12,hidden2-hidden3,0.8564483523368835
2,20260925,2015-01,hidden1-hidden2,0.8470150232315063
2,20260925,2015-01,hidden2-hidden3,0.8481311202049255
2,20260925,2015-02,hidden1-hidden2,0.8514938354492188
2,20260925,2015-02,hidden2-hidden3,0.8661410808563232
2,20260925,2015-03,hidden1-hidden2,0.8509657382965088
2,20260925,2015-03,hidden2-hidden3,0.8613466024398804
2,20260925,2015-04,hidden1-hidden2,0.8436618447303772
2,20260925,2015-04,hidden2-hidden3,0.8560414910316467
2,20260925,2015-05,hidden1-hidden2,0.8505334854125977
2,20260925,2015-05,hidden2-hidden3,0.8469770550727844
2,20260925,2015-06,hidden1-hidden2,0.8530955910682678
2,20260925,2015-06,hidden2-hidden3,0.8467598557472229
2,20260925,2015-07,hidden1-hidden2,0.8525078296661377
2,20260925,2015-07,hidden2-hidden3,0.8585677146911621
2,20260925,2015-08,hidden1-hidden2,0.8479734063148499
2,20260925,2015-08,hidden2-hidden3,0.8454755544662476
2,20260925,2015-09,hidden1-hidden2,0.8356528282165527
2,20260925,2015-09,hidden2-hidden3,0.855133593082428
2,20260925,2015-10,hidden1-hidden2,0.8536475300788879
2,20260925,2015-10,hidden2-hidden3,0.854087769985199
2,20260925,2015-11,hidden1-hidden2,0.8529858589172363
2,20260925,2015-11,hidden2-hidden3,0.8420528173446655
2,20260925,2015-12,hidden1-hidden2,0.840686559677124
2,20260925,2015-12,hidden2-hidden3,0.8445072174072266
2,20260925,2016-01,hidden1-hidden2,0.8525100350379944
2,20260925,2016-01,hidden2-hidden3,0.8678219318389893
2,20260925,2016-02,hidden1-hidden2,0.8432934284210205
2,20260925,2016-02,hidden2-hidden3,0.8421820402145386
2,20260925,2016-03,hidden1-hidden2,0.8365439772605896
2,20260925,2016-03,hidden2-hidden3,0.8420889377593994
2,20260925,2016-04,hidden1-hidden2,0.8434203267097473
2,20260925,2016-04,hidden2-hidden3,0.8517720699310303
2,20260925,2016-05,hidden1-hidden2,0.850223958492279
2,20260925,2016-05,hidden2-hidden3,0.8795461654663086
2,20260925,2016-06,hidden1-hidden2,0.860176146030426
2,20260925,2016-06,hidden2-hidden3,0.8629749417304993
2,20260925,2016-07,hidden1-hidden2,0.8482611179351807
2,20260925,2016-07,hidden2-hidden3,0.8552154898643494
2,20260925,2016-08,hidden1-hidden2,0.8542899489402771
2,20260925,2016-08,hidden2-hidden3,0.8498986959457397
2,20260925,2016-09,hidden1-hidden2,0.8530016541481018
2,20260925,2016-09,hidden2-hidden3,0.8431551456451416
2,20260925,2016-10,hidden1-hidden2,0.8539666533470154
2,20260925,2016-10,hidden2-hidden3,0.8649193048477173
2,20260925,2016-11,hidden1-hidden2,0.850951075553894
2,20260925,2016-11,hidden2-hidden3,0.8611699342727661
2,20260925,2016-12,hidden1-hidden2,0.8522132039070129
2,20260925,2016-12,hidden2-hidden3,0.8495276570320129
2,20260925,2017-01,hidden1-hidden2,0.8466839790344238
2,20260925,2017-01,hidden2-hidden3,0.8539494276046753
2,20260925,2017-02,hidden1-hidden2,0.8437643051147461
2,20260925,2017-02,hidden2-hidden3,0.8497393727302551
2,20260925,2017-03,hidden1-hidden2,0.8557333946228027
2,20260925,2017-03,hidden2-hidden3,0.873039960861206
2,20260925,2017-04,hidden1-hidden2,0.8545552492141724
2,20260925,2017-04,hidden2-hidden3,0.8540435433387756
2,20260925,2017-05,hidden1-hidden2,0.8539738059043884
2,20260925,2017-05,hidden2-hidden3,0.8617473244667053
2,20260925,2017-06,hidden1-hidden2,0.853904664516449
2,20260925,2017-06,hidden2-hidden3,0.8562393188476562
2,20260925,2017-07,hidden1-hidden2,0.8565499782562256
2,20260925,2017-07,hidden2-hidden3,0.8694912791252136
2,20260925,2017-08,hidden1-hidden2,0.8523434996604919
2,20260925,2017-08,hidden2-hidden3,0.875831663608551
2,20260925,2017-09,hidden1-hidden2,0.8495285511016846
2,20260925,2017-09,hidden2-hidden3,0.8648622035980225
2,20260925,2017-10,hidden1-hidden2,0.8544414043426514
2,20260925,2017-10,hidden2-hidden3,0.8626506924629211
2,20260925,2017-11,hidden1-hidden2,0.8529443144798279
2,20260925,2017-11,hidden2-hidden3,0.8621571660041809
2,20260925,2017-12,hidden1-hidden2,0.857185959815979
2,20260925,2017-12,hidden2-hidden3,0.8669868111610413
2,20260925,2018-01,hidden1-hidden2,0.8501862287521362
2,20260925,2018-01,hidden2-hidden3,0.8673154711723328
2,20260925,2018-02,hidden1-hidden2,0.850104033946991
2,20260925,2018-02,hidden2-hidden3,0.8673368692398071
2,20260925,2018-03,hidden1-hidden2,0.8625426292419434
2,20260925,2018-03,hidden2-hidden3,0.8675971627235413
2,20260925,2018-04,hidden1-hidden2,0.8530657887458801
2,20260925,2018-04,hidden2-hidden3,0.8505696654319763
2,20260925,2018-05,hidden1-hidden2,0.8669448494911194
2,20260925,2018-05,hidden2-hidden3,0.8638003468513489
2,20260925,2018-06,hidden1-hidden2,0.8655710220336914
2,20260925,2018-06,hidden2-hidden3,0.8584650754928589
2,20260925,2018-07,hidden1-hidden2,0.8609596490859985
2,20260925,2018-07,hidden2-hidden3,0.8567911386489868
2,20260925,2018-08,hidden1-hidden2,0.8632316589355469
2,20260925,2018-08,hidden2-hidden3,0.860676646232605
2,20260925,2018-09,hidden1-hidden2,0.8610643744468689
2,20260925,2018-09,hidden2-hidden3,0.8506549596786499
2,20260925,2018-10,hidden1-hidden2,0.849294126033783
2,20260925,2018-10,hidden2-hidden3,0.8625611066818237
2,20260925,2018-11,hidden1-hidden2,0.8676382303237915
2,20260925,2018-11,hidden2-hidden3,0.8570185303688049
2,20260925,2018-12,hidden1-hidden2,0.850749671459198
2,20260925,2018-12,hidden2-hidden3,0.8568100929260254
2,20260925,2019-01,hidden1-hidden2,0.8493773937225342
2,20260925,2019-01,hidden2-hidden3,0.8496554493904114
2,20260925,2019-02,hidden1-hidden2,0.8499027490615845
2,20260925,2019-02,hidden2-hidden3,0.8645793199539185
2,20260925,2019-03,hidden1-hidden2,0.8613877296447754
2,20260925,2019-03,hidden2-hidden3,0.867796778678894
2,20260925,2019-04,hidden1-hidden2,0.8606616854667664
2,20260925,2019-04,hidden2-hidden3,0.8460903167724609
2,20260925,2019-05,hidden1-hidden2,0.8684796094894409
2,20260925,2019-05,hidden2-hidden3,0.8604532480239868
2,20260925,2019-06,hidden1-hidden2,0.8591731190681458
2,20260925,2019-06,hidden2-hidden3,0.8527403473854065
2,20260925,2019-07,hidden1-hidden2,0.8621882796287537
2,20260925,2019-07,hidden2-hidden3,0.8624778985977173
2,20260925,2019-08,hidden1-hidden2,0.856972336769104
2,20260925,2019-08,hidden2-hidden3,0.8693006038665771
2,20260925,2019-09,hidden1-hidden2,0.8543893694877625
2,20260925,2019-09,hidden2-hidden3,0.8585160374641418
2,20260925,2019-10,hidden1-hidden2,0.8481518626213074
2,20260925,2019-10,hidden2-hidden3,0.855851948261261
2,20260925,2019-11,hidden1-hidden2,0.8545910120010376
2,20260925,2019-11,hidden2-hidden3,0.855010986328125
2,20260925,2019-12,hidden1-hidden2,0.8570188283920288
2,20260925,2019-12,hidden2-hidden3,0.8629984855651855
2,20260926,2010-01,hidden1-hidden2,0.887302577495575
2,20260926,2010-01,hidden2-hidden3,0.8949273824691772
2,20260926,2010-02,hidden1-hidden2,0.8889696002006531
2,20260926,2010-02,hidden2-hidden3,0.9116740226745605
2,20260926,2010-03,hidden1-hidden2,0.8887379169464111
2,20260926,2010-03,hidden2-hidden3,0.9021732807159424
2,20260926,2010-04,hidden1-hidden2,0.8854354023933411
2,20260926,2010-04,hidden2-hidden3,0.906250536441803
2,20260926,2010-05,hidden1-hidden2,0.8904905915260315
2,20260926,2010-05,hidden2-hidden3,0.8979395031929016
2,20260926,2010-06,hidden1-hidden2,0.8861211538314819
2,20260926,2010-06,hidden2-hidden3,0.8996413946151733
2,20260926,2010-07,hidden1-hidden2,0.8824967741966248
2,20260926,2010-07,hidden2-hidden3,0.9004709720611572
2,20260926,2010-08,hidden1-hidden2,0.8808133602142334
2,20260926,2010-08,hidden2-hidden3,0.895453929901123
2,20260926,2010-09,hidden1-hidden2,0.8843696117401123
2,20260926,2010-09,hidden2-hidden3,0.8989911079406738
2,20260926,2010-10,hidden1-hidden2,0.888488233089447
2,20260926,2010-10,hidden2-hidden3,0.9050462245941162
2,20260926,2010-11,hidden1-hidden2,0.8955819606781006
2,20260926,2010-11,hidden2-hidden3,0.8982800245285034
2,20260926,2010-12,hidden1-hidden2,0.8907482028007507
2,20260926,2010-12,hidden2-hidden3,0.9022271633148193
2,20260926,2011-01,hidden1-hidden2,0.8843141794204712
2,20260926,2011-01,hidden2-hidden3,0.8860516548156738
2,20260926,2011-02,hidden1-hidden2,0.8912320137023926
2,20260926,2011-02,hidden2-hidden3,0.8969904184341431
2,20260926,2011-03,hidden1-hidden2,0.8761627078056335
2,20260926,2011-03,hidden2-hidden3,0.8824995160102844
2,20260926,2011-04,hidden1-hidden2,0.8796977996826172
2,20260926,2011-04,hidden2-hidden3,0.8989302515983582
2,20260926,2011-05,hidden1-hidden2,0.8870266675949097
2,20260926,2011-05,hidden2-hidden3,0.9044227600097656
2,20260926,2011-06,hidden1-hidden2,0.870574414730072
2,20260926,2011-06,hidden2-hidden3,0.904999315738678
2,20260926,2011-07,hidden1-hidden2,0.8752939701080322
2,20260926,2011-07,hidden2-hidden3,0.9038757085800171
2,20260926,2011-08,hidden1-hidden2,0.8801884055137634
2,20260926,2011-08,hidden2-hidden3,0.9124554395675659
2,20260926,2011-09,hidden1-hidden2,0.8755885362625122
2,20260926,2011-09,hidden2-hidden3,0.9111254215240479
2,20260926,2011-10,hidden1-hidden2,0.8663159608840942
2,20260926,2011-10,hidden2-hidden3,0.9001139998435974
2,20260926,2011-11,hidden1-hidden2,0.8715395331382751
2,20260926,2011-11,hidden2-hidden3,0.9069408178329468
2,20260926,2011-12,hidden1-hidden2,0.8881442546844482
2,20260926,2011-12,hidden2-hidden3,0.9022714495658875
2,20260926,2012-01,hidden1-hidden2,0.8757078051567078
2,20260926,2012-01,hidden2-hidden3,0.9034730195999146
2,20260926,2012-02,hidden1-hidden2,0.8763154745101929
2,20260926,2012-02,hidden2-hidden3,0.8936330080032349
2,20260926,2012-03,hidden1-hidden2,0.8862906694412231
2,20260926,2012-03,hidden2-hidden3,0.9136493802070618
2,20260926,2012-04,hidden1-hidden2,0.8750709295272827
2,20260926,2012-04,hidden2-hidden3,0.9052104949951172
2,20260926,2012-05,hidden1-hidden2,0.8898921012878418
2,20260926,2012-05,hidden2-hidden3,0.9096679091453552
2,20260926,2012-06,hidden1-hidden2,0.8845596313476562
2,20260926,2012-06,hidden2-hidden3,0.9090526103973389
2,20260926,2012-07,hidden1-hidden2,0.8918482661247253
2,20260926,2012-07,hidden2-hidden3,0.9155323505401611
2,20260926,2012-08,hidden1-hidden2,0.8858878016471863
2,20260926,2012-08,hidden2-hidden3,0.9193832874298096
2,20260926,2012-09,hidden1-hidden2,0.8799981474876404
2,20260926,2012-09,hidden2-hidden3,0.9124248027801514
2,20260926,2012-10,hidden1-hidden2,0.8789615035057068
2,20260926,2012-10,hidden2-hidden3,0.9033061265945435
2,20260926,2012-11,hidden1-hidden2,0.8851963877677917
2,20260926,2012-11,hidden2-hidden3,0.9182857871055603
2,20260926,2012-12,hidden1-hidden2,0.8780755400657654
2,20260926,2012-12,hidden2-hidden3,0.9078246355056763
2,20260926,2013-01,hidden1-hidden2,0.8869320750236511
2,20260926,2013-01,hidden2-hidden3,0.9155043363571167
2,20260926,2013-02,hidden1-hidden2,0.8905267715454102
2,20260926,2013-02,hidden2-hidden3,0.9231320023536682
2,20260926,2013-03,hidden1-hidden2,0.8854840397834778
2,20260926,2013-03,hidden2-hidden3,0.9103085398674011
2,20260926,2013-04,hidden1-hidden2,0.8830390572547913
2,20260926,2013-04,hidden2-hidden3,0.9184573888778687
2,20260926,2013-05,hidden1-hidden2,0.8922143578529358
2,20260926,2013-05,hidden2-hidden3,0.9116255044937134
2,20260926,2013-06,hidden1-hidden2,0.8881288170814514
2,20260926,2013-06,hidden2-hidden3,0.9197373390197754
2,20260926,2013-07,hidden1-hidden2,0.8849546313285828
2,20260926,2013-07,hidden2-hidden3,0.9167190790176392
2,20260926,2013-08,hidden1-hidden2,0.8726340532302856
2,20260926,2013-08,hidden2-hidden3,0.9069141745567322
2,20260926,2013-09,hidden1-hidden2,0.8751980662345886
2,20260926,2013-09,hidden2-hidden3,0.906989574432373
2,20260926,2013-10,hidden1-hidden2,0.8787605166435242
2,20260926,2013-10,hidden2-hidden3,0.9120453596115112
2,20260926,2013-11,hidden1-hidden2,0.8766513466835022
2,20260926,2013-11,hidden2-hidden3,0.9098207950592041
2,20260926,2013-12,hidden1-hidden2,0.8877016305923462
2,20260926,2013-12,hidden2-hidden3,0.9287367463111877
2,20260926,2014-01,hidden1-hidden2,0.8805791139602661
2,20260926,2014-01,hidden2-hidden3,0.9105859994888306
2,20260926,2014-02,hidden1-hidden2,0.8861858248710632
2,20260926,2014-02,hidden2-hidden3,0.9193714261054993
2,20260926,2014-03,hidden1-hidden2,0.8805266618728638
2,20260926,2014-03,hidden2-hidden3,0.9144314527511597
2,20260926,2014-04,hidden1-hidden2,0.8729637861251831
2,20260926,2014-04,hidden2-hidden3,0.9181709289550781
2,20260926,2014-05,hidden1-hidden2,0.8819625377655029
2,20260926,2014-05,hidden2-hidden3,0.904931366443634
2,20260926,2014-06,hidden1-hidden2,0.8744088411331177
2,20260926,2014-06,hidden2-hidden3,0.9112358093261719
2,20260926,2014-07,hidden1-hidden2,0.8841358423233032
2,20260926,2014-07,hidden2-hidden3,0.917015552520752
2,20260926,2014-08,hidden1-hidden2,0.8872871398925781
2,20260926,2014-08,hidden2-hidden3,0.9194177985191345
2,20260926,2014-09,hidden1-hidden2,0.8873332142829895
2,20260926,2014-09,hidden2-hidden3,0.9231874942779541
2,20260926,2014-10,hidden1-hidden2,0.8823518753051758
2,20260926,2014-10,hidden2-hidden3,0.9202477931976318
2,20260926,2014-11,hidden1-hidden2,0.8848089575767517
2,20260926,2014-11,hidden2-hidden3,0.9190616607666016
2,20260926,2014-12,hidden1-hidden2,0.8902280330657959
2,20260926,2014-12,hidden2-hidden3,0.9242017269134521
2,20260926,2015-01,hidden1-hidden2,0.8846625685691833
2,20260926,2015-01,hidden2-hidden3,0.9263700246810913
2,20260926,2015-02,hidden1-hidden2,0.8833484649658203
2,20260926,2015-02,hidden2-hidden3,0.91923987865448
2,20260926,2015-03,hidden1-hidden2,0.8821836113929749
2,20260926,2015-03,hidden2-hidden3,0.9236171245574951
2,20260926,2015-04,hidden1-hidden2,0.8855717778205872
2,20260926,2015-04,hidden2-hidden3,0.9223301410675049
2,20260926,2015-05,hidden1-hidden2,0.8776697516441345
2,20260926,2015-05,hidden2-hidden3,0.9232360124588013
2,20260926,2015-06,hidden1-hidden2,0.8791278004646301
2,20260926,2015-06,hidden2-hidden3,0.917691171169281
2,20260926,2015-07,hidden1-hidden2,0.8899838328361511
2,20260926,2015-07,hidden2-hidden3,0.933619499206543
2,20260926,2015-08,hidden1-hidden2,0.8891047239303589
2,20260926,2015-08,hidden2-hidden3,0.932906448841095
2,20260926,2015-09,hidden1-hidden2,0.8841518759727478
2,20260926,2015-09,hidden2-hidden3,0.9346702694892883
2,20260926,2015-10,hidden1-hidden2,0.8939341306686401
2,20260926,2015-10,hidden2-hidden3,0.931841254234314
2,20260926,2015-11,hidden1-hidden2,0.8740342855453491
2,20260926,2015-11,hidden2-hidden3,0.9286825656890869
2,20260926,2015-12,hidden1-hidden2,0.8779024481773376
2,20260926,2015-12,hidden2-hidden3,0.9198882579803467
2,20260926,2016-01,hidden1-hidden2,0.8931982517242432
2,20260926,2016-01,hidden2-hidden3,0.9323476552963257
2,20260926,2016-02,hidden1-hidden2,0.8841051459312439
2,20260926,2016-02,hidden2-hidden3,0.9289666414260864
2,20260926,2016-03,hidden1-hidden2,0.8836502432823181
2,20260926,2016-03,hidden2-hidden3,0.9245637059211731
2,20260926,2016-04,hidden1-hidden2,0.8935326337814331
2,20260926,2016-04,hidden2-hidden3,0.9339169263839722
2,20260926,2016-05,hidden1-hidden2,0.9011948704719543
2,20260926,2016-05,hidden2-hidden3,0.9399256110191345
2,20260926,2016-06,hidden1-hidden2,0.8964510560035706
2,20260926,2016-06,hidden2-hidden3,0.9342834949493408
2,20260926,2016-07,hidden1-hidden2,0.8986437320709229
2,20260926,2016-07,hidden2-hidden3,0.9402615427970886
2,20260926,2016-08,hidden1-hidden2,0.8960864543914795
2,20260926,2016-08,hidden2-hidden3,0.9307103753089905
2,20260926,2016-09,hidden1-hidden2,0.8952240943908691
2,20260926,2016-09,hidden2-hidden3,0.9375817775726318
2,20260926,2016-10,hidden1-hidden2,0.9012861847877502
2,20260926,2016-10,hidden2-hidden3,0.9327771067619324
2,20260926,2016-11,hidden1-hidden2,0.8988456130027771
2,20260926,2016-11,hidden2-hidden3,0.9387889504432678
2,20260926,2016-12,hidden1-hidden2,0.8926078081130981
2,20260926,2016-12,hidden2-hidden3,0.9282712340354919
2,20260926,2017-01,hidden1-hidden2,0.895225465297699
2,20260926,2017-01,hidden2-hidden3,0.9317016005516052
2,20260926,2017-02,hidden1-hidden2,0.887389063835144
2,20260926,2017-02,hidden2-hidden3,0.9211056232452393
2,20260926,2017-03,hidden1-hidden2,0.9044596552848816
2,20260926,2017-03,hidden2-hidden3,0.9330795407295227
2,20260926,2017-04,hidden1-hidden2,0.8939258456230164
2,20260926,2017-04,hidden2-hidden3,0.9278891682624817
2,20260926,2017-05,hidden1-hidden2,0.9006561040878296
2,20260926,2017-05,hidden2-hidden3,0.9232433438301086
2,20260926,2017-06,hidden1-hidden2,0.8848972320556641
2,20260926,2017-06,hidden2-hidden3,0.9243596196174622
2,20260926,2017-07,hidden1-hidden2,0.9009310603141785
2,20260926,2017-07,hidden2-hidden3,0.9355929493904114
2,20260926,2017-08,hidden1-hidden2,0.9044809937477112
2,20260926,2017-08,hidden2-hidden3,0.932553231716156
2,20260926,2017-09,hidden1-hidden2,0.9013360142707825
2,20260926,2017-09,hidden2-hidden3,0.9303386807441711
2,20260926,2017-10,hidden1-hidden2,0.9022818207740784
2,20260926,2017-10,hidden2-hidden3,0.9254278540611267
2,20260926,2017-11,hidden1-hidden2,0.8931023478507996
2,20260926,2017-11,hidden2-hidden3,0.9242401123046875
2,20260926,2017-12,hidden1-hidden2,0.9005045294761658
2,20260926,2017-12,hidden2-hidden3,0.9326296448707581
2,20260926,2018-01,hidden1-hidden2,0.8931161165237427
2,20260926,2018-01,hidden2-hidden3,0.927474319934845
2,20260926,2018-02,hidden1-hidden2,0.8996729850769043
2,20260926,2018-02,hidden2-hidden3,0.9289336800575256
2,20260926,2018-03,hidden1-hidden2,0.8866183757781982
2,20260926,2018-03,hidden2-hidden3,0.9243156909942627
2,20260926,2018-04,hidden1-hidden2,0.8813894987106323
2,20260926,2018-04,hidden2-hidden3,0.9220004677772522
2,20260926,2018-05,hidden1-hidden2,0.8972092866897583
2,20260926,2018-05,hidden2-hidden3,0.9324274063110352
2,20260926,2018-06,hidden1-hidden2,0.8956552147865295
2,20260926,2018-06,hidden2-hidden3,0.9346481561660767
2,20260926,2018-07,hidden1-hidden2,0.8873536586761475
2,20260926,2018-07,hidden2-hidden3,0.9262113571166992
2,20260926,2018-08,hidden1-hidden2,0.8809935450553894
2,20260926,2018-08,hidden2-hidden3,0.9200118780136108
2,20260926,2018-09,hidden1-hidden2,0.8833760023117065
2,20260926,2018-09,hidden2-hidden3,0.9209368824958801
2,20260926,2018-10,hidden1-hidden2,0.890982449054718
2,20260926,2018-10,hidden2-hidden3,0.9340928196907043
2,20260926,2018-11,hidden1-hidden2,0.8900054097175598
2,20260926,2018-11,hidden2-hidden3,0.929366409778595
2,20260926,2018-12,hidden1-hidden2,0.8851140141487122
2,20260926,2018-12,hidden2-hidden3,0.932856559753418
2,20260926,2019-01,hidden1-hidden2,0.8985708951950073
2,20260926,2019-01,hidden2-hidden3,0.935187041759491
2,20260926,2019-02,hidden1-hidden2,0.8971646428108215
2,20260926,2019-02,hidden2-hidden3,0.9409547448158264
2,20260926,2019-03,hidden1-hidden2,0.9113483428955078
2,20260926,2019-03,hidden2-hidden3,0.9386694431304932
2,20260926,2019-04,hidden1-hidden2,0.9055449962615967
2,20260926,2019-04,hidden2-hidden3,0.9388198256492615
2,20260926,2019-05,hidden1-hidden2,0.9013635516166687
2,20260926,2019-05,hidden2-hidden3,0.9361256957054138
2,20260926,2019-06,hidden1-hidden2,0.8871182799339294
2,20260926,2019-06,hidden2-hidden3,0.9299631118774414
2,20260926,2019-07,hidden1-hidden2,0.9053756594657898
2,20260926,2019-07,hidden2-hidden3,0.9455754160881042
2,20260926,2019-08,hidden1-hidden2,0.8935346007347107
2,20260926,2019-08,hidden2-hidden3,0.9366531372070312
2,20260926,2019-09,hidden1-hidden2,0.8950808048248291
2,20260926,2019-09,hidden2-hidden3,0.935870349407196
2,20260926,2019-10,hidden1-hidden2,0.8872562646865845
2,20260926,2019-10,hidden2-hidden3,0.9307929277420044
2,20260926,2019-11,hidden1-hidden2,0.8840689659118652
2,20260926,2019-11,hidden2-hidden3,0.9297667741775513
2,20260926,2019-12,hidden1-hidden2,0.9013722538948059
2,20260926,2019-12,hidden2-hidden3,0.9359355568885803
2,20260927,2010-01,hidden1-hidden2,0.8590326905250549
2,20260927,2010-01,hidden2-hidden3,0.845598042011261
2,20260927,2010-02,hidden1-hidden2,0.8611222505569458
2,20260927,2010-02,hidden2-hidden3,0.8487297296524048
2,20260927,2010-03,hidden1-hidden2,0.8651784658432007
2,20260927,2010-03,hidden2-hidden3,0.8536450862884521
2,20260927,2010-04,hidden1-hidden2,0.8573324680328369
2,20260927,2010-04,hidden2-hidden3,0.8401412963867188
2,20260927,2010-05,hidden1-hidden2,0.8542066812515259
2,20260927,2010-05,hidden2-hidden3,0.8493817448616028
2,20260927,2010-06,hidden1-hidden2,0.85968017578125
2,20260927,2010-06,hidden2-hidden3,0.8615555763244629
2,20260927,2010-07,hidden1-hidden2,0.8687275648117065
2,20260927,2010-07,hidden2-hidden3,0.8488425612449646
2,20260927,2010-08,hidden1-hidden2,0.8528875112533569
2,20260927,2010-08,hidden2-hidden3,0.8495855331420898
2,20260927,2010-09,hidden1-hidden2,0.8457433581352234
2,20260927,2010-09,hidden2-hidden3,0.8366695046424866
2,20260927,2010-10,hidden1-hidden2,0.8498390316963196
2,20260927,2010-10,hidden2-hidden3,0.8448467254638672
2,20260927,2010-11,hidden1-hidden2,0.852401077747345
2,20260927,2010-11,hidden2-hidden3,0.8389074802398682
2,20260927,2010-12,hidden1-hidden2,0.851989209651947
2,20260927,2010-12,hidden2-hidden3,0.8432725667953491
2,20260927,2011-01,hidden1-hidden2,0.8469027876853943
2,20260927,2011-01,hidden2-hidden3,0.8345317840576172
2,20260927,2011-02,hidden1-hidden2,0.84760582447052
2,20260927,2011-02,hidden2-hidden3,0.8529078364372253
2,20260927,2011-03,hidden1-hidden2,0.8357712030410767
2,20260927,2011-03,hidden2-hidden3,0.8369553685188293
2,20260927,2011-04,hidden1-hidden2,0.8443350791931152
2,20260927,2011-04,hidden2-hidden3,0.8326411247253418
2,20260927,2011-05,hidden1-hidden2,0.8467024564743042
2,20260927,2011-05,hidden2-hidden3,0.8461434841156006
2,20260927,2011-06,hidden1-hidden2,0.8376703858375549
2,20260927,2011-06,hidden2-hidden3,0.8345977663993835
2,20260927,2011-07,hidden1-hidden2,0.8404194116592407
2,20260927,2011-07,hidden2-hidden3,0.8274816274642944
2,20260927,2011-08,hidden1-hidden2,0.8565505146980286
2,20260927,2011-08,hidden2-hidden3,0.831522524356842
2,20260927,2011-09,hidden1-hidden2,0.8516792058944702
2,20260927,2011-09,hidden2-hidden3,0.8406000137329102
2,20260927,2011-10,hidden1-hidden2,0.8470284938812256
2,20260927,2011-10,hidden2-hidden3,0.8361246585845947
2,20260927,2011-11,hidden1-hidden2,0.8487328290939331
2,20260927,2011-11,hidden2-hidden3,0.8271765112876892
2,20260927,2011-12,hidden1-hidden2,0.8504195213317871
2,20260927,2011-12,hidden2-hidden3,0.8277850151062012
2,20260927,2012-01,hidden1-hidden2,0.8479434251785278
2,20260927,2012-01,hidden2-hidden3,0.8381490111351013
2,20260927,2012-02,hidden1-hidden2,0.8568975925445557
2,20260927,2012-02,hidden2-hidden3,0.8305448293685913
2,20260927,2012-03,hidden1-hidden2,0.8673129677772522
2,20260927,2012-03,hidden2-hidden3,0.8254983425140381
2,20260927,2012-04,hidden1-hidden2,0.8502933382987976
2,20260927,2012-04,hidden2-hidden3,0.821113109588623
2,20260927,2012-05,hidden1-hidden2,0.8525092005729675
2,20260927,2012-05,hidden2-hidden3,0.8371222615242004
2,20260927,2012-06,hidden1-hidden2,0.8580758571624756
2,20260927,2012-06,hidden2-hidden3,0.809485673904419
2,20260927,2012-07,hidden1-hidden2,0.862484335899353
2,20260927,2012-07,hidden2-hidden3,0.8180195689201355
2,20260927,2012-08,hidden1-hidden2,0.8586799502372742
2,20260927,2012-08,hidden2-hidden3,0.8318235874176025
2,20260927,2012-09,hidden1-hidden2,0.8610336780548096
2,20260927,2012-09,hidden2-hidden3,0.8352528810501099
2,20260927,2012-10,hidden1-hidden2,0.8590822815895081
2,20260927,2012-10,hidden2-hidden3,0.8182963132858276
2,20260927,2012-11,hidden1-hidden2,0.869335949420929
2,20260927,2012-11,hidden2-hidden3,0.836609423160553
2,20260927,2012-12,hidden1-hidden2,0.8526403903961182
2,20260927,2012-12,hidden2-hidden3,0.845751166343689
2,20260927,2013-01,hidden1-hidden2,0.8670499920845032
2,20260927,2013-01,hidden2-hidden3,0.8308036923408508
2,20260927,2013-02,hidden1-hidden2,0.8671914339065552
2,20260927,2013-02,hidden2-hidden3,0.8510991930961609
2,20260927,2013-03,hidden1-hidden2,0.8539423942565918
2,20260927,2013-03,hidden2-hidden3,0.8356202244758606
2,20260927,2013-04,hidden1-hidden2,0.8683209419250488
2,20260927,2013-04,hidden2-hidden3,0.827584445476532
2,20260927,2013-05,hidden1-hidden2,0.867865264415741
2,20260927,2013-05,hidden2-hidden3,0.8408317565917969
2,20260927,2013-06,hidden1-hidden2,0.8684226274490356
2,20260927,2013-06,hidden2-hidden3,0.8460036516189575
2,20260927,2013-07,hidden1-hidden2,0.8607305884361267
2,20260927,2013-07,hidden2-hidden3,0.8513050079345703
2,20260927,2013-08,hidden1-hidden2,0.8466472625732422
2,20260927,2013-08,hidden2-hidden3,0.8277198672294617
2,20260927,2013-09,hidden1-hidden2,0.847251832485199
2,20260927,2013-09,hidden2-hidden3,0.8326019644737244
2,20260927,2013-10,hidden1-hidden2,0.8500211238861084
2,20260927,2013-10,hidden2-hidden3,0.8365733623504639
2,20260927,2013-11,hidden1-hidden2,0.8554608225822449
2,20260927,2013-11,hidden2-hidden3,0.8503309488296509
2,20260927,2013-12,hidden1-hidden2,0.8628444671630859
2,20260927,2013-12,hidden2-hidden3,0.864226758480072
2,20260927,2014-01,hidden1-hidden2,0.8507058024406433
2,20260927,2014-01,hidden2-hidden3,0.8457026481628418
2,20260927,2014-02,hidden1-hidden2,0.858162522315979
2,20260927,2014-02,hidden2-hidden3,0.85956871509552
2,20260927,2014-03,hidden1-hidden2,0.8568885922431946
2,20260927,2014-03,hidden2-hidden3,0.8530219793319702
2,20260927,2014-04,hidden1-hidden2,0.8601605892181396
2,20260927,2014-04,hidden2-hidden3,0.8618825078010559
2,20260927,2014-05,hidden1-hidden2,0.8557762503623962
2,20260927,2014-05,hidden2-hidden3,0.8549584746360779
2,20260927,2014-06,hidden1-hidden2,0.8555540442466736
2,20260927,2014-06,hidden2-hidden3,0.8590999841690063
2,20260927,2014-07,hidden1-hidden2,0.8528692722320557
2,20260927,2014-07,hidden2-hidden3,0.8530541062355042
2,20260927,2014-08,hidden1-hidden2,0.8522753119468689
2,20260927,2014-08,hidden2-hidden3,0.8546392917633057
2,20260927,2014-09,hidden1-hidden2,0.8601044416427612
2,20260927,2014-09,hidden2-hidden3,0.856947660446167
2,20260927,2014-10,hidden1-hidden2,0.8556561470031738
2,20260927,2014-10,hidden2-hidden3,0.8689247369766235
2,20260927,2014-11,hidden1-hidden2,0.856356680393219
2,20260927,2014-11,hidden2-hidden3,0.8609592914581299
2,20260927,2014-12,hidden1-hidden2,0.864402174949646
2,20260927,2014-12,hidden2-hidden3,0.8601225018501282
2,20260927,2015-01,hidden1-hidden2,0.8462672829627991
2,20260927,2015-01,hidden2-hidden3,0.8496063947677612
2,20260927,2015-02,hidden1-hidden2,0.8474478721618652
2,20260927,2015-02,hidden2-hidden3,0.8668175935745239
2,20260927,2015-03,hidden1-hidden2,0.8754609823226929
2,20260927,2015-03,hidden2-hidden3,0.8619539737701416
2,20260927,2015-04,hidden1-hidden2,0.8575667142868042
2,20260927,2015-04,hidden2-hidden3,0.8448079228401184
2,20260927,2015-05,hidden1-hidden2,0.8552961945533752
2,20260927,2015-05,hidden2-hidden3,0.8715563416481018
2,20260927,2015-06,hidden1-hidden2,0.8546905517578125
2,20260927,2015-06,hidden2-hidden3,0.8488165736198425
2,20260927,2015-07,hidden1-hidden2,0.8611257076263428
2,20260927,2015-07,hidden2-hidden3,0.8649135231971741
2,20260927,2015-08,hidden1-hidden2,0.8555434942245483
2,20260927,2015-08,hidden2-hidden3,0.8545491099357605
2,20260927,2015-09,hidden1-hidden2,0.8561995029449463
2,20260927,2015-09,hidden2-hidden3,0.8622568845748901
2,20260927,2015-10,hidden1-hidden2,0.856869637966156
2,20260927,2015-10,hidden2-hidden3,0.8692456483840942
2,20260927,2015-11,hidden1-hidden2,0.8473471999168396
2,20260927,2015-11,hidden2-hidden3,0.8537176847457886
2,20260927,2015-12,hidden1-hidden2,0.8589999675750732
2,20260927,2015-12,hidden2-hidden3,0.8581689596176147
2,20260927,2016-01,hidden1-hidden2,0.8643340468406677
2,20260927,2016-01,hidden2-hidden3,0.8778213262557983
2,20260927,2016-02,hidden1-hidden2,0.8488404750823975
2,20260927,2016-02,hidden2-hidden3,0.8644409775733948
2,20260927,2016-03,hidden1-hidden2,0.8437517881393433
2,20260927,2016-03,hidden2-hidden3,0.8537383079528809
2,20260927,2016-04,hidden1-hidden2,0.8625941872596741
2,20260927,2016-04,hidden2-hidden3,0.8751692771911621
2,20260927,2016-05,hidden1-hidden2,0.8781564235687256
2,20260927,2016-05,hidden2-hidden3,0.878893256187439
2,20260927,2016-06,hidden1-hidden2,0.8731873035430908
2,20260927,2016-06,hidden2-hidden3,0.876723051071167
2,20260927,2016-07,hidden1-hidden2,0.8633970022201538
2,20260927,2016-07,hidden2-hidden3,0.8608342409133911
2,20260927,2016-08,hidden1-hidden2,0.861148476600647
2,20260927,2016-08,hidden2-hidden3,0.8696427345275879
2,20260927,2016-09,hidden1-hidden2,0.8712616562843323
2,20260927,2016-09,hidden2-hidden3,0.8837504982948303
2,20260927,2016-10,hidden1-hidden2,0.8726556897163391
2,20260927,2016-10,hidden2-hidden3,0.8846004009246826
2,20260927,2016-11,hidden1-hidden2,0.8755142092704773
2,20260927,2016-11,hidden2-hidden3,0.881817102432251
2,20260927,2016-12,hidden1-hidden2,0.8642506003379822
2,20260927,2016-12,hidden2-hidden3,0.8700142502784729
2,20260927,2017-01,hidden1-hidden2,0.8646872639656067
2,20260927,2017-01,hidden2-hidden3,0.8653469681739807
2,20260927,2017-02,hidden1-hidden2,0.8630570769309998
2,20260927,2017-02,hidden2-hidden3,0.8518593907356262
2,20260927,2017-03,hidden1-hidden2,0.8673506379127502
2,20260927,2017-03,hidden2-hidden3,0.8721031546592712
2,20260927,2017-04,hidden1-hidden2,0.8635995388031006
2,20260927,2017-04,hidden2-hidden3,0.8478771448135376
2,20260927,2017-05,hidden1-hidden2,0.8628261685371399
2,20260927,2017-05,hidden2-hidden3,0.8590885400772095
2,20260927,2017-06,hidden1-hidden2,0.8624889850616455
2,20260927,2017-06,hidden2-hidden3,0.8406716585159302
2,20260927,2017-07,hidden1-hidden2,0.858721911907196
2,20260927,2017-07,hidden2-hidden3,0.8718541860580444
2,20260927,2017-08,hidden1-hidden2,0.8741348385810852
2,20260927,2017-08,hidden2-hidden3,0.87398362159729
2,20260927,2017-09,hidden1-hidden2,0.8620278835296631
2,20260927,2017-09,hidden2-hidden3,0.8633988499641418
2,20260927,2017-10,hidden1-hidden2,0.8643105626106262
2,20260927,2017-10,hidden2-hidden3,0.8634932041168213
2,20260927,2017-11,hidden1-hidden2,0.8618545532226562
2,20260927,2017-11,hidden2-hidden3,0.859736442565918
2,20260927,2017-12,hidden1-hidden2,0.863140344619751
2,20260927,2017-12,hidden2-hidden3,0.8670518398284912
2,20260927,2018-01,hidden1-hidden2,0.8570026159286499
2,20260927,2018-01,hidden2-hidden3,0.8623378872871399
2,20260927,2018-02,hidden1-hidden2,0.8698968291282654
2,20260927,2018-02,hidden2-hidden3,0.8788216710090637
2,20260927,2018-03,hidden1-hidden2,0.8547878265380859
2,20260927,2018-03,hidden2-hidden3,0.857021152973175
2,20260927,2018-04,hidden1-hidden2,0.8617616891860962
2,20260927,2018-04,hidden2-hidden3,0.839697539806366
2,20260927,2018-05,hidden1-hidden2,0.866382360458374
2,20260927,2018-05,hidden2-hidden3,0.8858288526535034
2,20260927,2018-06,hidden1-hidden2,0.8587356209754944
2,20260927,2018-06,hidden2-hidden3,0.8661587834358215
2,20260927,2018-07,hidden1-hidden2,0.862683117389679
2,20260927,2018-07,hidden2-hidden3,0.8560725450515747
2,20260927,2018-08,hidden1-hidden2,0.8613124489784241
2,20260927,2018-08,hidden2-hidden3,0.8700671195983887
2,20260927,2018-09,hidden1-hidden2,0.8529610633850098
2,20260927,2018-09,hidden2-hidden3,0.8615702390670776
2,20260927,2018-10,hidden1-hidden2,0.8626939058303833
2,20260927,2018-10,hidden2-hidden3,0.8738091588020325
2,20260927,2018-11,hidden1-hidden2,0.86240154504776
2,20260927,2018-11,hidden2-hidden3,0.8592929840087891
2,20260927,2018-12,hidden1-hidden2,0.8604048490524292
2,20260927,2018-12,hidden2-hidden3,0.8612067103385925
2,20260927,2019-01,hidden1-hidden2,0.8582669496536255
2,20260927,2019-01,hidden2-hidden3,0.8627892136573792
2,20260927,2019-02,hidden1-hidden2,0.8640316724777222
2,20260927,2019-02,hidden2-hidden3,0.8703044652938843
2,20260927,2019-03,hidden1-hidden2,0.8688740134239197
2,20260927,2019-03,hidden2-hidden3,0.877550482749939
2,20260927,2019-04,hidden1-hidden2,0.8690300583839417
2,20260927,2019-04,hidden2-hidden3,0.8630824685096741
2,20260927,2019-05,hidden1-hidden2,0.8614385724067688
2,20260927,2019-05,hidden2-hidden3,0.8643549680709839
2,20260927,2019-06,hidden1-hidden2,0.8560988306999207
2,20260927,2019-06,hidden2-hidden3,0.8718016147613525
2,20260927,2019-07,hidden1-hidden2,0.8800575137138367
2,20260927,2019-07,hidden2-hidden3,0.855087399482727
2,20260927,2019-08,hidden1-hidden2,0.8638159036636353
2,20260927,2019-08,hidden2-hidden3,0.8630876541137695
2,20260927,2019-09,hidden1-hidden2,0.865077555179596
2,20260927,2019-09,hidden2-hidden3,0.8680155873298645
2,20260927,2019-10,hidden1-hidden2,0.8591251373291016
2,20260927,2019-10,hidden2-hidden3,0.8409354090690613
2,20260927,2019-11,hidden1-hidden2,0.8592547178268433
2,20260927,2019-11,hidden2-hidden3,0.8631564378738403
2,20260927,2019-12,hidden1-hidden2,0.8628638982772827
2,20260927,2019-12,hidden2-hidden3,0.876095175743103
2,20260928,2010-01,hidden1-hidden2,0.8934110999107361
2,20260928,2010-01,hidden2-hidden3,0.7570543885231018
2,20260928,2010-02,hidden1-hidden2,0.898762583732605
2,20260928,2010-02,hidden2-hidden3,0.7783647775650024
2,20260928,2010-03,hidden1-hidden2,0.8937364220619202
2,20260928,2010-03,hidden2-hidden3,0.8014136552810669
2,20260928,2010-04,hidden1-hidden2,0.8813692927360535
2,20260928,2010-04,hidden2-hidden3,0.7738406658172607
2,20260928,2010-05,hidden1-hidden2,0.8938719034194946
2,20260928,2010-05,hidden2-hidden3,0.7818037271499634
2,20260928,2010-06,hidden1-hidden2,0.8908979296684265
2,20260928,2010-06,hidden2-hidden3,0.7824636697769165
2,20260928,2010-07,hidden1-hidden2,0.8896229863166809
2,20260928,2010-07,hidden2-hidden3,0.7780230641365051
2,20260928,2010-08,hidden1-hidden2,0.8844900131225586
2,20260928,2010-08,hidden2-hidden3,0.7871215343475342
2,20260928,2010-09,hidden1-hidden2,0.8818464875221252
2,20260928,2010-09,hidden2-hidden3,0.7987285852432251
2,20260928,2010-10,hidden1-hidden2,0.8890271186828613
2,20260928,2010-10,hidden2-hidden3,0.7896323204040527
2,20260928,2010-11,hidden1-hidden2,0.8827488422393799
2,20260928,2010-11,hidden2-hidden3,0.7983027100563049
2,20260928,2010-12,hidden1-hidden2,0.8812760710716248
2,20260928,2010-12,hidden2-hidden3,0.7812575101852417
2,20260928,2011-01,hidden1-hidden2,0.8807927370071411
2,20260928,2011-01,hidden2-hidden3,0.7778809666633606
2,20260928,2011-02,hidden1-hidden2,0.8897264003753662
2,20260928,2011-02,hidden2-hidden3,0.7892657518386841
2,20260928,2011-03,hidden1-hidden2,0.8866895437240601
2,20260928,2011-03,hidden2-hidden3,0.7752119302749634
2,20260928,2011-04,hidden1-hidden2,0.8824238777160645
2,20260928,2011-04,hidden2-hidden3,0.7753639817237854
2,20260928,2011-05,hidden1-hidden2,0.8905481696128845
2,20260928,2011-05,hidden2-hidden3,0.7900575995445251
2,20260928,2011-06,hidden1-hidden2,0.8701091408729553
2,20260928,2011-06,hidden2-hidden3,0.7886080145835876
2,20260928,2011-07,hidden1-hidden2,0.8869738578796387
2,20260928,2011-07,hidden2-hidden3,0.7913274168968201
2,20260928,2011-08,hidden1-hidden2,0.8819918036460876
2,20260928,2011-08,hidden2-hidden3,0.8010943531990051
2,20260928,2011-09,hidden1-hidden2,0.8816076517105103
2,20260928,2011-09,hidden2-hidden3,0.8042815923690796
2,20260928,2011-10,hidden1-hidden2,0.8692135810852051
2,20260928,2011-10,hidden2-hidden3,0.7995436191558838
2,20260928,2011-11,hidden1-hidden2,0.8834130167961121
2,20260928,2011-11,hidden2-hidden3,0.7911977171897888
2,20260928,2011-12,hidden1-hidden2,0.8731870651245117
2,20260928,2011-12,hidden2-hidden3,0.8136508464813232
2,20260928,2012-01,hidden1-hidden2,0.877346932888031
2,20260928,2012-01,hidden2-hidden3,0.8051820993423462
2,20260928,2012-02,hidden1-hidden2,0.8822793364524841
2,20260928,2012-02,hidden2-hidden3,0.8154948353767395
2,20260928,2012-03,hidden1-hidden2,0.8962156772613525
2,20260928,2012-03,hidden2-hidden3,0.826676607131958
2,20260928,2012-04,hidden1-hidden2,0.876775860786438
2,20260928,2012-04,hidden2-hidden3,0.8053888082504272
2,20260928,2012-05,hidden1-hidden2,0.8814513087272644
2,20260928,2012-05,hidden2-hidden3,0.8146440386772156
2,20260928,2012-06,hidden1-hidden2,0.8836552500724792
2,20260928,2012-06,hidden2-hidden3,0.8178350329399109
2,20260928,2012-07,hidden1-hidden2,0.8836833238601685
2,20260928,2012-07,hidden2-hidden3,0.825624406337738
2,20260928,2012-08,hidden1-hidden2,0.8819156289100647
2,20260928,2012-08,hidden2-hidden3,0.8279138207435608
2,20260928,2012-09,hidden1-hidden2,0.8803720474243164
2,20260928,2012-09,hidden2-hidden3,0.8130205869674683
2,20260928,2012-10,hidden1-hidden2,0.8826699256896973
2,20260928,2012-10,hidden2-hidden3,0.8105886578559875
2,20260928,2012-11,hidden1-hidden2,0.8837085962295532
2,20260928,2012-11,hidden2-hidden3,0.8294993042945862
2,20260928,2012-12,hidden1-hidden2,0.8675563335418701
2,20260928,2012-12,hidden2-hidden3,0.8206786513328552
2,20260928,2013-01,hidden1-hidden2,0.8852948546409607
2,20260928,2013-01,hidden2-hidden3,0.8263794183731079
2,20260928,2013-02,hidden1-hidden2,0.876787543296814
2,20260928,2013-02,hidden2-hidden3,0.8139557838439941
2,20260928,2013-03,hidden1-hidden2,0.8725228905677795
2,20260928,2013-03,hidden2-hidden3,0.8186609148979187
2,20260928,2013-04,hidden1-hidden2,0.8787703514099121
2,20260928,2013-04,hidden2-hidden3,0.8068960309028625
2,20260928,2013-05,hidden1-hidden2,0.8936150670051575
2,20260928,2013-05,hidden2-hidden3,0.809188723564148
2,20260928,2013-06,hidden1-hidden2,0.8762420415878296
2,20260928,2013-06,hidden2-hidden3,0.8093985915184021
2,20260928,2013-07,hidden1-hidden2,0.8817523121833801
2,20260928,2013-07,hidden2-hidden3,0.814923107624054
2,20260928,2013-08,hidden1-hidden2,0.8861505389213562
2,20260928,2013-08,hidden2-hidden3,0.7937648296356201
2,20260928,2013-09,hidden1-hidden2,0.876027524471283
2,20260928,2013-09,hidden2-hidden3,0.7825903296470642
2,20260928,2013-10,hidden1-hidden2,0.8818233609199524
2,20260928,2013-10,hidden2-hidden3,0.7895082235336304
2,20260928,2013-11,hidden1-hidden2,0.8760221004486084
2,20260928,2013-11,hidden2-hidden3,0.7855509519577026
2,20260928,2013-12,hidden1-hidden2,0.8823614120483398
2,20260928,2013-12,hidden2-hidden3,0.7743664979934692
2,20260928,2014-01,hidden1-hidden2,0.8797305226325989
2,20260928,2014-01,hidden2-hidden3,0.7904642224311829
2,20260928,2014-02,hidden1-hidden2,0.8816832900047302
2,20260928,2014-02,hidden2-hidden3,0.8031613230705261
2,20260928,2014-03,hidden1-hidden2,0.8769097328186035
2,20260928,2014-03,hidden2-hidden3,0.801574170589447
2,20260928,2014-04,hidden1-hidden2,0.8938789367675781
2,20260928,2014-04,hidden2-hidden3,0.7552272081375122
2,20260928,2014-05,hidden1-hidden2,0.8854653835296631
2,20260928,2014-05,hidden2-hidden3,0.7732317447662354
2,20260928,2014-06,hidden1-hidden2,0.8785487413406372
2,20260928,2014-06,hidden2-hidden3,0.7705899477005005
2,20260928,2014-07,hidden1-hidden2,0.8812959790229797
2,20260928,2014-07,hidden2-hidden3,0.8093284368515015
2,20260928,2014-08,hidden1-hidden2,0.8882806897163391
2,20260928,2014-08,hidden2-hidden3,0.806300163269043
2,20260928,2014-09,hidden1-hidden2,0.8831249475479126
2,20260928,2014-09,hidden2-hidden3,0.7939770817756653
2,20260928,2014-10,hidden1-hidden2,0.8927494883537292
2,20260928,2014-10,hidden2-hidden3,0.8003966212272644
2,20260928,2014-11,hidden1-hidden2,0.8873410820960999
2,20260928,2014-11,hidden2-hidden3,0.8069272041320801
2,20260928,2014-12,hidden1-hidden2,0.8844161629676819
2,20260928,2014-12,hidden2-hidden3,0.7994490265846252
2,20260928,2015-01,hidden1-hidden2,0.8760923743247986
2,20260928,2015-01,hidden2-hidden3,0.8104854822158813
2,20260928,2015-02,hidden1-hidden2,0.8838516473770142
2,20260928,2015-02,hidden2-hidden3,0.8165180683135986
2,20260928,2015-03,hidden1-hidden2,0.8947258591651917
2,20260928,2015-03,hidden2-hidden3,0.8179994225502014
2,20260928,2015-04,hidden1-hidden2,0.876087486743927
2,20260928,2015-04,hidden2-hidden3,0.8121635317802429
2,20260928,2015-05,hidden1-hidden2,0.8840675354003906
2,20260928,2015-05,hidden2-hidden3,0.8059128522872925
2,20260928,2015-06,hidden1-hidden2,0.8826220631599426
2,20260928,2015-06,hidden2-hidden3,0.7909038662910461
2,20260928,2015-07,hidden1-hidden2,0.8780717253684998
2,20260928,2015-07,hidden2-hidden3,0.8029868006706238
2,20260928,2015-08,hidden1-hidden2,0.8830082416534424
2,20260928,2015-08,hidden2-hidden3,0.8164385557174683
2,20260928,2015-09,hidden1-hidden2,0.87578946352005
2,20260928,2015-09,hidden2-hidden3,0.8103910684585571
2,20260928,2015-10,hidden1-hidden2,0.8842113614082336
2,20260928,2015-10,hidden2-hidden3,0.8149470686912537
2,20260928,2015-11,hidden1-hidden2,0.8755350112915039
2,20260928,2015-11,hidden2-hidden3,0.7984298467636108
2,20260928,2015-12,hidden1-hidden2,0.8799160122871399
2,20260928,2015-12,hidden2-hidden3,0.8179072141647339
2,20260928,2016-01,hidden1-hidden2,0.8809295296669006
2,20260928,2016-01,hidden2-hidden3,0.8428015112876892
2,20260928,2016-02,hidden1-hidden2,0.8854178190231323
2,20260928,2016-02,hidden2-hidden3,0.824199914932251
2,20260928,2016-03,hidden1-hidden2,0.875130832195282
2,20260928,2016-03,hidden2-hidden3,0.8165771961212158
2,20260928,2016-04,hidden1-hidden2,0.884478747844696
2,20260928,2016-04,hidden2-hidden3,0.8384346961975098
2,20260928,2016-05,hidden1-hidden2,0.8941630125045776
2,20260928,2016-05,hidden2-hidden3,0.8317314982414246
2,20260928,2016-06,hidden1-hidden2,0.8956955075263977
2,20260928,2016-06,hidden2-hidden3,0.8238605260848999
2,20260928,2016-07,hidden1-hidden2,0.8950664401054382
2,20260928,2016-07,hidden2-hidden3,0.8264439105987549
2,20260928,2016-08,hidden1-hidden2,0.896713376045227
2,20260928,2016-08,hidden2-hidden3,0.8286070227622986
2,20260928,2016-09,hidden1-hidden2,0.8956220149993896
2,20260928,2016-09,hidden2-hidden3,0.8069499135017395
2,20260928,2016-10,hidden1-hidden2,0.8958202600479126
2,20260928,2016-10,hidden2-hidden3,0.816207230091095
2,20260928,2016-11,hidden1-hidden2,0.8933202624320984
2,20260928,2016-11,hidden2-hidden3,0.8218308687210083
2,20260928,2016-12,hidden1-hidden2,0.8924669027328491
2,20260928,2016-12,hidden2-hidden3,0.7922897934913635
2,20260928,2017-01,hidden1-hidden2,0.8971402049064636
2,20260928,2017-01,hidden2-hidden3,0.8272903561592102
2,20260928,2017-02,hidden1-hidden2,0.8893908262252808
2,20260928,2017-02,hidden2-hidden3,0.8185688853263855
2,20260928,2017-03,hidden1-hidden2,0.8927026987075806
2,20260928,2017-03,hidden2-hidden3,0.8258169293403625
2,20260928,2017-04,hidden1-hidden2,0.8838948011398315
2,20260928,2017-04,hidden2-hidden3,0.8128709197044373
2,20260928,2017-05,hidden1-hidden2,0.8874161243438721
2,20260928,2017-05,hidden2-hidden3,0.8274507522583008
2,20260928,2017-06,hidden1-hidden2,0.8860189914703369
2,20260928,2017-06,hidden2-hidden3,0.8040496706962585
2,20260928,2017-07,hidden1-hidden2,0.8834981918334961
2,20260928,2017-07,hidden2-hidden3,0.8138492107391357
2,20260928,2017-08,hidden1-hidden2,0.8895041942596436
2,20260928,2017-08,hidden2-hidden3,0.8172814249992371
2,20260928,2017-09,hidden1-hidden2,0.883371114730835
2,20260928,2017-09,hidden2-hidden3,0.8038976192474365
2,20260928,2017-10,hidden1-hidden2,0.8888635039329529
2,20260928,2017-10,hidden2-hidden3,0.8125621676445007
2,20260928,2017-11,hidden1-hidden2,0.8860784769058228
2,20260928,2017-11,hidden2-hidden3,0.8035962581634521
2,20260928,2017-12,hidden1-hidden2,0.8869826793670654
2,20260928,2017-12,hidden2-hidden3,0.7989736199378967
2,20260928,2018-01,hidden1-hidden2,0.8746750950813293
2,20260928,2018-01,hidden2-hidden3,0.8130179047584534
2,20260928,2018-02,hidden1-hidden2,0.884423553943634
2,20260928,2018-02,hidden2-hidden3,0.8000730276107788
2,20260928,2018-03,hidden1-hidden2,0.8757549524307251
2,20260928,2018-03,hidden2-hidden3,0.7778307795524597
2,20260928,2018-04,hidden1-hidden2,0.8811179995536804
2,20260928,2018-04,hidden2-hidden3,0.7593633532524109
2,20260928,2018-05,hidden1-hidden2,0.8857405185699463
2,20260928,2018-05,hidden2-hidden3,0.7956938743591309
2,20260928,2018-06,hidden1-hidden2,0.8819292783737183
2,20260928,2018-06,hidden2-hidden3,0.7990065813064575
2,20260928,2018-07,hidden1-hidden2,0.8761321306228638
2,20260928,2018-07,hidden2-hidden3,0.7756437063217163
2,20260928,2018-08,hidden1-hidden2,0.8725337982177734
2,20260928,2018-08,hidden2-hidden3,0.781406819820404
2,20260928,2018-09,hidden1-hidden2,0.8835442662239075
2,20260928,2018-09,hidden2-hidden3,0.7752100825309753
2,20260928,2018-10,hidden1-hidden2,0.8912683725357056
2,20260928,2018-10,hidden2-hidden3,0.7849616408348083
2,20260928,2018-11,hidden1-hidden2,0.8863223791122437
2,20260928,2018-11,hidden2-hidden3,0.7819552421569824
2,20260928,2018-12,hidden1-hidden2,0.8850274682044983
2,20260928,2018-12,hidden2-hidden3,0.7827540636062622
2,20260928,2019-01,hidden1-hidden2,0.8888886570930481
2,20260928,2019-01,hidden2-hidden3,0.7943240404129028
2,20260928,2019-02,hidden1-hidden2,0.8891898393630981
2,20260928,2019-02,hidden2-hidden3,0.8105884194374084
2,20260928,2019-03,hidden1-hidden2,0.9051267504692078
2,20260928,2019-03,hidden2-hidden3,0.8134414553642273
2,20260928,2019-04,hidden1-hidden2,0.9011780023574829
2,20260928,2019-04,hidden2-hidden3,0.797260046005249
2,20260928,2019-05,hidden1-hidden2,0.8863481879234314
2,20260928,2019-05,hidden2-hidden3,0.8134933710098267
2,20260928,2019-06,hidden1-hidden2,0.8919578790664673
2,20260928,2019-06,hidden2-hidden3,0.7848461270332336
2,20260928,2019-07,hidden1-hidden2,0.8874796628952026
2,20260928,2019-07,hidden2-hidden3,0.8061666488647461
2,20260928,2019-08,hidden1-hidden2,0.8875859975814819
2,20260928,2019-08,hidden2-hidden3,0.8054293394088745
2,20260928,2019-09,hidden1-hidden2,0.8840591907501221
2,20260928,2019-09,hidden2-hidden3,0.8121249079704285
2,20260928,2019-10,hidden1-hidden2,0.8857643008232117
2,20260928,2019-10,hidden2-hidden3,0.7999683618545532
2,20260928,2019-11,hidden1-hidden2,0.8837539553642273
2,20260928,2019-11,hidden2-hidden3,0.812161386013031
2,20260928,2019-12,hidden1-hidden2,0.8883568048477173
2,20260928,2019-12,hidden2-hidden3,0.8141648769378662
3,20260924,2010-01,hidden1-hidden2,0.8733687400817871
3,20260924,2010-01,hidden2-hidden3,0.8460167050361633
3,20260924,2010-02,hidden1-hidden2,0.8751246333122253
3,20260924,2010-02,hidden2-hidden3,0.8405020833015442
3,20260924,2010-03,hidden1-hidden2,0.8674038052558899
3,20260924,2010-03,hidden2-hidden3,0.8469153046607971
3,20260924,2010-04,hidden1-hidden2,0.8729985952377319
3,20260924,2010-04,hidden2-hidden3,0.8498420715332031
3,20260924,2010-05,hidden1-hidden2,0.8641775846481323
3,20260924,2010-05,hidden2-hidden3,0.8344878554344177
3,20260924,2010-06,hidden1-hidden2,0.8664535284042358
3,20260924,2010-06,hidden2-hidden3,0.8305956721305847
3,20260924,2010-07,hidden1-hidden2,0.8730712532997131
3,20260924,2010-07,hidden2-hidden3,0.8350260853767395
3,20260924,2010-08,hidden1-hidden2,0.8748577237129211
3,20260924,2010-08,hidden2-hidden3,0.8337552547454834
3,20260924,2010-09,hidden1-hidden2,0.8695952296257019
3,20260924,2010-09,hidden2-hidden3,0.8339367508888245
3,20260924,2010-10,hidden1-hidden2,0.8816826343536377
3,20260924,2010-10,hidden2-hidden3,0.8510755300521851
3,20260924,2010-11,hidden1-hidden2,0.8753046989440918
3,20260924,2010-11,hidden2-hidden3,0.8465631008148193
3,20260924,2010-12,hidden1-hidden2,0.8673830032348633
3,20260924,2010-12,hidden2-hidden3,0.8371056318283081
3,20260924,2011-01,hidden1-hidden2,0.8727177977561951
3,20260924,2011-01,hidden2-hidden3,0.8200604915618896
3,20260924,2011-02,hidden1-hidden2,0.8769603967666626
3,20260924,2011-02,hidden2-hidden3,0.8275711536407471
3,20260924,2011-03,hidden1-hidden2,0.8631674647331238
3,20260924,2011-03,hidden2-hidden3,0.8126822710037231
3,20260924,2011-04,hidden1-hidden2,0.8495094180107117
3,20260924,2011-04,hidden2-hidden3,0.8277804255485535
3,20260924,2011-05,hidden1-hidden2,0.8711242079734802
3,20260924,2011-05,hidden2-hidden3,0.8309767842292786
3,20260924,2011-06,hidden1-hidden2,0.8576321601867676
3,20260924,2011-06,hidden2-hidden3,0.8200367093086243
3,20260924,2011-07,hidden1-hidden2,0.8686553239822388
3,20260924,2011-07,hidden2-hidden3,0.8313850164413452
3,20260924,2011-08,hidden1-hidden2,0.8797941207885742
3,20260924,2011-08,hidden2-hidden3,0.8309227824211121
3,20260924,2011-09,hidden1-hidden2,0.8709746599197388
3,20260924,2011-09,hidden2-hidden3,0.8381967544555664
3,20260924,2011-10,hidden1-hidden2,0.8682651519775391
3,20260924,2011-10,hidden2-hidden3,0.834321141242981
3,20260924,2011-11,hidden1-hidden2,0.8761621117591858
3,20260924,2011-11,hidden2-hidden3,0.8388447761535645
3,20260924,2011-12,hidden1-hidden2,0.8776277303695679
3,20260924,2011-12,hidden2-hidden3,0.8483892679214478
3,20260924,2012-01,hidden1-hidden2,0.8636846542358398
3,20260924,2012-01,hidden2-hidden3,0.8386193513870239
3,20260924,2012-02,hidden1-hidden2,0.865183413028717
3,20260924,2012-02,hidden2-hidden3,0.8410536050796509
3,20260924,2012-03,hidden1-hidden2,0.8776214718818665
3,20260924,2012-03,hidden2-hidden3,0.8314400315284729
3,20260924,2012-04,hidden1-hidden2,0.8649068474769592
3,20260924,2012-04,hidden2-hidden3,0.8460710048675537
3,20260924,2012-05,hidden1-hidden2,0.8721994161605835
3,20260924,2012-05,hidden2-hidden3,0.8489090204238892
3,20260924,2012-06,hidden1-hidden2,0.8758127689361572
3,20260924,2012-06,hidden2-hidden3,0.8394873738288879
3,20260924,2012-07,hidden1-hidden2,0.8723398447036743
3,20260924,2012-07,hidden2-hidden3,0.8534418344497681
3,20260924,2012-08,hidden1-hidden2,0.8769824504852295
3,20260924,2012-08,hidden2-hidden3,0.8303998112678528
3,20260924,2012-09,hidden1-hidden2,0.8707291483879089
3,20260924,2012-09,hidden2-hidden3,0.8449403643608093
3,20260924,2012-10,hidden1-hidden2,0.8745657801628113
3,20260924,2012-10,hidden2-hidden3,0.8322926163673401
3,20260924,2012-11,hidden1-hidden2,0.8778329491615295
3,20260924,2012-11,hidden2-hidden3,0.8418424725532532
3,20260924,2012-12,hidden1-hidden2,0.8625097274780273
3,20260924,2012-12,hidden2-hidden3,0.8283422589302063
3,20260924,2013-01,hidden1-hidden2,0.8756975531578064
3,20260924,2013-01,hidden2-hidden3,0.8327880501747131
3,20260924,2013-02,hidden1-hidden2,0.874225378036499
3,20260924,2013-02,hidden2-hidden3,0.8421122431755066
3,20260924,2013-03,hidden1-hidden2,0.8661184906959534
3,20260924,2013-03,hidden2-hidden3,0.8218989372253418
3,20260924,2013-04,hidden1-hidden2,0.8659164905548096
3,20260924,2013-04,hidden2-hidden3,0.8360309600830078
3,20260924,2013-05,hidden1-hidden2,0.8737512230873108
3,20260924,2013-05,hidden2-hidden3,0.8427794575691223
3,20260924,2013-06,hidden1-hidden2,0.8650063276290894
3,20260924,2013-06,hidden2-hidden3,0.8414946794509888
3,20260924,2013-07,hidden1-hidden2,0.8555538058280945
3,20260924,2013-07,hidden2-hidden3,0.8368411660194397
3,20260924,2013-08,hidden1-hidden2,0.8761647343635559
3,20260924,2013-08,hidden2-hidden3,0.8325639963150024
3,20260924,2013-09,hidden1-hidden2,0.8762897849082947
3,20260924,2013-09,hidden2-hidden3,0.8151223659515381
3,20260924,2013-10,hidden1-hidden2,0.8699825406074524
3,20260924,2013-10,hidden2-hidden3,0.8201382160186768
3,20260924,2013-11,hidden1-hidden2,0.8662180304527283
3,20260924,2013-11,hidden2-hidden3,0.8356153964996338
3,20260924,2013-12,hidden1-hidden2,0.8696526885032654
3,20260924,2013-12,hidden2-hidden3,0.8335033059120178
3,20260924,2014-01,hidden1-hidden2,0.856624960899353
3,20260924,2014-01,hidden2-hidden3,0.8276011347770691
3,20260924,2014-02,hidden1-hidden2,0.8705707788467407
3,20260924,2014-02,hidden2-hidden3,0.8391093611717224
3,20260924,2014-03,hidden1-hidden2,0.8518358469009399
3,20260924,2014-03,hidden2-hidden3,0.8245452046394348
3,20260924,2014-04,hidden1-hidden2,0.8690530061721802
3,20260924,2014-04,hidden2-hidden3,0.8376049995422363
3,20260924,2014-05,hidden1-hidden2,0.8744430541992188
3,20260924,2014-05,hidden2-hidden3,0.8336622714996338
3,20260924,2014-06,hidden1-hidden2,0.869422197341919
3,20260924,2014-06,hidden2-hidden3,0.8401288986206055
3,20260924,2014-07,hidden1-hidden2,0.8682280778884888
3,20260924,2014-07,hidden2-hidden3,0.834516167640686
3,20260924,2014-08,hidden1-hidden2,0.8713353276252747
3,20260924,2014-08,hidden2-hidden3,0.8289372324943542
3,20260924,2014-09,hidden1-hidden2,0.8722548484802246
3,20260924,2014-09,hidden2-hidden3,0.8208853602409363
3,20260924,2014-10,hidden1-hidden2,0.87483811378479
3,20260924,2014-10,hidden2-hidden3,0.8209827542304993
3,20260924,2014-11,hidden1-hidden2,0.871029794216156
3,20260924,2014-11,hidden2-hidden3,0.8227948546409607
3,20260924,2014-12,hidden1-hidden2,0.8671882748603821
3,20260924,2014-12,hidden2-hidden3,0.8304126858711243
3,20260924,2015-01,hidden1-hidden2,0.8664268255233765
3,20260924,2015-01,hidden2-hidden3,0.8387884497642517
3,20260924,2015-02,hidden1-hidden2,0.8679680824279785
3,20260924,2015-02,hidden2-hidden3,0.833018958568573
3,20260924,2015-03,hidden1-hidden2,0.8792116045951843
3,20260924,2015-03,hidden2-hidden3,0.8303726315498352
3,20260924,2015-04,hidden1-hidden2,0.8606134057044983
3,20260924,2015-04,hidden2-hidden3,0.8517166972160339
3,20260924,2015-05,hidden1-hidden2,0.8640607595443726
3,20260924,2015-05,hidden2-hidden3,0.845245897769928
3,20260924,2015-06,hidden1-hidden2,0.8546894192695618
3,20260924,2015-06,hidden2-hidden3,0.8341415524482727
3,20260924,2015-07,hidden1-hidden2,0.8663637042045593
3,20260924,2015-07,hidden2-hidden3,0.8274675011634827
3,20260924,2015-08,hidden1-hidden2,0.8668062686920166
3,20260924,2015-08,hidden2-hidden3,0.8386447429656982
3,20260924,2015-09,hidden1-hidden2,0.8803355097770691
3,20260924,2015-09,hidden2-hidden3,0.8294917345046997
3,20260924,2015-10,hidden1-hidden2,0.8735659718513489
3,20260924,2015-10,hidden2-hidden3,0.8425107002258301
3,20260924,2015-11,hidden1-hidden2,0.8647392988204956
3,20260924,2015-11,hidden2-hidden3,0.8214715719223022
3,20260924,2015-12,hidden1-hidden2,0.8797289133071899
3,20260924,2015-12,hidden2-hidden3,0.8484822511672974
3,20260924,2016-01,hidden1-hidden2,0.8764643669128418
3,20260924,2016-01,hidden2-hidden3,0.8308378458023071
3,20260924,2016-02,hidden1-hidden2,0.8698458671569824
3,20260924,2016-02,hidden2-hidden3,0.8332706689834595
3,20260924,2016-03,hidden1-hidden2,0.8656647205352783
3,20260924,2016-03,hidden2-hidden3,0.8491225838661194
3,20260924,2016-04,hidden1-hidden2,0.8690064549446106
3,20260924,2016-04,hidden2-hidden3,0.8293660283088684
3,20260924,2016-05,hidden1-hidden2,0.8684139251708984
3,20260924,2016-05,hidden2-hidden3,0.8443287014961243
3,20260924,2016-06,hidden1-hidden2,0.8598772287368774
3,20260924,2016-06,hidden2-hidden3,0.8473209142684937
3,20260924,2016-07,hidden1-hidden2,0.8754974007606506
3,20260924,2016-07,hidden2-hidden3,0.8455275297164917
3,20260924,2016-08,hidden1-hidden2,0.8699092864990234
3,20260924,2016-08,hidden2-hidden3,0.8448100686073303
3,20260924,2016-09,hidden1-hidden2,0.8711627721786499
3,20260924,2016-09,hidden2-hidden3,0.848868191242218
3,20260924,2016-10,hidden1-hidden2,0.8682095408439636
3,20260924,2016-10,hidden2-hidden3,0.8387793302536011
3,20260924,2016-11,hidden1-hidden2,0.8662205338478088
3,20260924,2016-11,hidden2-hidden3,0.8261984586715698
3,20260924,2016-12,hidden1-hidden2,0.8683990836143494
3,20260924,2016-12,hidden2-hidden3,0.8346331119537354
3,20260924,2017-01,hidden1-hidden2,0.8622532486915588
3,20260924,2017-01,hidden2-hidden3,0.824373185634613
3,20260924,2017-02,hidden1-hidden2,0.8683998584747314
3,20260924,2017-02,hidden2-hidden3,0.8420718312263489
3,20260924,2017-03,hidden1-hidden2,0.8674755096435547
3,20260924,2017-03,hidden2-hidden3,0.8379717469215393
3,20260924,2017-04,hidden1-hidden2,0.8699498176574707
3,20260924,2017-04,hidden2-hidden3,0.8365352153778076
3,20260924,2017-05,hidden1-hidden2,0.8635256886482239
3,20260924,2017-05,hidden2-hidden3,0.841419517993927
3,20260924,2017-06,hidden1-hidden2,0.8677952885627747
3,20260924,2017-06,hidden2-hidden3,0.850959300994873
3,20260924,2017-07,hidden1-hidden2,0.865982174873352
3,20260924,2017-07,hidden2-hidden3,0.851961612701416
3,20260924,2017-08,hidden1-hidden2,0.8773638010025024
3,20260924,2017-08,hidden2-hidden3,0.8328199982643127
3,20260924,2017-09,hidden1-hidden2,0.8759005665779114
3,20260924,2017-09,hidden2-hidden3,0.8444300889968872
3,20260924,2017-10,hidden1-hidden2,0.8791178464889526
3,20260924,2017-10,hidden2-hidden3,0.828058123588562
3,20260924,2017-11,hidden1-hidden2,0.8725658655166626
3,20260924,2017-11,hidden2-hidden3,0.8303797245025635
3,20260924,2017-12,hidden1-hidden2,0.8721992373466492
3,20260924,2017-12,hidden2-hidden3,0.8555614948272705
3,20260924,2018-01,hidden1-hidden2,0.8608590960502625
3,20260924,2018-01,hidden2-hidden3,0.8316657543182373
3,20260924,2018-02,hidden1-hidden2,0.8677811026573181
3,20260924,2018-02,hidden2-hidden3,0.8409658074378967
3,20260924,2018-03,hidden1-hidden2,0.8642094135284424
3,20260924,2018-03,hidden2-hidden3,0.8296598792076111
3,20260924,2018-04,hidden1-hidden2,0.8649662733078003
3,20260924,2018-04,hidden2-hidden3,0.8341434597969055
3,20260924,2018-05,hidden1-hidden2,0.865559995174408
3,20260924,2018-05,hidden2-hidden3,0.8328639268875122
3,20260924,2018-06,hidden1-hidden2,0.8620882630348206
3,20260924,2018-06,hidden2-hidden3,0.8357917666435242
3,20260924,2018-07,hidden1-hidden2,0.8643600940704346
3,20260924,2018-07,hidden2-hidden3,0.8293169140815735
3,20260924,2018-08,hidden1-hidden2,0.863792359828949
3,20260924,2018-08,hidden2-hidden3,0.8320311307907104
3,20260924,2018-09,hidden1-hidden2,0.866632878780365
3,20260924,2018-09,hidden2-hidden3,0.8486855030059814
3,20260924,2018-10,hidden1-hidden2,0.8591904640197754
3,20260924,2018-10,hidden2-hidden3,0.8494872450828552
3,20260924,2018-11,hidden1-hidden2,0.8628711104393005
3,20260924,2018-11,hidden2-hidden3,0.858486533164978
3,20260924,2018-12,hidden1-hidden2,0.8647059798240662
3,20260924,2018-12,hidden2-hidden3,0.840411365032196
3,20260924,2019-01,hidden1-hidden2,0.8593340516090393
3,20260924,2019-01,hidden2-hidden3,0.8430998921394348
3,20260924,2019-02,hidden1-hidden2,0.8704761862754822
3,20260924,2019-02,hidden2-hidden3,0.8464066982269287
3,20260924,2019-03,hidden1-hidden2,0.8688698410987854
3,20260924,2019-03,hidden2-hidden3,0.8570999503135681
3,20260924,2019-04,hidden1-hidden2,0.8647251725196838
3,20260924,2019-04,hidden2-hidden3,0.8532599210739136
3,20260924,2019-05,hidden1-hidden2,0.8744251132011414
3,20260924,2019-05,hidden2-hidden3,0.8513758182525635
3,20260924,2019-06,hidden1-hidden2,0.8705645203590393
3,20260924,2019-06,hidden2-hidden3,0.849880576133728
3,20260924,2019-07,hidden1-hidden2,0.8645409345626831
3,20260924,2019-07,hidden2-hidden3,0.8390007019042969
3,20260924,2019-08,hidden1-hidden2,0.8663836717605591
3,20260924,2019-08,hidden2-hidden3,0.8416019082069397
3,20260924,2019-09,hidden1-hidden2,0.8609851598739624
3,20260924,2019-09,hidden2-hidden3,0.8469793200492859
3,20260924,2019-10,hidden1-hidden2,0.8652835488319397
3,20260924,2019-10,hidden2-hidden3,0.8420969247817993
3,20260924,2019-11,hidden1-hidden2,0.8676138520240784
3,20260924,2019-11,hidden2-hidden3,0.8277986645698547
3,20260924,2019-12,hidden1-hidden2,0.8692942261695862
3,20260924,2019-12,hidden2-hidden3,0.8459934592247009
3,20260925,2010-01,hidden1-hidden2,0.8733047246932983
3,20260925,2010-01,hidden2-hidden3,0.8516274094581604
3,20260925,2010-02,hidden1-hidden2,0.8824819922447205
3,20260925,2010-02,hidden2-hidden3,0.8619899153709412
3,20260925,2010-03,hidden1-hidden2,0.8776468634605408
3,20260925,2010-03,hidden2-hidden3,0.870592474937439
3,20260925,2010-04,hidden1-hidden2,0.8705658912658691
3,20260925,2010-04,hidden2-hidden3,0.850840151309967
3,20260925,2010-05,hidden1-hidden2,0.879184365272522
3,20260925,2010-05,hidden2-hidden3,0.8615090847015381
3,20260925,2010-06,hidden1-hidden2,0.8839143514633179
3,20260925,2010-06,hidden2-hidden3,0.8684131503105164
3,20260925,2010-07,hidden1-hidden2,0.882228672504425
3,20260925,2010-07,hidden2-hidden3,0.8533961176872253
3,20260925,2010-08,hidden1-hidden2,0.8735905289649963
3,20260925,2010-08,hidden2-hidden3,0.8548868298530579
3,20260925,2010-09,hidden1-hidden2,0.8751302361488342
3,20260925,2010-09,hidden2-hidden3,0.8566805720329285
3,20260925,2010-10,hidden1-hidden2,0.8774726986885071
3,20260925,2010-10,hidden2-hidden3,0.8543227314949036
3,20260925,2010-11,hidden1-hidden2,0.8693676590919495
3,20260925,2010-11,hidden2-hidden3,0.8514606952667236
3,20260925,2010-12,hidden1-hidden2,0.877648651599884
3,20260925,2010-12,hidden2-hidden3,0.8513043522834778
3,20260925,2011-01,hidden1-hidden2,0.8833578824996948
3,20260925,2011-01,hidden2-hidden3,0.84895259141922
3,20260925,2011-02,hidden1-hidden2,0.8749870657920837
3,20260925,2011-02,hidden2-hidden3,0.8567467331886292
3,20260925,2011-03,hidden1-hidden2,0.8716988563537598
3,20260925,2011-03,hidden2-hidden3,0.8620806932449341
3,20260925,2011-04,hidden1-hidden2,0.8754204511642456
3,20260925,2011-04,hidden2-hidden3,0.8559719920158386
3,20260925,2011-05,hidden1-hidden2,0.8790945410728455
3,20260925,2011-05,hidden2-hidden3,0.8606286644935608
3,20260925,2011-06,hidden1-hidden2,0.8724310994148254
3,20260925,2011-06,hidden2-hidden3,0.8382584452629089
3,20260925,2011-07,hidden1-hidden2,0.8832435607910156
3,20260925,2011-07,hidden2-hidden3,0.8547016382217407
3,20260925,2011-08,hidden1-hidden2,0.8769465088844299
3,20260925,2011-08,hidden2-hidden3,0.8578687906265259
3,20260925,2011-09,hidden1-hidden2,0.8712311387062073
3,20260925,2011-09,hidden2-hidden3,0.8504278063774109
3,20260925,2011-10,hidden1-hidden2,0.8604985475540161
3,20260925,2011-10,hidden2-hidden3,0.8443073630332947
3,20260925,2011-11,hidden1-hidden2,0.8592000007629395
3,20260925,2011-11,hidden2-hidden3,0.8355090618133545
3,20260925,2011-12,hidden1-hidden2,0.8623900413513184
3,20260925,2011-12,hidden2-hidden3,0.8430415391921997
3,20260925,2012-01,hidden1-hidden2,0.864035427570343
3,20260925,2012-01,hidden2-hidden3,0.8485490083694458
3,20260925,2012-02,hidden1-hidden2,0.8597534894943237
3,20260925,2012-02,hidden2-hidden3,0.8429856896400452
3,20260925,2012-03,hidden1-hidden2,0.8683395385742188
3,20260925,2012-03,hidden2-hidden3,0.8493483066558838
3,20260925,2012-04,hidden1-hidden2,0.861291766166687
3,20260925,2012-04,hidden2-hidden3,0.8350159525871277
3,20260925,2012-05,hidden1-hidden2,0.8707664012908936
3,20260925,2012-05,hidden2-hidden3,0.8555876612663269
3,20260925,2012-06,hidden1-hidden2,0.8711912631988525
3,20260925,2012-06,hidden2-hidden3,0.8563966155052185
3,20260925,2012-07,hidden1-hidden2,0.8736430406570435
3,20260925,2012-07,hidden2-hidden3,0.8611938953399658
3,20260925,2012-08,hidden1-hidden2,0.8793823719024658
3,20260925,2012-08,hidden2-hidden3,0.8586017489433289
3,20260925,2012-09,hidden1-hidden2,0.8657185435295105
3,20260925,2012-09,hidden2-hidden3,0.8432408571243286
3,20260925,2012-10,hidden1-hidden2,0.8619439005851746
3,20260925,2012-10,hidden2-hidden3,0.8431304693222046
3,20260925,2012-11,hidden1-hidden2,0.8664765357971191
3,20260925,2012-11,hidden2-hidden3,0.8580559492111206
3,20260925,2012-12,hidden1-hidden2,0.8693630695343018
3,20260925,2012-12,hidden2-hidden3,0.8552340865135193
3,20260925,2013-01,hidden1-hidden2,0.8678205609321594
3,20260925,2013-01,hidden2-hidden3,0.8355792760848999
3,20260925,2013-02,hidden1-hidden2,0.8726024627685547
3,20260925,2013-02,hidden2-hidden3,0.8614540100097656
3,20260925,2013-03,hidden1-hidden2,0.8709573745727539
3,20260925,2013-03,hidden2-hidden3,0.8559843897819519
3,20260925,2013-04,hidden1-hidden2,0.8639357686042786
3,20260925,2013-04,hidden2-hidden3,0.855672299861908
3,20260925,2013-05,hidden1-hidden2,0.8659040331840515
3,20260925,2013-05,hidden2-hidden3,0.8571594953536987
3,20260925,2013-06,hidden1-hidden2,0.860343337059021
3,20260925,2013-06,hidden2-hidden3,0.8523677587509155
3,20260925,2013-07,hidden1-hidden2,0.8697488307952881
3,20260925,2013-07,hidden2-hidden3,0.856704831123352
3,20260925,2013-08,hidden1-hidden2,0.8687160015106201
3,20260925,2013-08,hidden2-hidden3,0.86126309633255
3,20260925,2013-09,hidden1-hidden2,0.8664144277572632
3,20260925,2013-09,hidden2-hidden3,0.8488243818283081
3,20260925,2013-10,hidden1-hidden2,0.863193154335022
3,20260925,2013-10,hidden2-hidden3,0.8557968735694885
3,20260925,2013-11,hidden1-hidden2,0.8659752607345581
3,20260925,2013-11,hidden2-hidden3,0.8593333959579468
3,20260925,2013-12,hidden1-hidden2,0.8732777237892151
3,20260925,2013-12,hidden2-hidden3,0.8505735993385315
3,20260925,2014-01,hidden1-hidden2,0.8641182780265808
3,20260925,2014-01,hidden2-hidden3,0.8502420783042908
3,20260925,2014-02,hidden1-hidden2,0.8709248900413513
3,20260925,2014-02,hidden2-hidden3,0.8649869561195374
3,20260925,2014-03,hidden1-hidden2,0.8635224103927612
3,20260925,2014-03,hidden2-hidden3,0.8658227920532227
3,20260925,2014-04,hidden1-hidden2,0.8611008524894714
3,20260925,2014-04,hidden2-hidden3,0.8533803224563599
3,20260925,2014-05,hidden1-hidden2,0.8752648830413818
3,20260925,2014-05,hidden2-hidden3,0.8435875177383423
3,20260925,2014-06,hidden1-hidden2,0.8641632199287415
3,20260925,2014-06,hidden2-hidden3,0.8531444668769836
3,20260925,2014-07,hidden1-hidden2,0.8655600547790527
3,20260925,2014-07,hidden2-hidden3,0.8617611527442932
3,20260925,2014-08,hidden1-hidden2,0.8677095770835876
3,20260925,2014-08,hidden2-hidden3,0.8686307072639465
3,20260925,2014-09,hidden1-hidden2,0.8743184804916382
3,20260925,2014-09,hidden2-hidden3,0.8562834858894348
3,20260925,2014-10,hidden1-hidden2,0.8672681450843811
3,20260925,2014-10,hidden2-hidden3,0.8576924204826355
3,20260925,2014-11,hidden1-hidden2,0.8544185757637024
3,20260925,2014-11,hidden2-hidden3,0.8574121594429016
3,20260925,2014-12,hidden1-hidden2,0.8629131317138672
3,20260925,2014-12,hidden2-hidden3,0.8585007786750793
3,20260925,2015-01,hidden1-hidden2,0.8610802292823792
3,20260925,2015-01,hidden2-hidden3,0.8479326367378235
3,20260925,2015-02,hidden1-hidden2,0.8584076762199402
3,20260925,2015-02,hidden2-hidden3,0.8637338876724243
3,20260925,2015-03,hidden1-hidden2,0.8618626594543457
3,20260925,2015-03,hidden2-hidden3,0.8632526397705078
3,20260925,2015-04,hidden1-hidden2,0.8578006029129028
3,20260925,2015-04,hidden2-hidden3,0.8595103621482849
3,20260925,2015-05,hidden1-hidden2,0.8559707403182983
3,20260925,2015-05,hidden2-hidden3,0.8546402454376221
3,20260925,2015-06,hidden1-hidden2,0.8576391935348511
3,20260925,2015-06,hidden2-hidden3,0.8508052825927734
3,20260925,2015-07,hidden1-hidden2,0.8652243614196777
3,20260925,2015-07,hidden2-hidden3,0.8633140921592712
3,20260925,2015-08,hidden1-hidden2,0.8691124320030212
3,20260925,2015-08,hidden2-hidden3,0.8584650158882141
3,20260925,2015-09,hidden1-hidden2,0.8579813838005066
3,20260925,2015-09,hidden2-hidden3,0.854485273361206
3,20260925,2015-10,hidden1-hidden2,0.8680622577667236
3,20260925,2015-10,hidden2-hidden3,0.857464611530304
3,20260925,2015-11,hidden1-hidden2,0.8669533133506775
3,20260925,2015-11,hidden2-hidden3,0.8456709384918213
3,20260925,2015-12,hidden1-hidden2,0.8532353639602661
3,20260925,2015-12,hidden2-hidden3,0.849129319190979
3,20260925,2016-01,hidden1-hidden2,0.8712872266769409
3,20260925,2016-01,hidden2-hidden3,0.874064028263092
3,20260925,2016-02,hidden1-hidden2,0.8567184209823608
3,20260925,2016-02,hidden2-hidden3,0.8545690178871155
3,20260925,2016-03,hidden1-hidden2,0.8530462384223938
3,20260925,2016-03,hidden2-hidden3,0.8486388325691223
3,20260925,2016-04,hidden1-hidden2,0.8598891496658325
3,20260925,2016-04,hidden2-hidden3,0.8602840304374695
3,20260925,2016-05,hidden1-hidden2,0.8672816157341003
3,20260925,2016-05,hidden2-hidden3,0.8850759863853455
3,20260925,2016-06,hidden1-hidden2,0.8719258308410645
3,20260925,2016-06,hidden2-hidden3,0.8742587566375732
3,20260925,2016-07,hidden1-hidden2,0.8702232241630554
3,20260925,2016-07,hidden2-hidden3,0.8677895665168762
3,20260925,2016-08,hidden1-hidden2,0.8733234405517578
3,20260925,2016-08,hidden2-hidden3,0.8638883233070374
3,20260925,2016-09,hidden1-hidden2,0.8702777028083801
3,20260925,2016-09,hidden2-hidden3,0.8623261451721191
3,20260925,2016-10,hidden1-hidden2,0.8746040463447571
3,20260925,2016-10,hidden2-hidden3,0.8744816184043884
3,20260925,2016-11,hidden1-hidden2,0.8709092736244202
3,20260925,2016-11,hidden2-hidden3,0.8720325827598572
3,20260925,2016-12,hidden1-hidden2,0.8679543733596802
3,20260925,2016-12,hidden2-hidden3,0.8562126159667969
3,20260925,2017-01,hidden1-hidden2,0.8602694272994995
3,20260925,2017-01,hidden2-hidden3,0.8613226413726807
3,20260925,2017-02,hidden1-hidden2,0.858505129814148
3,20260925,2017-02,hidden2-hidden3,0.8503975868225098
3,20260925,2017-03,hidden1-hidden2,0.8729937076568604
3,20260925,2017-03,hidden2-hidden3,0.8768746256828308
3,20260925,2017-04,hidden1-hidden2,0.8687804341316223
3,20260925,2017-04,hidden2-hidden3,0.8696746826171875
3,20260925,2017-05,hidden1-hidden2,0.8719333410263062
3,20260925,2017-05,hidden2-hidden3,0.8705386519432068
3,20260925,2017-06,hidden1-hidden2,0.8694366216659546
3,20260925,2017-06,hidden2-hidden3,0.8631574511528015
3,20260925,2017-07,hidden1-hidden2,0.8769863247871399
3,20260925,2017-07,hidden2-hidden3,0.8749741315841675
3,20260925,2017-08,hidden1-hidden2,0.8726120591163635
3,20260925,2017-08,hidden2-hidden3,0.8783500790596008
3,20260925,2017-09,hidden1-hidden2,0.8681307435035706
3,20260925,2017-09,hidden2-hidden3,0.8704260587692261
3,20260925,2017-10,hidden1-hidden2,0.872515082359314
3,20260925,2017-10,hidden2-hidden3,0.8659859895706177
3,20260925,2017-11,hidden1-hidden2,0.8687424063682556
3,20260925,2017-11,hidden2-hidden3,0.8687496185302734
3,20260925,2017-12,hidden1-hidden2,0.8760988712310791
3,20260925,2017-12,hidden2-hidden3,0.8765928745269775
3,20260925,2018-01,hidden1-hidden2,0.8712831735610962
3,20260925,2018-01,hidden2-hidden3,0.8688769936561584
3,20260925,2018-02,hidden1-hidden2,0.8695319890975952
3,20260925,2018-02,hidden2-hidden3,0.8685835003852844
3,20260925,2018-03,hidden1-hidden2,0.8721711039543152
3,20260925,2018-03,hidden2-hidden3,0.8667629957199097
3,20260925,2018-04,hidden1-hidden2,0.8666032552719116
3,20260925,2018-04,hidden2-hidden3,0.8560972809791565
3,20260925,2018-05,hidden1-hidden2,0.8817769885063171
3,20260925,2018-05,hidden2-hidden3,0.8684816360473633
3,20260925,2018-06,hidden1-hidden2,0.8772619962692261
3,20260925,2018-06,hidden2-hidden3,0.8652881383895874
3,20260925,2018-07,hidden1-hidden2,0.873170018196106
3,20260925,2018-07,hidden2-hidden3,0.8605192303657532
3,20260925,2018-08,hidden1-hidden2,0.8761726021766663
3,20260925,2018-08,hidden2-hidden3,0.8671783804893494
3,20260925,2018-09,hidden1-hidden2,0.8721530437469482
3,20260925,2018-09,hidden2-hidden3,0.8558169603347778
3,20260925,2018-10,hidden1-hidden2,0.8650341033935547
3,20260925,2018-10,hidden2-hidden3,0.865429699420929
3,20260925,2018-11,hidden1-hidden2,0.8784806728363037
3,20260925,2018-11,hidden2-hidden3,0.8657234907150269
3,20260925,2018-12,hidden1-hidden2,0.8656085133552551
3,20260925,2018-12,hidden2-hidden3,0.8614683747291565
3,20260925,2019-01,hidden1-hidden2,0.8631210923194885
3,20260925,2019-01,hidden2-hidden3,0.8538519740104675
3,20260925,2019-02,hidden1-hidden2,0.8630009293556213
3,20260925,2019-02,hidden2-hidden3,0.8721497654914856
3,20260925,2019-03,hidden1-hidden2,0.878453254699707
3,20260925,2019-03,hidden2-hidden3,0.879885196685791
3,20260925,2019-04,hidden1-hidden2,0.872452437877655
3,20260925,2019-04,hidden2-hidden3,0.8626693487167358
3,20260925,2019-05,hidden1-hidden2,0.880406379699707
3,20260925,2019-05,hidden2-hidden3,0.8700503706932068
3,20260925,2019-06,hidden1-hidden2,0.8683153390884399
3,20260925,2019-06,hidden2-hidden3,0.8684056401252747
3,20260925,2019-07,hidden1-hidden2,0.8773002624511719
3,20260925,2019-07,hidden2-hidden3,0.8705151677131653
3,20260925,2019-08,hidden1-hidden2,0.8704186677932739
3,20260925,2019-08,hidden2-hidden3,0.8814053535461426
3,20260925,2019-09,hidden1-hidden2,0.8711549639701843
3,20260925,2019-09,hidden2-hidden3,0.8683055639266968
3,20260925,2019-10,hidden1-hidden2,0.8661792874336243
3,20260925,2019-10,hidden2-hidden3,0.8640540838241577
3,20260925,2019-11,hidden1-hidden2,0.8635233044624329
3,20260925,2019-11,hidden2-hidden3,0.8647732734680176
3,20260925,2019-12,hidden1-hidden2,0.8760449290275574
3,20260925,2019-12,hidden2-hidden3,0.869185209274292
3,20260926,2010-01,hidden1-hidden2,0.9034848809242249
3,20260926,2010-01,hidden2-hidden3,0.8800985813140869
3,20260926,2010-02,hidden1-hidden2,0.9002441763877869
3,20260926,2010-02,hidden2-hidden3,0.8950281143188477
3,20260926,2010-03,hidden1-hidden2,0.898546040058136
3,20260926,2010-03,hidden2-hidden3,0.8842214345932007
3,20260926,2010-04,hidden1-hidden2,0.8951826095581055
3,20260926,2010-04,hidden2-hidden3,0.8820213079452515
3,20260926,2010-05,hidden1-hidden2,0.9009954333305359
3,20260926,2010-05,hidden2-hidden3,0.8798373937606812
3,20260926,2010-06,hidden1-hidden2,0.897440493106842
3,20260926,2010-06,hidden2-hidden3,0.8743505477905273
3,20260926,2010-07,hidden1-hidden2,0.8978235125541687
3,20260926,2010-07,hidden2-hidden3,0.8763673305511475
3,20260926,2010-08,hidden1-hidden2,0.8910078406333923
3,20260926,2010-08,hidden2-hidden3,0.8690431118011475
3,20260926,2010-09,hidden1-hidden2,0.8941128253936768
3,20260926,2010-09,hidden2-hidden3,0.8725478053092957
3,20260926,2010-10,hidden1-hidden2,0.9012989401817322
3,20260926,2010-10,hidden2-hidden3,0.8814550638198853
3,20260926,2010-11,hidden1-hidden2,0.9075454473495483
3,20260926,2010-11,hidden2-hidden3,0.8758777976036072
3,20260926,2010-12,hidden1-hidden2,0.8997520804405212
3,20260926,2010-12,hidden2-hidden3,0.8728837370872498
3,20260926,2011-01,hidden1-hidden2,0.8982008695602417
3,20260926,2011-01,hidden2-hidden3,0.8701192736625671
3,20260926,2011-02,hidden1-hidden2,0.9076690077781677
3,20260926,2011-02,hidden2-hidden3,0.8764760494232178
3,20260926,2011-03,hidden1-hidden2,0.8924737572669983
3,20260926,2011-03,hidden2-hidden3,0.8647736310958862
3,20260926,2011-04,hidden1-hidden2,0.8942030072212219
3,20260926,2011-04,hidden2-hidden3,0.8668152093887329
3,20260926,2011-05,hidden1-hidden2,0.8999515175819397
3,20260926,2011-05,hidden2-hidden3,0.8712894320487976
3,20260926,2011-06,hidden1-hidden2,0.8812509179115295
3,20260926,2011-06,hidden2-hidden3,0.8695548176765442
3,20260926,2011-07,hidden1-hidden2,0.8874337077140808
3,20260926,2011-07,hidden2-hidden3,0.8713117837905884
3,20260926,2011-08,hidden1-hidden2,0.8955957293510437
3,20260926,2011-08,hidden2-hidden3,0.8881682753562927
3,20260926,2011-09,hidden1-hidden2,0.8933369517326355
3,20260926,2011-09,hidden2-hidden3,0.8863553404808044
3,20260926,2011-10,hidden1-hidden2,0.8827967643737793
3,20260926,2011-10,hidden2-hidden3,0.882117509841919
3,20260926,2011-11,hidden1-hidden2,0.8915122747421265
3,20260926,2011-11,hidden2-hidden3,0.8893444538116455
3,20260926,2011-12,hidden1-hidden2,0.9035350680351257
3,20260926,2011-12,hidden2-hidden3,0.8739334344863892
3,20260926,2012-01,hidden1-hidden2,0.8910214900970459
3,20260926,2012-01,hidden2-hidden3,0.8826231956481934
3,20260926,2012-02,hidden1-hidden2,0.8967567682266235
3,20260926,2012-02,hidden2-hidden3,0.8759484887123108
3,20260926,2012-03,hidden1-hidden2,0.9074341654777527
3,20260926,2012-03,hidden2-hidden3,0.8917768597602844
3,20260926,2012-04,hidden1-hidden2,0.888551652431488
3,20260926,2012-04,hidden2-hidden3,0.8786438703536987
3,20260926,2012-05,hidden1-hidden2,0.9046944379806519
3,20260926,2012-05,hidden2-hidden3,0.8823758959770203
3,20260926,2012-06,hidden1-hidden2,0.8969649076461792
3,20260926,2012-06,hidden2-hidden3,0.8840697407722473
3,20260926,2012-07,hidden1-hidden2,0.9067341685295105
3,20260926,2012-07,hidden2-hidden3,0.8903594017028809
3,20260926,2012-08,hidden1-hidden2,0.9001686573028564
3,20260926,2012-08,hidden2-hidden3,0.886742353439331
3,20260926,2012-09,hidden1-hidden2,0.8947427272796631
3,20260926,2012-09,hidden2-hidden3,0.8903325796127319
3,20260926,2012-10,hidden1-hidden2,0.8930137157440186
3,20260926,2012-10,hidden2-hidden3,0.8726041913032532
3,20260926,2012-11,hidden1-hidden2,0.8997114300727844
3,20260926,2012-11,hidden2-hidden3,0.8881627917289734
3,20260926,2012-12,hidden1-hidden2,0.8907231092453003
3,20260926,2012-12,hidden2-hidden3,0.8794234991073608
3,20260926,2013-01,hidden1-hidden2,0.9010360240936279
3,20260926,2013-01,hidden2-hidden3,0.8834261298179626
3,20260926,2013-02,hidden1-hidden2,0.9013341665267944
3,20260926,2013-02,hidden2-hidden3,0.8890923857688904
3,20260926,2013-03,hidden1-hidden2,0.8914548754692078
3,20260926,2013-03,hidden2-hidden3,0.8786560893058777
3,20260926,2013-04,hidden1-hidden2,0.8948259353637695
3,20260926,2013-04,hidden2-hidden3,0.8881763219833374
3,20260926,2013-05,hidden1-hidden2,0.9030539393424988
3,20260926,2013-05,hidden2-hidden3,0.878591001033783
3,20260926,2013-06,hidden1-hidden2,0.8985646963119507
3,20260926,2013-06,hidden2-hidden3,0.8871278762817383
3,20260926,2013-07,hidden1-hidden2,0.8954018950462341
3,20260926,2013-07,hidden2-hidden3,0.886660099029541
3,20260926,2013-08,hidden1-hidden2,0.885592520236969
3,20260926,2013-08,hidden2-hidden3,0.8745723366737366
3,20260926,2013-09,hidden1-hidden2,0.8879036903381348
3,20260926,2013-09,hidden2-hidden3,0.8801676630973816
3,20260926,2013-10,hidden1-hidden2,0.8877575397491455
3,20260926,2013-10,hidden2-hidden3,0.8857163786888123
3,20260926,2013-11,hidden1-hidden2,0.8870219588279724
3,20260926,2013-11,hidden2-hidden3,0.8846985697746277
3,20260926,2013-12,hidden1-hidden2,0.8965518474578857
3,20260926,2013-12,hidden2-hidden3,0.8976813554763794
3,20260926,2014-01,hidden1-hidden2,0.891251266002655
3,20260926,2014-01,hidden2-hidden3,0.8821224570274353
3,20260926,2014-02,hidden1-hidden2,0.8908756971359253
3,20260926,2014-02,hidden2-hidden3,0.8880948424339294
3,20260926,2014-03,hidden1-hidden2,0.8884710073471069
3,20260926,2014-03,hidden2-hidden3,0.888175904750824
3,20260926,2014-04,hidden1-hidden2,0.8841716647148132
3,20260926,2014-04,hidden2-hidden3,0.8847083449363708
3,20260926,2014-05,hidden1-hidden2,0.8921576738357544
3,20260926,2014-05,hidden2-hidden3,0.875331699848175
3,20260926,2014-06,hidden1-hidden2,0.8839603066444397
3,20260926,2014-06,hidden2-hidden3,0.8830439448356628
3,20260926,2014-07,hidden1-hidden2,0.8928424119949341
3,20260926,2014-07,hidden2-hidden3,0.8842099905014038
3,20260926,2014-08,hidden1-hidden2,0.8943890333175659
3,20260926,2014-08,hidden2-hidden3,0.8872687816619873
3,20260926,2014-09,hidden1-hidden2,0.8932021260261536
3,20260926,2014-09,hidden2-hidden3,0.8939780592918396
3,20260926,2014-10,hidden1-hidden2,0.8893263339996338
3,20260926,2014-10,hidden2-hidden3,0.8929176330566406
3,20260926,2014-11,hidden1-hidden2,0.8924594521522522
3,20260926,2014-11,hidden2-hidden3,0.8876782059669495
3,20260926,2014-12,hidden1-hidden2,0.8999561667442322
3,20260926,2014-12,hidden2-hidden3,0.8914470076560974
3,20260926,2015-01,hidden1-hidden2,0.8910746574401855
3,20260926,2015-01,hidden2-hidden3,0.8997707366943359
3,20260926,2015-02,hidden1-hidden2,0.8898443579673767
3,20260926,2015-02,hidden2-hidden3,0.888434886932373
3,20260926,2015-03,hidden1-hidden2,0.891488790512085
3,20260926,2015-03,hidden2-hidden3,0.8911353945732117
3,20260926,2015-04,hidden1-hidden2,0.8932878375053406
3,20260926,2015-04,hidden2-hidden3,0.888923168182373
3,20260926,2015-05,hidden1-hidden2,0.8859559893608093
3,20260926,2015-05,hidden2-hidden3,0.8915847539901733
3,20260926,2015-06,hidden1-hidden2,0.8895565271377563
3,20260926,2015-06,hidden2-hidden3,0.8855489492416382
3,20260926,2015-07,hidden1-hidden2,0.8968373537063599
3,20260926,2015-07,hidden2-hidden3,0.900015115737915
3,20260926,2015-08,hidden1-hidden2,0.8944520950317383
3,20260926,2015-08,hidden2-hidden3,0.9029777646064758
3,20260926,2015-09,hidden1-hidden2,0.8930924534797668
3,20260926,2015-09,hidden2-hidden3,0.9034713506698608
3,20260926,2015-10,hidden1-hidden2,0.8991500735282898
3,20260926,2015-10,hidden2-hidden3,0.9019806981086731
3,20260926,2015-11,hidden1-hidden2,0.8811374306678772
3,20260926,2015-11,hidden2-hidden3,0.9017820358276367
3,20260926,2015-12,hidden1-hidden2,0.8871872425079346
3,20260926,2015-12,hidden2-hidden3,0.8924689888954163
3,20260926,2016-01,hidden1-hidden2,0.8990308046340942
3,20260926,2016-01,hidden2-hidden3,0.8998057246208191
3,20260926,2016-02,hidden1-hidden2,0.8917192220687866
3,20260926,2016-02,hidden2-hidden3,0.896488606929779
3,20260926,2016-03,hidden1-hidden2,0.8958760499954224
3,20260926,2016-03,hidden2-hidden3,0.8963037729263306
3,20260926,2016-04,hidden1-hidden2,0.8993051052093506
3,20260926,2016-04,hidden2-hidden3,0.9031482934951782
3,20260926,2016-05,hidden1-hidden2,0.9080674052238464
3,20260926,2016-05,hidden2-hidden3,0.9081538915634155
3,20260926,2016-06,hidden1-hidden2,0.9026166200637817
3,20260926,2016-06,hidden2-hidden3,0.9022035002708435
3,20260926,2016-07,hidden1-hidden2,0.9060140252113342
3,20260926,2016-07,hidden2-hidden3,0.9094741344451904
3,20260926,2016-08,hidden1-hidden2,0.9009851813316345
3,20260926,2016-08,hidden2-hidden3,0.8971051573753357
3,20260926,2016-09,hidden1-hidden2,0.9004213809967041
3,20260926,2016-09,hidden2-hidden3,0.9037165641784668
3,20260926,2016-10,hidden1-hidden2,0.9050620198249817
3,20260926,2016-10,hidden2-hidden3,0.9004591107368469
3,20260926,2016-11,hidden1-hidden2,0.9022602438926697
3,20260926,2016-11,hidden2-hidden3,0.9091695547103882
3,20260926,2016-12,hidden1-hidden2,0.8980569243431091
3,20260926,2016-12,hidden2-hidden3,0.8944929838180542
3,20260926,2017-01,hidden1-hidden2,0.895967960357666
3,20260926,2017-01,hidden2-hidden3,0.8996229767799377
3,20260926,2017-02,hidden1-hidden2,0.8921979665756226
3,20260926,2017-02,hidden2-hidden3,0.8872810006141663
3,20260926,2017-03,hidden1-hidden2,0.905112624168396
3,20260926,2017-03,hidden2-hidden3,0.8969305753707886
3,20260926,2017-04,hidden1-hidden2,0.8968848586082458
3,20260926,2017-04,hidden2-hidden3,0.897772490978241
3,20260926,2017-05,hidden1-hidden2,0.9022496342658997
3,20260926,2017-05,hidden2-hidden3,0.8922131061553955
3,20260926,2017-06,hidden1-hidden2,0.8904021978378296
3,20260926,2017-06,hidden2-hidden3,0.8886308073997498
3,20260926,2017-07,hidden1-hidden2,0.8996053338050842
3,20260926,2017-07,hidden2-hidden3,0.9017840623855591
3,20260926,2017-08,hidden1-hidden2,0.9102228879928589
3,20260926,2017-08,hidden2-hidden3,0.8981229066848755
3,20260926,2017-09,hidden1-hidden2,0.9032599925994873
3,20260926,2017-09,hidden2-hidden3,0.8947182297706604
3,20260926,2017-10,hidden1-hidden2,0.9068789482116699
3,20260926,2017-10,hidden2-hidden3,0.8864587545394897
3,20260926,2017-11,hidden1-hidden2,0.8963456153869629
3,20260926,2017-11,hidden2-hidden3,0.8858552575111389
3,20260926,2017-12,hidden1-hidden2,0.9019066095352173
3,20260926,2017-12,hidden2-hidden3,0.8999203443527222
3,20260926,2018-01,hidden1-hidden2,0.8974703550338745
3,20260926,2018-01,hidden2-hidden3,0.8943213820457458
3,20260926,2018-02,hidden1-hidden2,0.9040318131446838
3,20260926,2018-02,hidden2-hidden3,0.8930748105049133
3,20260926,2018-03,hidden1-hidden2,0.8904955387115479
3,20260926,2018-03,hidden2-hidden3,0.8908872008323669
3,20260926,2018-04,hidden1-hidden2,0.8888362646102905
3,20260926,2018-04,hidden2-hidden3,0.8875868320465088
3,20260926,2018-05,hidden1-hidden2,0.9015181064605713
3,20260926,2018-05,hidden2-hidden3,0.8980811834335327
3,20260926,2018-06,hidden1-hidden2,0.9012343287467957
3,20260926,2018-06,hidden2-hidden3,0.9008018374443054
3,20260926,2018-07,hidden1-hidden2,0.893012523651123
3,20260926,2018-07,hidden2-hidden3,0.8904188275337219
3,20260926,2018-08,hidden1-hidden2,0.8866615295410156
3,20260926,2018-08,hidden2-hidden3,0.8797029852867126
3,20260926,2018-09,hidden1-hidden2,0.8871279358863831
3,20260926,2018-09,hidden2-hidden3,0.8850152492523193
3,20260926,2018-10,hidden1-hidden2,0.8928001523017883
3,20260926,2018-10,hidden2-hidden3,0.8972200751304626
3,20260926,2018-11,hidden1-hidden2,0.895362138748169
3,20260926,2018-11,hidden2-hidden3,0.8952934741973877
3,20260926,2018-12,hidden1-hidden2,0.8895109295845032
3,20260926,2018-12,hidden2-hidden3,0.9008694887161255
3,20260926,2019-01,hidden1-hidden2,0.9022639989852905
3,20260926,2019-01,hidden2-hidden3,0.900790810585022
3,20260926,2019-02,hidden1-hidden2,0.8983609080314636
3,20260926,2019-02,hidden2-hidden3,0.9090144634246826
3,20260926,2019-03,hidden1-hidden2,0.9144473075866699
3,20260926,2019-03,hidden2-hidden3,0.9063649773597717
3,20260926,2019-04,hidden1-hidden2,0.9072206020355225
3,20260926,2019-04,hidden2-hidden3,0.9097893834114075
3,20260926,2019-05,hidden1-hidden2,0.9043052196502686
3,20260926,2019-05,hidden2-hidden3,0.9078131318092346
3,20260926,2019-06,hidden1-hidden2,0.8962158560752869
3,20260926,2019-06,hidden2-hidden3,0.8988430500030518
3,20260926,2019-07,hidden1-hidden2,0.9089816808700562
3,20260926,2019-07,hidden2-hidden3,0.913960337638855
3,20260926,2019-08,hidden1-hidden2,0.8968890905380249
3,20260926,2019-08,hidden2-hidden3,0.9089401960372925
3,20260926,2019-09,hidden1-hidden2,0.8954927921295166
3,20260926,2019-09,hidden2-hidden3,0.9044058918952942
3,20260926,2019-10,hidden1-hidden2,0.8907110691070557
3,20260926,2019-10,hidden2-hidden3,0.8995540738105774
3,20260926,2019-11,hidden1-hidden2,0.8885048627853394
3,20260926,2019-11,hidden2-hidden3,0.8985047936439514
3,20260926,2019-12,hidden1-hidden2,0.9044175744056702
3,20260926,2019-12,hidden2-hidden3,0.9063140153884888
3,20260927,2010-01,hidden1-hidden2,0.8515982627868652
3,20260927,2010-01,hidden2-hidden3,0.8389826416969299
3,20260927,2010-02,hidden1-hidden2,0.8554971218109131
3,20260927,2010-02,hidden2-hidden3,0.8442549705505371
3,20260927,2010-03,hidden1-hidden2,0.856563150882721
3,20260927,2010-03,hidden2-hidden3,0.8399643301963806
3,20260927,2010-04,hidden1-hidden2,0.8519697785377502
3,20260927,2010-04,hidden2-hidden3,0.8219233751296997
3,20260927,2010-05,hidden1-hidden2,0.8521822094917297
3,20260927,2010-05,hidden2-hidden3,0.8364282846450806
3,20260927,2010-06,hidden1-hidden2,0.8529495596885681
3,20260927,2010-06,hidden2-hidden3,0.8315516114234924
3,20260927,2010-07,hidden1-hidden2,0.8652193546295166
3,20260927,2010-07,hidden2-hidden3,0.8365077972412109
3,20260927,2010-08,hidden1-hidden2,0.85236656665802
3,20260927,2010-08,hidden2-hidden3,0.8323459029197693
3,20260927,2010-09,hidden1-hidden2,0.8447251319885254
3,20260927,2010-09,hidden2-hidden3,0.8250618577003479
3,20260927,2010-10,hidden1-hidden2,0.8478842973709106
3,20260927,2010-10,hidden2-hidden3,0.8233705759048462
3,20260927,2010-11,hidden1-hidden2,0.8444530367851257
3,20260927,2010-11,hidden2-hidden3,0.8242834806442261
3,20260927,2010-12,hidden1-hidden2,0.8425741791725159
3,20260927,2010-12,hidden2-hidden3,0.8166376948356628
3,20260927,2011-01,hidden1-hidden2,0.8419788479804993
3,20260927,2011-01,hidden2-hidden3,0.8156525492668152
3,20260927,2011-02,hidden1-hidden2,0.8441720008850098
3,20260927,2011-02,hidden2-hidden3,0.8327669501304626
3,20260927,2011-03,hidden1-hidden2,0.8359006643295288
3,20260927,2011-03,hidden2-hidden3,0.8337886333465576
3,20260927,2011-04,hidden1-hidden2,0.8331878185272217
3,20260927,2011-04,hidden2-hidden3,0.8153478503227234
3,20260927,2011-05,hidden1-hidden2,0.83726966381073
3,20260927,2011-05,hidden2-hidden3,0.8305803537368774
3,20260927,2011-06,hidden1-hidden2,0.8287957310676575
3,20260927,2011-06,hidden2-hidden3,0.8120643496513367
3,20260927,2011-07,hidden1-hidden2,0.8348997235298157
3,20260927,2011-07,hidden2-hidden3,0.809428870677948
3,20260927,2011-08,hidden1-hidden2,0.8505508899688721
3,20260927,2011-08,hidden2-hidden3,0.8005757927894592
3,20260927,2011-09,hidden1-hidden2,0.8496540188789368
3,20260927,2011-09,hidden2-hidden3,0.8171343803405762
3,20260927,2011-10,hidden1-hidden2,0.8435627222061157
3,20260927,2011-10,hidden2-hidden3,0.8184853792190552
3,20260927,2011-11,hidden1-hidden2,0.8395780324935913
3,20260927,2011-11,hidden2-hidden3,0.8152657747268677
3,20260927,2011-12,hidden1-hidden2,0.8505212664604187
3,20260927,2011-12,hidden2-hidden3,0.8036307692527771
3,20260927,2012-01,hidden1-hidden2,0.8413423895835876
3,20260927,2012-01,hidden2-hidden3,0.8129639625549316
3,20260927,2012-02,hidden1-hidden2,0.8525798320770264
3,20260927,2012-02,hidden2-hidden3,0.8095950484275818
3,20260927,2012-03,hidden1-hidden2,0.8653295040130615
3,20260927,2012-03,hidden2-hidden3,0.7845502495765686
3,20260927,2012-04,hidden1-hidden2,0.8468220233917236
3,20260927,2012-04,hidden2-hidden3,0.7930607199668884
3,20260927,2012-05,hidden1-hidden2,0.8504250645637512
3,20260927,2012-05,hidden2-hidden3,0.8071133494377136
3,20260927,2012-06,hidden1-hidden2,0.8539159297943115
3,20260927,2012-06,hidden2-hidden3,0.7839188575744629
3,20260927,2012-07,hidden1-hidden2,0.8582031726837158
3,20260927,2012-07,hidden2-hidden3,0.7903065085411072
3,20260927,2012-08,hidden1-hidden2,0.8520192503929138
3,20260927,2012-08,hidden2-hidden3,0.8010187149047852
3,20260927,2012-09,hidden1-hidden2,0.8524070978164673
3,20260927,2012-09,hidden2-hidden3,0.8002617955207825
3,20260927,2012-10,hidden1-hidden2,0.8537588119506836
3,20260927,2012-10,hidden2-hidden3,0.7945501208305359
3,20260927,2012-11,hidden1-hidden2,0.859458863735199
3,20260927,2012-11,hidden2-hidden3,0.7952917814254761
3,20260927,2012-12,hidden1-hidden2,0.850040078163147
3,20260927,2012-12,hidden2-hidden3,0.804413914680481
3,20260927,2013-01,hidden1-hidden2,0.8630468845367432
3,20260927,2013-01,hidden2-hidden3,0.7903364896774292
3,20260927,2013-02,hidden1-hidden2,0.8585345149040222
3,20260927,2013-02,hidden2-hidden3,0.804246187210083
3,20260927,2013-03,hidden1-hidden2,0.8496939539909363
3,20260927,2013-03,hidden2-hidden3,0.8006022572517395
3,20260927,2013-04,hidden1-hidden2,0.8529677391052246
3,20260927,2013-04,hidden2-hidden3,0.7976440787315369
3,20260927,2013-05,hidden1-hidden2,0.8578999042510986
3,20260927,2013-05,hidden2-hidden3,0.8047963380813599
3,20260927,2013-06,hidden1-hidden2,0.8594026565551758
3,20260927,2013-06,hidden2-hidden3,0.8112580180168152
3,20260927,2013-07,hidden1-hidden2,0.8482161164283752
3,20260927,2013-07,hidden2-hidden3,0.8101444840431213
3,20260927,2013-08,hidden1-hidden2,0.8352881073951721
3,20260927,2013-08,hidden2-hidden3,0.8007663488388062
3,20260927,2013-09,hidden1-hidden2,0.8408409953117371
3,20260927,2013-09,hidden2-hidden3,0.8063491582870483
3,20260927,2013-10,hidden1-hidden2,0.8392753601074219
3,20260927,2013-10,hidden2-hidden3,0.8094205260276794
3,20260927,2013-11,hidden1-hidden2,0.8464109301567078
3,20260927,2013-11,hidden2-hidden3,0.8209417462348938
3,20260927,2013-12,hidden1-hidden2,0.8617342710494995
3,20260927,2013-12,hidden2-hidden3,0.82485431432724
3,20260927,2014-01,hidden1-hidden2,0.8408748507499695
3,20260927,2014-01,hidden2-hidden3,0.8176470994949341
3,20260927,2014-02,hidden1-hidden2,0.8466466069221497
3,20260927,2014-02,hidden2-hidden3,0.8237916827201843
3,20260927,2014-03,hidden1-hidden2,0.850100040435791
3,20260927,2014-03,hidden2-hidden3,0.8143182396888733
3,20260927,2014-04,hidden1-hidden2,0.8537814021110535
3,20260927,2014-04,hidden2-hidden3,0.8261758089065552
3,20260927,2014-05,hidden1-hidden2,0.8494042754173279
3,20260927,2014-05,hidden2-hidden3,0.813736617565155
3,20260927,2014-06,hidden1-hidden2,0.8501038551330566
3,20260927,2014-06,hidden2-hidden3,0.826507031917572
3,20260927,2014-07,hidden1-hidden2,0.8472036719322205
3,20260927,2014-07,hidden2-hidden3,0.8119933009147644
3,20260927,2014-08,hidden1-hidden2,0.842750608921051
3,20260927,2014-08,hidden2-hidden3,0.8153355717658997
3,20260927,2014-09,hidden1-hidden2,0.8515676259994507
3,20260927,2014-09,hidden2-hidden3,0.8241435289382935
3,20260927,2014-10,hidden1-hidden2,0.8483411073684692
3,20260927,2014-10,hidden2-hidden3,0.8264079689979553
3,20260927,2014-11,hidden1-hidden2,0.843490719795227
3,20260927,2014-11,hidden2-hidden3,0.832065999507904
3,20260927,2014-12,hidden1-hidden2,0.8639792799949646
3,20260927,2014-12,hidden2-hidden3,0.81107097864151
3,20260927,2015-01,hidden1-hidden2,0.8416704535484314
3,20260927,2015-01,hidden2-hidden3,0.8083049058914185
3,20260927,2015-02,hidden1-hidden2,0.8468529582023621
3,20260927,2015-02,hidden2-hidden3,0.8183061480522156
3,20260927,2015-03,hidden1-hidden2,0.8648504018783569
3,20260927,2015-03,hidden2-hidden3,0.8153910636901855
3,20260927,2015-04,hidden1-hidden2,0.8516440391540527
3,20260927,2015-04,hidden2-hidden3,0.7992386817932129
3,20260927,2015-05,hidden1-hidden2,0.8457321524620056
3,20260927,2015-05,hidden2-hidden3,0.8253412842750549
3,20260927,2015-06,hidden1-hidden2,0.8491489887237549
3,20260927,2015-06,hidden2-hidden3,0.799494743347168
3,20260927,2015-07,hidden1-hidden2,0.8549511432647705
3,20260927,2015-07,hidden2-hidden3,0.8127264380455017
3,20260927,2015-08,hidden1-hidden2,0.8443097472190857
3,20260927,2015-08,hidden2-hidden3,0.806643545627594
3,20260927,2015-09,hidden1-hidden2,0.8492074012756348
3,20260927,2015-09,hidden2-hidden3,0.8211256265640259
3,20260927,2015-10,hidden1-hidden2,0.8515347838401794
3,20260927,2015-10,hidden2-hidden3,0.822454571723938
3,20260927,2015-11,hidden1-hidden2,0.8443285822868347
3,20260927,2015-11,hidden2-hidden3,0.8141038417816162
3,20260927,2015-12,hidden1-hidden2,0.852944016456604
3,20260927,2015-12,hidden2-hidden3,0.8117948770523071
3,20260927,2016-01,hidden1-hidden2,0.8590253591537476
3,20260927,2016-01,hidden2-hidden3,0.8234862089157104
3,20260927,2016-02,hidden1-hidden2,0.8419380784034729
3,20260927,2016-02,hidden2-hidden3,0.8139119744300842
3,20260927,2016-03,hidden1-hidden2,0.8338654041290283
3,20260927,2016-03,hidden2-hidden3,0.810127317905426
3,20260927,2016-04,hidden1-hidden2,0.8579293489456177
3,20260927,2016-04,hidden2-hidden3,0.8331310153007507
3,20260927,2016-05,hidden1-hidden2,0.8674322962760925
3,20260927,2016-05,hidden2-hidden3,0.8255119919776917
3,20260927,2016-06,hidden1-hidden2,0.866246223449707
3,20260927,2016-06,hidden2-hidden3,0.8202320337295532
3,20260927,2016-07,hidden1-hidden2,0.8544619083404541
3,20260927,2016-07,hidden2-hidden3,0.8060939311981201
3,20260927,2016-08,hidden1-hidden2,0.85511314868927
3,20260927,2016-08,hidden2-hidden3,0.8138652443885803
3,20260927,2016-09,hidden1-hidden2,0.8584913015365601
3,20260927,2016-09,hidden2-hidden3,0.82440584897995
3,20260927,2016-10,hidden1-hidden2,0.855455756187439
3,20260927,2016-10,hidden2-hidden3,0.8361480236053467
3,20260927,2016-11,hidden1-hidden2,0.8633021116256714
3,20260927,2016-11,hidden2-hidden3,0.8210344910621643
3,20260927,2016-12,hidden1-hidden2,0.8565827012062073
3,20260927,2016-12,hidden2-hidden3,0.8298874497413635
3,20260927,2017-01,hidden1-hidden2,0.8517531156539917
3,20260927,2017-01,hidden2-hidden3,0.8155805468559265
3,20260927,2017-02,hidden1-hidden2,0.8574877381324768
3,20260927,2017-02,hidden2-hidden3,0.8120031356811523
3,20260927,2017-03,hidden1-hidden2,0.8570190072059631
3,20260927,2017-03,hidden2-hidden3,0.8312569856643677
3,20260927,2017-04,hidden1-hidden2,0.8505133390426636
3,20260927,2017-04,hidden2-hidden3,0.8006148338317871
3,20260927,2017-05,hidden1-hidden2,0.8529567718505859
3,20260927,2017-05,hidden2-hidden3,0.811896562576294
3,20260927,2017-06,hidden1-hidden2,0.8463053107261658
3,20260927,2017-06,hidden2-hidden3,0.7910075187683105
3,20260927,2017-07,hidden1-hidden2,0.852007269859314
3,20260927,2017-07,hidden2-hidden3,0.8197382092475891
3,20260927,2017-08,hidden1-hidden2,0.8593358993530273
3,20260927,2017-08,hidden2-hidden3,0.8127731680870056
3,20260927,2017-09,hidden1-hidden2,0.8487610816955566
3,20260927,2017-09,hidden2-hidden3,0.812262773513794
3,20260927,2017-10,hidden1-hidden2,0.8526784181594849
3,20260927,2017-10,hidden2-hidden3,0.8196921944618225
3,20260927,2017-11,hidden1-hidden2,0.8501813411712646
3,20260927,2017-11,hidden2-hidden3,0.8146007061004639
3,20260927,2017-12,hidden1-hidden2,0.848435640335083
3,20260927,2017-12,hidden2-hidden3,0.8243176341056824
3,20260927,2018-01,hidden1-hidden2,0.840631365776062
3,20260927,2018-01,hidden2-hidden3,0.8162869215011597
3,20260927,2018-02,hidden1-hidden2,0.8581008911132812
3,20260927,2018-02,hidden2-hidden3,0.8324748873710632
3,20260927,2018-03,hidden1-hidden2,0.843979001045227
3,20260927,2018-03,hidden2-hidden3,0.8183580636978149
3,20260927,2018-04,hidden1-hidden2,0.8561115860939026
3,20260927,2018-04,hidden2-hidden3,0.8014606833457947
3,20260927,2018-05,hidden1-hidden2,0.8519636392593384
3,20260927,2018-05,hidden2-hidden3,0.8332836031913757
3,20260927,2018-06,hidden1-hidden2,0.8518487215042114
3,20260927,2018-06,hidden2-hidden3,0.8155022263526917
3,20260927,2018-07,hidden1-hidden2,0.8530764579772949
3,20260927,2018-07,hidden2-hidden3,0.8179932236671448
3,20260927,2018-08,hidden1-hidden2,0.8482524156570435
3,20260927,2018-08,hidden2-hidden3,0.824952244758606
3,20260927,2018-09,hidden1-hidden2,0.8441365957260132
3,20260927,2018-09,hidden2-hidden3,0.816327691078186
3,20260927,2018-10,hidden1-hidden2,0.8497763872146606
3,20260927,2018-10,hidden2-hidden3,0.8321198225021362
3,20260927,2018-11,hidden1-hidden2,0.849032461643219
3,20260927,2018-11,hidden2-hidden3,0.8062161803245544
3,20260927,2018-12,hidden1-hidden2,0.8514326810836792
3,20260927,2018-12,hidden2-hidden3,0.8209807276725769
3,20260927,2019-01,hidden1-hidden2,0.8482365012168884
3,20260927,2019-01,hidden2-hidden3,0.8191002607345581
3,20260927,2019-02,hidden1-hidden2,0.8557347059249878
3,20260927,2019-02,hidden2-hidden3,0.820483922958374
3,20260927,2019-03,hidden1-hidden2,0.85960853099823
3,20260927,2019-03,hidden2-hidden3,0.8182263374328613
3,20260927,2019-04,hidden1-hidden2,0.8598067760467529
3,20260927,2019-04,hidden2-hidden3,0.8133615851402283
3,20260927,2019-05,hidden1-hidden2,0.8522549867630005
3,20260927,2019-05,hidden2-hidden3,0.8087092638015747
3,20260927,2019-06,hidden1-hidden2,0.847774088382721
3,20260927,2019-06,hidden2-hidden3,0.8199794888496399
3,20260927,2019-07,hidden1-hidden2,0.8695465922355652
3,20260927,2019-07,hidden2-hidden3,0.7988801598548889
3,20260927,2019-08,hidden1-hidden2,0.8488843441009521
3,20260927,2019-08,hidden2-hidden3,0.8060280680656433
3,20260927,2019-09,hidden1-hidden2,0.8543989658355713
3,20260927,2019-09,hidden2-hidden3,0.8238924145698547
3,20260927,2019-10,hidden1-hidden2,0.8424944281578064
3,20260927,2019-10,hidden2-hidden3,0.7982698082923889
3,20260927,2019-11,hidden1-hidden2,0.8470973968505859
3,20260927,2019-11,hidden2-hidden3,0.8093304634094238
3,20260927,2019-12,hidden1-hidden2,0.851284921169281
3,20260927,2019-12,hidden2-hidden3,0.8272489309310913
3,20260928,2010-01,hidden1-hidden2,0.8964673280715942
3,20260928,2010-01,hidden2-hidden3,0.7796990871429443
3,20260928,2010-02,hidden1-hidden2,0.9009091854095459
3,20260928,2010-02,hidden2-hidden3,0.791824221611023
3,20260928,2010-03,hidden1-hidden2,0.8945382237434387
3,20260928,2010-03,hidden2-hidden3,0.8133988976478577
3,20260928,2010-04,hidden1-hidden2,0.8866705298423767
3,20260928,2010-04,hidden2-hidden3,0.7965060472488403
3,20260928,2010-05,hidden1-hidden2,0.8976287245750427
3,20260928,2010-05,hidden2-hidden3,0.7900864481925964
3,20260928,2010-06,hidden1-hidden2,0.8967352509498596
3,20260928,2010-06,hidden2-hidden3,0.7987722158432007
3,20260928,2010-07,hidden1-hidden2,0.8916925191879272
3,20260928,2010-07,hidden2-hidden3,0.7904801964759827
3,20260928,2010-08,hidden1-hidden2,0.8833757042884827
3,20260928,2010-08,hidden2-hidden3,0.7980226874351501
3,20260928,2010-09,hidden1-hidden2,0.88259357213974
3,20260928,2010-09,hidden2-hidden3,0.8042389750480652
3,20260928,2010-10,hidden1-hidden2,0.8920348286628723
3,20260928,2010-10,hidden2-hidden3,0.8009204864501953
3,20260928,2010-11,hidden1-hidden2,0.885499894618988
3,20260928,2010-11,hidden2-hidden3,0.8166408538818359
3,20260928,2010-12,hidden1-hidden2,0.8839662075042725
3,20260928,2010-12,hidden2-hidden3,0.791808545589447
3,20260928,2011-01,hidden1-hidden2,0.8819107413291931
3,20260928,2011-01,hidden2-hidden3,0.7907038331031799
3,20260928,2011-02,hidden1-hidden2,0.8919345140457153
3,20260928,2011-02,hidden2-hidden3,0.7965419292449951
3,20260928,2011-03,hidden1-hidden2,0.8849390745162964
3,20260928,2011-03,hidden2-hidden3,0.7803199291229248
3,20260928,2011-04,hidden1-hidden2,0.8830203413963318
3,20260928,2011-04,hidden2-hidden3,0.7833491563796997
3,20260928,2011-05,hidden1-hidden2,0.8888518810272217
3,20260928,2011-05,hidden2-hidden3,0.7965856194496155
3,20260928,2011-06,hidden1-hidden2,0.8730272650718689
3,20260928,2011-06,hidden2-hidden3,0.7996231317520142
3,20260928,2011-07,hidden1-hidden2,0.8874349594116211
3,20260928,2011-07,hidden2-hidden3,0.7999574542045593
3,20260928,2011-08,hidden1-hidden2,0.8798882365226746
3,20260928,2011-08,hidden2-hidden3,0.80866539478302
3,20260928,2011-09,hidden1-hidden2,0.8829256892204285
3,20260928,2011-09,hidden2-hidden3,0.8103899359703064
3,20260928,2011-10,hidden1-hidden2,0.8703837990760803
3,20260928,2011-10,hidden2-hidden3,0.8055734634399414
3,20260928,2011-11,hidden1-hidden2,0.8831669688224792
3,20260928,2011-11,hidden2-hidden3,0.7952736020088196
3,20260928,2011-12,hidden1-hidden2,0.8758282661437988
3,20260928,2011-12,hidden2-hidden3,0.8207921385765076
3,20260928,2012-01,hidden1-hidden2,0.8777544498443604
3,20260928,2012-01,hidden2-hidden3,0.8013129234313965
3,20260928,2012-02,hidden1-hidden2,0.8839960098266602
3,20260928,2012-02,hidden2-hidden3,0.8234028816223145
3,20260928,2012-03,hidden1-hidden2,0.8978099226951599
3,20260928,2012-03,hidden2-hidden3,0.8317676782608032
3,20260928,2012-04,hidden1-hidden2,0.8790248036384583
3,20260928,2012-04,hidden2-hidden3,0.8158120512962341
3,20260928,2012-05,hidden1-hidden2,0.8843472003936768
3,20260928,2012-05,hidden2-hidden3,0.823529064655304
3,20260928,2012-06,hidden1-hidden2,0.8865734934806824
3,20260928,2012-06,hidden2-hidden3,0.8268646001815796
3,20260928,2012-07,hidden1-hidden2,0.8834084868431091
3,20260928,2012-07,hidden2-hidden3,0.8299619555473328
3,20260928,2012-08,hidden1-hidden2,0.8860645294189453
3,20260928,2012-08,hidden2-hidden3,0.8413218855857849
3,20260928,2012-09,hidden1-hidden2,0.8802759647369385
3,20260928,2012-09,hidden2-hidden3,0.8228886723518372
3,20260928,2012-10,hidden1-hidden2,0.8854955434799194
3,20260928,2012-10,hidden2-hidden3,0.8223543167114258
3,20260928,2012-11,hidden1-hidden2,0.886503279209137
3,20260928,2012-11,hidden2-hidden3,0.8438568115234375
3,20260928,2012-12,hidden1-hidden2,0.8713672757148743
3,20260928,2012-12,hidden2-hidden3,0.8300070762634277
3,20260928,2013-01,hidden1-hidden2,0.8837431073188782
3,20260928,2013-01,hidden2-hidden3,0.8281811475753784
3,20260928,2013-02,hidden1-hidden2,0.8814874291419983
3,20260928,2013-02,hidden2-hidden3,0.8257865309715271
3,20260928,2013-03,hidden1-hidden2,0.8766363263130188
3,20260928,2013-03,hidden2-hidden3,0.8341656923294067
3,20260928,2013-04,hidden1-hidden2,0.8812856674194336
3,20260928,2013-04,hidden2-hidden3,0.819774329662323
3,20260928,2013-05,hidden1-hidden2,0.8947422504425049
3,20260928,2013-05,hidden2-hidden3,0.8163945078849792
3,20260928,2013-06,hidden1-hidden2,0.8793644309043884
3,20260928,2013-06,hidden2-hidden3,0.8160437345504761
3,20260928,2013-07,hidden1-hidden2,0.8838838338851929
3,20260928,2013-07,hidden2-hidden3,0.8288315534591675
3,20260928,2013-08,hidden1-hidden2,0.8877078294754028
3,20260928,2013-08,hidden2-hidden3,0.8177412152290344
3,20260928,2013-09,hidden1-hidden2,0.8799248933792114
3,20260928,2013-09,hidden2-hidden3,0.8063640594482422
3,20260928,2013-10,hidden1-hidden2,0.8833861947059631
3,20260928,2013-10,hidden2-hidden3,0.8132226467132568
3,20260928,2013-11,hidden1-hidden2,0.8790128231048584
3,20260928,2013-11,hidden2-hidden3,0.8039156794548035
3,20260928,2013-12,hidden1-hidden2,0.8854771852493286
3,20260928,2013-12,hidden2-hidden3,0.788661539554596
3,20260928,2014-01,hidden1-hidden2,0.8808566927909851
3,20260928,2014-01,hidden2-hidden3,0.8039926290512085
3,20260928,2014-02,hidden1-hidden2,0.8826205134391785
3,20260928,2014-02,hidden2-hidden3,0.817864179611206
3,20260928,2014-03,hidden1-hidden2,0.8780960440635681
3,20260928,2014-03,hidden2-hidden3,0.8114488124847412
3,20260928,2014-04,hidden1-hidden2,0.8944146037101746
3,20260928,2014-04,hidden2-hidden3,0.7738237977027893
3,20260928,2014-05,hidden1-hidden2,0.8875274658203125
3,20260928,2014-05,hidden2-hidden3,0.7886404991149902
3,20260928,2014-06,hidden1-hidden2,0.8782263994216919
3,20260928,2014-06,hidden2-hidden3,0.7856030464172363
3,20260928,2014-07,hidden1-hidden2,0.8865344524383545
3,20260928,2014-07,hidden2-hidden3,0.8289443254470825
3,20260928,2014-08,hidden1-hidden2,0.894172191619873
3,20260928,2014-08,hidden2-hidden3,0.819804310798645
3,20260928,2014-09,hidden1-hidden2,0.8846619725227356
3,20260928,2014-09,hidden2-hidden3,0.8088245987892151
3,20260928,2014-10,hidden1-hidden2,0.89481520652771
3,20260928,2014-10,hidden2-hidden3,0.8111658692359924
3,20260928,2014-11,hidden1-hidden2,0.8911309242248535
3,20260928,2014-11,hidden2-hidden3,0.8198594450950623
3,20260928,2014-12,hidden1-hidden2,0.8881576061248779
3,20260928,2014-12,hidden2-hidden3,0.8073946237564087
3,20260928,2015-01,hidden1-hidden2,0.8790287375450134
3,20260928,2015-01,hidden2-hidden3,0.8165132999420166
3,20260928,2015-02,hidden1-hidden2,0.8889199495315552
3,20260928,2015-02,hidden2-hidden3,0.8260860443115234
3,20260928,2015-03,hidden1-hidden2,0.8979229927062988
3,20260928,2015-03,hidden2-hidden3,0.829371452331543
3,20260928,2015-04,hidden1-hidden2,0.8812348246574402
3,20260928,2015-04,hidden2-hidden3,0.8265911936759949
3,20260928,2015-05,hidden1-hidden2,0.8885530233383179
3,20260928,2015-05,hidden2-hidden3,0.8145972490310669
3,20260928,2015-06,hidden1-hidden2,0.8840657472610474
3,20260928,2015-06,hidden2-hidden3,0.8085213303565979
3,20260928,2015-07,hidden1-hidden2,0.8789970874786377
3,20260928,2015-07,hidden2-hidden3,0.8142920732498169
3,20260928,2015-08,hidden1-hidden2,0.8878158330917358
3,20260928,2015-08,hidden2-hidden3,0.8302231431007385
3,20260928,2015-09,hidden1-hidden2,0.8802973031997681
3,20260928,2015-09,hidden2-hidden3,0.8191837668418884
3,20260928,2015-10,hidden1-hidden2,0.8862709403038025
3,20260928,2015-10,hidden2-hidden3,0.8168525695800781
3,20260928,2015-11,hidden1-hidden2,0.8787543177604675
3,20260928,2015-11,hidden2-hidden3,0.8071207404136658
3,20260928,2015-12,hidden1-hidden2,0.8833693861961365
3,20260928,2015-12,hidden2-hidden3,0.8244727253913879
3,20260928,2016-01,hidden1-hidden2,0.8868087530136108
3,20260928,2016-01,hidden2-hidden3,0.8480051755905151
3,20260928,2016-02,hidden1-hidden2,0.8929459452629089
3,20260928,2016-02,hidden2-hidden3,0.833657443523407
3,20260928,2016-03,hidden1-hidden2,0.8806894421577454
3,20260928,2016-03,hidden2-hidden3,0.8287463784217834
3,20260928,2016-04,hidden1-hidden2,0.8874133825302124
3,20260928,2016-04,hidden2-hidden3,0.8416733145713806
3,20260928,2016-05,hidden1-hidden2,0.8980652689933777
3,20260928,2016-05,hidden2-hidden3,0.8396103382110596
3,20260928,2016-06,hidden1-hidden2,0.8989269137382507
3,20260928,2016-06,hidden2-hidden3,0.8348343372344971
3,20260928,2016-07,hidden1-hidden2,0.8972173929214478
3,20260928,2016-07,hidden2-hidden3,0.8383493423461914
3,20260928,2016-08,hidden1-hidden2,0.8999479413032532
3,20260928,2016-08,hidden2-hidden3,0.8433690667152405
3,20260928,2016-09,hidden1-hidden2,0.8978519439697266
3,20260928,2016-09,hidden2-hidden3,0.8205008506774902
3,20260928,2016-10,hidden1-hidden2,0.8977912664413452
3,20260928,2016-10,hidden2-hidden3,0.8299997448921204
3,20260928,2016-11,hidden1-hidden2,0.897489607334137
3,20260928,2016-11,hidden2-hidden3,0.839897871017456
3,20260928,2016-12,hidden1-hidden2,0.89825040102005
3,20260928,2016-12,hidden2-hidden3,0.8101926445960999
3,20260928,2017-01,hidden1-hidden2,0.9004111886024475
3,20260928,2017-01,hidden2-hidden3,0.8379954099655151
3,20260928,2017-02,hidden1-hidden2,0.8932604193687439
3,20260928,2017-02,hidden2-hidden3,0.831998884677887
3,20260928,2017-03,hidden1-hidden2,0.897350013256073
3,20260928,2017-03,hidden2-hidden3,0.8377102017402649
3,20260928,2017-04,hidden1-hidden2,0.888252854347229
3,20260928,2017-04,hidden2-hidden3,0.8325299620628357
3,20260928,2017-05,hidden1-hidden2,0.8916962742805481
3,20260928,2017-05,hidden2-hidden3,0.8462720513343811
3,20260928,2017-06,hidden1-hidden2,0.8910114169120789
3,20260928,2017-06,hidden2-hidden3,0.818877100944519
3,20260928,2017-07,hidden1-hidden2,0.8853906989097595
3,20260928,2017-07,hidden2-hidden3,0.8318336009979248
3,20260928,2017-08,hidden1-hidden2,0.892935574054718
3,20260928,2017-08,hidden2-hidden3,0.8374477028846741
3,20260928,2017-09,hidden1-hidden2,0.8879164457321167
3,20260928,2017-09,hidden2-hidden3,0.8317925333976746
3,20260928,2017-10,hidden1-hidden2,0.8933262228965759
3,20260928,2017-10,hidden2-hidden3,0.8308770060539246
3,20260928,2017-11,hidden1-hidden2,0.889875590801239
3,20260928,2017-11,hidden2-hidden3,0.8266775012016296
3,20260928,2017-12,hidden1-hidden2,0.8932303786277771
3,20260928,2017-12,hidden2-hidden3,0.8243840932846069
3,20260928,2018-01,hidden1-hidden2,0.8833958506584167
3,20260928,2018-01,hidden2-hidden3,0.8308377265930176
3,20260928,2018-02,hidden1-hidden2,0.8877602815628052
3,20260928,2018-02,hidden2-hidden3,0.8199852705001831
3,20260928,2018-03,hidden1-hidden2,0.8785743117332458
3,20260928,2018-03,hidden2-hidden3,0.7948481440544128
3,20260928,2018-04,hidden1-hidden2,0.8864704370498657
3,20260928,2018-04,hidden2-hidden3,0.7885352969169617
3,20260928,2018-05,hidden1-hidden2,0.8885874152183533
3,20260928,2018-05,hidden2-hidden3,0.8136926293373108
3,20260928,2018-06,hidden1-hidden2,0.8874210119247437
3,20260928,2018-06,hidden2-hidden3,0.8151580691337585
3,20260928,2018-07,hidden1-hidden2,0.8818380236625671
3,20260928,2018-07,hidden2-hidden3,0.7968306541442871
3,20260928,2018-08,hidden1-hidden2,0.8765311241149902
3,20260928,2018-08,hidden2-hidden3,0.8049599528312683
3,20260928,2018-09,hidden1-hidden2,0.8880685567855835
3,20260928,2018-09,hidden2-hidden3,0.7951016426086426
3,20260928,2018-10,hidden1-hidden2,0.8954122066497803
3,20260928,2018-10,hidden2-hidden3,0.8076862096786499
3,20260928,2018-11,hidden1-hidden2,0.8928057551383972
3,20260928,2018-11,hidden2-hidden3,0.8082515597343445
3,20260928,2018-12,hidden1-hidden2,0.8917614817619324
3,20260928,2018-12,hidden2-hidden3,0.8026355504989624
3,20260928,2019-01,hidden1-hidden2,0.8948709964752197
3,20260928,2019-01,hidden2-hidden3,0.8101533055305481
3,20260928,2019-02,hidden1-hidden2,0.8935971260070801
3,20260928,2019-02,hidden2-hidden3,0.8216043710708618
3,20260928,2019-03,hidden1-hidden2,0.9086548089981079
3,20260928,2019-03,hidden2-hidden3,0.8324101567268372
3,20260928,2019-04,hidden1-hidden2,0.9052444696426392
3,20260928,2019-04,hidden2-hidden3,0.8178695440292358
3,20260928,2019-05,hidden1-hidden2,0.8914578557014465
3,20260928,2019-05,hidden2-hidden3,0.8323721885681152
3,20260928,2019-06,hidden1-hidden2,0.8975178003311157
3,20260928,2019-06,hidden2-hidden3,0.7972909808158875
3,20260928,2019-07,hidden1-hidden2,0.8943541049957275
3,20260928,2019-07,hidden2-hidden3,0.8259833455085754
3,20260928,2019-08,hidden1-hidden2,0.8902006149291992
3,20260928,2019-08,hidden2-hidden3,0.822331964969635
3,20260928,2019-09,hidden1-hidden2,0.8874425292015076
3,20260928,2019-09,hidden2-hidden3,0.8329076170921326
3,20260928,2019-10,hidden1-hidden2,0.8890384435653687
3,20260928,2019-10,hidden2-hidden3,0.8263312578201294
3,20260928,2019-11,hidden1-hidden2,0.8858813643455505
3,20260928,2019-11,hidden2-hidden3,0.8251113891601562
3,20260928,2019-12,hidden1-hidden2,0.8916228413581848
3,20260928,2019-12,hidden2-hidden3,0.8280624747276306
4,20260924,2010-01,hidden1-hidden2,0.8817343711853027
4,20260924,2010-01,hidden2-hidden3,0.8421307802200317
4,20260924,2010-02,hidden1-hidden2,0.8857260346412659
4,20260924,2010-02,hidden2-hidden3,0.8358904123306274
4,20260924,2010-03,hidden1-hidden2,0.8756707310676575
4,20260924,2010-03,hidden2-hidden3,0.840574324131012
4,20260924,2010-04,hidden1-hidden2,0.8840163946151733
4,20260924,2010-04,hidden2-hidden3,0.8521144986152649
4,20260924,2010-05,hidden1-hidden2,0.8738805651664734
4,20260924,2010-05,hidden2-hidden3,0.8352725505828857
4,20260924,2010-06,hidden1-hidden2,0.875564694404602
4,20260924,2010-06,hidden2-hidden3,0.8226171135902405
4,20260924,2010-07,hidden1-hidden2,0.8796530365943909
4,20260924,2010-07,hidden2-hidden3,0.8328368067741394
4,20260924,2010-08,hidden1-hidden2,0.8824265599250793
4,20260924,2010-08,hidden2-hidden3,0.8261961936950684
4,20260924,2010-09,hidden1-hidden2,0.8769106268882751
4,20260924,2010-09,hidden2-hidden3,0.8276653289794922
4,20260924,2010-10,hidden1-hidden2,0.8882796168327332
4,20260924,2010-10,hidden2-hidden3,0.8486285209655762
4,20260924,2010-11,hidden1-hidden2,0.8823360800743103
4,20260924,2010-11,hidden2-hidden3,0.834646463394165
4,20260924,2010-12,hidden1-hidden2,0.8764954805374146
4,20260924,2010-12,hidden2-hidden3,0.827958881855011
4,20260924,2011-01,hidden1-hidden2,0.8805734515190125
4,20260924,2011-01,hidden2-hidden3,0.8108479380607605
4,20260924,2011-02,hidden1-hidden2,0.88462233543396
4,20260924,2011-02,hidden2-hidden3,0.8230306506156921
4,20260924,2011-03,hidden1-hidden2,0.8725590705871582
4,20260924,2011-03,hidden2-hidden3,0.8066385984420776
4,20260924,2011-04,hidden1-hidden2,0.8615942001342773
4,20260924,2011-04,hidden2-hidden3,0.8177171349525452
4,20260924,2011-05,hidden1-hidden2,0.8819999098777771
4,20260924,2011-05,hidden2-hidden3,0.8229780793190002
4,20260924,2011-06,hidden1-hidden2,0.866874635219574
4,20260924,2011-06,hidden2-hidden3,0.8095066547393799
4,20260924,2011-07,hidden1-hidden2,0.8782621026039124
4,20260924,2011-07,hidden2-hidden3,0.8244706988334656
4,20260924,2011-08,hidden1-hidden2,0.888950765132904
4,20260924,2011-08,hidden2-hidden3,0.8271993398666382
4,20260924,2011-09,hidden1-hidden2,0.8813298940658569
4,20260924,2011-09,hidden2-hidden3,0.8319027423858643
4,20260924,2011-10,hidden1-hidden2,0.8740406036376953
4,20260924,2011-10,hidden2-hidden3,0.8276086449623108
4,20260924,2011-11,hidden1-hidden2,0.8830063939094543
4,20260924,2011-11,hidden2-hidden3,0.8328982591629028
4,20260924,2011-12,hidden1-hidden2,0.8837181329727173
4,20260924,2011-12,hidden2-hidden3,0.8396214842796326
4,20260924,2012-01,hidden1-hidden2,0.8729320168495178
4,20260924,2012-01,hidden2-hidden3,0.8294456005096436
4,20260924,2012-02,hidden1-hidden2,0.8723394274711609
4,20260924,2012-02,hidden2-hidden3,0.8348345160484314
4,20260924,2012-03,hidden1-hidden2,0.8855487108230591
4,20260924,2012-03,hidden2-hidden3,0.8258221745491028
4,20260924,2012-04,hidden1-hidden2,0.8749857544898987
4,20260924,2012-04,hidden2-hidden3,0.8328967690467834
4,20260924,2012-05,hidden1-hidden2,0.8764140009880066
4,20260924,2012-05,hidden2-hidden3,0.8416532874107361
4,20260924,2012-06,hidden1-hidden2,0.8813281655311584
4,20260924,2012-06,hidden2-hidden3,0.8286394476890564
4,20260924,2012-07,hidden1-hidden2,0.878190815448761
4,20260924,2012-07,hidden2-hidden3,0.8434155583381653
4,20260924,2012-08,hidden1-hidden2,0.879649817943573
4,20260924,2012-08,hidden2-hidden3,0.8226602673530579
4,20260924,2012-09,hidden1-hidden2,0.8769700527191162
4,20260924,2012-09,hidden2-hidden3,0.8398691415786743
4,20260924,2012-10,hidden1-hidden2,0.8773149847984314
4,20260924,2012-10,hidden2-hidden3,0.8266859650611877
4,20260924,2012-11,hidden1-hidden2,0.8820437788963318
4,20260924,2012-11,hidden2-hidden3,0.8326306343078613
4,20260924,2012-12,hidden1-hidden2,0.8661800026893616
4,20260924,2012-12,hidden2-hidden3,0.8194963932037354
4,20260924,2013-01,hidden1-hidden2,0.8814963698387146
4,20260924,2013-01,hidden2-hidden3,0.8283719420433044
4,20260924,2013-02,hidden1-hidden2,0.8785242438316345
4,20260924,2013-02,hidden2-hidden3,0.8314235806465149
4,20260924,2013-03,hidden1-hidden2,0.8732472658157349
4,20260924,2013-03,hidden2-hidden3,0.8151189684867859
4,20260924,2013-04,hidden1-hidden2,0.8715094327926636
4,20260924,2013-04,hidden2-hidden3,0.8299127221107483
4,20260924,2013-05,hidden1-hidden2,0.8809005618095398
4,20260924,2013-05,hidden2-hidden3,0.8360951542854309
4,20260924,2013-06,hidden1-hidden2,0.8740888237953186
4,20260924,2013-06,hidden2-hidden3,0.8333865404129028
4,20260924,2013-07,hidden1-hidden2,0.8662893176078796
4,20260924,2013-07,hidden2-hidden3,0.8277614712715149
4,20260924,2013-08,hidden1-hidden2,0.8805923461914062
4,20260924,2013-08,hidden2-hidden3,0.8313626646995544
4,20260924,2013-09,hidden1-hidden2,0.8817950487136841
4,20260924,2013-09,hidden2-hidden3,0.8118007779121399
4,20260924,2013-10,hidden1-hidden2,0.875123918056488
4,20260924,2013-10,hidden2-hidden3,0.8148142695426941
4,20260924,2013-11,hidden1-hidden2,0.8748867511749268
4,20260924,2013-11,hidden2-hidden3,0.8300323486328125
4,20260924,2013-12,hidden1-hidden2,0.8809700608253479
4,20260924,2013-12,hidden2-hidden3,0.8308416604995728
4,20260924,2014-01,hidden1-hidden2,0.8647068738937378
4,20260924,2014-01,hidden2-hidden3,0.8208929896354675
4,20260924,2014-02,hidden1-hidden2,0.8799547553062439
4,20260924,2014-02,hidden2-hidden3,0.831362783908844
4,20260924,2014-03,hidden1-hidden2,0.8623719811439514
4,20260924,2014-03,hidden2-hidden3,0.8175644874572754
4,20260924,2014-04,hidden1-hidden2,0.8803691864013672
4,20260924,2014-04,hidden2-hidden3,0.8271412253379822
4,20260924,2014-05,hidden1-hidden2,0.8825536966323853
4,20260924,2014-05,hidden2-hidden3,0.8265447020530701
4,20260924,2014-06,hidden1-hidden2,0.8827275037765503
4,20260924,2014-06,hidden2-hidden3,0.8276820778846741
4,20260924,2014-07,hidden1-hidden2,0.8771093487739563
4,20260924,2014-07,hidden2-hidden3,0.825977087020874
4,20260924,2014-08,hidden1-hidden2,0.8797501921653748
4,20260924,2014-08,hidden2-hidden3,0.8154271245002747
4,20260924,2014-09,hidden1-hidden2,0.8822312951087952
4,20260924,2014-09,hidden2-hidden3,0.821755588054657
4,20260924,2014-10,hidden1-hidden2,0.8831170201301575
4,20260924,2014-10,hidden2-hidden3,0.8129978179931641
4,20260924,2014-11,hidden1-hidden2,0.8765496015548706
4,20260924,2014-11,hidden2-hidden3,0.8158416748046875
4,20260924,2014-12,hidden1-hidden2,0.8765833377838135
4,20260924,2014-12,hidden2-hidden3,0.8245912194252014
4,20260924,2015-01,hidden1-hidden2,0.8759631514549255
4,20260924,2015-01,hidden2-hidden3,0.829129159450531
4,20260924,2015-02,hidden1-hidden2,0.8761903643608093
4,20260924,2015-02,hidden2-hidden3,0.8189111948013306
4,20260924,2015-03,hidden1-hidden2,0.8836961388587952
4,20260924,2015-03,hidden2-hidden3,0.8224368095397949
4,20260924,2015-04,hidden1-hidden2,0.8682429790496826
4,20260924,2015-04,hidden2-hidden3,0.8343679904937744
4,20260924,2015-05,hidden1-hidden2,0.8729701042175293
4,20260924,2015-05,hidden2-hidden3,0.8245515823364258
4,20260924,2015-06,hidden1-hidden2,0.8658854961395264
4,20260924,2015-06,hidden2-hidden3,0.8185158371925354
4,20260924,2015-07,hidden1-hidden2,0.87261563539505
4,20260924,2015-07,hidden2-hidden3,0.8238087892532349
4,20260924,2015-08,hidden1-hidden2,0.873441755771637
4,20260924,2015-08,hidden2-hidden3,0.8355491757392883
4,20260924,2015-09,hidden1-hidden2,0.8861036896705627
4,20260924,2015-09,hidden2-hidden3,0.8283348679542542
4,20260924,2015-10,hidden1-hidden2,0.880908727645874
4,20260924,2015-10,hidden2-hidden3,0.8384222388267517
4,20260924,2015-11,hidden1-hidden2,0.8719985485076904
4,20260924,2015-11,hidden2-hidden3,0.8169481158256531
4,20260924,2015-12,hidden1-hidden2,0.8859942555427551
4,20260924,2015-12,hidden2-hidden3,0.8362497687339783
4,20260924,2016-01,hidden1-hidden2,0.881529688835144
4,20260924,2016-01,hidden2-hidden3,0.8253594040870667
4,20260924,2016-02,hidden1-hidden2,0.8755302429199219
4,20260924,2016-02,hidden2-hidden3,0.8258818984031677
4,20260924,2016-03,hidden1-hidden2,0.8719231486320496
4,20260924,2016-03,hidden2-hidden3,0.8367608785629272
4,20260924,2016-04,hidden1-hidden2,0.8733670711517334
4,20260924,2016-04,hidden2-hidden3,0.8200029134750366
4,20260924,2016-05,hidden1-hidden2,0.8760172128677368
4,20260924,2016-05,hidden2-hidden3,0.8373430967330933
4,20260924,2016-06,hidden1-hidden2,0.8688570261001587
4,20260924,2016-06,hidden2-hidden3,0.8380210399627686
4,20260924,2016-07,hidden1-hidden2,0.8793246746063232
4,20260924,2016-07,hidden2-hidden3,0.8381706476211548
4,20260924,2016-08,hidden1-hidden2,0.8745741844177246
4,20260924,2016-08,hidden2-hidden3,0.8398120403289795
4,20260924,2016-09,hidden1-hidden2,0.8770042061805725
4,20260924,2016-09,hidden2-hidden3,0.8426643013954163
4,20260924,2016-10,hidden1-hidden2,0.8762862086296082
4,20260924,2016-10,hidden2-hidden3,0.826295018196106
4,20260924,2016-11,hidden1-hidden2,0.8743736147880554
4,20260924,2016-11,hidden2-hidden3,0.8217863440513611
4,20260924,2016-12,hidden1-hidden2,0.8745039105415344
4,20260924,2016-12,hidden2-hidden3,0.8358862400054932
4,20260924,2017-01,hidden1-hidden2,0.8705008029937744
4,20260924,2017-01,hidden2-hidden3,0.813816249370575
4,20260924,2017-02,hidden1-hidden2,0.8743155598640442
4,20260924,2017-02,hidden2-hidden3,0.8361161947250366
4,20260924,2017-03,hidden1-hidden2,0.8737878799438477
4,20260924,2017-03,hidden2-hidden3,0.8377029895782471
4,20260924,2017-04,hidden1-hidden2,0.8760402798652649
4,20260924,2017-04,hidden2-hidden3,0.8339067101478577
4,20260924,2017-05,hidden1-hidden2,0.8715550899505615
4,20260924,2017-05,hidden2-hidden3,0.8307727575302124
4,20260924,2017-06,hidden1-hidden2,0.8771322965621948
4,20260924,2017-06,hidden2-hidden3,0.8419265151023865
4,20260924,2017-07,hidden1-hidden2,0.8739186525344849
4,20260924,2017-07,hidden2-hidden3,0.8451078534126282
4,20260924,2017-08,hidden1-hidden2,0.8837235569953918
4,20260924,2017-08,hidden2-hidden3,0.8278049230575562
4,20260924,2017-09,hidden1-hidden2,0.8837535977363586
4,20260924,2017-09,hidden2-hidden3,0.8413723707199097
4,20260924,2017-10,hidden1-hidden2,0.8852872848510742
4,20260924,2017-10,hidden2-hidden3,0.8279092907905579
4,20260924,2017-11,hidden1-hidden2,0.8781836628913879
4,20260924,2017-11,hidden2-hidden3,0.8240185379981995
4,20260924,2017-12,hidden1-hidden2,0.8807014226913452
4,20260924,2017-12,hidden2-hidden3,0.8401753306388855
4,20260924,2018-01,hidden1-hidden2,0.8679958581924438
4,20260924,2018-01,hidden2-hidden3,0.8216516971588135
4,20260924,2018-02,hidden1-hidden2,0.8765761852264404
4,20260924,2018-02,hidden2-hidden3,0.8301459550857544
4,20260924,2018-03,hidden1-hidden2,0.8736096024513245
4,20260924,2018-03,hidden2-hidden3,0.8225729465484619
4,20260924,2018-04,hidden1-hidden2,0.8746790885925293
4,20260924,2018-04,hidden2-hidden3,0.8220921158790588
4,20260924,2018-05,hidden1-hidden2,0.8758578896522522
4,20260924,2018-05,hidden2-hidden3,0.8217369318008423
4,20260924,2018-06,hidden1-hidden2,0.8733275532722473
4,20260924,2018-06,hidden2-hidden3,0.8317698836326599
4,20260924,2018-07,hidden1-hidden2,0.8736351728439331
4,20260924,2018-07,hidden2-hidden3,0.8174736499786377
4,20260924,2018-08,hidden1-hidden2,0.8726274967193604
4,20260924,2018-08,hidden2-hidden3,0.8225443363189697
4,20260924,2018-09,hidden1-hidden2,0.8769199252128601
4,20260924,2018-09,hidden2-hidden3,0.8325560688972473
4,20260924,2018-10,hidden1-hidden2,0.8705662488937378
4,20260924,2018-10,hidden2-hidden3,0.8361982107162476
4,20260924,2018-11,hidden1-hidden2,0.8766885995864868
4,20260924,2018-11,hidden2-hidden3,0.8444744348526001
4,20260924,2018-12,hidden1-hidden2,0.8772554397583008
4,20260924,2018-12,hidden2-hidden3,0.827229380607605
4,20260924,2019-01,hidden1-hidden2,0.8704187273979187
4,20260924,2019-01,hidden2-hidden3,0.8285136818885803
4,20260924,2019-02,hidden1-hidden2,0.8781201243400574
4,20260924,2019-02,hidden2-hidden3,0.8371301889419556
4,20260924,2019-03,hidden1-hidden2,0.8764858841896057
4,20260924,2019-03,hidden2-hidden3,0.838685154914856
4,20260924,2019-04,hidden1-hidden2,0.8762049674987793
4,20260924,2019-04,hidden2-hidden3,0.842388927936554
4,20260924,2019-05,hidden1-hidden2,0.8838244676589966
4,20260924,2019-05,hidden2-hidden3,0.8325657248497009
4,20260924,2019-06,hidden1-hidden2,0.8810885548591614
4,20260924,2019-06,hidden2-hidden3,0.8305280208587646
4,20260924,2019-07,hidden1-hidden2,0.8738433718681335
4,20260924,2019-07,hidden2-hidden3,0.8269708156585693
4,20260924,2019-08,hidden1-hidden2,0.8735344409942627
4,20260924,2019-08,hidden2-hidden3,0.8285127878189087
4,20260924,2019-09,hidden1-hidden2,0.8708885312080383
4,20260924,2019-09,hidden2-hidden3,0.830150306224823
4,20260924,2019-10,hidden1-hidden2,0.8730230331420898
4,20260924,2019-10,hidden2-hidden3,0.8315243124961853
4,20260924,2019-11,hidden1-hidden2,0.8765760064125061
4,20260924,2019-11,hidden2-hidden3,0.8233395218849182
4,20260924,2019-12,hidden1-hidden2,0.8807278871536255
4,20260924,2019-12,hidden2-hidden3,0.8391626477241516
4,20260925,2010-01,hidden1-hidden2,0.8763951659202576
4,20260925,2010-01,hidden2-hidden3,0.8893682360649109
4,20260925,2010-02,hidden1-hidden2,0.8914649486541748
4,20260925,2010-02,hidden2-hidden3,0.9013211131095886
4,20260925,2010-03,hidden1-hidden2,0.8827259540557861
4,20260925,2010-03,hidden2-hidden3,0.9002314209938049
4,20260925,2010-04,hidden1-hidden2,0.8785273432731628
4,20260925,2010-04,hidden2-hidden3,0.8933565616607666
4,20260925,2010-05,hidden1-hidden2,0.8842508792877197
4,20260925,2010-05,hidden2-hidden3,0.8903146386146545
4,20260925,2010-06,hidden1-hidden2,0.890816867351532
4,20260925,2010-06,hidden2-hidden3,0.9042967557907104
4,20260925,2010-07,hidden1-hidden2,0.8852089643478394
4,20260925,2010-07,hidden2-hidden3,0.889860212802887
4,20260925,2010-08,hidden1-hidden2,0.8800687193870544
4,20260925,2010-08,hidden2-hidden3,0.8982360363006592
4,20260925,2010-09,hidden1-hidden2,0.8800780177116394
4,20260925,2010-09,hidden2-hidden3,0.8990544676780701
4,20260925,2010-10,hidden1-hidden2,0.8893918991088867
4,20260925,2010-10,hidden2-hidden3,0.8963524103164673
4,20260925,2010-11,hidden1-hidden2,0.881168007850647
4,20260925,2010-11,hidden2-hidden3,0.895823061466217
4,20260925,2010-12,hidden1-hidden2,0.8859067559242249
4,20260925,2010-12,hidden2-hidden3,0.8981278538703918
4,20260925,2011-01,hidden1-hidden2,0.886657178401947
4,20260925,2011-01,hidden2-hidden3,0.889403760433197
4,20260925,2011-02,hidden1-hidden2,0.8835240006446838
4,20260925,2011-02,hidden2-hidden3,0.8966544270515442
4,20260925,2011-03,hidden1-hidden2,0.8728968501091003
4,20260925,2011-03,hidden2-hidden3,0.8953642249107361
4,20260925,2011-04,hidden1-hidden2,0.880179762840271
4,20260925,2011-04,hidden2-hidden3,0.9024469256401062
4,20260925,2011-05,hidden1-hidden2,0.8860503435134888
4,20260925,2011-05,hidden2-hidden3,0.9067445993423462
4,20260925,2011-06,hidden1-hidden2,0.8811689019203186
4,20260925,2011-06,hidden2-hidden3,0.8957608938217163
4,20260925,2011-07,hidden1-hidden2,0.8866683840751648
4,20260925,2011-07,hidden2-hidden3,0.8958832025527954
4,20260925,2011-08,hidden1-hidden2,0.8860006332397461
4,20260925,2011-08,hidden2-hidden3,0.9093698859214783
4,20260925,2011-09,hidden1-hidden2,0.8814448714256287
4,20260925,2011-09,hidden2-hidden3,0.90892493724823
4,20260925,2011-10,hidden1-hidden2,0.8738840222358704
4,20260925,2011-10,hidden2-hidden3,0.8921477198600769
4,20260925,2011-11,hidden1-hidden2,0.8716962933540344
4,20260925,2011-11,hidden2-hidden3,0.8961042761802673
4,20260925,2011-12,hidden1-hidden2,0.8735587000846863
4,20260925,2011-12,hidden2-hidden3,0.8996587991714478
4,20260925,2012-01,hidden1-hidden2,0.8770015239715576
4,20260925,2012-01,hidden2-hidden3,0.9025644063949585
4,20260925,2012-02,hidden1-hidden2,0.8683212399482727
4,20260925,2012-02,hidden2-hidden3,0.8922907114028931
4,20260925,2012-03,hidden1-hidden2,0.8729454278945923
4,20260925,2012-03,hidden2-hidden3,0.9112179279327393
4,20260925,2012-04,hidden1-hidden2,0.8624394536018372
4,20260925,2012-04,hidden2-hidden3,0.9000853300094604
4,20260925,2012-05,hidden1-hidden2,0.8801775574684143
4,20260925,2012-05,hidden2-hidden3,0.9057794809341431
4,20260925,2012-06,hidden1-hidden2,0.8851657509803772
4,20260925,2012-06,hidden2-hidden3,0.9100825190544128
4,20260925,2012-07,hidden1-hidden2,0.8825417757034302
4,20260925,2012-07,hidden2-hidden3,0.9138133525848389
4,20260925,2012-08,hidden1-hidden2,0.8817533254623413
4,20260925,2012-08,hidden2-hidden3,0.9103755354881287
4,20260925,2012-09,hidden1-hidden2,0.8765172958374023
4,20260925,2012-09,hidden2-hidden3,0.9056059122085571
4,20260925,2012-10,hidden1-hidden2,0.8670244216918945
4,20260925,2012-10,hidden2-hidden3,0.9011717438697815
4,20260925,2012-11,hidden1-hidden2,0.878976047039032
4,20260925,2012-11,hidden2-hidden3,0.9137566089630127
4,20260925,2012-12,hidden1-hidden2,0.8814876079559326
4,20260925,2012-12,hidden2-hidden3,0.9056140780448914
4,20260925,2013-01,hidden1-hidden2,0.8785495758056641
4,20260925,2013-01,hidden2-hidden3,0.9013484716415405
4,20260925,2013-02,hidden1-hidden2,0.8883392810821533
4,20260925,2013-02,hidden2-hidden3,0.9204277396202087
4,20260925,2013-03,hidden1-hidden2,0.8868774771690369
4,20260925,2013-03,hidden2-hidden3,0.9121655821800232
4,20260925,2013-04,hidden1-hidden2,0.8816324472427368
4,20260925,2013-04,hidden2-hidden3,0.9153879284858704
4,20260925,2013-05,hidden1-hidden2,0.8762150406837463
4,20260925,2013-05,hidden2-hidden3,0.9101536273956299
4,20260925,2013-06,hidden1-hidden2,0.8754763603210449
4,20260925,2013-06,hidden2-hidden3,0.9104730486869812
4,20260925,2013-07,hidden1-hidden2,0.8786361813545227
4,20260925,2013-07,hidden2-hidden3,0.9145431518554688
4,20260925,2013-08,hidden1-hidden2,0.87079256772995
4,20260925,2013-08,hidden2-hidden3,0.9144665002822876
4,20260925,2013-09,hidden1-hidden2,0.8724504709243774
4,20260925,2013-09,hidden2-hidden3,0.9085627198219299
4,20260925,2013-10,hidden1-hidden2,0.8805832266807556
4,20260925,2013-10,hidden2-hidden3,0.9130721688270569
4,20260925,2013-11,hidden1-hidden2,0.8733748197555542
4,20260925,2013-11,hidden2-hidden3,0.9169610142707825
4,20260925,2013-12,hidden1-hidden2,0.8836954236030579
4,20260925,2013-12,hidden2-hidden3,0.9144393801689148
4,20260925,2014-01,hidden1-hidden2,0.878036618232727
4,20260925,2014-01,hidden2-hidden3,0.9105760455131531
4,20260925,2014-02,hidden1-hidden2,0.8865371942520142
4,20260925,2014-02,hidden2-hidden3,0.9196949601173401
4,20260925,2014-03,hidden1-hidden2,0.8800105452537537
4,20260925,2014-03,hidden2-hidden3,0.9200829863548279
4,20260925,2014-04,hidden1-hidden2,0.8663755655288696
4,20260925,2014-04,hidden2-hidden3,0.909265398979187
4,20260925,2014-05,hidden1-hidden2,0.8824952840805054
4,20260925,2014-05,hidden2-hidden3,0.8996933698654175
4,20260925,2014-06,hidden1-hidden2,0.8663729429244995
4,20260925,2014-06,hidden2-hidden3,0.906851053237915
4,20260925,2014-07,hidden1-hidden2,0.8811385035514832
4,20260925,2014-07,hidden2-hidden3,0.9209515452384949
4,20260925,2014-08,hidden1-hidden2,0.8838322162628174
4,20260925,2014-08,hidden2-hidden3,0.9265245199203491
4,20260925,2014-09,hidden1-hidden2,0.8848382830619812
4,20260925,2014-09,hidden2-hidden3,0.9153301119804382
4,20260925,2014-10,hidden1-hidden2,0.8787741661071777
4,20260925,2014-10,hidden2-hidden3,0.9222637414932251
4,20260925,2014-11,hidden1-hidden2,0.8683776259422302
4,20260925,2014-11,hidden2-hidden3,0.9179924130439758
4,20260925,2014-12,hidden1-hidden2,0.8749174475669861
4,20260925,2014-12,hidden2-hidden3,0.9104104042053223
4,20260925,2015-01,hidden1-hidden2,0.8758525252342224
4,20260925,2015-01,hidden2-hidden3,0.9105461835861206
4,20260925,2015-02,hidden1-hidden2,0.8694503903388977
4,20260925,2015-02,hidden2-hidden3,0.9183265566825867
4,20260925,2015-03,hidden1-hidden2,0.8696909546852112
4,20260925,2015-03,hidden2-hidden3,0.9263074994087219
4,20260925,2015-04,hidden1-hidden2,0.8709705471992493
4,20260925,2015-04,hidden2-hidden3,0.9187260866165161
4,20260925,2015-05,hidden1-hidden2,0.8654271364212036
4,20260925,2015-05,hidden2-hidden3,0.9161885380744934
4,20260925,2015-06,hidden1-hidden2,0.8655321002006531
4,20260925,2015-06,hidden2-hidden3,0.9063619375228882
4,20260925,2015-07,hidden1-hidden2,0.8786429762840271
4,20260925,2015-07,hidden2-hidden3,0.9193112254142761
4,20260925,2015-08,hidden1-hidden2,0.8865950703620911
4,20260925,2015-08,hidden2-hidden3,0.9248186349868774
4,20260925,2015-09,hidden1-hidden2,0.8802199959754944
4,20260925,2015-09,hidden2-hidden3,0.9184424877166748
4,20260925,2015-10,hidden1-hidden2,0.8829177021980286
4,20260925,2015-10,hidden2-hidden3,0.9195080399513245
4,20260925,2015-11,hidden1-hidden2,0.8760091066360474
4,20260925,2015-11,hidden2-hidden3,0.9106392860412598
4,20260925,2015-12,hidden1-hidden2,0.8727419376373291
4,20260925,2015-12,hidden2-hidden3,0.9146856665611267
4,20260925,2016-01,hidden1-hidden2,0.886962354183197
4,20260925,2016-01,hidden2-hidden3,0.9313269853591919
4,20260925,2016-02,hidden1-hidden2,0.8727079033851624
4,20260925,2016-02,hidden2-hidden3,0.9227071404457092
4,20260925,2016-03,hidden1-hidden2,0.8764690160751343
4,20260925,2016-03,hidden2-hidden3,0.901894211769104
4,20260925,2016-04,hidden1-hidden2,0.880918025970459
4,20260925,2016-04,hidden2-hidden3,0.9251466989517212
4,20260925,2016-05,hidden1-hidden2,0.8843153119087219
4,20260925,2016-05,hidden2-hidden3,0.9359325766563416
4,20260925,2016-06,hidden1-hidden2,0.882390022277832
4,20260925,2016-06,hidden2-hidden3,0.9341722726821899
4,20260925,2016-07,hidden1-hidden2,0.887617290019989
4,20260925,2016-07,hidden2-hidden3,0.9308194518089294
4,20260925,2016-08,hidden1-hidden2,0.8886760473251343
4,20260925,2016-08,hidden2-hidden3,0.9253903031349182
4,20260925,2016-09,hidden1-hidden2,0.8827329874038696
4,20260925,2016-09,hidden2-hidden3,0.9279518127441406
4,20260925,2016-10,hidden1-hidden2,0.8873552680015564
4,20260925,2016-10,hidden2-hidden3,0.9329249262809753
4,20260925,2016-11,hidden1-hidden2,0.8932490944862366
4,20260925,2016-11,hidden2-hidden3,0.9318535327911377
4,20260925,2016-12,hidden1-hidden2,0.8808730244636536
4,20260925,2016-12,hidden2-hidden3,0.9169114828109741
4,20260925,2017-01,hidden1-hidden2,0.8769058585166931
4,20260925,2017-01,hidden2-hidden3,0.9216724634170532
4,20260925,2017-02,hidden1-hidden2,0.8729689717292786
4,20260925,2017-02,hidden2-hidden3,0.907325804233551
4,20260925,2017-03,hidden1-hidden2,0.88932865858078
4,20260925,2017-03,hidden2-hidden3,0.9265625476837158
4,20260925,2017-04,hidden1-hidden2,0.87846839427948
4,20260925,2017-04,hidden2-hidden3,0.9250193238258362
4,20260925,2017-05,hidden1-hidden2,0.8838693499565125
4,20260925,2017-05,hidden2-hidden3,0.9258473515510559
4,20260925,2017-06,hidden1-hidden2,0.8860694766044617
4,20260925,2017-06,hidden2-hidden3,0.9249902963638306
4,20260925,2017-07,hidden1-hidden2,0.8903377056121826
4,20260925,2017-07,hidden2-hidden3,0.9325581192970276
4,20260925,2017-08,hidden1-hidden2,0.8942403197288513
4,20260925,2017-08,hidden2-hidden3,0.9346402883529663
4,20260925,2017-09,hidden1-hidden2,0.8822927474975586
4,20260925,2017-09,hidden2-hidden3,0.9270076155662537
4,20260925,2017-10,hidden1-hidden2,0.8869057893753052
4,20260925,2017-10,hidden2-hidden3,0.9263799786567688
4,20260925,2017-11,hidden1-hidden2,0.8836818337440491
4,20260925,2017-11,hidden2-hidden3,0.924586832523346
4,20260925,2017-12,hidden1-hidden2,0.8942269682884216
4,20260925,2017-12,hidden2-hidden3,0.9353083968162537
4,20260925,2018-01,hidden1-hidden2,0.8902187347412109
4,20260925,2018-01,hidden2-hidden3,0.9265741109848022
4,20260925,2018-02,hidden1-hidden2,0.886232852935791
4,20260925,2018-02,hidden2-hidden3,0.9237531423568726
4,20260925,2018-03,hidden1-hidden2,0.8832152485847473
4,20260925,2018-03,hidden2-hidden3,0.9166643619537354
4,20260925,2018-04,hidden1-hidden2,0.8758044242858887
4,20260925,2018-04,hidden2-hidden3,0.9150550961494446
4,20260925,2018-05,hidden1-hidden2,0.8996908068656921
4,20260925,2018-05,hidden2-hidden3,0.930437445640564
4,20260925,2018-06,hidden1-hidden2,0.888152539730072
4,20260925,2018-06,hidden2-hidden3,0.9247995615005493
4,20260925,2018-07,hidden1-hidden2,0.8819780945777893
4,20260925,2018-07,hidden2-hidden3,0.9179784655570984
4,20260925,2018-08,hidden1-hidden2,0.8897848725318909
4,20260925,2018-08,hidden2-hidden3,0.9171455502510071
4,20260925,2018-09,hidden1-hidden2,0.8860457539558411
4,20260925,2018-09,hidden2-hidden3,0.913139820098877
4,20260925,2018-10,hidden1-hidden2,0.8864098191261292
4,20260925,2018-10,hidden2-hidden3,0.9176695942878723
4,20260925,2018-11,hidden1-hidden2,0.8903141617774963
4,20260925,2018-11,hidden2-hidden3,0.924322783946991
4,20260925,2018-12,hidden1-hidden2,0.8857724070549011
4,20260925,2018-12,hidden2-hidden3,0.9216625690460205
4,20260925,2019-01,hidden1-hidden2,0.8792675137519836
4,20260925,2019-01,hidden2-hidden3,0.9181479215621948
4,20260925,2019-02,hidden1-hidden2,0.884548008441925
4,20260925,2019-02,hidden2-hidden3,0.9223032593727112
4,20260925,2019-03,hidden1-hidden2,0.8952690958976746
4,20260925,2019-03,hidden2-hidden3,0.9380571246147156
4,20260925,2019-04,hidden1-hidden2,0.8871148228645325
4,20260925,2019-04,hidden2-hidden3,0.9291471242904663
4,20260925,2019-05,hidden1-hidden2,0.8953481912612915
4,20260925,2019-05,hidden2-hidden3,0.9287902116775513
4,20260925,2019-06,hidden1-hidden2,0.8811020851135254
4,20260925,2019-06,hidden2-hidden3,0.9172595739364624
4,20260925,2019-07,hidden1-hidden2,0.893090546131134
4,20260925,2019-07,hidden2-hidden3,0.9273079633712769
4,20260925,2019-08,hidden1-hidden2,0.8872752785682678
4,20260925,2019-08,hidden2-hidden3,0.9313132166862488
4,20260925,2019-09,hidden1-hidden2,0.8925830125808716
4,20260925,2019-09,hidden2-hidden3,0.9230648279190063
4,20260925,2019-10,hidden1-hidden2,0.887327253818512
4,20260925,2019-10,hidden2-hidden3,0.920688271522522
4,20260925,2019-11,hidden1-hidden2,0.8803555965423584
4,20260925,2019-11,hidden2-hidden3,0.9156268239021301
4,20260925,2019-12,hidden1-hidden2,0.895658016204834
4,20260925,2019-12,hidden2-hidden3,0.9292576313018799
4,20260926,2010-01,hidden1-hidden2,0.9078537821769714
4,20260926,2010-01,hidden2-hidden3,0.9004451036453247
4,20260926,2010-02,hidden1-hidden2,0.9023988246917725
4,20260926,2010-02,hidden2-hidden3,0.9107624292373657
4,20260926,2010-03,hidden1-hidden2,0.9030984044075012
4,20260926,2010-03,hidden2-hidden3,0.9049428701400757
4,20260926,2010-04,hidden1-hidden2,0.9008854031562805
4,20260926,2010-04,hidden2-hidden3,0.9082003235816956
4,20260926,2010-05,hidden1-hidden2,0.9041821956634521
4,20260926,2010-05,hidden2-hidden3,0.8984454870223999
4,20260926,2010-06,hidden1-hidden2,0.8989812731742859
4,20260926,2010-06,hidden2-hidden3,0.9045401811599731
4,20260926,2010-07,hidden1-hidden2,0.9013217091560364
4,20260926,2010-07,hidden2-hidden3,0.9040867686271667
4,20260926,2010-08,hidden1-hidden2,0.8946482539176941
4,20260926,2010-08,hidden2-hidden3,0.9032421708106995
4,20260926,2010-09,hidden1-hidden2,0.8953689336776733
4,20260926,2010-09,hidden2-hidden3,0.902233362197876
4,20260926,2010-10,hidden1-hidden2,0.9019243717193604
4,20260926,2010-10,hidden2-hidden3,0.9104802012443542
4,20260926,2010-11,hidden1-hidden2,0.9078962802886963
4,20260926,2010-11,hidden2-hidden3,0.906084418296814
4,20260926,2010-12,hidden1-hidden2,0.9028087854385376
4,20260926,2010-12,hidden2-hidden3,0.9091952443122864
4,20260926,2011-01,hidden1-hidden2,0.8971101641654968
4,20260926,2011-01,hidden2-hidden3,0.8995147943496704
4,20260926,2011-02,hidden1-hidden2,0.9052355885505676
4,20260926,2011-02,hidden2-hidden3,0.9029550552368164
4,20260926,2011-03,hidden1-hidden2,0.8882468938827515
4,20260926,2011-03,hidden2-hidden3,0.8897331357002258
4,20260926,2011-04,hidden1-hidden2,0.8948817253112793
4,20260926,2011-04,hidden2-hidden3,0.9082025289535522
4,20260926,2011-05,hidden1-hidden2,0.8989710211753845
4,20260926,2011-05,hidden2-hidden3,0.9109037518501282
4,20260926,2011-06,hidden1-hidden2,0.8844810128211975
4,20260926,2011-06,hidden2-hidden3,0.9087790846824646
4,20260926,2011-07,hidden1-hidden2,0.8892396688461304
4,20260926,2011-07,hidden2-hidden3,0.9102605581283569
4,20260926,2011-08,hidden1-hidden2,0.8919613361358643
4,20260926,2011-08,hidden2-hidden3,0.9094753265380859
4,20260926,2011-09,hidden1-hidden2,0.8911293148994446
4,20260926,2011-09,hidden2-hidden3,0.9107041358947754
4,20260926,2011-10,hidden1-hidden2,0.8829395174980164
4,20260926,2011-10,hidden2-hidden3,0.8988277912139893
4,20260926,2011-11,hidden1-hidden2,0.8883483409881592
4,20260926,2011-11,hidden2-hidden3,0.9032658934593201
4,20260926,2011-12,hidden1-hidden2,0.9033225178718567
4,20260926,2011-12,hidden2-hidden3,0.9093771576881409
4,20260926,2012-01,hidden1-hidden2,0.8913537263870239
4,20260926,2012-01,hidden2-hidden3,0.8995620608329773
4,20260926,2012-02,hidden1-hidden2,0.8948047161102295
4,20260926,2012-02,hidden2-hidden3,0.8918329477310181
4,20260926,2012-03,hidden1-hidden2,0.9022870063781738
4,20260926,2012-03,hidden2-hidden3,0.9151337742805481
4,20260926,2012-04,hidden1-hidden2,0.8899952173233032
4,20260926,2012-04,hidden2-hidden3,0.9053676128387451
4,20260926,2012-05,hidden1-hidden2,0.9028780460357666
4,20260926,2012-05,hidden2-hidden3,0.913960874080658
4,20260926,2012-06,hidden1-hidden2,0.9002216458320618
4,20260926,2012-06,hidden2-hidden3,0.910119891166687
4,20260926,2012-07,hidden1-hidden2,0.904068112373352
4,20260926,2012-07,hidden2-hidden3,0.9162653684616089
4,20260926,2012-08,hidden1-hidden2,0.9024760723114014
4,20260926,2012-08,hidden2-hidden3,0.9207109808921814
4,20260926,2012-09,hidden1-hidden2,0.8963193297386169
4,20260926,2012-09,hidden2-hidden3,0.9083342552185059
4,20260926,2012-10,hidden1-hidden2,0.8958614468574524
4,20260926,2012-10,hidden2-hidden3,0.9073084592819214
4,20260926,2012-11,hidden1-hidden2,0.9023330807685852
4,20260926,2012-11,hidden2-hidden3,0.9168528318405151
4,20260926,2012-12,hidden1-hidden2,0.8909451365470886
4,20260926,2012-12,hidden2-hidden3,0.910420835018158
4,20260926,2013-01,hidden1-hidden2,0.9027655720710754
4,20260926,2013-01,hidden2-hidden3,0.9104231595993042
4,20260926,2013-02,hidden1-hidden2,0.9041473269462585
4,20260926,2013-02,hidden2-hidden3,0.9198809266090393
4,20260926,2013-03,hidden1-hidden2,0.8950355052947998
4,20260926,2013-03,hidden2-hidden3,0.911403238773346
4,20260926,2013-04,hidden1-hidden2,0.8966021537780762
4,20260926,2013-04,hidden2-hidden3,0.9183771014213562
4,20260926,2013-05,hidden1-hidden2,0.9051501750946045
4,20260926,2013-05,hidden2-hidden3,0.9131224751472473
4,20260926,2013-06,hidden1-hidden2,0.8999657034873962
4,20260926,2013-06,hidden2-hidden3,0.9137353897094727
4,20260926,2013-07,hidden1-hidden2,0.8973992466926575
4,20260926,2013-07,hidden2-hidden3,0.9135474562644958
4,20260926,2013-08,hidden1-hidden2,0.8887582421302795
4,20260926,2013-08,hidden2-hidden3,0.9116979837417603
4,20260926,2013-09,hidden1-hidden2,0.8890079259872437
4,20260926,2013-09,hidden2-hidden3,0.9092689752578735
4,20260926,2013-10,hidden1-hidden2,0.8923354148864746
4,20260926,2013-10,hidden2-hidden3,0.9118995070457458
4,20260926,2013-11,hidden1-hidden2,0.8903201818466187
4,20260926,2013-11,hidden2-hidden3,0.9071792960166931
4,20260926,2013-12,hidden1-hidden2,0.9014939069747925
4,20260926,2013-12,hidden2-hidden3,0.9280061721801758
4,20260926,2014-01,hidden1-hidden2,0.8944785594940186
4,20260926,2014-01,hidden2-hidden3,0.9110118746757507
4,20260926,2014-02,hidden1-hidden2,0.9001004695892334
4,20260926,2014-02,hidden2-hidden3,0.9174980521202087
4,20260926,2014-03,hidden1-hidden2,0.8941777348518372
4,20260926,2014-03,hidden2-hidden3,0.9134089350700378
4,20260926,2014-04,hidden1-hidden2,0.892549991607666
4,20260926,2014-04,hidden2-hidden3,0.9215208292007446
4,20260926,2014-05,hidden1-hidden2,0.8967292904853821
4,20260926,2014-05,hidden2-hidden3,0.9070882797241211
4,20260926,2014-06,hidden1-hidden2,0.8952871561050415
4,20260926,2014-06,hidden2-hidden3,0.9168233275413513
4,20260926,2014-07,hidden1-hidden2,0.8976683616638184
4,20260926,2014-07,hidden2-hidden3,0.9200276136398315
4,20260926,2014-08,hidden1-hidden2,0.9014058709144592
4,20260926,2014-08,hidden2-hidden3,0.9210948348045349
4,20260926,2014-09,hidden1-hidden2,0.895641565322876
4,20260926,2014-09,hidden2-hidden3,0.9217990040779114
4,20260926,2014-10,hidden1-hidden2,0.8972357511520386
4,20260926,2014-10,hidden2-hidden3,0.9221010208129883
4,20260926,2014-11,hidden1-hidden2,0.9002881050109863
4,20260926,2014-11,hidden2-hidden3,0.91621333360672
4,20260926,2014-12,hidden1-hidden2,0.9059466123580933
4,20260926,2014-12,hidden2-hidden3,0.9240775108337402
4,20260926,2015-01,hidden1-hidden2,0.8966795802116394
4,20260926,2015-01,hidden2-hidden3,0.9229986667633057
4,20260926,2015-02,hidden1-hidden2,0.8996830582618713
4,20260926,2015-02,hidden2-hidden3,0.9203564524650574
4,20260926,2015-03,hidden1-hidden2,0.8964056372642517
4,20260926,2015-03,hidden2-hidden3,0.9248989820480347
4,20260926,2015-04,hidden1-hidden2,0.8984211683273315
4,20260926,2015-04,hidden2-hidden3,0.9211649298667908
4,20260926,2015-05,hidden1-hidden2,0.8967176079750061
4,20260926,2015-05,hidden2-hidden3,0.9235402345657349
4,20260926,2015-06,hidden1-hidden2,0.8954558372497559
4,20260926,2015-06,hidden2-hidden3,0.917460024356842
4,20260926,2015-07,hidden1-hidden2,0.8990349173545837
4,20260926,2015-07,hidden2-hidden3,0.9328691959381104
4,20260926,2015-08,hidden1-hidden2,0.8975197672843933
4,20260926,2015-08,hidden2-hidden3,0.9277730584144592
4,20260926,2015-09,hidden1-hidden2,0.8956928849220276
4,20260926,2015-09,hidden2-hidden3,0.9301384091377258
4,20260926,2015-10,hidden1-hidden2,0.9030036330223083
4,20260926,2015-10,hidden2-hidden3,0.9270626306533813
4,20260926,2015-11,hidden1-hidden2,0.8884044289588928
4,20260926,2015-11,hidden2-hidden3,0.9250171184539795
4,20260926,2015-12,hidden1-hidden2,0.8966643214225769
4,20260926,2015-12,hidden2-hidden3,0.9193894863128662
4,20260926,2016-01,hidden1-hidden2,0.9050270318984985
4,20260926,2016-01,hidden2-hidden3,0.9276870489120483
4,20260926,2016-02,hidden1-hidden2,0.8990866541862488
4,20260926,2016-02,hidden2-hidden3,0.9232141971588135
4,20260926,2016-03,hidden1-hidden2,0.9015653133392334
4,20260926,2016-03,hidden2-hidden3,0.9221941828727722
4,20260926,2016-04,hidden1-hidden2,0.9037441611289978
4,20260926,2016-04,hidden2-hidden3,0.9268003106117249
4,20260926,2016-05,hidden1-hidden2,0.9106526970863342
4,20260926,2016-05,hidden2-hidden3,0.9335150718688965
4,20260926,2016-06,hidden1-hidden2,0.904550313949585
4,20260926,2016-06,hidden2-hidden3,0.925992488861084
4,20260926,2016-07,hidden1-hidden2,0.9072103500366211
4,20260926,2016-07,hidden2-hidden3,0.9344172477722168
4,20260926,2016-08,hidden1-hidden2,0.9006078839302063
4,20260926,2016-08,hidden2-hidden3,0.9247992038726807
4,20260926,2016-09,hidden1-hidden2,0.9019501209259033
4,20260926,2016-09,hidden2-hidden3,0.9316372871398926
4,20260926,2016-10,hidden1-hidden2,0.9070881605148315
4,20260926,2016-10,hidden2-hidden3,0.9235901832580566
4,20260926,2016-11,hidden1-hidden2,0.9092242121696472
4,20260926,2016-11,hidden2-hidden3,0.9302998185157776
4,20260926,2016-12,hidden1-hidden2,0.9030552506446838
4,20260926,2016-12,hidden2-hidden3,0.9232805371284485
4,20260926,2017-01,hidden1-hidden2,0.9057439565658569
4,20260926,2017-01,hidden2-hidden3,0.9264013767242432
4,20260926,2017-02,hidden1-hidden2,0.8974211812019348
4,20260926,2017-02,hidden2-hidden3,0.9169221520423889
4,20260926,2017-03,hidden1-hidden2,0.9101369976997375
4,20260926,2017-03,hidden2-hidden3,0.925679624080658
4,20260926,2017-04,hidden1-hidden2,0.9058643579483032
4,20260926,2017-04,hidden2-hidden3,0.9241471290588379
4,20260926,2017-05,hidden1-hidden2,0.9113082885742188
4,20260926,2017-05,hidden2-hidden3,0.9173956513404846
4,20260926,2017-06,hidden1-hidden2,0.9012046456336975
4,20260926,2017-06,hidden2-hidden3,0.9241634607315063
4,20260926,2017-07,hidden1-hidden2,0.9077273607254028
4,20260926,2017-07,hidden2-hidden3,0.9307093620300293
4,20260926,2017-08,hidden1-hidden2,0.912263810634613
4,20260926,2017-08,hidden2-hidden3,0.9300746917724609
4,20260926,2017-09,hidden1-hidden2,0.9116583466529846
4,20260926,2017-09,hidden2-hidden3,0.925241231918335
4,20260926,2017-10,hidden1-hidden2,0.9116640686988831
4,20260926,2017-10,hidden2-hidden3,0.9200947880744934
4,20260926,2017-11,hidden1-hidden2,0.90286785364151
4,20260926,2017-11,hidden2-hidden3,0.9190678000450134
4,20260926,2017-12,hidden1-hidden2,0.9122063517570496
4,20260926,2017-12,hidden2-hidden3,0.9273346066474915
4,20260926,2018-01,hidden1-hidden2,0.8989449739456177
4,20260926,2018-01,hidden2-hidden3,0.9206864833831787
4,20260926,2018-02,hidden1-hidden2,0.9064146280288696
4,20260926,2018-02,hidden2-hidden3,0.9229562282562256
4,20260926,2018-03,hidden1-hidden2,0.8966103792190552
4,20260926,2018-03,hidden2-hidden3,0.9170002341270447
4,20260926,2018-04,hidden1-hidden2,0.8955862522125244
4,20260926,2018-04,hidden2-hidden3,0.919669508934021
4,20260926,2018-05,hidden1-hidden2,0.9074839353561401
4,20260926,2018-05,hidden2-hidden3,0.9271752238273621
4,20260926,2018-06,hidden1-hidden2,0.9075364470481873
4,20260926,2018-06,hidden2-hidden3,0.9296209216117859
4,20260926,2018-07,hidden1-hidden2,0.9011467695236206
4,20260926,2018-07,hidden2-hidden3,0.9249966740608215
4,20260926,2018-08,hidden1-hidden2,0.8918631672859192
4,20260926,2018-08,hidden2-hidden3,0.9189430475234985
4,20260926,2018-09,hidden1-hidden2,0.9001524448394775
4,20260926,2018-09,hidden2-hidden3,0.9267206192016602
4,20260926,2018-10,hidden1-hidden2,0.9023167490959167
4,20260926,2018-10,hidden2-hidden3,0.9308010339736938
4,20260926,2018-11,hidden1-hidden2,0.9054047465324402
4,20260926,2018-11,hidden2-hidden3,0.9286921620368958
4,20260926,2018-12,hidden1-hidden2,0.897594690322876
4,20260926,2018-12,hidden2-hidden3,0.9297977089881897
4,20260926,2019-01,hidden1-hidden2,0.9097265005111694
4,20260926,2019-01,hidden2-hidden3,0.9288715720176697
4,20260926,2019-02,hidden1-hidden2,0.9063400626182556
4,20260926,2019-02,hidden2-hidden3,0.9345300793647766
4,20260926,2019-03,hidden1-hidden2,0.9171363115310669
4,20260926,2019-03,hidden2-hidden3,0.9316432476043701
4,20260926,2019-04,hidden1-hidden2,0.9141994118690491
4,20260926,2019-04,hidden2-hidden3,0.9333044290542603
4,20260926,2019-05,hidden1-hidden2,0.9120967388153076
4,20260926,2019-05,hidden2-hidden3,0.9324871897697449
4,20260926,2019-06,hidden1-hidden2,0.9034047722816467
4,20260926,2019-06,hidden2-hidden3,0.9257014393806458
4,20260926,2019-07,hidden1-hidden2,0.9129042625427246
4,20260926,2019-07,hidden2-hidden3,0.9415744543075562
4,20260926,2019-08,hidden1-hidden2,0.9043902158737183
4,20260926,2019-08,hidden2-hidden3,0.9319908618927002
4,20260926,2019-09,hidden1-hidden2,0.9068362712860107
4,20260926,2019-09,hidden2-hidden3,0.9303864240646362
4,20260926,2019-10,hidden1-hidden2,0.8953753709793091
4,20260926,2019-10,hidden2-hidden3,0.9260531663894653
4,20260926,2019-11,hidden1-hidden2,0.8950861692428589
4,20260926,2019-11,hidden2-hidden3,0.9233342409133911
4,20260926,2019-12,hidden1-hidden2,0.9069182276725769
4,20260926,2019-12,hidden2-hidden3,0.9312418699264526
4,20260927,2010-01,hidden1-hidden2,0.8592850565910339
4,20260927,2010-01,hidden2-hidden3,0.8334868550300598
4,20260927,2010-02,hidden1-hidden2,0.861396849155426
4,20260927,2010-02,hidden2-hidden3,0.8417217135429382
4,20260927,2010-03,hidden1-hidden2,0.8624169230461121
4,20260927,2010-03,hidden2-hidden3,0.8333633542060852
4,20260927,2010-04,hidden1-hidden2,0.8582552671432495
4,20260927,2010-04,hidden2-hidden3,0.818270742893219
4,20260927,2010-05,hidden1-hidden2,0.8612574934959412
4,20260927,2010-05,hidden2-hidden3,0.827257513999939
4,20260927,2010-06,hidden1-hidden2,0.8595793843269348
4,20260927,2010-06,hidden2-hidden3,0.8290501832962036
4,20260927,2010-07,hidden1-hidden2,0.8701234459877014
4,20260927,2010-07,hidden2-hidden3,0.8262507915496826
4,20260927,2010-08,hidden1-hidden2,0.8585882782936096
4,20260927,2010-08,hidden2-hidden3,0.8286498785018921
4,20260927,2010-09,hidden1-hidden2,0.8491424322128296
4,20260927,2010-09,hidden2-hidden3,0.8153825998306274
4,20260927,2010-10,hidden1-hidden2,0.8543500900268555
4,20260927,2010-10,hidden2-hidden3,0.823871910572052
4,20260927,2010-11,hidden1-hidden2,0.8499082326889038
4,20260927,2010-11,hidden2-hidden3,0.8222863674163818
4,20260927,2010-12,hidden1-hidden2,0.8524322509765625
4,20260927,2010-12,hidden2-hidden3,0.8145374059677124
4,20260927,2011-01,hidden1-hidden2,0.8492276668548584
4,20260927,2011-01,hidden2-hidden3,0.8115407824516296
4,20260927,2011-02,hidden1-hidden2,0.8486727476119995
4,20260927,2011-02,hidden2-hidden3,0.8256086707115173
4,20260927,2011-03,hidden1-hidden2,0.8415260910987854
4,20260927,2011-03,hidden2-hidden3,0.8254571557044983
4,20260927,2011-04,hidden1-hidden2,0.8409636616706848
4,20260927,2011-04,hidden2-hidden3,0.8126072883605957
4,20260927,2011-05,hidden1-hidden2,0.845185399055481
4,20260927,2011-05,hidden2-hidden3,0.8188495635986328
4,20260927,2011-06,hidden1-hidden2,0.8378634452819824
4,20260927,2011-06,hidden2-hidden3,0.8105700612068176
4,20260927,2011-07,hidden1-hidden2,0.8436692357063293
4,20260927,2011-07,hidden2-hidden3,0.8093244433403015
4,20260927,2011-08,hidden1-hidden2,0.8651953935623169
4,20260927,2011-08,hidden2-hidden3,0.797789454460144
4,20260927,2011-09,hidden1-hidden2,0.8612827658653259
4,20260927,2011-09,hidden2-hidden3,0.8077276349067688
4,20260927,2011-10,hidden1-hidden2,0.8576363921165466
4,20260927,2011-10,hidden2-hidden3,0.8117163181304932
4,20260927,2011-11,hidden1-hidden2,0.852414608001709
4,20260927,2011-11,hidden2-hidden3,0.8096818923950195
4,20260927,2011-12,hidden1-hidden2,0.8653382658958435
4,20260927,2011-12,hidden2-hidden3,0.8065004348754883
4,20260927,2012-01,hidden1-hidden2,0.8558496832847595
4,20260927,2012-01,hidden2-hidden3,0.8139931559562683
4,20260927,2012-02,hidden1-hidden2,0.8626115918159485
4,20260927,2012-02,hidden2-hidden3,0.8005634546279907
4,20260927,2012-03,hidden1-hidden2,0.8747904896736145
4,20260927,2012-03,hidden2-hidden3,0.775374174118042
4,20260927,2012-04,hidden1-hidden2,0.8566721677780151
4,20260927,2012-04,hidden2-hidden3,0.7932238578796387
4,20260927,2012-05,hidden1-hidden2,0.8617077469825745
4,20260927,2012-05,hidden2-hidden3,0.8031840920448303
4,20260927,2012-06,hidden1-hidden2,0.8619844913482666
4,20260927,2012-06,hidden2-hidden3,0.7803738713264465
4,20260927,2012-07,hidden1-hidden2,0.869317352771759
4,20260927,2012-07,hidden2-hidden3,0.7915068864822388
4,20260927,2012-08,hidden1-hidden2,0.8654804229736328
4,20260927,2012-08,hidden2-hidden3,0.8023546934127808
4,20260927,2012-09,hidden1-hidden2,0.8640515208244324
4,20260927,2012-09,hidden2-hidden3,0.8075754642486572
4,20260927,2012-10,hidden1-hidden2,0.8673375844955444
4,20260927,2012-10,hidden2-hidden3,0.79392409324646
4,20260927,2012-11,hidden1-hidden2,0.8750432133674622
4,20260927,2012-11,hidden2-hidden3,0.7976101636886597
4,20260927,2012-12,hidden1-hidden2,0.8613198399543762
4,20260927,2012-12,hidden2-hidden3,0.8063145875930786
4,20260927,2013-01,hidden1-hidden2,0.8722406625747681
4,20260927,2013-01,hidden2-hidden3,0.7949415445327759
4,20260927,2013-02,hidden1-hidden2,0.8717962503433228
4,20260927,2013-02,hidden2-hidden3,0.8102753758430481
4,20260927,2013-03,hidden1-hidden2,0.8628296852111816
4,20260927,2013-03,hidden2-hidden3,0.811085045337677
4,20260927,2013-04,hidden1-hidden2,0.8693044781684875
4,20260927,2013-04,hidden2-hidden3,0.8066633343696594
4,20260927,2013-05,hidden1-hidden2,0.8681640028953552
4,20260927,2013-05,hidden2-hidden3,0.8037933707237244
4,20260927,2013-06,hidden1-hidden2,0.8679211735725403
4,20260927,2013-06,hidden2-hidden3,0.8079771995544434
4,20260927,2013-07,hidden1-hidden2,0.8619493246078491
4,20260927,2013-07,hidden2-hidden3,0.8147387504577637
4,20260927,2013-08,hidden1-hidden2,0.8478492498397827
4,20260927,2013-08,hidden2-hidden3,0.8004582524299622
4,20260927,2013-09,hidden1-hidden2,0.8563817739486694
4,20260927,2013-09,hidden2-hidden3,0.8081702589988708
4,20260927,2013-10,hidden1-hidden2,0.8549690246582031
4,20260927,2013-10,hidden2-hidden3,0.8099532127380371
4,20260927,2013-11,hidden1-hidden2,0.8568941354751587
4,20260927,2013-11,hidden2-hidden3,0.8151808977127075
4,20260927,2013-12,hidden1-hidden2,0.8680896162986755
4,20260927,2013-12,hidden2-hidden3,0.818519651889801
4,20260927,2014-01,hidden1-hidden2,0.8502960205078125
4,20260927,2014-01,hidden2-hidden3,0.8124306797981262
4,20260927,2014-02,hidden1-hidden2,0.8566569685935974
4,20260927,2014-02,hidden2-hidden3,0.816464364528656
4,20260927,2014-03,hidden1-hidden2,0.8597347736358643
4,20260927,2014-03,hidden2-hidden3,0.8141865730285645
4,20260927,2014-04,hidden1-hidden2,0.8647013306617737
4,20260927,2014-04,hidden2-hidden3,0.8237550258636475
4,20260927,2014-05,hidden1-hidden2,0.8598420023918152
4,20260927,2014-05,hidden2-hidden3,0.8067803978919983
4,20260927,2014-06,hidden1-hidden2,0.8587352633476257
4,20260927,2014-06,hidden2-hidden3,0.8201878666877747
4,20260927,2014-07,hidden1-hidden2,0.8591015934944153
4,20260927,2014-07,hidden2-hidden3,0.8122953176498413
4,20260927,2014-08,hidden1-hidden2,0.8598069548606873
4,20260927,2014-08,hidden2-hidden3,0.8221813440322876
4,20260927,2014-09,hidden1-hidden2,0.8620110154151917
4,20260927,2014-09,hidden2-hidden3,0.8257415294647217
4,20260927,2014-10,hidden1-hidden2,0.8613789677619934
4,20260927,2014-10,hidden2-hidden3,0.8284882307052612
4,20260927,2014-11,hidden1-hidden2,0.8608224987983704
4,20260927,2014-11,hidden2-hidden3,0.8392218351364136
4,20260927,2014-12,hidden1-hidden2,0.873203694820404
4,20260927,2014-12,hidden2-hidden3,0.8160724639892578
4,20260927,2015-01,hidden1-hidden2,0.8511319756507874
4,20260927,2015-01,hidden2-hidden3,0.8143824934959412
4,20260927,2015-02,hidden1-hidden2,0.8580929040908813
4,20260927,2015-02,hidden2-hidden3,0.8275685906410217
4,20260927,2015-03,hidden1-hidden2,0.8748297095298767
4,20260927,2015-03,hidden2-hidden3,0.8253642320632935
4,20260927,2015-04,hidden1-hidden2,0.865395724773407
4,20260927,2015-04,hidden2-hidden3,0.8136926293373108
4,20260927,2015-05,hidden1-hidden2,0.8570888042449951
4,20260927,2015-05,hidden2-hidden3,0.8302953839302063
4,20260927,2015-06,hidden1-hidden2,0.8587244153022766
4,20260927,2015-06,hidden2-hidden3,0.8055764436721802
4,20260927,2015-07,hidden1-hidden2,0.8649857044219971
4,20260927,2015-07,hidden2-hidden3,0.8204786777496338
4,20260927,2015-08,hidden1-hidden2,0.8587110638618469
4,20260927,2015-08,hidden2-hidden3,0.8092415928840637
4,20260927,2015-09,hidden1-hidden2,0.8593018054962158
4,20260927,2015-09,hidden2-hidden3,0.8262090086936951
4,20260927,2015-10,hidden1-hidden2,0.861815333366394
4,20260927,2015-10,hidden2-hidden3,0.8230875730514526
4,20260927,2015-11,hidden1-hidden2,0.8561446070671082
4,20260927,2015-11,hidden2-hidden3,0.8089236617088318
4,20260927,2015-12,hidden1-hidden2,0.8635367751121521
4,20260927,2015-12,hidden2-hidden3,0.8205101490020752
4,20260927,2016-01,hidden1-hidden2,0.8726930618286133
4,20260927,2016-01,hidden2-hidden3,0.8300466537475586
4,20260927,2016-02,hidden1-hidden2,0.8528549075126648
4,20260927,2016-02,hidden2-hidden3,0.8223565816879272
4,20260927,2016-03,hidden1-hidden2,0.8489655256271362
4,20260927,2016-03,hidden2-hidden3,0.8205190300941467
4,20260927,2016-04,hidden1-hidden2,0.8699126243591309
4,20260927,2016-04,hidden2-hidden3,0.8402970433235168
4,20260927,2016-05,hidden1-hidden2,0.8785306215286255
4,20260927,2016-05,hidden2-hidden3,0.8378652334213257
4,20260927,2016-06,hidden1-hidden2,0.8762657642364502
4,20260927,2016-06,hidden2-hidden3,0.8313876986503601
4,20260927,2016-07,hidden1-hidden2,0.8660175800323486
4,20260927,2016-07,hidden2-hidden3,0.8178254961967468
4,20260927,2016-08,hidden1-hidden2,0.8656021952629089
4,20260927,2016-08,hidden2-hidden3,0.8232468962669373
4,20260927,2016-09,hidden1-hidden2,0.8705577254295349
4,20260927,2016-09,hidden2-hidden3,0.8412402272224426
4,20260927,2016-10,hidden1-hidden2,0.8674597144126892
4,20260927,2016-10,hidden2-hidden3,0.842848539352417
4,20260927,2016-11,hidden1-hidden2,0.8754509091377258
4,20260927,2016-11,hidden2-hidden3,0.8368018269538879
4,20260927,2016-12,hidden1-hidden2,0.8675687909126282
4,20260927,2016-12,hidden2-hidden3,0.8350131511688232
4,20260927,2017-01,hidden1-hidden2,0.8641210794448853
4,20260927,2017-01,hidden2-hidden3,0.8251069784164429
4,20260927,2017-02,hidden1-hidden2,0.8665023446083069
4,20260927,2017-02,hidden2-hidden3,0.8216816782951355
4,20260927,2017-03,hidden1-hidden2,0.8712980151176453
4,20260927,2017-03,hidden2-hidden3,0.844413161277771
4,20260927,2017-04,hidden1-hidden2,0.8646416664123535
4,20260927,2017-04,hidden2-hidden3,0.8179592490196228
4,20260927,2017-05,hidden1-hidden2,0.867608368396759
4,20260927,2017-05,hidden2-hidden3,0.8242998123168945
4,20260927,2017-06,hidden1-hidden2,0.8611153364181519
4,20260927,2017-06,hidden2-hidden3,0.8022606372833252
4,20260927,2017-07,hidden1-hidden2,0.8625792860984802
4,20260927,2017-07,hidden2-hidden3,0.830531895160675
4,20260927,2017-08,hidden1-hidden2,0.8751564025878906
4,20260927,2017-08,hidden2-hidden3,0.8305116891860962
4,20260927,2017-09,hidden1-hidden2,0.8604310154914856
4,20260927,2017-09,hidden2-hidden3,0.8223338723182678
4,20260927,2017-10,hidden1-hidden2,0.8645163178443909
4,20260927,2017-10,hidden2-hidden3,0.8312090635299683
4,20260927,2017-11,hidden1-hidden2,0.861189603805542
4,20260927,2017-11,hidden2-hidden3,0.8236849904060364
4,20260927,2017-12,hidden1-hidden2,0.8612492680549622
4,20260927,2017-12,hidden2-hidden3,0.8318613767623901
4,20260927,2018-01,hidden1-hidden2,0.8562265038490295
4,20260927,2018-01,hidden2-hidden3,0.8269636034965515
4,20260927,2018-02,hidden1-hidden2,0.8694840669631958
4,20260927,2018-02,hidden2-hidden3,0.8373519778251648
4,20260927,2018-03,hidden1-hidden2,0.8543420433998108
4,20260927,2018-03,hidden2-hidden3,0.8230595588684082
4,20260927,2018-04,hidden1-hidden2,0.8650645613670349
4,20260927,2018-04,hidden2-hidden3,0.8065719604492188
4,20260927,2018-05,hidden1-hidden2,0.8673967123031616
4,20260927,2018-05,hidden2-hidden3,0.8443551659584045
4,20260927,2018-06,hidden1-hidden2,0.8631352186203003
4,20260927,2018-06,hidden2-hidden3,0.8223433494567871
4,20260927,2018-07,hidden1-hidden2,0.8639534711837769
4,20260927,2018-07,hidden2-hidden3,0.8297356367111206
4,20260927,2018-08,hidden1-hidden2,0.8620415925979614
4,20260927,2018-08,hidden2-hidden3,0.8225938677787781
4,20260927,2018-09,hidden1-hidden2,0.8569827675819397
4,20260927,2018-09,hidden2-hidden3,0.8242989778518677
4,20260927,2018-10,hidden1-hidden2,0.8627901077270508
4,20260927,2018-10,hidden2-hidden3,0.833599328994751
4,20260927,2018-11,hidden1-hidden2,0.8636282682418823
4,20260927,2018-11,hidden2-hidden3,0.8137242197990417
4,20260927,2018-12,hidden1-hidden2,0.8619267344474792
4,20260927,2018-12,hidden2-hidden3,0.8345716595649719
4,20260927,2019-01,hidden1-hidden2,0.8625209927558899
4,20260927,2019-01,hidden2-hidden3,0.8316156268119812
4,20260927,2019-02,hidden1-hidden2,0.8686057925224304
4,20260927,2019-02,hidden2-hidden3,0.8391556143760681
4,20260927,2019-03,hidden1-hidden2,0.8724714517593384
4,20260927,2019-03,hidden2-hidden3,0.8386455774307251
4,20260927,2019-04,hidden1-hidden2,0.8719833493232727
4,20260927,2019-04,hidden2-hidden3,0.8354582786560059
4,20260927,2019-05,hidden1-hidden2,0.8675946593284607
4,20260927,2019-05,hidden2-hidden3,0.8260960578918457
4,20260927,2019-06,hidden1-hidden2,0.8591166734695435
4,20260927,2019-06,hidden2-hidden3,0.8277829885482788
4,20260927,2019-07,hidden1-hidden2,0.8829384446144104
4,20260927,2019-07,hidden2-hidden3,0.8155218958854675
4,20260927,2019-08,hidden1-hidden2,0.8670618534088135
4,20260927,2019-08,hidden2-hidden3,0.8229384422302246
4,20260927,2019-09,hidden1-hidden2,0.8651605844497681
4,20260927,2019-09,hidden2-hidden3,0.834758460521698
4,20260927,2019-10,hidden1-hidden2,0.861100971698761
4,20260927,2019-10,hidden2-hidden3,0.8248844742774963
4,20260927,2019-11,hidden1-hidden2,0.8575072288513184
4,20260927,2019-11,hidden2-hidden3,0.8224719762802124
4,20260927,2019-12,hidden1-hidden2,0.8645597100257874
4,20260927,2019-12,hidden2-hidden3,0.8389054536819458
4,20260928,2010-01,hidden1-hidden2,0.8941361308097839
4,20260928,2010-01,hidden2-hidden3,0.775617241859436
4,20260928,2010-02,hidden1-hidden2,0.9012084603309631
4,20260928,2010-02,hidden2-hidden3,0.7878624796867371
4,20260928,2010-03,hidden1-hidden2,0.8952283263206482
4,20260928,2010-03,hidden2-hidden3,0.8151291608810425
4,20260928,2010-04,hidden1-hidden2,0.8842256665229797
4,20260928,2010-04,hidden2-hidden3,0.7919208407402039
4,20260928,2010-05,hidden1-hidden2,0.8968230485916138
4,20260928,2010-05,hidden2-hidden3,0.7950204610824585
4,20260928,2010-06,hidden1-hidden2,0.8955157995223999
4,20260928,2010-06,hidden2-hidden3,0.8004831671714783
4,20260928,2010-07,hidden1-hidden2,0.891069769859314
4,20260928,2010-07,hidden2-hidden3,0.7908349633216858
4,20260928,2010-08,hidden1-hidden2,0.8845810294151306
4,20260928,2010-08,hidden2-hidden3,0.8017771244049072
4,20260928,2010-09,hidden1-hidden2,0.8823425769805908
4,20260928,2010-09,hidden2-hidden3,0.805336058139801
4,20260928,2010-10,hidden1-hidden2,0.8920031785964966
4,20260928,2010-10,hidden2-hidden3,0.805557370185852
4,20260928,2010-11,hidden1-hidden2,0.8858051300048828
4,20260928,2010-11,hidden2-hidden3,0.8178674578666687
4,20260928,2010-12,hidden1-hidden2,0.8856199383735657
4,20260928,2010-12,hidden2-hidden3,0.7928290963172913
4,20260928,2011-01,hidden1-hidden2,0.882637619972229
4,20260928,2011-01,hidden2-hidden3,0.7967132925987244
4,20260928,2011-02,hidden1-hidden2,0.8926623463630676
4,20260928,2011-02,hidden2-hidden3,0.8013443946838379
4,20260928,2011-03,hidden1-hidden2,0.8871431350708008
4,20260928,2011-03,hidden2-hidden3,0.7924666404724121
4,20260928,2011-04,hidden1-hidden2,0.8829257488250732
4,20260928,2011-04,hidden2-hidden3,0.7867463827133179
4,20260928,2011-05,hidden1-hidden2,0.8883271813392639
4,20260928,2011-05,hidden2-hidden3,0.801539421081543
4,20260928,2011-06,hidden1-hidden2,0.871082067489624
4,20260928,2011-06,hidden2-hidden3,0.804715633392334
4,20260928,2011-07,hidden1-hidden2,0.8870036005973816
4,20260928,2011-07,hidden2-hidden3,0.8068905472755432
4,20260928,2011-08,hidden1-hidden2,0.8800156712532043
4,20260928,2011-08,hidden2-hidden3,0.808086633682251
4,20260928,2011-09,hidden1-hidden2,0.8808035850524902
4,20260928,2011-09,hidden2-hidden3,0.8112335205078125
4,20260928,2011-10,hidden1-hidden2,0.8700594902038574
4,20260928,2011-10,hidden2-hidden3,0.8071081638336182
4,20260928,2011-11,hidden1-hidden2,0.8809963464736938
4,20260928,2011-11,hidden2-hidden3,0.8025463819503784
4,20260928,2011-12,hidden1-hidden2,0.8723487257957458
4,20260928,2011-12,hidden2-hidden3,0.8295533061027527
4,20260928,2012-01,hidden1-hidden2,0.8756564259529114
4,20260928,2012-01,hidden2-hidden3,0.8132795691490173
4,20260928,2012-02,hidden1-hidden2,0.881940484046936
4,20260928,2012-02,hidden2-hidden3,0.8314821124076843
4,20260928,2012-03,hidden1-hidden2,0.8977122902870178
4,20260928,2012-03,hidden2-hidden3,0.8425428867340088
4,20260928,2012-04,hidden1-hidden2,0.8767537474632263
4,20260928,2012-04,hidden2-hidden3,0.8230480551719666
4,20260928,2012-05,hidden1-hidden2,0.8826963901519775
4,20260928,2012-05,hidden2-hidden3,0.8312811851501465
4,20260928,2012-06,hidden1-hidden2,0.88345867395401
4,20260928,2012-06,hidden2-hidden3,0.8357105851173401
4,20260928,2012-07,hidden1-hidden2,0.8838755488395691
4,20260928,2012-07,hidden2-hidden3,0.8395376801490784
4,20260928,2012-08,hidden1-hidden2,0.8839216232299805
4,20260928,2012-08,hidden2-hidden3,0.8424577116966248
4,20260928,2012-09,hidden1-hidden2,0.8766282796859741
4,20260928,2012-09,hidden2-hidden3,0.826278030872345
4,20260928,2012-10,hidden1-hidden2,0.8836359977722168
4,20260928,2012-10,hidden2-hidden3,0.825965166091919
4,20260928,2012-11,hidden1-hidden2,0.885201096534729
4,20260928,2012-11,hidden2-hidden3,0.8419360518455505
4,20260928,2012-12,hidden1-hidden2,0.8683391213417053
4,20260928,2012-12,hidden2-hidden3,0.8377538323402405
4,20260928,2013-01,hidden1-hidden2,0.883274257183075
4,20260928,2013-01,hidden2-hidden3,0.8341182470321655
4,20260928,2013-02,hidden1-hidden2,0.8781331181526184
4,20260928,2013-02,hidden2-hidden3,0.830726683139801
4,20260928,2013-03,hidden1-hidden2,0.8741663098335266
4,20260928,2013-03,hidden2-hidden3,0.8374653458595276
4,20260928,2013-04,hidden1-hidden2,0.8798560500144958
4,20260928,2013-04,hidden2-hidden3,0.820141613483429
4,20260928,2013-05,hidden1-hidden2,0.892785906791687
4,20260928,2013-05,hidden2-hidden3,0.8223859071731567
4,20260928,2013-06,hidden1-hidden2,0.8759190440177917
4,20260928,2013-06,hidden2-hidden3,0.8203915953636169
4,20260928,2013-07,hidden1-hidden2,0.8811402320861816
4,20260928,2013-07,hidden2-hidden3,0.8269068598747253
4,20260928,2013-08,hidden1-hidden2,0.8874450325965881
4,20260928,2013-08,hidden2-hidden3,0.8143751621246338
4,20260928,2013-09,hidden1-hidden2,0.8778247833251953
4,20260928,2013-09,hidden2-hidden3,0.8004298806190491
4,20260928,2013-10,hidden1-hidden2,0.8819183707237244
4,20260928,2013-10,hidden2-hidden3,0.807396650314331
4,20260928,2013-11,hidden1-hidden2,0.8775579929351807
4,20260928,2013-11,hidden2-hidden3,0.8007627725601196
4,20260928,2013-12,hidden1-hidden2,0.8836727142333984
4,20260928,2013-12,hidden2-hidden3,0.7857784032821655
4,20260928,2014-01,hidden1-hidden2,0.8779028654098511
4,20260928,2014-01,hidden2-hidden3,0.8000896573066711
4,20260928,2014-02,hidden1-hidden2,0.8816209435462952
4,20260928,2014-02,hidden2-hidden3,0.8161345720291138
4,20260928,2014-03,hidden1-hidden2,0.8757688403129578
4,20260928,2014-03,hidden2-hidden3,0.8083317875862122
4,20260928,2014-04,hidden1-hidden2,0.8931466937065125
4,20260928,2014-04,hidden2-hidden3,0.7732384204864502
4,20260928,2014-05,hidden1-hidden2,0.8857482671737671
4,20260928,2014-05,hidden2-hidden3,0.7817400097846985
4,20260928,2014-06,hidden1-hidden2,0.878064751625061
4,20260928,2014-06,hidden2-hidden3,0.788489580154419
4,20260928,2014-07,hidden1-hidden2,0.8830277919769287
4,20260928,2014-07,hidden2-hidden3,0.8293506503105164
4,20260928,2014-08,hidden1-hidden2,0.8898601531982422
4,20260928,2014-08,hidden2-hidden3,0.8224281668663025
4,20260928,2014-09,hidden1-hidden2,0.8829957246780396
4,20260928,2014-09,hidden2-hidden3,0.8029524087905884
4,20260928,2014-10,hidden1-hidden2,0.8928698897361755
4,20260928,2014-10,hidden2-hidden3,0.8099610805511475
4,20260928,2014-11,hidden1-hidden2,0.8880838751792908
4,20260928,2014-11,hidden2-hidden3,0.8193339705467224
4,20260928,2014-12,hidden1-hidden2,0.8848863244056702
4,20260928,2014-12,hidden2-hidden3,0.8102142810821533
4,20260928,2015-01,hidden1-hidden2,0.8764075040817261
4,20260928,2015-01,hidden2-hidden3,0.8166750073432922
4,20260928,2015-02,hidden1-hidden2,0.8852283954620361
4,20260928,2015-02,hidden2-hidden3,0.8338645100593567
4,20260928,2015-03,hidden1-hidden2,0.8962421417236328
4,20260928,2015-03,hidden2-hidden3,0.8295823931694031
4,20260928,2015-04,hidden1-hidden2,0.8775439262390137
4,20260928,2015-04,hidden2-hidden3,0.8282416462898254
4,20260928,2015-05,hidden1-hidden2,0.8860105872154236
4,20260928,2015-05,hidden2-hidden3,0.8195568323135376
4,20260928,2015-06,hidden1-hidden2,0.8812558650970459
4,20260928,2015-06,hidden2-hidden3,0.8098123669624329
4,20260928,2015-07,hidden1-hidden2,0.87541264295578
4,20260928,2015-07,hidden2-hidden3,0.8113915324211121
4,20260928,2015-08,hidden1-hidden2,0.8841965198516846
4,20260928,2015-08,hidden2-hidden3,0.8277574181556702
4,20260928,2015-09,hidden1-hidden2,0.8760996460914612
4,20260928,2015-09,hidden2-hidden3,0.8202226161956787
4,20260928,2015-10,hidden1-hidden2,0.881775438785553
4,20260928,2015-10,hidden2-hidden3,0.8231023550033569
4,20260928,2015-11,hidden1-hidden2,0.8757882714271545
4,20260928,2015-11,hidden2-hidden3,0.8199218511581421
4,20260928,2015-12,hidden1-hidden2,0.8793894648551941
4,20260928,2015-12,hidden2-hidden3,0.8299056887626648
4,20260928,2016-01,hidden1-hidden2,0.8803688287734985
4,20260928,2016-01,hidden2-hidden3,0.8505555987358093
4,20260928,2016-02,hidden1-hidden2,0.8877993822097778
4,20260928,2016-02,hidden2-hidden3,0.8434649705886841
4,20260928,2016-03,hidden1-hidden2,0.8747832179069519
4,20260928,2016-03,hidden2-hidden3,0.8327910304069519
4,20260928,2016-04,hidden1-hidden2,0.8836560845375061
4,20260928,2016-04,hidden2-hidden3,0.845274806022644
4,20260928,2016-05,hidden1-hidden2,0.8925992846488953
4,20260928,2016-05,hidden2-hidden3,0.839819610118866
4,20260928,2016-06,hidden1-hidden2,0.8944488763809204
4,20260928,2016-06,hidden2-hidden3,0.8402987718582153
4,20260928,2016-07,hidden1-hidden2,0.8943135142326355
4,20260928,2016-07,hidden2-hidden3,0.8421739339828491
4,20260928,2016-08,hidden1-hidden2,0.8963135480880737
4,20260928,2016-08,hidden2-hidden3,0.8402949571609497
4,20260928,2016-09,hidden1-hidden2,0.8944182991981506
4,20260928,2016-09,hidden2-hidden3,0.8169695734977722
4,20260928,2016-10,hidden1-hidden2,0.893938422203064
4,20260928,2016-10,hidden2-hidden3,0.8323227167129517
4,20260928,2016-11,hidden1-hidden2,0.8923304677009583
4,20260928,2016-11,hidden2-hidden3,0.8359981179237366
4,20260928,2016-12,hidden1-hidden2,0.8947983980178833
4,20260928,2016-12,hidden2-hidden3,0.8123759031295776
4,20260928,2017-01,hidden1-hidden2,0.8953850865364075
4,20260928,2017-01,hidden2-hidden3,0.8449398875236511
4,20260928,2017-02,hidden1-hidden2,0.8886790871620178
4,20260928,2017-02,hidden2-hidden3,0.8367207050323486
4,20260928,2017-03,hidden1-hidden2,0.8929654359817505
4,20260928,2017-03,hidden2-hidden3,0.8379163146018982
4,20260928,2017-04,hidden1-hidden2,0.8835380673408508
4,20260928,2017-04,hidden2-hidden3,0.8306443095207214
4,20260928,2017-05,hidden1-hidden2,0.8889301419258118
4,20260928,2017-05,hidden2-hidden3,0.8410490155220032
4,20260928,2017-06,hidden1-hidden2,0.8849748373031616
4,20260928,2017-06,hidden2-hidden3,0.8240998983383179
4,20260928,2017-07,hidden1-hidden2,0.8817192912101746
4,20260928,2017-07,hidden2-hidden3,0.8273480534553528
4,20260928,2017-08,hidden1-hidden2,0.8899989724159241
4,20260928,2017-08,hidden2-hidden3,0.8314064741134644
4,20260928,2017-09,hidden1-hidden2,0.8835675716400146
4,20260928,2017-09,hidden2-hidden3,0.8219336867332458
4,20260928,2017-10,hidden1-hidden2,0.8894385695457458
4,20260928,2017-10,hidden2-hidden3,0.8247671723365784
4,20260928,2017-11,hidden1-hidden2,0.8866826891899109
4,20260928,2017-11,hidden2-hidden3,0.8192023038864136
4,20260928,2017-12,hidden1-hidden2,0.8886619806289673
4,20260928,2017-12,hidden2-hidden3,0.8143436908721924
4,20260928,2018-01,hidden1-hidden2,0.8769541382789612
4,20260928,2018-01,hidden2-hidden3,0.8291507959365845
4,20260928,2018-02,hidden1-hidden2,0.8830007910728455
4,20260928,2018-02,hidden2-hidden3,0.8093392252922058
4,20260928,2018-03,hidden1-hidden2,0.8766389489173889
4,20260928,2018-03,hidden2-hidden3,0.790808379650116
4,20260928,2018-04,hidden1-hidden2,0.8818272352218628
4,20260928,2018-04,hidden2-hidden3,0.7846133708953857
4,20260928,2018-05,hidden1-hidden2,0.8849302530288696
4,20260928,2018-05,hidden2-hidden3,0.8087226152420044
4,20260928,2018-06,hidden1-hidden2,0.8826503753662109
4,20260928,2018-06,hidden2-hidden3,0.8178904056549072
4,20260928,2018-07,hidden1-hidden2,0.8779468536376953
4,20260928,2018-07,hidden2-hidden3,0.7981122732162476
4,20260928,2018-08,hidden1-hidden2,0.8737655282020569
4,20260928,2018-08,hidden2-hidden3,0.8011248707771301
4,20260928,2018-09,hidden1-hidden2,0.8831067681312561
4,20260928,2018-09,hidden2-hidden3,0.7978046536445618
4,20260928,2018-10,hidden1-hidden2,0.8906164169311523
4,20260928,2018-10,hidden2-hidden3,0.8021602630615234
4,20260928,2018-11,hidden1-hidden2,0.888687789440155
4,20260928,2018-11,hidden2-hidden3,0.8034521341323853
4,20260928,2018-12,hidden1-hidden2,0.8847448825836182
4,20260928,2018-12,hidden2-hidden3,0.8010378479957581
4,20260928,2019-01,hidden1-hidden2,0.8880760073661804
4,20260928,2019-01,hidden2-hidden3,0.8073030114173889
4,20260928,2019-02,hidden1-hidden2,0.8871417045593262
4,20260928,2019-02,hidden2-hidden3,0.823175847530365
4,20260928,2019-03,hidden1-hidden2,0.9046090841293335
4,20260928,2019-03,hidden2-hidden3,0.8270818591117859
4,20260928,2019-04,hidden1-hidden2,0.8998079299926758
4,20260928,2019-04,hidden2-hidden3,0.8116018772125244
4,20260928,2019-05,hidden1-hidden2,0.8848986029624939
4,20260928,2019-05,hidden2-hidden3,0.8274489641189575
4,20260928,2019-06,hidden1-hidden2,0.8921396732330322
4,20260928,2019-06,hidden2-hidden3,0.8018414378166199
4,20260928,2019-07,hidden1-hidden2,0.886539101600647
4,20260928,2019-07,hidden2-hidden3,0.826187789440155
4,20260928,2019-08,hidden1-hidden2,0.8858221769332886
4,20260928,2019-08,hidden2-hidden3,0.8211270570755005
4,20260928,2019-09,hidden1-hidden2,0.8813685774803162
4,20260928,2019-09,hidden2-hidden3,0.8252588510513306
4,20260928,2019-10,hidden1-hidden2,0.8820072412490845
4,20260928,2019-10,hidden2-hidden3,0.8187588453292847
4,20260928,2019-11,hidden1-hidden2,0.8811368942260742
4,20260928,2019-11,hidden2-hidden3,0.8307064175605774
4,20260928,2019-12,hidden1-hidden2,0.8856493234634399
4,20260928,2019-12,hidden2-hidden3,0.8307881355285645
5,20260924,2010-01,hidden1-hidden2,0.8767829537391663
5,20260924,2010-01,hidden2-hidden3,0.8249937295913696
5,20260924,2010-02,hidden1-hidden2,0.8806664943695068
5,20260924,2010-02,hidden2-hidden3,0.8225667476654053
5,20260924,2010-03,hidden1-hidden2,0.8722507357597351
5,20260924,2010-03,hidden2-hidden3,0.8282005786895752
5,20260924,2010-04,hidden1-hidden2,0.8793091773986816
5,20260924,2010-04,hidden2-hidden3,0.8370211720466614
5,20260924,2010-05,hidden1-hidden2,0.8701614141464233
5,20260924,2010-05,hidden2-hidden3,0.817385196685791
5,20260924,2010-06,hidden1-hidden2,0.8717469573020935
5,20260924,2010-06,hidden2-hidden3,0.8110758662223816
5,20260924,2010-07,hidden1-hidden2,0.8753916025161743
5,20260924,2010-07,hidden2-hidden3,0.8186162710189819
5,20260924,2010-08,hidden1-hidden2,0.8785145282745361
5,20260924,2010-08,hidden2-hidden3,0.8137089610099792
5,20260924,2010-09,hidden1-hidden2,0.8730672597885132
5,20260924,2010-09,hidden2-hidden3,0.8159202337265015
5,20260924,2010-10,hidden1-hidden2,0.8844392895698547
5,20260924,2010-10,hidden2-hidden3,0.8337432146072388
5,20260924,2010-11,hidden1-hidden2,0.87932288646698
5,20260924,2010-11,hidden2-hidden3,0.8205277323722839
5,20260924,2010-12,hidden1-hidden2,0.8721064925193787
5,20260924,2010-12,hidden2-hidden3,0.8133146166801453
5,20260924,2011-01,hidden1-hidden2,0.8758922815322876
5,20260924,2011-01,hidden2-hidden3,0.796059787273407
5,20260924,2011-02,hidden1-hidden2,0.8778639435768127
5,20260924,2011-02,hidden2-hidden3,0.8115030527114868
5,20260924,2011-03,hidden1-hidden2,0.8677195906639099
5,20260924,2011-03,hidden2-hidden3,0.7886019945144653
5,20260924,2011-04,hidden1-hidden2,0.8579311370849609
5,20260924,2011-04,hidden2-hidden3,0.7965035438537598
5,20260924,2011-05,hidden1-hidden2,0.8777258396148682
5,20260924,2011-05,hidden2-hidden3,0.8047744631767273
5,20260924,2011-06,hidden1-hidden2,0.8631952404975891
5,20260924,2011-06,hidden2-hidden3,0.790563702583313
5,20260924,2011-07,hidden1-hidden2,0.8742374777793884
5,20260924,2011-07,hidden2-hidden3,0.8078179955482483
5,20260924,2011-08,hidden1-hidden2,0.8811323642730713
5,20260924,2011-08,hidden2-hidden3,0.8153345584869385
5,20260924,2011-09,hidden1-hidden2,0.8755581378936768
5,20260924,2011-09,hidden2-hidden3,0.814131498336792
5,20260924,2011-10,hidden1-hidden2,0.869281530380249
5,20260924,2011-10,hidden2-hidden3,0.8095514178276062
5,20260924,2011-11,hidden1-hidden2,0.8762146234512329
5,20260924,2011-11,hidden2-hidden3,0.8170250058174133
5,20260924,2011-12,hidden1-hidden2,0.8787136673927307
5,20260924,2011-12,hidden2-hidden3,0.8291758298873901
5,20260924,2012-01,hidden1-hidden2,0.8681181073188782
5,20260924,2012-01,hidden2-hidden3,0.8140110373497009
5,20260924,2012-02,hidden1-hidden2,0.8664907813072205
5,20260924,2012-02,hidden2-hidden3,0.8157567381858826
5,20260924,2012-03,hidden1-hidden2,0.8783335089683533
5,20260924,2012-03,hidden2-hidden3,0.8082365989685059
5,20260924,2012-04,hidden1-hidden2,0.871592104434967
5,20260924,2012-04,hidden2-hidden3,0.8125302791595459
5,20260924,2012-05,hidden1-hidden2,0.8737440705299377
5,20260924,2012-05,hidden2-hidden3,0.8281040191650391
5,20260924,2012-06,hidden1-hidden2,0.8780731558799744
5,20260924,2012-06,hidden2-hidden3,0.812520444393158
5,20260924,2012-07,hidden1-hidden2,0.8747972249984741
5,20260924,2012-07,hidden2-hidden3,0.8273385763168335
5,20260924,2012-08,hidden1-hidden2,0.8750341534614563
5,20260924,2012-08,hidden2-hidden3,0.8115444183349609
5,20260924,2012-09,hidden1-hidden2,0.8729836344718933
5,20260924,2012-09,hidden2-hidden3,0.8215237855911255
5,20260924,2012-10,hidden1-hidden2,0.8730417490005493
5,20260924,2012-10,hidden2-hidden3,0.8126404285430908
5,20260924,2012-11,hidden1-hidden2,0.8785431385040283
5,20260924,2012-11,hidden2-hidden3,0.8182400465011597
5,20260924,2012-12,hidden1-hidden2,0.8629103302955627
5,20260924,2012-12,hidden2-hidden3,0.8103516697883606
5,20260924,2013-01,hidden1-hidden2,0.8765684962272644
5,20260924,2013-01,hidden2-hidden3,0.8149863481521606
5,20260924,2013-02,hidden1-hidden2,0.8754440546035767
5,20260924,2013-02,hidden2-hidden3,0.8182219862937927
5,20260924,2013-03,hidden1-hidden2,0.8700994849205017
5,20260924,2013-03,hidden2-hidden3,0.8014340996742249
5,20260924,2013-04,hidden1-hidden2,0.8687419295310974
5,20260924,2013-04,hidden2-hidden3,0.8148505091667175
5,20260924,2013-05,hidden1-hidden2,0.878180205821991
5,20260924,2013-05,hidden2-hidden3,0.8189198970794678
5,20260924,2013-06,hidden1-hidden2,0.8704928159713745
5,20260924,2013-06,hidden2-hidden3,0.8152987957000732
5,20260924,2013-07,hidden1-hidden2,0.8612116575241089
5,20260924,2013-07,hidden2-hidden3,0.813385546207428
5,20260924,2013-08,hidden1-hidden2,0.8758955001831055
5,20260924,2013-08,hidden2-hidden3,0.8170255422592163
5,20260924,2013-09,hidden1-hidden2,0.8779686093330383
5,20260924,2013-09,hidden2-hidden3,0.8007055521011353
5,20260924,2013-10,hidden1-hidden2,0.8715173602104187
5,20260924,2013-10,hidden2-hidden3,0.8034892082214355
5,20260924,2013-11,hidden1-hidden2,0.8707014322280884
5,20260924,2013-11,hidden2-hidden3,0.8146658539772034
5,20260924,2013-12,hidden1-hidden2,0.8743208646774292
5,20260924,2013-12,hidden2-hidden3,0.8155860900878906
5,20260924,2014-01,hidden1-hidden2,0.8594755530357361
5,20260924,2014-01,hidden2-hidden3,0.8084504008293152
5,20260924,2014-02,hidden1-hidden2,0.8746649026870728
5,20260924,2014-02,hidden2-hidden3,0.8214466571807861
5,20260924,2014-03,hidden1-hidden2,0.8597683310508728
5,20260924,2014-03,hidden2-hidden3,0.8032974004745483
5,20260924,2014-04,hidden1-hidden2,0.8745759129524231
5,20260924,2014-04,hidden2-hidden3,0.8090576529502869
5,20260924,2014-05,hidden1-hidden2,0.8782451152801514
5,20260924,2014-05,hidden2-hidden3,0.8085049390792847
5,20260924,2014-06,hidden1-hidden2,0.876560628414154
5,20260924,2014-06,hidden2-hidden3,0.8080055713653564
5,20260924,2014-07,hidden1-hidden2,0.8716207146644592
5,20260924,2014-07,hidden2-hidden3,0.8090144395828247
5,20260924,2014-08,hidden1-hidden2,0.8769151568412781
5,20260924,2014-08,hidden2-hidden3,0.8026461005210876
5,20260924,2014-09,hidden1-hidden2,0.8750725984573364
5,20260924,2014-09,hidden2-hidden3,0.8030043244361877
5,20260924,2014-10,hidden1-hidden2,0.8777364492416382
5,20260924,2014-10,hidden2-hidden3,0.7912357449531555
5,20260924,2014-11,hidden1-hidden2,0.8716027736663818
5,20260924,2014-11,hidden2-hidden3,0.7994352579116821
5,20260924,2014-12,hidden1-hidden2,0.8714384436607361
5,20260924,2014-12,hidden2-hidden3,0.8088693022727966
5,20260924,2015-01,hidden1-hidden2,0.8711310625076294
5,20260924,2015-01,hidden2-hidden3,0.8184583187103271
5,20260924,2015-02,hidden1-hidden2,0.8732497096061707
5,20260924,2015-02,hidden2-hidden3,0.8063092827796936
5,20260924,2015-03,hidden1-hidden2,0.8802645206451416
5,20260924,2015-03,hidden2-hidden3,0.8016993999481201
5,20260924,2015-04,hidden1-hidden2,0.8680914044380188
5,20260924,2015-04,hidden2-hidden3,0.8161253333091736
5,20260924,2015-05,hidden1-hidden2,0.8719282746315002
5,20260924,2015-05,hidden2-hidden3,0.8044700622558594
5,20260924,2015-06,hidden1-hidden2,0.8614524602890015
5,20260924,2015-06,hidden2-hidden3,0.7957913875579834
5,20260924,2015-07,hidden1-hidden2,0.8686230778694153
5,20260924,2015-07,hidden2-hidden3,0.8083958029747009
5,20260924,2015-08,hidden1-hidden2,0.868850827217102
5,20260924,2015-08,hidden2-hidden3,0.8233830332756042
5,20260924,2015-09,hidden1-hidden2,0.8802035450935364
5,20260924,2015-09,hidden2-hidden3,0.8075231313705444
5,20260924,2015-10,hidden1-hidden2,0.8760786652565002
5,20260924,2015-10,hidden2-hidden3,0.8263323307037354
5,20260924,2015-11,hidden1-hidden2,0.8675545454025269
5,20260924,2015-11,hidden2-hidden3,0.7982880473136902
5,20260924,2015-12,hidden1-hidden2,0.8828486800193787
5,20260924,2015-12,hidden2-hidden3,0.8176905512809753
5,20260924,2016-01,hidden1-hidden2,0.8786763548851013
5,20260924,2016-01,hidden2-hidden3,0.8130831718444824
5,20260924,2016-02,hidden1-hidden2,0.8729420900344849
5,20260924,2016-02,hidden2-hidden3,0.8073499798774719
5,20260924,2016-03,hidden1-hidden2,0.8698192834854126
5,20260924,2016-03,hidden2-hidden3,0.8209436535835266
5,20260924,2016-04,hidden1-hidden2,0.8713731169700623
5,20260924,2016-04,hidden2-hidden3,0.8110484480857849
5,20260924,2016-05,hidden1-hidden2,0.8738682270050049
5,20260924,2016-05,hidden2-hidden3,0.8216186165809631
5,20260924,2016-06,hidden1-hidden2,0.868070125579834
5,20260924,2016-06,hidden2-hidden3,0.8229292631149292
5,20260924,2016-07,hidden1-hidden2,0.8753302097320557
5,20260924,2016-07,hidden2-hidden3,0.8218904733657837
5,20260924,2016-08,hidden1-hidden2,0.8726012706756592
5,20260924,2016-08,hidden2-hidden3,0.8270742893218994
5,20260924,2016-09,hidden1-hidden2,0.8757749795913696
5,20260924,2016-09,hidden2-hidden3,0.8261899352073669
5,20260924,2016-10,hidden1-hidden2,0.874853253364563
5,20260924,2016-10,hidden2-hidden3,0.8123869895935059
5,20260924,2016-11,hidden1-hidden2,0.8697248101234436
5,20260924,2016-11,hidden2-hidden3,0.8038438558578491
5,20260924,2016-12,hidden1-hidden2,0.8712312579154968
5,20260924,2016-12,hidden2-hidden3,0.8225082159042358
5,20260924,2017-01,hidden1-hidden2,0.8686030507087708
5,20260924,2017-01,hidden2-hidden3,0.7970246076583862
5,20260924,2017-02,hidden1-hidden2,0.8738039135932922
5,20260924,2017-02,hidden2-hidden3,0.8243652582168579
5,20260924,2017-03,hidden1-hidden2,0.8733452558517456
5,20260924,2017-03,hidden2-hidden3,0.8217714428901672
5,20260924,2017-04,hidden1-hidden2,0.8732752203941345
5,20260924,2017-04,hidden2-hidden3,0.8161799311637878
5,20260924,2017-05,hidden1-hidden2,0.8711221218109131
5,20260924,2017-05,hidden2-hidden3,0.8154100179672241
5,20260924,2017-06,hidden1-hidden2,0.8744766116142273
5,20260924,2017-06,hidden2-hidden3,0.8203285336494446
5,20260924,2017-07,hidden1-hidden2,0.8712791204452515
5,20260924,2017-07,hidden2-hidden3,0.8306923508644104
5,20260924,2017-08,hidden1-hidden2,0.8791776895523071
5,20260924,2017-08,hidden2-hidden3,0.8090334534645081
5,20260924,2017-09,hidden1-hidden2,0.8790298104286194
5,20260924,2017-09,hidden2-hidden3,0.8289180994033813
5,20260924,2017-10,hidden1-hidden2,0.8806817531585693
5,20260924,2017-10,hidden2-hidden3,0.8112084865570068
5,20260924,2017-11,hidden1-hidden2,0.8763065934181213
5,20260924,2017-11,hidden2-hidden3,0.8061873316764832
5,20260924,2017-12,hidden1-hidden2,0.8782142400741577
5,20260924,2017-12,hidden2-hidden3,0.820504367351532
5,20260924,2018-01,hidden1-hidden2,0.86644446849823
5,20260924,2018-01,hidden2-hidden3,0.8038414120674133
5,20260924,2018-02,hidden1-hidden2,0.8744452595710754
5,20260924,2018-02,hidden2-hidden3,0.807716965675354
5,20260924,2018-03,hidden1-hidden2,0.8690761923789978
5,20260924,2018-03,hidden2-hidden3,0.8076093792915344
5,20260924,2018-04,hidden1-hidden2,0.8698692917823792
5,20260924,2018-04,hidden2-hidden3,0.805846631526947
5,20260924,2018-05,hidden1-hidden2,0.87293940782547
5,20260924,2018-05,hidden2-hidden3,0.8029637336730957
5,20260924,2018-06,hidden1-hidden2,0.8686248660087585
5,20260924,2018-06,hidden2-hidden3,0.8102614283561707
5,20260924,2018-07,hidden1-hidden2,0.8688877820968628
5,20260924,2018-07,hidden2-hidden3,0.7998639345169067
5,20260924,2018-08,hidden1-hidden2,0.8693593740463257
5,20260924,2018-08,hidden2-hidden3,0.8055713772773743
5,20260924,2018-09,hidden1-hidden2,0.8712248206138611
5,20260924,2018-09,hidden2-hidden3,0.8119179010391235
5,20260924,2018-10,hidden1-hidden2,0.8673452138900757
5,20260924,2018-10,hidden2-hidden3,0.8187952637672424
5,20260924,2018-11,hidden1-hidden2,0.8764745593070984
5,20260924,2018-11,hidden2-hidden3,0.8229425549507141
5,20260924,2018-12,hidden1-hidden2,0.8717702031135559
5,20260924,2018-12,hidden2-hidden3,0.8054612874984741
5,20260924,2019-01,hidden1-hidden2,0.8647885918617249
5,20260924,2019-01,hidden2-hidden3,0.8099334239959717
5,20260924,2019-02,hidden1-hidden2,0.873837411403656
5,20260924,2019-02,hidden2-hidden3,0.8237552642822266
5,20260924,2019-03,hidden1-hidden2,0.8751687407493591
5,20260924,2019-03,hidden2-hidden3,0.826549768447876
5,20260924,2019-04,hidden1-hidden2,0.8714219927787781
5,20260924,2019-04,hidden2-hidden3,0.8225094676017761
5,20260924,2019-05,hidden1-hidden2,0.8810216188430786
5,20260924,2019-05,hidden2-hidden3,0.8078504800796509
5,20260924,2019-06,hidden1-hidden2,0.880247950553894
5,20260924,2019-06,hidden2-hidden3,0.8091252446174622
5,20260924,2019-07,hidden1-hidden2,0.8691731095314026
5,20260924,2019-07,hidden2-hidden3,0.811647355556488
5,20260924,2019-08,hidden1-hidden2,0.8717401623725891
5,20260924,2019-08,hidden2-hidden3,0.8128262758255005
5,20260924,2019-09,hidden1-hidden2,0.8695632219314575
5,20260924,2019-09,hidden2-hidden3,0.8156678080558777
5,20260924,2019-10,hidden1-hidden2,0.8707923889160156
5,20260924,2019-10,hidden2-hidden3,0.8176085948944092
5,20260924,2019-11,hidden1-hidden2,0.8733330368995667
5,20260924,2019-11,hidden2-hidden3,0.8014740347862244
5,20260924,2019-12,hidden1-hidden2,0.8784692883491516
5,20260924,2019-12,hidden2-hidden3,0.820641815662384
5,20260925,2010-01,hidden1-hidden2,0.8683470487594604
5,20260925,2010-01,hidden2-hidden3,0.8628208041191101
5,20260925,2010-02,hidden1-hidden2,0.8853016495704651
5,20260925,2010-02,hidden2-hidden3,0.8714878559112549
5,20260925,2010-03,hidden1-hidden2,0.8777545094490051
5,20260925,2010-03,hidden2-hidden3,0.8778400421142578
5,20260925,2010-04,hidden1-hidden2,0.8699169754981995
5,20260925,2010-04,hidden2-hidden3,0.8679928183555603
5,20260925,2010-05,hidden1-hidden2,0.8795883059501648
5,20260925,2010-05,hidden2-hidden3,0.8708863854408264
5,20260925,2010-06,hidden1-hidden2,0.8820903301239014
5,20260925,2010-06,hidden2-hidden3,0.87297523021698
5,20260925,2010-07,hidden1-hidden2,0.8801617622375488
5,20260925,2010-07,hidden2-hidden3,0.8701674938201904
5,20260925,2010-08,hidden1-hidden2,0.8729282021522522
5,20260925,2010-08,hidden2-hidden3,0.8643186688423157
5,20260925,2010-09,hidden1-hidden2,0.8795348405838013
5,20260925,2010-09,hidden2-hidden3,0.8715605735778809
5,20260925,2010-10,hidden1-hidden2,0.8774412274360657
5,20260925,2010-10,hidden2-hidden3,0.8662489056587219
5,20260925,2010-11,hidden1-hidden2,0.8716423511505127
5,20260925,2010-11,hidden2-hidden3,0.8567600250244141
5,20260925,2010-12,hidden1-hidden2,0.876019299030304
5,20260925,2010-12,hidden2-hidden3,0.8513011932373047
5,20260925,2011-01,hidden1-hidden2,0.8804299831390381
5,20260925,2011-01,hidden2-hidden3,0.8625279664993286
5,20260925,2011-02,hidden1-hidden2,0.8753050565719604
5,20260925,2011-02,hidden2-hidden3,0.8627063632011414
5,20260925,2011-03,hidden1-hidden2,0.8701642155647278
5,20260925,2011-03,hidden2-hidden3,0.8722535371780396
5,20260925,2011-04,hidden1-hidden2,0.8723757863044739
5,20260925,2011-04,hidden2-hidden3,0.8647066950798035
5,20260925,2011-05,hidden1-hidden2,0.8731432557106018
5,20260925,2011-05,hidden2-hidden3,0.8644412159919739
5,20260925,2011-06,hidden1-hidden2,0.8696978688240051
5,20260925,2011-06,hidden2-hidden3,0.8515278100967407
5,20260925,2011-07,hidden1-hidden2,0.880114734172821
5,20260925,2011-07,hidden2-hidden3,0.8685550689697266
5,20260925,2011-08,hidden1-hidden2,0.8727725148200989
5,20260925,2011-08,hidden2-hidden3,0.8732174038887024
5,20260925,2011-09,hidden1-hidden2,0.8722382187843323
5,20260925,2011-09,hidden2-hidden3,0.8728772401809692
5,20260925,2011-10,hidden1-hidden2,0.8590113520622253
5,20260925,2011-10,hidden2-hidden3,0.859109103679657
5,20260925,2011-11,hidden1-hidden2,0.8644410371780396
5,20260925,2011-11,hidden2-hidden3,0.8639209270477295
5,20260925,2011-12,hidden1-hidden2,0.8622544407844543
5,20260925,2011-12,hidden2-hidden3,0.8657651543617249
5,20260925,2012-01,hidden1-hidden2,0.8691120743751526
5,20260925,2012-01,hidden2-hidden3,0.8698276877403259
5,20260925,2012-02,hidden1-hidden2,0.8622371554374695
5,20260925,2012-02,hidden2-hidden3,0.8646483421325684
5,20260925,2012-03,hidden1-hidden2,0.8683781027793884
5,20260925,2012-03,hidden2-hidden3,0.8705183267593384
5,20260925,2012-04,hidden1-hidden2,0.8619562387466431
5,20260925,2012-04,hidden2-hidden3,0.8568975329399109
5,20260925,2012-05,hidden1-hidden2,0.8694303631782532
5,20260925,2012-05,hidden2-hidden3,0.868330180644989
5,20260925,2012-06,hidden1-hidden2,0.8749474287033081
5,20260925,2012-06,hidden2-hidden3,0.8771975040435791
5,20260925,2012-07,hidden1-hidden2,0.8732742667198181
5,20260925,2012-07,hidden2-hidden3,0.8840281963348389
5,20260925,2012-08,hidden1-hidden2,0.875952959060669
5,20260925,2012-08,hidden2-hidden3,0.8674749135971069
5,20260925,2012-09,hidden1-hidden2,0.8673979043960571
5,20260925,2012-09,hidden2-hidden3,0.8679025769233704
5,20260925,2012-10,hidden1-hidden2,0.8656482100486755
5,20260925,2012-10,hidden2-hidden3,0.8604434728622437
5,20260925,2012-11,hidden1-hidden2,0.8674664497375488
5,20260925,2012-11,hidden2-hidden3,0.8691458106040955
5,20260925,2012-12,hidden1-hidden2,0.8708094954490662
5,20260925,2012-12,hidden2-hidden3,0.8718520998954773
5,20260925,2013-01,hidden1-hidden2,0.8706059455871582
5,20260925,2013-01,hidden2-hidden3,0.8607203364372253
5,20260925,2013-02,hidden1-hidden2,0.8758721947669983
5,20260925,2013-02,hidden2-hidden3,0.8720116019248962
5,20260925,2013-03,hidden1-hidden2,0.8726339936256409
5,20260925,2013-03,hidden2-hidden3,0.8713346719741821
5,20260925,2013-04,hidden1-hidden2,0.8724686503410339
5,20260925,2013-04,hidden2-hidden3,0.8716950416564941
5,20260925,2013-05,hidden1-hidden2,0.8692495226860046
5,20260925,2013-05,hidden2-hidden3,0.8690602779388428
5,20260925,2013-06,hidden1-hidden2,0.8623225092887878
5,20260925,2013-06,hidden2-hidden3,0.8676579594612122
5,20260925,2013-07,hidden1-hidden2,0.869646430015564
5,20260925,2013-07,hidden2-hidden3,0.871137797832489
5,20260925,2013-08,hidden1-hidden2,0.8681047558784485
5,20260925,2013-08,hidden2-hidden3,0.8715065121650696
5,20260925,2013-09,hidden1-hidden2,0.86292964220047
5,20260925,2013-09,hidden2-hidden3,0.8619236350059509
5,20260925,2013-10,hidden1-hidden2,0.8674956560134888
5,20260925,2013-10,hidden2-hidden3,0.8710933327674866
5,20260925,2013-11,hidden1-hidden2,0.864635705947876
5,20260925,2013-11,hidden2-hidden3,0.8579293489456177
5,20260925,2013-12,hidden1-hidden2,0.8722329139709473
5,20260925,2013-12,hidden2-hidden3,0.8596410751342773
5,20260925,2014-01,hidden1-hidden2,0.8636050224304199
5,20260925,2014-01,hidden2-hidden3,0.8599554300308228
5,20260925,2014-02,hidden1-hidden2,0.8727825284004211
5,20260925,2014-02,hidden2-hidden3,0.8760445713996887
5,20260925,2014-03,hidden1-hidden2,0.8679732084274292
5,20260925,2014-03,hidden2-hidden3,0.8733471035957336
5,20260925,2014-04,hidden1-hidden2,0.8645390272140503
5,20260925,2014-04,hidden2-hidden3,0.8731808066368103
5,20260925,2014-05,hidden1-hidden2,0.8726353645324707
5,20260925,2014-05,hidden2-hidden3,0.8529782295227051
5,20260925,2014-06,hidden1-hidden2,0.8654141426086426
5,20260925,2014-06,hidden2-hidden3,0.8609679341316223
5,20260925,2014-07,hidden1-hidden2,0.8701661229133606
5,20260925,2014-07,hidden2-hidden3,0.8752337694168091
5,20260925,2014-08,hidden1-hidden2,0.8748275637626648
5,20260925,2014-08,hidden2-hidden3,0.8875976204872131
5,20260925,2014-09,hidden1-hidden2,0.8786213397979736
5,20260925,2014-09,hidden2-hidden3,0.8717989921569824
5,20260925,2014-10,hidden1-hidden2,0.8737322092056274
5,20260925,2014-10,hidden2-hidden3,0.8835731148719788
5,20260925,2014-11,hidden1-hidden2,0.8640826344490051
5,20260925,2014-11,hidden2-hidden3,0.8795441389083862
5,20260925,2014-12,hidden1-hidden2,0.8742294907569885
5,20260925,2014-12,hidden2-hidden3,0.8739221096038818
5,20260925,2015-01,hidden1-hidden2,0.8692744374275208
5,20260925,2015-01,hidden2-hidden3,0.8730190992355347
5,20260925,2015-02,hidden1-hidden2,0.872368574142456
5,20260925,2015-02,hidden2-hidden3,0.8910836577415466
5,20260925,2015-03,hidden1-hidden2,0.8691772222518921
5,20260925,2015-03,hidden2-hidden3,0.8861811757087708
5,20260925,2015-04,hidden1-hidden2,0.8666704893112183
5,20260925,2015-04,hidden2-hidden3,0.8777406215667725
5,20260925,2015-05,hidden1-hidden2,0.8661801815032959
5,20260925,2015-05,hidden2-hidden3,0.8706693649291992
5,20260925,2015-06,hidden1-hidden2,0.8634479641914368
5,20260925,2015-06,hidden2-hidden3,0.8654600381851196
5,20260925,2015-07,hidden1-hidden2,0.8748435378074646
5,20260925,2015-07,hidden2-hidden3,0.88362717628479
5,20260925,2015-08,hidden1-hidden2,0.8745733499526978
5,20260925,2015-08,hidden2-hidden3,0.8690229654312134
5,20260925,2015-09,hidden1-hidden2,0.8654863238334656
5,20260925,2015-09,hidden2-hidden3,0.8733476400375366
5,20260925,2015-10,hidden1-hidden2,0.878570020198822
5,20260925,2015-10,hidden2-hidden3,0.8748843669891357
5,20260925,2015-11,hidden1-hidden2,0.871615469455719
5,20260925,2015-11,hidden2-hidden3,0.8685950040817261
5,20260925,2015-12,hidden1-hidden2,0.8655275106430054
5,20260925,2015-12,hidden2-hidden3,0.8779707551002502
5,20260925,2016-01,hidden1-hidden2,0.8765271306037903
5,20260925,2016-01,hidden2-hidden3,0.8890542387962341
5,20260925,2016-02,hidden1-hidden2,0.8663216233253479
5,20260925,2016-02,hidden2-hidden3,0.8783556818962097
5,20260925,2016-03,hidden1-hidden2,0.8634024262428284
5,20260925,2016-03,hidden2-hidden3,0.8656864166259766
5,20260925,2016-04,hidden1-hidden2,0.8753926753997803
5,20260925,2016-04,hidden2-hidden3,0.889032244682312
5,20260925,2016-05,hidden1-hidden2,0.877088189125061
5,20260925,2016-05,hidden2-hidden3,0.9028298258781433
5,20260925,2016-06,hidden1-hidden2,0.878539502620697
5,20260925,2016-06,hidden2-hidden3,0.89139324426651
5,20260925,2016-07,hidden1-hidden2,0.8723928332328796
5,20260925,2016-07,hidden2-hidden3,0.8876678347587585
5,20260925,2016-08,hidden1-hidden2,0.8758429884910583
5,20260925,2016-08,hidden2-hidden3,0.88252192735672
5,20260925,2016-09,hidden1-hidden2,0.877062976360321
5,20260925,2016-09,hidden2-hidden3,0.8864546418190002
5,20260925,2016-10,hidden1-hidden2,0.8749929666519165
5,20260925,2016-10,hidden2-hidden3,0.8865523338317871
5,20260925,2016-11,hidden1-hidden2,0.8756487369537354
5,20260925,2016-11,hidden2-hidden3,0.8867369890213013
5,20260925,2016-12,hidden1-hidden2,0.8670885562896729
5,20260925,2016-12,hidden2-hidden3,0.8816171884536743
5,20260925,2017-01,hidden1-hidden2,0.8692448735237122
5,20260925,2017-01,hidden2-hidden3,0.8847206234931946
5,20260925,2017-02,hidden1-hidden2,0.8594866394996643
5,20260925,2017-02,hidden2-hidden3,0.8774757981300354
5,20260925,2017-03,hidden1-hidden2,0.8773697018623352
5,20260925,2017-03,hidden2-hidden3,0.8901382088661194
5,20260925,2017-04,hidden1-hidden2,0.8718456625938416
5,20260925,2017-04,hidden2-hidden3,0.8880718350410461
5,20260925,2017-05,hidden1-hidden2,0.8740710616111755
5,20260925,2017-05,hidden2-hidden3,0.8833511471748352
5,20260925,2017-06,hidden1-hidden2,0.8720985651016235
5,20260925,2017-06,hidden2-hidden3,0.8841230869293213
5,20260925,2017-07,hidden1-hidden2,0.8786303997039795
5,20260925,2017-07,hidden2-hidden3,0.8861067295074463
5,20260925,2017-08,hidden1-hidden2,0.879374086856842
5,20260925,2017-08,hidden2-hidden3,0.8784720301628113
5,20260925,2017-09,hidden1-hidden2,0.8711045980453491
5,20260925,2017-09,hidden2-hidden3,0.8778387308120728
5,20260925,2017-10,hidden1-hidden2,0.8732807636260986
5,20260925,2017-10,hidden2-hidden3,0.8772706985473633
5,20260925,2017-11,hidden1-hidden2,0.8730548620223999
5,20260925,2017-11,hidden2-hidden3,0.8724342584609985
5,20260925,2017-12,hidden1-hidden2,0.8777795433998108
5,20260925,2017-12,hidden2-hidden3,0.8791365027427673
5,20260925,2018-01,hidden1-hidden2,0.8757405877113342
5,20260925,2018-01,hidden2-hidden3,0.875207245349884
5,20260925,2018-02,hidden1-hidden2,0.8694159984588623
5,20260925,2018-02,hidden2-hidden3,0.8764411807060242
5,20260925,2018-03,hidden1-hidden2,0.8753088712692261
5,20260925,2018-03,hidden2-hidden3,0.8750718832015991
5,20260925,2018-04,hidden1-hidden2,0.8646632432937622
5,20260925,2018-04,hidden2-hidden3,0.8710012435913086
5,20260925,2018-05,hidden1-hidden2,0.8858399987220764
5,20260925,2018-05,hidden2-hidden3,0.8772290349006653
5,20260925,2018-06,hidden1-hidden2,0.8820914030075073
5,20260925,2018-06,hidden2-hidden3,0.8776829838752747
5,20260925,2018-07,hidden1-hidden2,0.8779323697090149
5,20260925,2018-07,hidden2-hidden3,0.871796727180481
5,20260925,2018-08,hidden1-hidden2,0.8783519864082336
5,20260925,2018-08,hidden2-hidden3,0.8773159384727478
5,20260925,2018-09,hidden1-hidden2,0.8793767690658569
5,20260925,2018-09,hidden2-hidden3,0.8724285960197449
5,20260925,2018-10,hidden1-hidden2,0.8729360103607178
5,20260925,2018-10,hidden2-hidden3,0.8793502449989319
5,20260925,2018-11,hidden1-hidden2,0.8854382038116455
5,20260925,2018-11,hidden2-hidden3,0.8756304979324341
5,20260925,2018-12,hidden1-hidden2,0.8718940615653992
5,20260925,2018-12,hidden2-hidden3,0.886379063129425
5,20260925,2019-01,hidden1-hidden2,0.8724945187568665
5,20260925,2019-01,hidden2-hidden3,0.8774897456169128
5,20260925,2019-02,hidden1-hidden2,0.8746721148490906
5,20260925,2019-02,hidden2-hidden3,0.8882168531417847
5,20260925,2019-03,hidden1-hidden2,0.884819746017456
5,20260925,2019-03,hidden2-hidden3,0.8871657848358154
5,20260925,2019-04,hidden1-hidden2,0.8788020014762878
5,20260925,2019-04,hidden2-hidden3,0.8836765289306641
5,20260925,2019-05,hidden1-hidden2,0.8869088292121887
5,20260925,2019-05,hidden2-hidden3,0.8869583010673523
5,20260925,2019-06,hidden1-hidden2,0.8767773509025574
5,20260925,2019-06,hidden2-hidden3,0.8799898028373718
5,20260925,2019-07,hidden1-hidden2,0.8813160061836243
5,20260925,2019-07,hidden2-hidden3,0.8871545791625977
5,20260925,2019-08,hidden1-hidden2,0.8799669146537781
5,20260925,2019-08,hidden2-hidden3,0.8922448754310608
5,20260925,2019-09,hidden1-hidden2,0.8846529126167297
5,20260925,2019-09,hidden2-hidden3,0.8780937194824219
5,20260925,2019-10,hidden1-hidden2,0.87431401014328
5,20260925,2019-10,hidden2-hidden3,0.8769860863685608
5,20260925,2019-11,hidden1-hidden2,0.8755190968513489
5,20260925,2019-11,hidden2-hidden3,0.8833805322647095
5,20260925,2019-12,hidden1-hidden2,0.8798713088035583
5,20260925,2019-12,hidden2-hidden3,0.8873764276504517
5,20260926,2010-01,hidden1-hidden2,0.9138327240943909
5,20260926,2010-01,hidden2-hidden3,0.8811239004135132
5,20260926,2010-02,hidden1-hidden2,0.9057151675224304
5,20260926,2010-02,hidden2-hidden3,0.89053875207901
5,20260926,2010-03,hidden1-hidden2,0.9024777412414551
5,20260926,2010-03,hidden2-hidden3,0.8852881789207458
5,20260926,2010-04,hidden1-hidden2,0.9038076996803284
5,20260926,2010-04,hidden2-hidden3,0.8942423462867737
5,20260926,2010-05,hidden1-hidden2,0.9022466540336609
5,20260926,2010-05,hidden2-hidden3,0.886147677898407
5,20260926,2010-06,hidden1-hidden2,0.8957400321960449
5,20260926,2010-06,hidden2-hidden3,0.8828333616256714
5,20260926,2010-07,hidden1-hidden2,0.9050378799438477
5,20260926,2010-07,hidden2-hidden3,0.8906477689743042
5,20260926,2010-08,hidden1-hidden2,0.8966535329818726
5,20260926,2010-08,hidden2-hidden3,0.8840077519416809
5,20260926,2010-09,hidden1-hidden2,0.8916865587234497
5,20260926,2010-09,hidden2-hidden3,0.8869631290435791
5,20260926,2010-10,hidden1-hidden2,0.9070282578468323
5,20260926,2010-10,hidden2-hidden3,0.8933841586112976
5,20260926,2010-11,hidden1-hidden2,0.9097141623497009
5,20260926,2010-11,hidden2-hidden3,0.8892630338668823
5,20260926,2010-12,hidden1-hidden2,0.9027928709983826
5,20260926,2010-12,hidden2-hidden3,0.8871620297431946
5,20260926,2011-01,hidden1-hidden2,0.9007959961891174
5,20260926,2011-01,hidden2-hidden3,0.8878771066665649
5,20260926,2011-02,hidden1-hidden2,0.9061441421508789
5,20260926,2011-02,hidden2-hidden3,0.888141393661499
5,20260926,2011-03,hidden1-hidden2,0.8914391398429871
5,20260926,2011-03,hidden2-hidden3,0.8766981363296509
5,20260926,2011-04,hidden1-hidden2,0.8962985873222351
5,20260926,2011-04,hidden2-hidden3,0.8893866539001465
5,20260926,2011-05,hidden1-hidden2,0.8992710113525391
5,20260926,2011-05,hidden2-hidden3,0.8935050964355469
5,20260926,2011-06,hidden1-hidden2,0.8844584226608276
5,20260926,2011-06,hidden2-hidden3,0.8895342946052551
5,20260926,2011-07,hidden1-hidden2,0.8906199932098389
5,20260926,2011-07,hidden2-hidden3,0.8959261775016785
5,20260926,2011-08,hidden1-hidden2,0.8934159278869629
5,20260926,2011-08,hidden2-hidden3,0.8908528685569763
5,20260926,2011-09,hidden1-hidden2,0.8939098119735718
5,20260926,2011-09,hidden2-hidden3,0.8979246616363525
5,20260926,2011-10,hidden1-hidden2,0.8910835981369019
5,20260926,2011-10,hidden2-hidden3,0.8765780925750732
5,20260926,2011-11,hidden1-hidden2,0.8956074118614197
5,20260926,2011-11,hidden2-hidden3,0.886838972568512
5,20260926,2011-12,hidden1-hidden2,0.9049898386001587
5,20260926,2011-12,hidden2-hidden3,0.8923978805541992
5,20260926,2012-01,hidden1-hidden2,0.8948433995246887
5,20260926,2012-01,hidden2-hidden3,0.8782802224159241
5,20260926,2012-02,hidden1-hidden2,0.9005047678947449
5,20260926,2012-02,hidden2-hidden3,0.8766207098960876
5,20260926,2012-03,hidden1-hidden2,0.9085318446159363
5,20260926,2012-03,hidden2-hidden3,0.8991038203239441
5,20260926,2012-04,hidden1-hidden2,0.8948991298675537
5,20260926,2012-04,hidden2-hidden3,0.8855751156806946
5,20260926,2012-05,hidden1-hidden2,0.9061520099639893
5,20260926,2012-05,hidden2-hidden3,0.9009217619895935
5,20260926,2012-06,hidden1-hidden2,0.9034191370010376
5,20260926,2012-06,hidden2-hidden3,0.8984208703041077
5,20260926,2012-07,hidden1-hidden2,0.9097806215286255
5,20260926,2012-07,hidden2-hidden3,0.9049293994903564
5,20260926,2012-08,hidden1-hidden2,0.9093015193939209
5,20260926,2012-08,hidden2-hidden3,0.9064395427703857
5,20260926,2012-09,hidden1-hidden2,0.9008516073226929
5,20260926,2012-09,hidden2-hidden3,0.8951000571250916
5,20260926,2012-10,hidden1-hidden2,0.8974035382270813
5,20260926,2012-10,hidden2-hidden3,0.9017011523246765
5,20260926,2012-11,hidden1-hidden2,0.9054033756256104
5,20260926,2012-11,hidden2-hidden3,0.9001799821853638
5,20260926,2012-12,hidden1-hidden2,0.8944573402404785
5,20260926,2012-12,hidden2-hidden3,0.8974418640136719
5,20260926,2013-01,hidden1-hidden2,0.9079151153564453
5,20260926,2013-01,hidden2-hidden3,0.8989667296409607
5,20260926,2013-02,hidden1-hidden2,0.9063360691070557
5,20260926,2013-02,hidden2-hidden3,0.9048789739608765
5,20260926,2013-03,hidden1-hidden2,0.8949137926101685
5,20260926,2013-03,hidden2-hidden3,0.8958557844161987
5,20260926,2013-04,hidden1-hidden2,0.9002672433853149
5,20260926,2013-04,hidden2-hidden3,0.9037179946899414
5,20260926,2013-05,hidden1-hidden2,0.9056949019432068
5,20260926,2013-05,hidden2-hidden3,0.898601770401001
5,20260926,2013-06,hidden1-hidden2,0.8998914361000061
5,20260926,2013-06,hidden2-hidden3,0.8909858465194702
5,20260926,2013-07,hidden1-hidden2,0.8976102471351624
5,20260926,2013-07,hidden2-hidden3,0.8957517147064209
5,20260926,2013-08,hidden1-hidden2,0.8925907611846924
5,20260926,2013-08,hidden2-hidden3,0.8990947008132935
5,20260926,2013-09,hidden1-hidden2,0.8935219049453735
5,20260926,2013-09,hidden2-hidden3,0.8946635723114014
5,20260926,2013-10,hidden1-hidden2,0.8935039639472961
5,20260926,2013-10,hidden2-hidden3,0.8966017961502075
5,20260926,2013-11,hidden1-hidden2,0.8902828693389893
5,20260926,2013-11,hidden2-hidden3,0.8863272666931152
5,20260926,2013-12,hidden1-hidden2,0.9013243317604065
5,20260926,2013-12,hidden2-hidden3,0.9067362546920776
5,20260926,2014-01,hidden1-hidden2,0.8937627077102661
5,20260926,2014-01,hidden2-hidden3,0.8949204087257385
5,20260926,2014-02,hidden1-hidden2,0.8979178667068481
5,20260926,2014-02,hidden2-hidden3,0.900381863117218
5,20260926,2014-03,hidden1-hidden2,0.890717625617981
5,20260926,2014-03,hidden2-hidden3,0.893069326877594
5,20260926,2014-04,hidden1-hidden2,0.897106945514679
5,20260926,2014-04,hidden2-hidden3,0.9018149375915527
5,20260926,2014-05,hidden1-hidden2,0.8945013284683228
5,20260926,2014-05,hidden2-hidden3,0.8934906125068665
5,20260926,2014-06,hidden1-hidden2,0.8975326418876648
5,20260926,2014-06,hidden2-hidden3,0.9000440239906311
5,20260926,2014-07,hidden1-hidden2,0.8995231986045837
5,20260926,2014-07,hidden2-hidden3,0.9071407318115234
5,20260926,2014-08,hidden1-hidden2,0.9001736640930176
5,20260926,2014-08,hidden2-hidden3,0.9007932543754578
5,20260926,2014-09,hidden1-hidden2,0.8961068391799927
5,20260926,2014-09,hidden2-hidden3,0.9040305614471436
5,20260926,2014-10,hidden1-hidden2,0.8989540338516235
5,20260926,2014-10,hidden2-hidden3,0.9074409008026123
5,20260926,2014-11,hidden1-hidden2,0.9024698734283447
5,20260926,2014-11,hidden2-hidden3,0.9005053639411926
5,20260926,2014-12,hidden1-hidden2,0.9081506133079529
5,20260926,2014-12,hidden2-hidden3,0.9057824611663818
5,20260926,2015-01,hidden1-hidden2,0.8956393003463745
5,20260926,2015-01,hidden2-hidden3,0.8985446691513062
5,20260926,2015-02,hidden1-hidden2,0.8999165296554565
5,20260926,2015-02,hidden2-hidden3,0.9044438004493713
5,20260926,2015-03,hidden1-hidden2,0.9012488722801208
5,20260926,2015-03,hidden2-hidden3,0.908076822757721
5,20260926,2015-04,hidden1-hidden2,0.9014313220977783
5,20260926,2015-04,hidden2-hidden3,0.900872528553009
5,20260926,2015-05,hidden1-hidden2,0.8989701867103577
5,20260926,2015-05,hidden2-hidden3,0.9084882736206055
5,20260926,2015-06,hidden1-hidden2,0.8989362716674805
5,20260926,2015-06,hidden2-hidden3,0.897460401058197
5,20260926,2015-07,hidden1-hidden2,0.899105966091156
5,20260926,2015-07,hidden2-hidden3,0.9114686846733093
5,20260926,2015-08,hidden1-hidden2,0.8984194397926331
5,20260926,2015-08,hidden2-hidden3,0.9035186767578125
5,20260926,2015-09,hidden1-hidden2,0.9011914730072021
5,20260926,2015-09,hidden2-hidden3,0.9072675108909607
5,20260926,2015-10,hidden1-hidden2,0.9028748273849487
5,20260926,2015-10,hidden2-hidden3,0.9052639007568359
5,20260926,2015-11,hidden1-hidden2,0.891326904296875
5,20260926,2015-11,hidden2-hidden3,0.9028664231300354
5,20260926,2015-12,hidden1-hidden2,0.9030776619911194
5,20260926,2015-12,hidden2-hidden3,0.8994476795196533
5,20260926,2016-01,hidden1-hidden2,0.907184898853302
5,20260926,2016-01,hidden2-hidden3,0.9007387161254883
5,20260926,2016-02,hidden1-hidden2,0.9000114798545837
5,20260926,2016-02,hidden2-hidden3,0.903918445110321
5,20260926,2016-03,hidden1-hidden2,0.9079232215881348
5,20260926,2016-03,hidden2-hidden3,0.9048044085502625
5,20260926,2016-04,hidden1-hidden2,0.9035902619361877
5,20260926,2016-04,hidden2-hidden3,0.9034119248390198
5,20260926,2016-05,hidden1-hidden2,0.9107356071472168
5,20260926,2016-05,hidden2-hidden3,0.9116960763931274
5,20260926,2016-06,hidden1-hidden2,0.9043712019920349
5,20260926,2016-06,hidden2-hidden3,0.8980225920677185
5,20260926,2016-07,hidden1-hidden2,0.907671332359314
5,20260926,2016-07,hidden2-hidden3,0.913827657699585
5,20260926,2016-08,hidden1-hidden2,0.8977090716362
5,20260926,2016-08,hidden2-hidden3,0.9056668877601624
5,20260926,2016-09,hidden1-hidden2,0.8993989825248718
5,20260926,2016-09,hidden2-hidden3,0.9034058451652527
5,20260926,2016-10,hidden1-hidden2,0.9037166237831116
5,20260926,2016-10,hidden2-hidden3,0.897517740726471
5,20260926,2016-11,hidden1-hidden2,0.9083033800125122
5,20260926,2016-11,hidden2-hidden3,0.8981407284736633
5,20260926,2016-12,hidden1-hidden2,0.903996467590332
5,20260926,2016-12,hidden2-hidden3,0.9016470909118652
5,20260926,2017-01,hidden1-hidden2,0.9007527828216553
5,20260926,2017-01,hidden2-hidden3,0.8999968767166138
5,20260926,2017-02,hidden1-hidden2,0.8977463245391846
5,20260926,2017-02,hidden2-hidden3,0.894113302230835
5,20260926,2017-03,hidden1-hidden2,0.9046080708503723
5,20260926,2017-03,hidden2-hidden3,0.9005605578422546
5,20260926,2017-04,hidden1-hidden2,0.9041951298713684
5,20260926,2017-04,hidden2-hidden3,0.9056937098503113
5,20260926,2017-05,hidden1-hidden2,0.9097335338592529
5,20260926,2017-05,hidden2-hidden3,0.900896430015564
5,20260926,2017-06,hidden1-hidden2,0.9007214903831482
5,20260926,2017-06,hidden2-hidden3,0.9070425033569336
5,20260926,2017-07,hidden1-hidden2,0.904811680316925
5,20260926,2017-07,hidden2-hidden3,0.9034563899040222
5,20260926,2017-08,hidden1-hidden2,0.9133840799331665
5,20260926,2017-08,hidden2-hidden3,0.9047608375549316
5,20260926,2017-09,hidden1-hidden2,0.9093271493911743
5,20260926,2017-09,hidden2-hidden3,0.8978926539421082
5,20260926,2017-10,hidden1-hidden2,0.9094010591506958
5,20260926,2017-10,hidden2-hidden3,0.8954399228096008
5,20260926,2017-11,hidden1-hidden2,0.9008949995040894
5,20260926,2017-11,hidden2-hidden3,0.8893871903419495
5,20260926,2017-12,hidden1-hidden2,0.9132382273674011
5,20260926,2017-12,hidden2-hidden3,0.8992884755134583
5,20260926,2018-01,hidden1-hidden2,0.8960248827934265
5,20260926,2018-01,hidden2-hidden3,0.8921714425086975
5,20260926,2018-02,hidden1-hidden2,0.8994045257568359
5,20260926,2018-02,hidden2-hidden3,0.8967164754867554
5,20260926,2018-03,hidden1-hidden2,0.8937415480613708
5,20260926,2018-03,hidden2-hidden3,0.889274001121521
5,20260926,2018-04,hidden1-hidden2,0.897289514541626
5,20260926,2018-04,hidden2-hidden3,0.897720456123352
5,20260926,2018-05,hidden1-hidden2,0.9059767127037048
5,20260926,2018-05,hidden2-hidden3,0.8970142602920532
5,20260926,2018-06,hidden1-hidden2,0.9070608019828796
5,20260926,2018-06,hidden2-hidden3,0.9064862728118896
5,20260926,2018-07,hidden1-hidden2,0.9030641317367554
5,20260926,2018-07,hidden2-hidden3,0.8966639637947083
5,20260926,2018-08,hidden1-hidden2,0.8935103416442871
5,20260926,2018-08,hidden2-hidden3,0.8938075304031372
5,20260926,2018-09,hidden1-hidden2,0.8998262882232666
5,20260926,2018-09,hidden2-hidden3,0.9071150422096252
5,20260926,2018-10,hidden1-hidden2,0.9007285833358765
5,20260926,2018-10,hidden2-hidden3,0.9044114947319031
5,20260926,2018-11,hidden1-hidden2,0.9047096371650696
5,20260926,2018-11,hidden2-hidden3,0.9080333113670349
5,20260926,2018-12,hidden1-hidden2,0.899937629699707
5,20260926,2018-12,hidden2-hidden3,0.9077746868133545
5,20260926,2019-01,hidden1-hidden2,0.9089950919151306
5,20260926,2019-01,hidden2-hidden3,0.9055210947990417
5,20260926,2019-02,hidden1-hidden2,0.9063948392868042
5,20260926,2019-02,hidden2-hidden3,0.9145766496658325
5,20260926,2019-03,hidden1-hidden2,0.9104057550430298
5,20260926,2019-03,hidden2-hidden3,0.9068596959114075
5,20260926,2019-04,hidden1-hidden2,0.9081091284751892
5,20260926,2019-04,hidden2-hidden3,0.913123607635498
5,20260926,2019-05,hidden1-hidden2,0.9098034501075745
5,20260926,2019-05,hidden2-hidden3,0.9063427448272705
5,20260926,2019-06,hidden1-hidden2,0.9004262685775757
5,20260926,2019-06,hidden2-hidden3,0.9039959907531738
5,20260926,2019-07,hidden1-hidden2,0.9121253490447998
5,20260926,2019-07,hidden2-hidden3,0.9240070581436157
5,20260926,2019-08,hidden1-hidden2,0.9050070643424988
5,20260926,2019-08,hidden2-hidden3,0.9067039489746094
5,20260926,2019-09,hidden1-hidden2,0.9034602046012878
5,20260926,2019-09,hidden2-hidden3,0.9083229899406433
5,20260926,2019-10,hidden1-hidden2,0.8926109075546265
5,20260926,2019-10,hidden2-hidden3,0.9060064554214478
5,20260926,2019-11,hidden1-hidden2,0.891880989074707
5,20260926,2019-11,hidden2-hidden3,0.8973067998886108
5,20260926,2019-12,hidden1-hidden2,0.9016088843345642
5,20260926,2019-12,hidden2-hidden3,0.9089128375053406
5,20260927,2010-01,hidden1-hidden2,0.8674609661102295
5,20260927,2010-01,hidden2-hidden3,0.8653526306152344
5,20260927,2010-02,hidden1-hidden2,0.8673751950263977
5,20260927,2010-02,hidden2-hidden3,0.8749873638153076
5,20260927,2010-03,hidden1-hidden2,0.865705132484436
5,20260927,2010-03,hidden2-hidden3,0.8714008331298828
5,20260927,2010-04,hidden1-hidden2,0.862050473690033
5,20260927,2010-04,hidden2-hidden3,0.8603581786155701
5,20260927,2010-05,hidden1-hidden2,0.862951934337616
5,20260927,2010-05,hidden2-hidden3,0.871773362159729
5,20260927,2010-06,hidden1-hidden2,0.8623650670051575
5,20260927,2010-06,hidden2-hidden3,0.8777161240577698
5,20260927,2010-07,hidden1-hidden2,0.8698495626449585
5,20260927,2010-07,hidden2-hidden3,0.8730664253234863
5,20260927,2010-08,hidden1-hidden2,0.8604143261909485
5,20260927,2010-08,hidden2-hidden3,0.8701562285423279
5,20260927,2010-09,hidden1-hidden2,0.8556435108184814
5,20260927,2010-09,hidden2-hidden3,0.8636170029640198
5,20260927,2010-10,hidden1-hidden2,0.8603389263153076
5,20260927,2010-10,hidden2-hidden3,0.8768162131309509
5,20260927,2010-11,hidden1-hidden2,0.8606467843055725
5,20260927,2010-11,hidden2-hidden3,0.8770735859870911
5,20260927,2010-12,hidden1-hidden2,0.8542935252189636
5,20260927,2010-12,hidden2-hidden3,0.87345951795578
5,20260927,2011-01,hidden1-hidden2,0.8528371453285217
5,20260927,2011-01,hidden2-hidden3,0.867840588092804
5,20260927,2011-02,hidden1-hidden2,0.8597524166107178
5,20260927,2011-02,hidden2-hidden3,0.8825832009315491
5,20260927,2011-03,hidden1-hidden2,0.8465644121170044
5,20260927,2011-03,hidden2-hidden3,0.8632604479789734
5,20260927,2011-04,hidden1-hidden2,0.8529329299926758
5,20260927,2011-04,hidden2-hidden3,0.8576083183288574
5,20260927,2011-05,hidden1-hidden2,0.8551954030990601
5,20260927,2011-05,hidden2-hidden3,0.8715603947639465
5,20260927,2011-06,hidden1-hidden2,0.8443054556846619
5,20260927,2011-06,hidden2-hidden3,0.8581539988517761
5,20260927,2011-07,hidden1-hidden2,0.8492919206619263
5,20260927,2011-07,hidden2-hidden3,0.8522847890853882
5,20260927,2011-08,hidden1-hidden2,0.8618731498718262
5,20260927,2011-08,hidden2-hidden3,0.8522493243217468
5,20260927,2011-09,hidden1-hidden2,0.8616772294044495
5,20260927,2011-09,hidden2-hidden3,0.8577603101730347
5,20260927,2011-10,hidden1-hidden2,0.8558510541915894
5,20260927,2011-10,hidden2-hidden3,0.8536068201065063
5,20260927,2011-11,hidden1-hidden2,0.8543494343757629
5,20260927,2011-11,hidden2-hidden3,0.8537986278533936
5,20260927,2011-12,hidden1-hidden2,0.8655411005020142
5,20260927,2011-12,hidden2-hidden3,0.8549219369888306
5,20260927,2012-01,hidden1-hidden2,0.8529574871063232
5,20260927,2012-01,hidden2-hidden3,0.8515352010726929
5,20260927,2012-02,hidden1-hidden2,0.8631396889686584
5,20260927,2012-02,hidden2-hidden3,0.8554316163063049
5,20260927,2012-03,hidden1-hidden2,0.8765854835510254
5,20260927,2012-03,hidden2-hidden3,0.8505123853683472
5,20260927,2012-04,hidden1-hidden2,0.8588944673538208
5,20260927,2012-04,hidden2-hidden3,0.8433824181556702
5,20260927,2012-05,hidden1-hidden2,0.8659182786941528
5,20260927,2012-05,hidden2-hidden3,0.8646714687347412
5,20260927,2012-06,hidden1-hidden2,0.8708388209342957
5,20260927,2012-06,hidden2-hidden3,0.8472651839256287
5,20260927,2012-07,hidden1-hidden2,0.8749215602874756
5,20260927,2012-07,hidden2-hidden3,0.8550984263420105
5,20260927,2012-08,hidden1-hidden2,0.8726056814193726
5,20260927,2012-08,hidden2-hidden3,0.8576465249061584
5,20260927,2012-09,hidden1-hidden2,0.8681926727294922
5,20260927,2012-09,hidden2-hidden3,0.8539375066757202
5,20260927,2012-10,hidden1-hidden2,0.8730515837669373
5,20260927,2012-10,hidden2-hidden3,0.840869128704071
5,20260927,2012-11,hidden1-hidden2,0.8757485151290894
5,20260927,2012-11,hidden2-hidden3,0.8513484001159668
5,20260927,2012-12,hidden1-hidden2,0.861427903175354
5,20260927,2012-12,hidden2-hidden3,0.8615124225616455
5,20260927,2013-01,hidden1-hidden2,0.8757823705673218
5,20260927,2013-01,hidden2-hidden3,0.8438981175422668
5,20260927,2013-02,hidden1-hidden2,0.8722420930862427
5,20260927,2013-02,hidden2-hidden3,0.8708061575889587
5,20260927,2013-03,hidden1-hidden2,0.8620290756225586
5,20260927,2013-03,hidden2-hidden3,0.8635219931602478
5,20260927,2013-04,hidden1-hidden2,0.8709359169006348
5,20260927,2013-04,hidden2-hidden3,0.8562776446342468
5,20260927,2013-05,hidden1-hidden2,0.8730126023292542
5,20260927,2013-05,hidden2-hidden3,0.8508096933364868
5,20260927,2013-06,hidden1-hidden2,0.8713158369064331
5,20260927,2013-06,hidden2-hidden3,0.8595849275588989
5,20260927,2013-07,hidden1-hidden2,0.8659599423408508
5,20260927,2013-07,hidden2-hidden3,0.8634966611862183
5,20260927,2013-08,hidden1-hidden2,0.8513734936714172
5,20260927,2013-08,hidden2-hidden3,0.8539164662361145
5,20260927,2013-09,hidden1-hidden2,0.8580988645553589
5,20260927,2013-09,hidden2-hidden3,0.860133171081543
5,20260927,2013-10,hidden1-hidden2,0.8613073825836182
5,20260927,2013-10,hidden2-hidden3,0.8611131310462952
5,20260927,2013-11,hidden1-hidden2,0.8629704117774963
5,20260927,2013-11,hidden2-hidden3,0.8643979430198669
5,20260927,2013-12,hidden1-hidden2,0.8658055663108826
5,20260927,2013-12,hidden2-hidden3,0.8780374526977539
5,20260927,2014-01,hidden1-hidden2,0.8562076091766357
5,20260927,2014-01,hidden2-hidden3,0.8671361207962036
5,20260927,2014-02,hidden1-hidden2,0.8629202842712402
5,20260927,2014-02,hidden2-hidden3,0.8797181844711304
5,20260927,2014-03,hidden1-hidden2,0.8606395125389099
5,20260927,2014-03,hidden2-hidden3,0.867527961730957
5,20260927,2014-04,hidden1-hidden2,0.8642026782035828
5,20260927,2014-04,hidden2-hidden3,0.8731271624565125
5,20260927,2014-05,hidden1-hidden2,0.8581269979476929
5,20260927,2014-05,hidden2-hidden3,0.8631867170333862
5,20260927,2014-06,hidden1-hidden2,0.8558246493339539
5,20260927,2014-06,hidden2-hidden3,0.8672127723693848
5,20260927,2014-07,hidden1-hidden2,0.859188973903656
5,20260927,2014-07,hidden2-hidden3,0.8759018778800964
5,20260927,2014-08,hidden1-hidden2,0.8587942123413086
5,20260927,2014-08,hidden2-hidden3,0.8752691149711609
5,20260927,2014-09,hidden1-hidden2,0.8639560341835022
5,20260927,2014-09,hidden2-hidden3,0.8739044070243835
5,20260927,2014-10,hidden1-hidden2,0.8606378436088562
5,20260927,2014-10,hidden2-hidden3,0.8830476999282837
5,20260927,2014-11,hidden1-hidden2,0.8601837754249573
5,20260927,2014-11,hidden2-hidden3,0.8804516792297363
5,20260927,2014-12,hidden1-hidden2,0.866999089717865
5,20260927,2014-12,hidden2-hidden3,0.873325526714325
5,20260927,2015-01,hidden1-hidden2,0.8497228622436523
5,20260927,2015-01,hidden2-hidden3,0.868901789188385
5,20260927,2015-02,hidden1-hidden2,0.8546653389930725
5,20260927,2015-02,hidden2-hidden3,0.8835393786430359
5,20260927,2015-03,hidden1-hidden2,0.8773296475410461
5,20260927,2015-03,hidden2-hidden3,0.8792912364006042
5,20260927,2015-04,hidden1-hidden2,0.8660954236984253
5,20260927,2015-04,hidden2-hidden3,0.8629542589187622
5,20260927,2015-05,hidden1-hidden2,0.8568617105484009
5,20260927,2015-05,hidden2-hidden3,0.8782248497009277
5,20260927,2015-06,hidden1-hidden2,0.8611564636230469
5,20260927,2015-06,hidden2-hidden3,0.8554314374923706
5,20260927,2015-07,hidden1-hidden2,0.8701059818267822
5,20260927,2015-07,hidden2-hidden3,0.8808721899986267
5,20260927,2015-08,hidden1-hidden2,0.8628215193748474
5,20260927,2015-08,hidden2-hidden3,0.868863046169281
5,20260927,2015-09,hidden1-hidden2,0.8645248413085938
5,20260927,2015-09,hidden2-hidden3,0.874763011932373
5,20260927,2015-10,hidden1-hidden2,0.8642659187316895
5,20260927,2015-10,hidden2-hidden3,0.8744665384292603
5,20260927,2015-11,hidden1-hidden2,0.8534803986549377
5,20260927,2015-11,hidden2-hidden3,0.864234983921051
5,20260927,2015-12,hidden1-hidden2,0.8648473024368286
5,20260927,2015-12,hidden2-hidden3,0.8672543168067932
5,20260927,2016-01,hidden1-hidden2,0.8691561222076416
5,20260927,2016-01,hidden2-hidden3,0.8847158551216125
5,20260927,2016-02,hidden1-hidden2,0.8533394932746887
5,20260927,2016-02,hidden2-hidden3,0.878257155418396
5,20260927,2016-03,hidden1-hidden2,0.8530371189117432
5,20260927,2016-03,hidden2-hidden3,0.8654050230979919
5,20260927,2016-04,hidden1-hidden2,0.8711737990379333
5,20260927,2016-04,hidden2-hidden3,0.8867012858390808
5,20260927,2016-05,hidden1-hidden2,0.8807218074798584
5,20260927,2016-05,hidden2-hidden3,0.8912385702133179
5,20260927,2016-06,hidden1-hidden2,0.8742396235466003
5,20260927,2016-06,hidden2-hidden3,0.8843578100204468
5,20260927,2016-07,hidden1-hidden2,0.8716224431991577
5,20260927,2016-07,hidden2-hidden3,0.8836970329284668
5,20260927,2016-08,hidden1-hidden2,0.8715993762016296
5,20260927,2016-08,hidden2-hidden3,0.8861917853355408
5,20260927,2016-09,hidden1-hidden2,0.8773674368858337
5,20260927,2016-09,hidden2-hidden3,0.8912704586982727
5,20260927,2016-10,hidden1-hidden2,0.8783687949180603
5,20260927,2016-10,hidden2-hidden3,0.8951006531715393
5,20260927,2016-11,hidden1-hidden2,0.883472740650177
5,20260927,2016-11,hidden2-hidden3,0.8942356705665588
5,20260927,2016-12,hidden1-hidden2,0.8709284663200378
5,20260927,2016-12,hidden2-hidden3,0.8862285614013672
5,20260927,2017-01,hidden1-hidden2,0.8720946311950684
5,20260927,2017-01,hidden2-hidden3,0.8826466798782349
5,20260927,2017-02,hidden1-hidden2,0.8710351586341858
5,20260927,2017-02,hidden2-hidden3,0.8757542967796326
5,20260927,2017-03,hidden1-hidden2,0.8727994561195374
5,20260927,2017-03,hidden2-hidden3,0.8883076310157776
5,20260927,2017-04,hidden1-hidden2,0.8695937991142273
5,20260927,2017-04,hidden2-hidden3,0.8653120398521423
5,20260927,2017-05,hidden1-hidden2,0.8730607628822327
5,20260927,2017-05,hidden2-hidden3,0.8793456554412842
5,20260927,2017-06,hidden1-hidden2,0.8713282346725464
5,20260927,2017-06,hidden2-hidden3,0.8599310517311096
5,20260927,2017-07,hidden1-hidden2,0.8666277527809143
5,20260927,2017-07,hidden2-hidden3,0.8872634172439575
5,20260927,2017-08,hidden1-hidden2,0.8822591304779053
5,20260927,2017-08,hidden2-hidden3,0.8843562006950378
5,20260927,2017-09,hidden1-hidden2,0.8692529797554016
5,20260927,2017-09,hidden2-hidden3,0.8819730877876282
5,20260927,2017-10,hidden1-hidden2,0.8737785816192627
5,20260927,2017-10,hidden2-hidden3,0.8791260123252869
5,20260927,2017-11,hidden1-hidden2,0.8688181042671204
5,20260927,2017-11,hidden2-hidden3,0.8794121146202087
5,20260927,2017-12,hidden1-hidden2,0.8722589612007141
5,20260927,2017-12,hidden2-hidden3,0.8858293890953064
5,20260927,2018-01,hidden1-hidden2,0.8632050156593323
5,20260927,2018-01,hidden2-hidden3,0.8754602074623108
5,20260927,2018-02,hidden1-hidden2,0.875654935836792
5,20260927,2018-02,hidden2-hidden3,0.8863065242767334
5,20260927,2018-03,hidden1-hidden2,0.858466625213623
5,20260927,2018-03,hidden2-hidden3,0.865358293056488
5,20260927,2018-04,hidden1-hidden2,0.8694105744361877
5,20260927,2018-04,hidden2-hidden3,0.8588148355484009
5,20260927,2018-05,hidden1-hidden2,0.8695150017738342
5,20260927,2018-05,hidden2-hidden3,0.8991546034812927
5,20260927,2018-06,hidden1-hidden2,0.8652539849281311
5,20260927,2018-06,hidden2-hidden3,0.8763904571533203
5,20260927,2018-07,hidden1-hidden2,0.8670029640197754
5,20260927,2018-07,hidden2-hidden3,0.8703259825706482
5,20260927,2018-08,hidden1-hidden2,0.8687021732330322
5,20260927,2018-08,hidden2-hidden3,0.8791858553886414
5,20260927,2018-09,hidden1-hidden2,0.8574459552764893
5,20260927,2018-09,hidden2-hidden3,0.8697347640991211
5,20260927,2018-10,hidden1-hidden2,0.8667954802513123
5,20260927,2018-10,hidden2-hidden3,0.8817980885505676
5,20260927,2018-11,hidden1-hidden2,0.8670383095741272
5,20260927,2018-11,hidden2-hidden3,0.8685206174850464
5,20260927,2018-12,hidden1-hidden2,0.8658255934715271
5,20260927,2018-12,hidden2-hidden3,0.8722966313362122
5,20260927,2019-01,hidden1-hidden2,0.8625046610832214
5,20260927,2019-01,hidden2-hidden3,0.871708869934082
5,20260927,2019-02,hidden1-hidden2,0.8697354197502136
5,20260927,2019-02,hidden2-hidden3,0.8844777941703796
5,20260927,2019-03,hidden1-hidden2,0.8724893927574158
5,20260927,2019-03,hidden2-hidden3,0.8909899592399597
5,20260927,2019-04,hidden1-hidden2,0.8709820508956909
5,20260927,2019-04,hidden2-hidden3,0.8863604664802551
5,20260927,2019-05,hidden1-hidden2,0.8682515621185303
5,20260927,2019-05,hidden2-hidden3,0.8810110092163086
5,20260927,2019-06,hidden1-hidden2,0.8616107702255249
5,20260927,2019-06,hidden2-hidden3,0.879423201084137
5,20260927,2019-07,hidden1-hidden2,0.8838294148445129
5,20260927,2019-07,hidden2-hidden3,0.8735666275024414
5,20260927,2019-08,hidden1-hidden2,0.8666725754737854
5,20260927,2019-08,hidden2-hidden3,0.8747287392616272
5,20260927,2019-09,hidden1-hidden2,0.8693569898605347
5,20260927,2019-09,hidden2-hidden3,0.8904634714126587
5,20260927,2019-10,hidden1-hidden2,0.8643776774406433
5,20260927,2019-10,hidden2-hidden3,0.8620323538780212
5,20260927,2019-11,hidden1-hidden2,0.8597423434257507
5,20260927,2019-11,hidden2-hidden3,0.8679583668708801
5,20260927,2019-12,hidden1-hidden2,0.8713370561599731
5,20260927,2019-12,hidden2-hidden3,0.890953004360199
5,20260928,2010-01,hidden1-hidden2,0.8980230093002319
5,20260928,2010-01,hidden2-hidden3,0.8246329426765442
5,20260928,2010-02,hidden1-hidden2,0.9025061726570129
5,20260928,2010-02,hidden2-hidden3,0.8402273654937744
5,20260928,2010-03,hidden1-hidden2,0.8950254321098328
5,20260928,2010-03,hidden2-hidden3,0.8568599820137024
5,20260928,2010-04,hidden1-hidden2,0.8889155387878418
5,20260928,2010-04,hidden2-hidden3,0.8495396971702576
5,20260928,2010-05,hidden1-hidden2,0.90220707654953
5,20260928,2010-05,hidden2-hidden3,0.8425635099411011
5,20260928,2010-06,hidden1-hidden2,0.9048864245414734
5,20260928,2010-06,hidden2-hidden3,0.857029378414154
5,20260928,2010-07,hidden1-hidden2,0.8958100080490112
5,20260928,2010-07,hidden2-hidden3,0.8476215600967407
5,20260928,2010-08,hidden1-hidden2,0.8882182836532593
5,20260928,2010-08,hidden2-hidden3,0.8505873084068298
5,20260928,2010-09,hidden1-hidden2,0.8841379284858704
5,20260928,2010-09,hidden2-hidden3,0.8553010821342468
5,20260928,2010-10,hidden1-hidden2,0.8982656002044678
5,20260928,2010-10,hidden2-hidden3,0.8611086010932922
5,20260928,2010-11,hidden1-hidden2,0.8900143504142761
5,20260928,2010-11,hidden2-hidden3,0.8724826574325562
5,20260928,2010-12,hidden1-hidden2,0.8892484903335571
5,20260928,2010-12,hidden2-hidden3,0.8494876623153687
5,20260928,2011-01,hidden1-hidden2,0.8850456476211548
5,20260928,2011-01,hidden2-hidden3,0.8505934476852417
5,20260928,2011-02,hidden1-hidden2,0.8936923742294312
5,20260928,2011-02,hidden2-hidden3,0.8519733548164368
5,20260928,2011-03,hidden1-hidden2,0.885225236415863
5,20260928,2011-03,hidden2-hidden3,0.8317616581916809
5,20260928,2011-04,hidden1-hidden2,0.8859745264053345
5,20260928,2011-04,hidden2-hidden3,0.8345078825950623
5,20260928,2011-05,hidden1-hidden2,0.8918494582176208
5,20260928,2011-05,hidden2-hidden3,0.8532643914222717
5,20260928,2011-06,hidden1-hidden2,0.8797721266746521
5,20260928,2011-06,hidden2-hidden3,0.8501003980636597
5,20260928,2011-07,hidden1-hidden2,0.8890351057052612
5,20260928,2011-07,hidden2-hidden3,0.849581241607666
5,20260928,2011-08,hidden1-hidden2,0.8877277374267578
5,20260928,2011-08,hidden2-hidden3,0.8620989322662354
5,20260928,2011-09,hidden1-hidden2,0.8880149722099304
5,20260928,2011-09,hidden2-hidden3,0.8674474954605103
5,20260928,2011-10,hidden1-hidden2,0.8757911920547485
5,20260928,2011-10,hidden2-hidden3,0.8597185611724854
5,20260928,2011-11,hidden1-hidden2,0.8843583464622498
5,20260928,2011-11,hidden2-hidden3,0.8575153946876526
5,20260928,2011-12,hidden1-hidden2,0.8828490972518921
5,20260928,2011-12,hidden2-hidden3,0.8764776587486267
5,20260928,2012-01,hidden1-hidden2,0.8835251927375793
5,20260928,2012-01,hidden2-hidden3,0.861142635345459
5,20260928,2012-02,hidden1-hidden2,0.8871074318885803
5,20260928,2012-02,hidden2-hidden3,0.8736189007759094
5,20260928,2012-03,hidden1-hidden2,0.9018718004226685
5,20260928,2012-03,hidden2-hidden3,0.8834155201911926
5,20260928,2012-04,hidden1-hidden2,0.8852358460426331
5,20260928,2012-04,hidden2-hidden3,0.8659521341323853
5,20260928,2012-05,hidden1-hidden2,0.8897475600242615
5,20260928,2012-05,hidden2-hidden3,0.8758415579795837
5,20260928,2012-06,hidden1-hidden2,0.8947553038597107
5,20260928,2012-06,hidden2-hidden3,0.8782882690429688
5,20260928,2012-07,hidden1-hidden2,0.8847691416740417
5,20260928,2012-07,hidden2-hidden3,0.883040726184845
5,20260928,2012-08,hidden1-hidden2,0.8940460085868835
5,20260928,2012-08,hidden2-hidden3,0.8938102722167969
5,20260928,2012-09,hidden1-hidden2,0.8872308731079102
5,20260928,2012-09,hidden2-hidden3,0.874829888343811
5,20260928,2012-10,hidden1-hidden2,0.8920019865036011
5,20260928,2012-10,hidden2-hidden3,0.8788546919822693
5,20260928,2012-11,hidden1-hidden2,0.8931430578231812
5,20260928,2012-11,hidden2-hidden3,0.8920102715492249
5,20260928,2012-12,hidden1-hidden2,0.8778483271598816
5,20260928,2012-12,hidden2-hidden3,0.8829609751701355
5,20260928,2013-01,hidden1-hidden2,0.888562023639679
5,20260928,2013-01,hidden2-hidden3,0.8829445838928223
5,20260928,2013-02,hidden1-hidden2,0.8902908563613892
5,20260928,2013-02,hidden2-hidden3,0.876531183719635
5,20260928,2013-03,hidden1-hidden2,0.8836495876312256
5,20260928,2013-03,hidden2-hidden3,0.8822340965270996
5,20260928,2013-04,hidden1-hidden2,0.8887104988098145
5,20260928,2013-04,hidden2-hidden3,0.8696596622467041
5,20260928,2013-05,hidden1-hidden2,0.8979273438453674
5,20260928,2013-05,hidden2-hidden3,0.8665841221809387
5,20260928,2013-06,hidden1-hidden2,0.8873488306999207
5,20260928,2013-06,hidden2-hidden3,0.8631551265716553
5,20260928,2013-07,hidden1-hidden2,0.8871514797210693
5,20260928,2013-07,hidden2-hidden3,0.8789448738098145
5,20260928,2013-08,hidden1-hidden2,0.8934518694877625
5,20260928,2013-08,hidden2-hidden3,0.8678960800170898
5,20260928,2013-09,hidden1-hidden2,0.8856810331344604
5,20260928,2013-09,hidden2-hidden3,0.8638554811477661
5,20260928,2013-10,hidden1-hidden2,0.8912637829780579
5,20260928,2013-10,hidden2-hidden3,0.8621793389320374
5,20260928,2013-11,hidden1-hidden2,0.885733962059021
5,20260928,2013-11,hidden2-hidden3,0.8523873686790466
5,20260928,2013-12,hidden1-hidden2,0.892937958240509
5,20260928,2013-12,hidden2-hidden3,0.8493320941925049
5,20260928,2014-01,hidden1-hidden2,0.8837990164756775
5,20260928,2014-01,hidden2-hidden3,0.8578721284866333
5,20260928,2014-02,hidden1-hidden2,0.8863612413406372
5,20260928,2014-02,hidden2-hidden3,0.8712043166160583
5,20260928,2014-03,hidden1-hidden2,0.8830646276473999
5,20260928,2014-03,hidden2-hidden3,0.8633798360824585
5,20260928,2014-04,hidden1-hidden2,0.9007129073143005
5,20260928,2014-04,hidden2-hidden3,0.8262689113616943
5,20260928,2014-05,hidden1-hidden2,0.8923982977867126
5,20260928,2014-05,hidden2-hidden3,0.847062885761261
5,20260928,2014-06,hidden1-hidden2,0.8879393935203552
5,20260928,2014-06,hidden2-hidden3,0.8421025276184082
5,20260928,2014-07,hidden1-hidden2,0.8933317065238953
5,20260928,2014-07,hidden2-hidden3,0.8740731477737427
5,20260928,2014-08,hidden1-hidden2,0.8978913426399231
5,20260928,2014-08,hidden2-hidden3,0.8621841669082642
5,20260928,2014-09,hidden1-hidden2,0.8899174332618713
5,20260928,2014-09,hidden2-hidden3,0.8589679598808289
5,20260928,2014-10,hidden1-hidden2,0.8992725610733032
5,20260928,2014-10,hidden2-hidden3,0.8534131050109863
5,20260928,2014-11,hidden1-hidden2,0.8943414092063904
5,20260928,2014-11,hidden2-hidden3,0.8658597469329834
5,20260928,2014-12,hidden1-hidden2,0.8932890892028809
5,20260928,2014-12,hidden2-hidden3,0.8555463552474976
5,20260928,2015-01,hidden1-hidden2,0.8826285600662231
5,20260928,2015-01,hidden2-hidden3,0.8583139777183533
5,20260928,2015-02,hidden1-hidden2,0.8935583829879761
5,20260928,2015-02,hidden2-hidden3,0.8641986846923828
5,20260928,2015-03,hidden1-hidden2,0.9004129767417908
5,20260928,2015-03,hidden2-hidden3,0.8719377517700195
5,20260928,2015-04,hidden1-hidden2,0.8878934383392334
5,20260928,2015-04,hidden2-hidden3,0.8602297902107239
5,20260928,2015-05,hidden1-hidden2,0.8906805515289307
5,20260928,2015-05,hidden2-hidden3,0.8551581501960754
5,20260928,2015-06,hidden1-hidden2,0.890199601650238
5,20260928,2015-06,hidden2-hidden3,0.8436855673789978
5,20260928,2015-07,hidden1-hidden2,0.8841300010681152
5,20260928,2015-07,hidden2-hidden3,0.863822340965271
5,20260928,2015-08,hidden1-hidden2,0.8947480916976929
5,20260928,2015-08,hidden2-hidden3,0.880189836025238
5,20260928,2015-09,hidden1-hidden2,0.8867512345314026
5,20260928,2015-09,hidden2-hidden3,0.8726957440376282
5,20260928,2015-10,hidden1-hidden2,0.8893917202949524
5,20260928,2015-10,hidden2-hidden3,0.8735939264297485
5,20260928,2015-11,hidden1-hidden2,0.8827319741249084
5,20260928,2015-11,hidden2-hidden3,0.8606644868850708
5,20260928,2015-12,hidden1-hidden2,0.8867236375808716
5,20260928,2015-12,hidden2-hidden3,0.8695991635322571
5,20260928,2016-01,hidden1-hidden2,0.8914809226989746
5,20260928,2016-01,hidden2-hidden3,0.8947624564170837
5,20260928,2016-02,hidden1-hidden2,0.8947054743766785
5,20260928,2016-02,hidden2-hidden3,0.8819125294685364
5,20260928,2016-03,hidden1-hidden2,0.884041428565979
5,20260928,2016-03,hidden2-hidden3,0.8765835165977478
5,20260928,2016-04,hidden1-hidden2,0.8920421004295349
5,20260928,2016-04,hidden2-hidden3,0.8825908303260803
5,20260928,2016-05,hidden1-hidden2,0.8989572525024414
5,20260928,2016-05,hidden2-hidden3,0.8855847716331482
5,20260928,2016-06,hidden1-hidden2,0.9017082452774048
5,20260928,2016-06,hidden2-hidden3,0.8762748837471008
5,20260928,2016-07,hidden1-hidden2,0.898551344871521
5,20260928,2016-07,hidden2-hidden3,0.8845803737640381
5,20260928,2016-08,hidden1-hidden2,0.903268039226532
5,20260928,2016-08,hidden2-hidden3,0.8887268304824829
5,20260928,2016-09,hidden1-hidden2,0.8989863991737366
5,20260928,2016-09,hidden2-hidden3,0.8683494329452515
5,20260928,2016-10,hidden1-hidden2,0.9007585048675537
5,20260928,2016-10,hidden2-hidden3,0.8772899508476257
5,20260928,2016-11,hidden1-hidden2,0.9014884829521179
5,20260928,2016-11,hidden2-hidden3,0.8861949443817139
5,20260928,2016-12,hidden1-hidden2,0.9024291038513184
5,20260928,2016-12,hidden2-hidden3,0.8696435689926147
5,20260928,2017-01,hidden1-hidden2,0.9002137780189514
5,20260928,2017-01,hidden2-hidden3,0.8763452172279358
5,20260928,2017-02,hidden1-hidden2,0.8946969509124756
5,20260928,2017-02,hidden2-hidden3,0.880066454410553
5,20260928,2017-03,hidden1-hidden2,0.8977984189987183
5,20260928,2017-03,hidden2-hidden3,0.8886843323707581
5,20260928,2017-04,hidden1-hidden2,0.8889991641044617
5,20260928,2017-04,hidden2-hidden3,0.8830165266990662
5,20260928,2017-05,hidden1-hidden2,0.8961133360862732
5,20260928,2017-05,hidden2-hidden3,0.8882629871368408
5,20260928,2017-06,hidden1-hidden2,0.8972207307815552
5,20260928,2017-06,hidden2-hidden3,0.8606368899345398
5,20260928,2017-07,hidden1-hidden2,0.8876935839653015
5,20260928,2017-07,hidden2-hidden3,0.8815017342567444
5,20260928,2017-08,hidden1-hidden2,0.8962188959121704
5,20260928,2017-08,hidden2-hidden3,0.8849554061889648
5,20260928,2017-09,hidden1-hidden2,0.8909232020378113
5,20260928,2017-09,hidden2-hidden3,0.8807582259178162
5,20260928,2017-10,hidden1-hidden2,0.8954936265945435
5,20260928,2017-10,hidden2-hidden3,0.8841080665588379
5,20260928,2017-11,hidden1-hidden2,0.8904743194580078
5,20260928,2017-11,hidden2-hidden3,0.8749095797538757
5,20260928,2017-12,hidden1-hidden2,0.8982961177825928
5,20260928,2017-12,hidden2-hidden3,0.8695323467254639
5,20260928,2018-01,hidden1-hidden2,0.8884053230285645
5,20260928,2018-01,hidden2-hidden3,0.8784971237182617
5,20260928,2018-02,hidden1-hidden2,0.8887293338775635
5,20260928,2018-02,hidden2-hidden3,0.872079074382782
5,20260928,2018-03,hidden1-hidden2,0.8800346851348877
5,20260928,2018-03,hidden2-hidden3,0.8516485691070557
5,20260928,2018-04,hidden1-hidden2,0.8911245465278625
5,20260928,2018-04,hidden2-hidden3,0.8434311747550964
5,20260928,2018-05,hidden1-hidden2,0.8927555680274963
5,20260928,2018-05,hidden2-hidden3,0.870003342628479
5,20260928,2018-06,hidden1-hidden2,0.8901153802871704
5,20260928,2018-06,hidden2-hidden3,0.8643940091133118
5,20260928,2018-07,hidden1-hidden2,0.8878511786460876
5,20260928,2018-07,hidden2-hidden3,0.8503552079200745
5,20260928,2018-08,hidden1-hidden2,0.881333589553833
5,20260928,2018-08,hidden2-hidden3,0.8637552261352539
5,20260928,2018-09,hidden1-hidden2,0.8910523056983948
5,20260928,2018-09,hidden2-hidden3,0.8405101895332336
5,20260928,2018-10,hidden1-hidden2,0.9000649452209473
5,20260928,2018-10,hidden2-hidden3,0.857241690158844
5,20260928,2018-11,hidden1-hidden2,0.8992422223091125
5,20260928,2018-11,hidden2-hidden3,0.8567872047424316
5,20260928,2018-12,hidden1-hidden2,0.8950120210647583
5,20260928,2018-12,hidden2-hidden3,0.8498067259788513
5,20260928,2019-01,hidden1-hidden2,0.8953643441200256
5,20260928,2019-01,hidden2-hidden3,0.8577912449836731
5,20260928,2019-02,hidden1-hidden2,0.8952663540840149
5,20260928,2019-02,hidden2-hidden3,0.8710842132568359
5,20260928,2019-03,hidden1-hidden2,0.9077015519142151
5,20260928,2019-03,hidden2-hidden3,0.8768079876899719
5,20260928,2019-04,hidden1-hidden2,0.9045084118843079
5,20260928,2019-04,hidden2-hidden3,0.8656813502311707
5,20260928,2019-05,hidden1-hidden2,0.8941600322723389
5,20260928,2019-05,hidden2-hidden3,0.8734397888183594
5,20260928,2019-06,hidden1-hidden2,0.8977559208869934
5,20260928,2019-06,hidden2-hidden3,0.8477180600166321
5,20260928,2019-07,hidden1-hidden2,0.8969419002532959
5,20260928,2019-07,hidden2-hidden3,0.872205913066864
5,20260928,2019-08,hidden1-hidden2,0.8935968279838562
5,20260928,2019-08,hidden2-hidden3,0.8696092367172241
5,20260928,2019-09,hidden1-hidden2,0.88884437084198
5,20260928,2019-09,hidden2-hidden3,0.8737607002258301
5,20260928,2019-10,hidden1-hidden2,0.8882691264152527
5,20260928,2019-10,hidden2-hidden3,0.8716982007026672
5,20260928,2019-11,hidden1-hidden2,0.8868592381477356
5,20260928,2019-11,hidden2-hidden3,0.8715509176254272
5,20260928,2019-12,hidden1-hidden2,0.8914132714271545
5,20260928,2019-12,hidden2-hidden3,0.8812232613563538
8,20260924,2010-01,hidden1-hidden2,0.8674680590629578
8,20260924,2010-01,hidden2-hidden3,0.8102002739906311
8,20260924,2010-02,hidden1-hidden2,0.871679961681366
8,20260924,2010-02,hidden2-hidden3,0.8046408891677856
8,20260924,2010-03,hidden1-hidden2,0.8642929196357727
8,20260924,2010-03,hidden2-hidden3,0.8173755407333374
8,20260924,2010-04,hidden1-hidden2,0.872611403465271
8,20260924,2010-04,hidden2-hidden3,0.8269345164299011
8,20260924,2010-05,hidden1-hidden2,0.86114501953125
8,20260924,2010-05,hidden2-hidden3,0.8000856637954712
8,20260924,2010-06,hidden1-hidden2,0.8580919504165649
8,20260924,2010-06,hidden2-hidden3,0.8077549338340759
8,20260924,2010-07,hidden1-hidden2,0.8676825165748596
8,20260924,2010-07,hidden2-hidden3,0.8072939515113831
8,20260924,2010-08,hidden1-hidden2,0.872706413269043
8,20260924,2010-08,hidden2-hidden3,0.8034430146217346
8,20260924,2010-09,hidden1-hidden2,0.8689994215965271
8,20260924,2010-09,hidden2-hidden3,0.8069155216217041
8,20260924,2010-10,hidden1-hidden2,0.8778711557388306
8,20260924,2010-10,hidden2-hidden3,0.8247353434562683
8,20260924,2010-11,hidden1-hidden2,0.874554455280304
8,20260924,2010-11,hidden2-hidden3,0.8102915287017822
8,20260924,2010-12,hidden1-hidden2,0.8633070588111877
8,20260924,2010-12,hidden2-hidden3,0.8098481893539429
8,20260924,2011-01,hidden1-hidden2,0.8698878288269043
8,20260924,2011-01,hidden2-hidden3,0.8029553294181824
8,20260924,2011-02,hidden1-hidden2,0.8691457509994507
8,20260924,2011-02,hidden2-hidden3,0.8055810332298279
8,20260924,2011-03,hidden1-hidden2,0.8587812781333923
8,20260924,2011-03,hidden2-hidden3,0.7970450520515442
8,20260924,2011-04,hidden1-hidden2,0.8467424511909485
8,20260924,2011-04,hidden2-hidden3,0.7988308668136597
8,20260924,2011-05,hidden1-hidden2,0.8665722608566284
8,20260924,2011-05,hidden2-hidden3,0.8068521618843079
8,20260924,2011-06,hidden1-hidden2,0.8525161743164062
8,20260924,2011-06,hidden2-hidden3,0.7970133423805237
8,20260924,2011-07,hidden1-hidden2,0.8666768074035645
8,20260924,2011-07,hidden2-hidden3,0.8034332394599915
8,20260924,2011-08,hidden1-hidden2,0.874100923538208
8,20260924,2011-08,hidden2-hidden3,0.8079572319984436
8,20260924,2011-09,hidden1-hidden2,0.8654913306236267
8,20260924,2011-09,hidden2-hidden3,0.79874587059021
8,20260924,2011-10,hidden1-hidden2,0.8638131022453308
8,20260924,2011-10,hidden2-hidden3,0.7954285144805908
8,20260924,2011-11,hidden1-hidden2,0.8714413046836853
8,20260924,2011-11,hidden2-hidden3,0.8105990886688232
8,20260924,2011-12,hidden1-hidden2,0.8726784586906433
8,20260924,2011-12,hidden2-hidden3,0.8150308728218079
8,20260924,2012-01,hidden1-hidden2,0.862140417098999
8,20260924,2012-01,hidden2-hidden3,0.8050362467765808
8,20260924,2012-02,hidden1-hidden2,0.8575717210769653
8,20260924,2012-02,hidden2-hidden3,0.7941794395446777
8,20260924,2012-03,hidden1-hidden2,0.868974506855011
8,20260924,2012-03,hidden2-hidden3,0.7888789176940918
8,20260924,2012-04,hidden1-hidden2,0.8625197410583496
8,20260924,2012-04,hidden2-hidden3,0.8070812225341797
8,20260924,2012-05,hidden1-hidden2,0.8672059178352356
8,20260924,2012-05,hidden2-hidden3,0.821337878704071
8,20260924,2012-06,hidden1-hidden2,0.8684361577033997
8,20260924,2012-06,hidden2-hidden3,0.7991649508476257
8,20260924,2012-07,hidden1-hidden2,0.8662552237510681
8,20260924,2012-07,hidden2-hidden3,0.8054115176200867
8,20260924,2012-08,hidden1-hidden2,0.8677835464477539
8,20260924,2012-08,hidden2-hidden3,0.7959409356117249
8,20260924,2012-09,hidden1-hidden2,0.8647565841674805
8,20260924,2012-09,hidden2-hidden3,0.8066694736480713
8,20260924,2012-10,hidden1-hidden2,0.8663016557693481
8,20260924,2012-10,hidden2-hidden3,0.8121673464775085
8,20260924,2012-11,hidden1-hidden2,0.8699553608894348
8,20260924,2012-11,hidden2-hidden3,0.8112253546714783
8,20260924,2012-12,hidden1-hidden2,0.8547391891479492
8,20260924,2012-12,hidden2-hidden3,0.8138315081596375
8,20260924,2013-01,hidden1-hidden2,0.8709809184074402
8,20260924,2013-01,hidden2-hidden3,0.809808611869812
8,20260924,2013-02,hidden1-hidden2,0.8681516647338867
8,20260924,2013-02,hidden2-hidden3,0.8115520477294922
8,20260924,2013-03,hidden1-hidden2,0.8631723523139954
8,20260924,2013-03,hidden2-hidden3,0.7942502498626709
8,20260924,2013-04,hidden1-hidden2,0.8587558269500732
8,20260924,2013-04,hidden2-hidden3,0.8045302629470825
8,20260924,2013-05,hidden1-hidden2,0.867680013179779
8,20260924,2013-05,hidden2-hidden3,0.8154999613761902
8,20260924,2013-06,hidden1-hidden2,0.8602979779243469
8,20260924,2013-06,hidden2-hidden3,0.8109571933746338
8,20260924,2013-07,hidden1-hidden2,0.8514805436134338
8,20260924,2013-07,hidden2-hidden3,0.8008530735969543
8,20260924,2013-08,hidden1-hidden2,0.8683645725250244
8,20260924,2013-08,hidden2-hidden3,0.8089774250984192
8,20260924,2013-09,hidden1-hidden2,0.8687572479248047
8,20260924,2013-09,hidden2-hidden3,0.7966920733451843
8,20260924,2013-10,hidden1-hidden2,0.8615735769271851
8,20260924,2013-10,hidden2-hidden3,0.8009386658668518
8,20260924,2013-11,hidden1-hidden2,0.8596563339233398
8,20260924,2013-11,hidden2-hidden3,0.8004811406135559
8,20260924,2013-12,hidden1-hidden2,0.8600028157234192
8,20260924,2013-12,hidden2-hidden3,0.8081898093223572
8,20260924,2014-01,hidden1-hidden2,0.8460506200790405
8,20260924,2014-01,hidden2-hidden3,0.8014518618583679
8,20260924,2014-02,hidden1-hidden2,0.8634408712387085
8,20260924,2014-02,hidden2-hidden3,0.8181684017181396
8,20260924,2014-03,hidden1-hidden2,0.846655547618866
8,20260924,2014-03,hidden2-hidden3,0.8035134077072144
8,20260924,2014-04,hidden1-hidden2,0.8629631996154785
8,20260924,2014-04,hidden2-hidden3,0.8061963319778442
8,20260924,2014-05,hidden1-hidden2,0.8677015900611877
8,20260924,2014-05,hidden2-hidden3,0.797825813293457
8,20260924,2014-06,hidden1-hidden2,0.8621745705604553
8,20260924,2014-06,hidden2-hidden3,0.8136510252952576
8,20260924,2014-07,hidden1-hidden2,0.8598557710647583
8,20260924,2014-07,hidden2-hidden3,0.7986192107200623
8,20260924,2014-08,hidden1-hidden2,0.8664416074752808
8,20260924,2014-08,hidden2-hidden3,0.8042381405830383
8,20260924,2014-09,hidden1-hidden2,0.8656646013259888
8,20260924,2014-09,hidden2-hidden3,0.7972050309181213
8,20260924,2014-10,hidden1-hidden2,0.8656031489372253
8,20260924,2014-10,hidden2-hidden3,0.798863410949707
8,20260924,2014-11,hidden1-hidden2,0.8603524565696716
8,20260924,2014-11,hidden2-hidden3,0.805228590965271
8,20260924,2014-12,hidden1-hidden2,0.8589125871658325
8,20260924,2014-12,hidden2-hidden3,0.8071305155754089
8,20260924,2015-01,hidden1-hidden2,0.8601797819137573
8,20260924,2015-01,hidden2-hidden3,0.8197330832481384
8,20260924,2015-02,hidden1-hidden2,0.8639727234840393
8,20260924,2015-02,hidden2-hidden3,0.816365122795105
8,20260924,2015-03,hidden1-hidden2,0.8697643876075745
8,20260924,2015-03,hidden2-hidden3,0.8058752417564392
8,20260924,2015-04,hidden1-hidden2,0.8569988012313843
8,20260924,2015-04,hidden2-hidden3,0.810418963432312
8,20260924,2015-05,hidden1-hidden2,0.8612825870513916
8,20260924,2015-05,hidden2-hidden3,0.8175058364868164
8,20260924,2015-06,hidden1-hidden2,0.8457275032997131
8,20260924,2015-06,hidden2-hidden3,0.79798424243927
8,20260924,2015-07,hidden1-hidden2,0.8578170537948608
8,20260924,2015-07,hidden2-hidden3,0.802564799785614
8,20260924,2015-08,hidden1-hidden2,0.8591466546058655
8,20260924,2015-08,hidden2-hidden3,0.8182463645935059
8,20260924,2015-09,hidden1-hidden2,0.8708838224411011
8,20260924,2015-09,hidden2-hidden3,0.7997942566871643
8,20260924,2015-10,hidden1-hidden2,0.8650504350662231
8,20260924,2015-10,hidden2-hidden3,0.8249991536140442
8,20260924,2015-11,hidden1-hidden2,0.8599511981010437
8,20260924,2015-11,hidden2-hidden3,0.800821840763092
8,20260924,2015-12,hidden1-hidden2,0.8737209439277649
8,20260924,2015-12,hidden2-hidden3,0.8109609484672546
8,20260924,2016-01,hidden1-hidden2,0.8679153323173523
8,20260924,2016-01,hidden2-hidden3,0.8090668320655823
8,20260924,2016-02,hidden1-hidden2,0.8628299236297607
8,20260924,2016-02,hidden2-hidden3,0.8050023317337036
8,20260924,2016-03,hidden1-hidden2,0.8595374822616577
8,20260924,2016-03,hidden2-hidden3,0.8173040747642517
8,20260924,2016-04,hidden1-hidden2,0.8633435368537903
8,20260924,2016-04,hidden2-hidden3,0.8082036375999451
8,20260924,2016-05,hidden1-hidden2,0.8621166944503784
8,20260924,2016-05,hidden2-hidden3,0.8113596439361572
8,20260924,2016-06,hidden1-hidden2,0.8568930625915527
8,20260924,2016-06,hidden2-hidden3,0.81620854139328
8,20260924,2016-07,hidden1-hidden2,0.8652740716934204
8,20260924,2016-07,hidden2-hidden3,0.8116792440414429
8,20260924,2016-08,hidden1-hidden2,0.8627625107765198
8,20260924,2016-08,hidden2-hidden3,0.8136228322982788
8,20260924,2016-09,hidden1-hidden2,0.8672153949737549
8,20260924,2016-09,hidden2-hidden3,0.8185997009277344
8,20260924,2016-10,hidden1-hidden2,0.8642841577529907
8,20260924,2016-10,hidden2-hidden3,0.8085695505142212
8,20260924,2016-11,hidden1-hidden2,0.855741560459137
8,20260924,2016-11,hidden2-hidden3,0.7985838055610657
8,20260924,2016-12,hidden1-hidden2,0.863835871219635
8,20260924,2016-12,hidden2-hidden3,0.8244357705116272
8,20260924,2017-01,hidden1-hidden2,0.8619126677513123
8,20260924,2017-01,hidden2-hidden3,0.8011595010757446
8,20260924,2017-02,hidden1-hidden2,0.862047553062439
8,20260924,2017-02,hidden2-hidden3,0.8123047947883606
8,20260924,2017-03,hidden1-hidden2,0.8645704984664917
8,20260924,2017-03,hidden2-hidden3,0.8184158205986023
8,20260924,2017-04,hidden1-hidden2,0.8611282706260681
8,20260924,2017-04,hidden2-hidden3,0.8172826766967773
8,20260924,2017-05,hidden1-hidden2,0.8612416982650757
8,20260924,2017-05,hidden2-hidden3,0.8165549635887146
8,20260924,2017-06,hidden1-hidden2,0.8618727922439575
8,20260924,2017-06,hidden2-hidden3,0.8201126456260681
8,20260924,2017-07,hidden1-hidden2,0.8610484004020691
8,20260924,2017-07,hidden2-hidden3,0.8195747137069702
8,20260924,2017-08,hidden1-hidden2,0.8690460920333862
8,20260924,2017-08,hidden2-hidden3,0.8072508573532104
8,20260924,2017-09,hidden1-hidden2,0.8687439560890198
8,20260924,2017-09,hidden2-hidden3,0.8207281827926636
8,20260924,2017-10,hidden1-hidden2,0.8698328733444214
8,20260924,2017-10,hidden2-hidden3,0.80341637134552
8,20260924,2017-11,hidden1-hidden2,0.8657302260398865
8,20260924,2017-11,hidden2-hidden3,0.8018255233764648
8,20260924,2017-12,hidden1-hidden2,0.8677129745483398
8,20260924,2017-12,hidden2-hidden3,0.8178629875183105
8,20260924,2018-01,hidden1-hidden2,0.8534829020500183
8,20260924,2018-01,hidden2-hidden3,0.8068316578865051
8,20260924,2018-02,hidden1-hidden2,0.8617550134658813
8,20260924,2018-02,hidden2-hidden3,0.7957793474197388
8,20260924,2018-03,hidden1-hidden2,0.8568037152290344
8,20260924,2018-03,hidden2-hidden3,0.8102279305458069
8,20260924,2018-04,hidden1-hidden2,0.8520845174789429
8,20260924,2018-04,hidden2-hidden3,0.8011162877082825
8,20260924,2018-05,hidden1-hidden2,0.8611389398574829
8,20260924,2018-05,hidden2-hidden3,0.8021833896636963
8,20260924,2018-06,hidden1-hidden2,0.8563219904899597
8,20260924,2018-06,hidden2-hidden3,0.809770941734314
8,20260924,2018-07,hidden1-hidden2,0.8551650047302246
8,20260924,2018-07,hidden2-hidden3,0.7989988923072815
8,20260924,2018-08,hidden1-hidden2,0.8574932813644409
8,20260924,2018-08,hidden2-hidden3,0.8012552261352539
8,20260924,2018-09,hidden1-hidden2,0.8588284254074097
8,20260924,2018-09,hidden2-hidden3,0.813613772392273
8,20260924,2018-10,hidden1-hidden2,0.8555774092674255
8,20260924,2018-10,hidden2-hidden3,0.8131580352783203
8,20260924,2018-11,hidden1-hidden2,0.8623154163360596
8,20260924,2018-11,hidden2-hidden3,0.8180739283561707
8,20260924,2018-12,hidden1-hidden2,0.8595324754714966
8,20260924,2018-12,hidden2-hidden3,0.8042930364608765
8,20260924,2019-01,hidden1-hidden2,0.8544701933860779
8,20260924,2019-01,hidden2-hidden3,0.8115160465240479
8,20260924,2019-02,hidden1-hidden2,0.8601023554801941
8,20260924,2019-02,hidden2-hidden3,0.8087838292121887
8,20260924,2019-03,hidden1-hidden2,0.8627967238426208
8,20260924,2019-03,hidden2-hidden3,0.8182568550109863
8,20260924,2019-04,hidden1-hidden2,0.8583351969718933
8,20260924,2019-04,hidden2-hidden3,0.8194226026535034
8,20260924,2019-05,hidden1-hidden2,0.8679037690162659
8,20260924,2019-05,hidden2-hidden3,0.8011947274208069
8,20260924,2019-06,hidden1-hidden2,0.8689306378364563
8,20260924,2019-06,hidden2-hidden3,0.8107688426971436
8,20260924,2019-07,hidden1-hidden2,0.8546999096870422
8,20260924,2019-07,hidden2-hidden3,0.8041448593139648
8,20260924,2019-08,hidden1-hidden2,0.8639612197875977
8,20260924,2019-08,hidden2-hidden3,0.8150957822799683
8,20260924,2019-09,hidden1-hidden2,0.8590641617774963
8,20260924,2019-09,hidden2-hidden3,0.8088894486427307
8,20260924,2019-10,hidden1-hidden2,0.8605655431747437
8,20260924,2019-10,hidden2-hidden3,0.8163595795631409
8,20260924,2019-11,hidden1-hidden2,0.8642200827598572
8,20260924,2019-11,hidden2-hidden3,0.8053720593452454
8,20260924,2019-12,hidden1-hidden2,0.8690645098686218
8,20260924,2019-12,hidden2-hidden3,0.815600574016571
8,20260925,2010-01,hidden1-hidden2,0.8855127096176147
8,20260925,2010-01,hidden2-hidden3,0.8627158403396606
8,20260925,2010-02,hidden1-hidden2,0.8982161283493042
8,20260925,2010-02,hidden2-hidden3,0.8648210763931274
8,20260925,2010-03,hidden1-hidden2,0.8925395011901855
8,20260925,2010-03,hidden2-hidden3,0.871290385723114
8,20260925,2010-04,hidden1-hidden2,0.8839207291603088
8,20260925,2010-04,hidden2-hidden3,0.8634897470474243
8,20260925,2010-05,hidden1-hidden2,0.8955695033073425
8,20260925,2010-05,hidden2-hidden3,0.8667019009590149
8,20260925,2010-06,hidden1-hidden2,0.9010187387466431
8,20260925,2010-06,hidden2-hidden3,0.8753789067268372
8,20260925,2010-07,hidden1-hidden2,0.8938372731208801
8,20260925,2010-07,hidden2-hidden3,0.8639904260635376
8,20260925,2010-08,hidden1-hidden2,0.8888975977897644
8,20260925,2010-08,hidden2-hidden3,0.8692845106124878
8,20260925,2010-09,hidden1-hidden2,0.8892645239830017
8,20260925,2010-09,hidden2-hidden3,0.8636227250099182
8,20260925,2010-10,hidden1-hidden2,0.8935472369194031
8,20260925,2010-10,hidden2-hidden3,0.864208459854126
8,20260925,2010-11,hidden1-hidden2,0.8875070214271545
8,20260925,2010-11,hidden2-hidden3,0.8603895306587219
8,20260925,2010-12,hidden1-hidden2,0.8932627439498901
8,20260925,2010-12,hidden2-hidden3,0.8560929894447327
8,20260925,2011-01,hidden1-hidden2,0.8910230398178101
8,20260925,2011-01,hidden2-hidden3,0.8607166409492493
8,20260925,2011-02,hidden1-hidden2,0.8904929161071777
8,20260925,2011-02,hidden2-hidden3,0.8677328824996948
8,20260925,2011-03,hidden1-hidden2,0.8847364783287048
8,20260925,2011-03,hidden2-hidden3,0.8698791265487671
8,20260925,2011-04,hidden1-hidden2,0.8901004791259766
8,20260925,2011-04,hidden2-hidden3,0.8578174710273743
8,20260925,2011-05,hidden1-hidden2,0.8910486698150635
8,20260925,2011-05,hidden2-hidden3,0.8648214936256409
8,20260925,2011-06,hidden1-hidden2,0.880774974822998
8,20260925,2011-06,hidden2-hidden3,0.8515116572380066
8,20260925,2011-07,hidden1-hidden2,0.8933314681053162
8,20260925,2011-07,hidden2-hidden3,0.8652631044387817
8,20260925,2011-08,hidden1-hidden2,0.8870193362236023
8,20260925,2011-08,hidden2-hidden3,0.8648453950881958
8,20260925,2011-09,hidden1-hidden2,0.8854109048843384
8,20260925,2011-09,hidden2-hidden3,0.860080897808075
8,20260925,2011-10,hidden1-hidden2,0.8742766380310059
8,20260925,2011-10,hidden2-hidden3,0.8552117943763733
8,20260925,2011-11,hidden1-hidden2,0.8736911416053772
8,20260925,2011-11,hidden2-hidden3,0.8527692556381226
8,20260925,2011-12,hidden1-hidden2,0.8807469010353088
8,20260925,2011-12,hidden2-hidden3,0.8568743467330933
8,20260925,2012-01,hidden1-hidden2,0.8823224902153015
8,20260925,2012-01,hidden2-hidden3,0.856388509273529
8,20260925,2012-02,hidden1-hidden2,0.8813951015472412
8,20260925,2012-02,hidden2-hidden3,0.8514512181282043
8,20260925,2012-03,hidden1-hidden2,0.8891844749450684
8,20260925,2012-03,hidden2-hidden3,0.8637470006942749
8,20260925,2012-04,hidden1-hidden2,0.8820098042488098
8,20260925,2012-04,hidden2-hidden3,0.850040078163147
8,20260925,2012-05,hidden1-hidden2,0.8902345299720764
8,20260925,2012-05,hidden2-hidden3,0.8651877045631409
8,20260925,2012-06,hidden1-hidden2,0.8960981369018555
8,20260925,2012-06,hidden2-hidden3,0.8717878460884094
8,20260925,2012-07,hidden1-hidden2,0.8939533233642578
8,20260925,2012-07,hidden2-hidden3,0.8764934539794922
8,20260925,2012-08,hidden1-hidden2,0.8989824056625366
8,20260925,2012-08,hidden2-hidden3,0.869454026222229
8,20260925,2012-09,hidden1-hidden2,0.8864402770996094
8,20260925,2012-09,hidden2-hidden3,0.8560373783111572
8,20260925,2012-10,hidden1-hidden2,0.8829399347305298
8,20260925,2012-10,hidden2-hidden3,0.8538719415664673
8,20260925,2012-11,hidden1-hidden2,0.8878223299980164
8,20260925,2012-11,hidden2-hidden3,0.865723729133606
8,20260925,2012-12,hidden1-hidden2,0.887510359287262
8,20260925,2012-12,hidden2-hidden3,0.8612755537033081
8,20260925,2013-01,hidden1-hidden2,0.886074423789978
8,20260925,2013-01,hidden2-hidden3,0.8498972058296204
8,20260925,2013-02,hidden1-hidden2,0.8958895206451416
8,20260925,2013-02,hidden2-hidden3,0.8721582293510437
8,20260925,2013-03,hidden1-hidden2,0.8918241858482361
8,20260925,2013-03,hidden2-hidden3,0.8728557825088501
8,20260925,2013-04,hidden1-hidden2,0.8920843005180359
8,20260925,2013-04,hidden2-hidden3,0.8695348501205444
8,20260925,2013-05,hidden1-hidden2,0.887046217918396
8,20260925,2013-05,hidden2-hidden3,0.8604036569595337
8,20260925,2013-06,hidden1-hidden2,0.8791775703430176
8,20260925,2013-06,hidden2-hidden3,0.8558522462844849
8,20260925,2013-07,hidden1-hidden2,0.8879905343055725
8,20260925,2013-07,hidden2-hidden3,0.8668137788772583
8,20260925,2013-08,hidden1-hidden2,0.8905887007713318
8,20260925,2013-08,hidden2-hidden3,0.8731306791305542
8,20260925,2013-09,hidden1-hidden2,0.8835572004318237
8,20260925,2013-09,hidden2-hidden3,0.8643305897712708
8,20260925,2013-10,hidden1-hidden2,0.8873234391212463
8,20260925,2013-10,hidden2-hidden3,0.8669400215148926
8,20260925,2013-11,hidden1-hidden2,0.8884912133216858
8,20260925,2013-11,hidden2-hidden3,0.8611267805099487
8,20260925,2013-12,hidden1-hidden2,0.8886837959289551
8,20260925,2013-12,hidden2-hidden3,0.8601988554000854
8,20260925,2014-01,hidden1-hidden2,0.8844379782676697
8,20260925,2014-01,hidden2-hidden3,0.8599535226821899
8,20260925,2014-02,hidden1-hidden2,0.8922213315963745
8,20260925,2014-02,hidden2-hidden3,0.872158408164978
8,20260925,2014-03,hidden1-hidden2,0.8889198899269104
8,20260925,2014-03,hidden2-hidden3,0.872204601764679
8,20260925,2014-04,hidden1-hidden2,0.8811976909637451
8,20260925,2014-04,hidden2-hidden3,0.8680760860443115
8,20260925,2014-05,hidden1-hidden2,0.8901516199111938
8,20260925,2014-05,hidden2-hidden3,0.850134015083313
8,20260925,2014-06,hidden1-hidden2,0.8825178742408752
8,20260925,2014-06,hidden2-hidden3,0.8581809997558594
8,20260925,2014-07,hidden1-hidden2,0.8881832361221313
8,20260925,2014-07,hidden2-hidden3,0.8696640729904175
8,20260925,2014-08,hidden1-hidden2,0.8925882577896118
8,20260925,2014-08,hidden2-hidden3,0.8803171515464783
8,20260925,2014-09,hidden1-hidden2,0.8892653584480286
8,20260925,2014-09,hidden2-hidden3,0.8604584336280823
8,20260925,2014-10,hidden1-hidden2,0.8879610300064087
8,20260925,2014-10,hidden2-hidden3,0.8733606934547424
8,20260925,2014-11,hidden1-hidden2,0.8842067718505859
8,20260925,2014-11,hidden2-hidden3,0.8718293905258179
8,20260925,2014-12,hidden1-hidden2,0.8888553380966187
8,20260925,2014-12,hidden2-hidden3,0.8665415644645691
8,20260925,2015-01,hidden1-hidden2,0.8832322955131531
8,20260925,2015-01,hidden2-hidden3,0.8614462614059448
8,20260925,2015-02,hidden1-hidden2,0.8940653800964355
8,20260925,2015-02,hidden2-hidden3,0.8856691122055054
8,20260925,2015-03,hidden1-hidden2,0.8928042650222778
8,20260925,2015-03,hidden2-hidden3,0.8821077942848206
8,20260925,2015-04,hidden1-hidden2,0.8898362517356873
8,20260925,2015-04,hidden2-hidden3,0.8735752105712891
8,20260925,2015-05,hidden1-hidden2,0.8900622725486755
8,20260925,2015-05,hidden2-hidden3,0.8635616302490234
8,20260925,2015-06,hidden1-hidden2,0.8798334002494812
8,20260925,2015-06,hidden2-hidden3,0.8601475358009338
8,20260925,2015-07,hidden1-hidden2,0.8900185823440552
8,20260925,2015-07,hidden2-hidden3,0.8760038614273071
8,20260925,2015-08,hidden1-hidden2,0.8909556865692139
8,20260925,2015-08,hidden2-hidden3,0.8733533620834351
8,20260925,2015-09,hidden1-hidden2,0.8824474215507507
8,20260925,2015-09,hidden2-hidden3,0.8729011416435242
8,20260925,2015-10,hidden1-hidden2,0.8895155787467957
8,20260925,2015-10,hidden2-hidden3,0.8724544048309326
8,20260925,2015-11,hidden1-hidden2,0.8839098215103149
8,20260925,2015-11,hidden2-hidden3,0.8647024035453796
8,20260925,2015-12,hidden1-hidden2,0.8816429376602173
8,20260925,2015-12,hidden2-hidden3,0.8738366365432739
8,20260925,2016-01,hidden1-hidden2,0.8923625946044922
8,20260925,2016-01,hidden2-hidden3,0.8868327140808105
8,20260925,2016-02,hidden1-hidden2,0.8848976492881775
8,20260925,2016-02,hidden2-hidden3,0.874920666217804
8,20260925,2016-03,hidden1-hidden2,0.8786563873291016
8,20260925,2016-03,hidden2-hidden3,0.8613796234130859
8,20260925,2016-04,hidden1-hidden2,0.885951042175293
8,20260925,2016-04,hidden2-hidden3,0.8733566403388977
8,20260925,2016-05,hidden1-hidden2,0.8952298760414124
8,20260925,2016-05,hidden2-hidden3,0.8931257724761963
8,20260925,2016-06,hidden1-hidden2,0.892944872379303
8,20260925,2016-06,hidden2-hidden3,0.8886953592300415
8,20260925,2016-07,hidden1-hidden2,0.8921878337860107
8,20260925,2016-07,hidden2-hidden3,0.8855524063110352
8,20260925,2016-08,hidden1-hidden2,0.8936734795570374
8,20260925,2016-08,hidden2-hidden3,0.875565230846405
8,20260925,2016-09,hidden1-hidden2,0.8947070240974426
8,20260925,2016-09,hidden2-hidden3,0.8780986070632935
8,20260925,2016-10,hidden1-hidden2,0.8953520655632019
8,20260925,2016-10,hidden2-hidden3,0.8813831210136414
8,20260925,2016-11,hidden1-hidden2,0.894611656665802
8,20260925,2016-11,hidden2-hidden3,0.8864232301712036
8,20260925,2016-12,hidden1-hidden2,0.8812421560287476
8,20260925,2016-12,hidden2-hidden3,0.8708216547966003
8,20260925,2017-01,hidden1-hidden2,0.8846848607063293
8,20260925,2017-01,hidden2-hidden3,0.8744974136352539
8,20260925,2017-02,hidden1-hidden2,0.8773614168167114
8,20260925,2017-02,hidden2-hidden3,0.8552379012107849
8,20260925,2017-03,hidden1-hidden2,0.8940582871437073
8,20260925,2017-03,hidden2-hidden3,0.8808178901672363
8,20260925,2017-04,hidden1-hidden2,0.8899579048156738
8,20260925,2017-04,hidden2-hidden3,0.8811643123626709
8,20260925,2017-05,hidden1-hidden2,0.8940470218658447
8,20260925,2017-05,hidden2-hidden3,0.8800073862075806
8,20260925,2017-06,hidden1-hidden2,0.8926328420639038
8,20260925,2017-06,hidden2-hidden3,0.8808115720748901
8,20260925,2017-07,hidden1-hidden2,0.8967096209526062
8,20260925,2017-07,hidden2-hidden3,0.8815465569496155
8,20260925,2017-08,hidden1-hidden2,0.9009302258491516
8,20260925,2017-08,hidden2-hidden3,0.8912354707717896
8,20260925,2017-09,hidden1-hidden2,0.8895465731620789
8,20260925,2017-09,hidden2-hidden3,0.8811591863632202
8,20260925,2017-10,hidden1-hidden2,0.8935307264328003
8,20260925,2017-10,hidden2-hidden3,0.8793461918830872
8,20260925,2017-11,hidden1-hidden2,0.8953813314437866
8,20260925,2017-11,hidden2-hidden3,0.8790642023086548
8,20260925,2017-12,hidden1-hidden2,0.9016357064247131
8,20260925,2017-12,hidden2-hidden3,0.8856313824653625
8,20260925,2018-01,hidden1-hidden2,0.8961542248725891
8,20260925,2018-01,hidden2-hidden3,0.8735864758491516
8,20260925,2018-02,hidden1-hidden2,0.8936678767204285
8,20260925,2018-02,hidden2-hidden3,0.874284565448761
8,20260925,2018-03,hidden1-hidden2,0.8919026255607605
8,20260925,2018-03,hidden2-hidden3,0.8741764426231384
8,20260925,2018-04,hidden1-hidden2,0.8859807848930359
8,20260925,2018-04,hidden2-hidden3,0.8713063597679138
8,20260925,2018-05,hidden1-hidden2,0.9053083062171936
8,20260925,2018-05,hidden2-hidden3,0.8777239918708801
8,20260925,2018-06,hidden1-hidden2,0.8980879187583923
8,20260925,2018-06,hidden2-hidden3,0.8765279650688171
8,20260925,2018-07,hidden1-hidden2,0.8954268097877502
8,20260925,2018-07,hidden2-hidden3,0.8743596076965332
8,20260925,2018-08,hidden1-hidden2,0.8980337977409363
8,20260925,2018-08,hidden2-hidden3,0.8798563480377197
8,20260925,2018-09,hidden1-hidden2,0.8965563178062439
8,20260925,2018-09,hidden2-hidden3,0.8799328207969666
8,20260925,2018-10,hidden1-hidden2,0.8882925510406494
8,20260925,2018-10,hidden2-hidden3,0.8738023042678833
8,20260925,2018-11,hidden1-hidden2,0.9013336300849915
8,20260925,2018-11,hidden2-hidden3,0.8834520578384399
8,20260925,2018-12,hidden1-hidden2,0.8878641128540039
8,20260925,2018-12,hidden2-hidden3,0.8807300329208374
8,20260925,2019-01,hidden1-hidden2,0.8880799412727356
8,20260925,2019-01,hidden2-hidden3,0.8722191452980042
8,20260925,2019-02,hidden1-hidden2,0.887409508228302
8,20260925,2019-02,hidden2-hidden3,0.8792984485626221
8,20260925,2019-03,hidden1-hidden2,0.907524585723877
8,20260925,2019-03,hidden2-hidden3,0.894623875617981
8,20260925,2019-04,hidden1-hidden2,0.8990275263786316
8,20260925,2019-04,hidden2-hidden3,0.887590229511261
8,20260925,2019-05,hidden1-hidden2,0.906103789806366
8,20260925,2019-05,hidden2-hidden3,0.891789972782135
8,20260925,2019-06,hidden1-hidden2,0.8928925395011902
8,20260925,2019-06,hidden2-hidden3,0.8869395852088928
8,20260925,2019-07,hidden1-hidden2,0.8969513773918152
8,20260925,2019-07,hidden2-hidden3,0.887719452381134
8,20260925,2019-08,hidden1-hidden2,0.8958323001861572
8,20260925,2019-08,hidden2-hidden3,0.8904287815093994
8,20260925,2019-09,hidden1-hidden2,0.8963848352432251
8,20260925,2019-09,hidden2-hidden3,0.8743797540664673
8,20260925,2019-10,hidden1-hidden2,0.8907249569892883
8,20260925,2019-10,hidden2-hidden3,0.8779194355010986
8,20260925,2019-11,hidden1-hidden2,0.8852499127388
8,20260925,2019-11,hidden2-hidden3,0.8787276744842529
8,20260925,2019-12,hidden1-hidden2,0.8968861699104309
8,20260925,2019-12,hidden2-hidden3,0.883114755153656
8,20260926,2010-01,hidden1-hidden2,0.9080665111541748
8,20260926,2010-01,hidden2-hidden3,0.8653841614723206
8,20260926,2010-02,hidden1-hidden2,0.9017754793167114
8,20260926,2010-02,hidden2-hidden3,0.8748076558113098
8,20260926,2010-03,hidden1-hidden2,0.898158848285675
8,20260926,2010-03,hidden2-hidden3,0.8727071285247803
8,20260926,2010-04,hidden1-hidden2,0.8958470821380615
8,20260926,2010-04,hidden2-hidden3,0.8748474717140198
8,20260926,2010-05,hidden1-hidden2,0.8988276720046997
8,20260926,2010-05,hidden2-hidden3,0.8715792894363403
8,20260926,2010-06,hidden1-hidden2,0.8924479484558105
8,20260926,2010-06,hidden2-hidden3,0.8644102215766907
8,20260926,2010-07,hidden1-hidden2,0.8995936512947083
8,20260926,2010-07,hidden2-hidden3,0.8719742894172668
8,20260926,2010-08,hidden1-hidden2,0.8902206420898438
8,20260926,2010-08,hidden2-hidden3,0.8713536858558655
8,20260926,2010-09,hidden1-hidden2,0.8851075172424316
8,20260926,2010-09,hidden2-hidden3,0.8719508051872253
8,20260926,2010-10,hidden1-hidden2,0.8981156945228577
8,20260926,2010-10,hidden2-hidden3,0.8797399997711182
8,20260926,2010-11,hidden1-hidden2,0.902807354927063
8,20260926,2010-11,hidden2-hidden3,0.8727590441703796
8,20260926,2010-12,hidden1-hidden2,0.8975470066070557
8,20260926,2010-12,hidden2-hidden3,0.8696761131286621
8,20260926,2011-01,hidden1-hidden2,0.8930658102035522
8,20260926,2011-01,hidden2-hidden3,0.8752077221870422
8,20260926,2011-02,hidden1-hidden2,0.898806095123291
8,20260926,2011-02,hidden2-hidden3,0.8760004043579102
8,20260926,2011-03,hidden1-hidden2,0.885074257850647
8,20260926,2011-03,hidden2-hidden3,0.8626844882965088
8,20260926,2011-04,hidden1-hidden2,0.8912824988365173
8,20260926,2011-04,hidden2-hidden3,0.8755661249160767
8,20260926,2011-05,hidden1-hidden2,0.8935861587524414
8,20260926,2011-05,hidden2-hidden3,0.8741991519927979
8,20260926,2011-06,hidden1-hidden2,0.8747958540916443
8,20260926,2011-06,hidden2-hidden3,0.8645966053009033
8,20260926,2011-07,hidden1-hidden2,0.8832892179489136
8,20260926,2011-07,hidden2-hidden3,0.8773898482322693
8,20260926,2011-08,hidden1-hidden2,0.8878236413002014
8,20260926,2011-08,hidden2-hidden3,0.8732865452766418
8,20260926,2011-09,hidden1-hidden2,0.8879449367523193
8,20260926,2011-09,hidden2-hidden3,0.879587709903717
8,20260926,2011-10,hidden1-hidden2,0.8809248208999634
8,20260926,2011-10,hidden2-hidden3,0.8647381663322449
8,20260926,2011-11,hidden1-hidden2,0.8892685770988464
8,20260926,2011-11,hidden2-hidden3,0.8748269081115723
8,20260926,2011-12,hidden1-hidden2,0.8975719213485718
8,20260926,2011-12,hidden2-hidden3,0.8735958337783813
8,20260926,2012-01,hidden1-hidden2,0.8889623284339905
8,20260926,2012-01,hidden2-hidden3,0.86388099193573
8,20260926,2012-02,hidden1-hidden2,0.8936724066734314
8,20260926,2012-02,hidden2-hidden3,0.8634151220321655
8,20260926,2012-03,hidden1-hidden2,0.9018985629081726
8,20260926,2012-03,hidden2-hidden3,0.8892809152603149
8,20260926,2012-04,hidden1-hidden2,0.8877214789390564
8,20260926,2012-04,hidden2-hidden3,0.8717215657234192
8,20260926,2012-05,hidden1-hidden2,0.8985443711280823
8,20260926,2012-05,hidden2-hidden3,0.8893344402313232
8,20260926,2012-06,hidden1-hidden2,0.8965187668800354
8,20260926,2012-06,hidden2-hidden3,0.884734570980072
8,20260926,2012-07,hidden1-hidden2,0.9025198817253113
8,20260926,2012-07,hidden2-hidden3,0.8969374895095825
8,20260926,2012-08,hidden1-hidden2,0.8962095379829407
8,20260926,2012-08,hidden2-hidden3,0.8862603306770325
8,20260926,2012-09,hidden1-hidden2,0.8907021880149841
8,20260926,2012-09,hidden2-hidden3,0.8784208297729492
8,20260926,2012-10,hidden1-hidden2,0.8870192766189575
8,20260926,2012-10,hidden2-hidden3,0.8758293986320496
8,20260926,2012-11,hidden1-hidden2,0.8952030539512634
8,20260926,2012-11,hidden2-hidden3,0.8824624419212341
8,20260926,2012-12,hidden1-hidden2,0.884574830532074
8,20260926,2012-12,hidden2-hidden3,0.8814609050750732
8,20260926,2013-01,hidden1-hidden2,0.8967441320419312
8,20260926,2013-01,hidden2-hidden3,0.8842289447784424
8,20260926,2013-02,hidden1-hidden2,0.8976840972900391
8,20260926,2013-02,hidden2-hidden3,0.8871108889579773
8,20260926,2013-03,hidden1-hidden2,0.8862943649291992
8,20260926,2013-03,hidden2-hidden3,0.8844929933547974
8,20260926,2013-04,hidden1-hidden2,0.8902251124382019
8,20260926,2013-04,hidden2-hidden3,0.8887065052986145
8,20260926,2013-05,hidden1-hidden2,0.8960319757461548
8,20260926,2013-05,hidden2-hidden3,0.8866411447525024
8,20260926,2013-06,hidden1-hidden2,0.8919054865837097
8,20260926,2013-06,hidden2-hidden3,0.8842760324478149
8,20260926,2013-07,hidden1-hidden2,0.8898438215255737
8,20260926,2013-07,hidden2-hidden3,0.8821313977241516
8,20260926,2013-08,hidden1-hidden2,0.8785317540168762
8,20260926,2013-08,hidden2-hidden3,0.8837121725082397
8,20260926,2013-09,hidden1-hidden2,0.8804203867912292
8,20260926,2013-09,hidden2-hidden3,0.8816439509391785
8,20260926,2013-10,hidden1-hidden2,0.8793643116950989
8,20260926,2013-10,hidden2-hidden3,0.8839306831359863
8,20260926,2013-11,hidden1-hidden2,0.8799836039543152
8,20260926,2013-11,hidden2-hidden3,0.8802917003631592
8,20260926,2013-12,hidden1-hidden2,0.8922561407089233
8,20260926,2013-12,hidden2-hidden3,0.8931183218955994
8,20260926,2014-01,hidden1-hidden2,0.8849505186080933
8,20260926,2014-01,hidden2-hidden3,0.8770620226860046
8,20260926,2014-02,hidden1-hidden2,0.8884362578392029
8,20260926,2014-02,hidden2-hidden3,0.8817388415336609
8,20260926,2014-03,hidden1-hidden2,0.8828589916229248
8,20260926,2014-03,hidden2-hidden3,0.8787949085235596
8,20260926,2014-04,hidden1-hidden2,0.8839693069458008
8,20260926,2014-04,hidden2-hidden3,0.8831416368484497
8,20260926,2014-05,hidden1-hidden2,0.8846426010131836
8,20260926,2014-05,hidden2-hidden3,0.8684619069099426
8,20260926,2014-06,hidden1-hidden2,0.883635401725769
8,20260926,2014-06,hidden2-hidden3,0.8862966895103455
8,20260926,2014-07,hidden1-hidden2,0.8876602649688721
8,20260926,2014-07,hidden2-hidden3,0.8948582410812378
8,20260926,2014-08,hidden1-hidden2,0.8906893134117126
8,20260926,2014-08,hidden2-hidden3,0.885338544845581
8,20260926,2014-09,hidden1-hidden2,0.888576328754425
8,20260926,2014-09,hidden2-hidden3,0.8936794400215149
8,20260926,2014-10,hidden1-hidden2,0.8857835531234741
8,20260926,2014-10,hidden2-hidden3,0.8878017663955688
8,20260926,2014-11,hidden1-hidden2,0.8908847570419312
8,20260926,2014-11,hidden2-hidden3,0.8862738609313965
8,20260926,2014-12,hidden1-hidden2,0.8989287614822388
8,20260926,2014-12,hidden2-hidden3,0.8895776867866516
8,20260926,2015-01,hidden1-hidden2,0.8882625102996826
8,20260926,2015-01,hidden2-hidden3,0.8911405801773071
8,20260926,2015-02,hidden1-hidden2,0.8873899579048157
8,20260926,2015-02,hidden2-hidden3,0.8932906985282898
8,20260926,2015-03,hidden1-hidden2,0.8872799277305603
8,20260926,2015-03,hidden2-hidden3,0.8937178254127502
8,20260926,2015-04,hidden1-hidden2,0.890728771686554
8,20260926,2015-04,hidden2-hidden3,0.8930884599685669
8,20260926,2015-05,hidden1-hidden2,0.8875788450241089
8,20260926,2015-05,hidden2-hidden3,0.8939751386642456
8,20260926,2015-06,hidden1-hidden2,0.8895325064659119
8,20260926,2015-06,hidden2-hidden3,0.8841869235038757
8,20260926,2015-07,hidden1-hidden2,0.8898406624794006
8,20260926,2015-07,hidden2-hidden3,0.8981298208236694
8,20260926,2015-08,hidden1-hidden2,0.8892930746078491
8,20260926,2015-08,hidden2-hidden3,0.8907367587089539
8,20260926,2015-09,hidden1-hidden2,0.8903650045394897
8,20260926,2015-09,hidden2-hidden3,0.893985390663147
8,20260926,2015-10,hidden1-hidden2,0.8930266499519348
8,20260926,2015-10,hidden2-hidden3,0.8948647975921631
8,20260926,2015-11,hidden1-hidden2,0.8797585368156433
8,20260926,2015-11,hidden2-hidden3,0.8912017941474915
8,20260926,2015-12,hidden1-hidden2,0.8902218341827393
8,20260926,2015-12,hidden2-hidden3,0.8921145796775818
8,20260926,2016-01,hidden1-hidden2,0.897538959980011
8,20260926,2016-01,hidden2-hidden3,0.8940077424049377
8,20260926,2016-02,hidden1-hidden2,0.889157235622406
8,20260926,2016-02,hidden2-hidden3,0.8940640687942505
8,20260926,2016-03,hidden1-hidden2,0.896212100982666
8,20260926,2016-03,hidden2-hidden3,0.890289306640625
8,20260926,2016-04,hidden1-hidden2,0.8959345817565918
8,20260926,2016-04,hidden2-hidden3,0.8943051099777222
8,20260926,2016-05,hidden1-hidden2,0.9018729329109192
8,20260926,2016-05,hidden2-hidden3,0.9041839838027954
8,20260926,2016-06,hidden1-hidden2,0.8979192972183228
8,20260926,2016-06,hidden2-hidden3,0.89007568359375
8,20260926,2016-07,hidden1-hidden2,0.8994334936141968
8,20260926,2016-07,hidden2-hidden3,0.9038750529289246
8,20260926,2016-08,hidden1-hidden2,0.8892865180969238
8,20260926,2016-08,hidden2-hidden3,0.8972485661506653
8,20260926,2016-09,hidden1-hidden2,0.8908359408378601
8,20260926,2016-09,hidden2-hidden3,0.893337070941925
8,20260926,2016-10,hidden1-hidden2,0.8951721787452698
8,20260926,2016-10,hidden2-hidden3,0.889042317867279
8,20260926,2016-11,hidden1-hidden2,0.8964455127716064
8,20260926,2016-11,hidden2-hidden3,0.8930510878562927
8,20260926,2016-12,hidden1-hidden2,0.8912159204483032
8,20260926,2016-12,hidden2-hidden3,0.8960052728652954
8,20260926,2017-01,hidden1-hidden2,0.8898478150367737
8,20260926,2017-01,hidden2-hidden3,0.8891807198524475
8,20260926,2017-02,hidden1-hidden2,0.8872554898262024
8,20260926,2017-02,hidden2-hidden3,0.8795291781425476
8,20260926,2017-03,hidden1-hidden2,0.8972008228302002
8,20260926,2017-03,hidden2-hidden3,0.89156574010849
8,20260926,2017-04,hidden1-hidden2,0.8923344612121582
8,20260926,2017-04,hidden2-hidden3,0.8903802037239075
8,20260926,2017-05,hidden1-hidden2,0.8989827632904053
8,20260926,2017-05,hidden2-hidden3,0.8891137838363647
8,20260926,2017-06,hidden1-hidden2,0.887952446937561
8,20260926,2017-06,hidden2-hidden3,0.9002623558044434
8,20260926,2017-07,hidden1-hidden2,0.8945460319519043
8,20260926,2017-07,hidden2-hidden3,0.902033805847168
8,20260926,2017-08,hidden1-hidden2,0.904933512210846
8,20260926,2017-08,hidden2-hidden3,0.8981788158416748
8,20260926,2017-09,hidden1-hidden2,0.8981868028640747
8,20260926,2017-09,hidden2-hidden3,0.8890641927719116
8,20260926,2017-10,hidden1-hidden2,0.8960241079330444
8,20260926,2017-10,hidden2-hidden3,0.8836342096328735
8,20260926,2017-11,hidden1-hidden2,0.8903335332870483
8,20260926,2017-11,hidden2-hidden3,0.8838119506835938
8,20260926,2017-12,hidden1-hidden2,0.9008388519287109
8,20260926,2017-12,hidden2-hidden3,0.8871985077857971
8,20260926,2018-01,hidden1-hidden2,0.8880433440208435
8,20260926,2018-01,hidden2-hidden3,0.8768787980079651
8,20260926,2018-02,hidden1-hidden2,0.8944675922393799
8,20260926,2018-02,hidden2-hidden3,0.8835890889167786
8,20260926,2018-03,hidden1-hidden2,0.8852306008338928
8,20260926,2018-03,hidden2-hidden3,0.8763012290000916
8,20260926,2018-04,hidden1-hidden2,0.8877526521682739
8,20260926,2018-04,hidden2-hidden3,0.8833661675453186
8,20260926,2018-05,hidden1-hidden2,0.8974207639694214
8,20260926,2018-05,hidden2-hidden3,0.8842061758041382
8,20260926,2018-06,hidden1-hidden2,0.8987142443656921
8,20260926,2018-06,hidden2-hidden3,0.8944607377052307
8,20260926,2018-07,hidden1-hidden2,0.8912241458892822
8,20260926,2018-07,hidden2-hidden3,0.8877006769180298
8,20260926,2018-08,hidden1-hidden2,0.8790125250816345
8,20260926,2018-08,hidden2-hidden3,0.8830481767654419
8,20260926,2018-09,hidden1-hidden2,0.8868501782417297
8,20260926,2018-09,hidden2-hidden3,0.8889352083206177
8,20260926,2018-10,hidden1-hidden2,0.8904049396514893
8,20260926,2018-10,hidden2-hidden3,0.8930040597915649
8,20260926,2018-11,hidden1-hidden2,0.8936453461647034
8,20260926,2018-11,hidden2-hidden3,0.8977050185203552
8,20260926,2018-12,hidden1-hidden2,0.8879993557929993
8,20260926,2018-12,hidden2-hidden3,0.8960866928100586
8,20260926,2019-01,hidden1-hidden2,0.8999213576316833
8,20260926,2019-01,hidden2-hidden3,0.8918142914772034
8,20260926,2019-02,hidden1-hidden2,0.8949739933013916
8,20260926,2019-02,hidden2-hidden3,0.9047876000404358
8,20260926,2019-03,hidden1-hidden2,0.906216025352478
8,20260926,2019-03,hidden2-hidden3,0.8964648842811584
8,20260926,2019-04,hidden1-hidden2,0.9005897045135498
8,20260926,2019-04,hidden2-hidden3,0.9028933644294739
8,20260926,2019-05,hidden1-hidden2,0.9007297158241272
8,20260926,2019-05,hidden2-hidden3,0.901848316192627
8,20260926,2019-06,hidden1-hidden2,0.8899665474891663
8,20260926,2019-06,hidden2-hidden3,0.8926315307617188
8,20260926,2019-07,hidden1-hidden2,0.9035449028015137
8,20260926,2019-07,hidden2-hidden3,0.916337788105011
8,20260926,2019-08,hidden1-hidden2,0.8944452404975891
8,20260926,2019-08,hidden2-hidden3,0.9002463817596436
8,20260926,2019-09,hidden1-hidden2,0.8925341367721558
8,20260926,2019-09,hidden2-hidden3,0.9015688300132751
8,20260926,2019-10,hidden1-hidden2,0.8813870549201965
8,20260926,2019-10,hidden2-hidden3,0.8973502516746521
8,20260926,2019-11,hidden1-hidden2,0.8797225952148438
8,20260926,2019-11,hidden2-hidden3,0.8939915895462036
8,20260926,2019-12,hidden1-hidden2,0.8930765390396118
8,20260926,2019-12,hidden2-hidden3,0.9046163558959961
8,20260927,2010-01,hidden1-hidden2,0.871874213218689
8,20260927,2010-01,hidden2-hidden3,0.8487763404846191
8,20260927,2010-02,hidden1-hidden2,0.8730855584144592
8,20260927,2010-02,hidden2-hidden3,0.8637613654136658
8,20260927,2010-03,hidden1-hidden2,0.8744519948959351
8,20260927,2010-03,hidden2-hidden3,0.8580847382545471
8,20260927,2010-04,hidden1-hidden2,0.8672677874565125
8,20260927,2010-04,hidden2-hidden3,0.8491055965423584
8,20260927,2010-05,hidden1-hidden2,0.8670223951339722
8,20260927,2010-05,hidden2-hidden3,0.8549702167510986
8,20260927,2010-06,hidden1-hidden2,0.8683043122291565
8,20260927,2010-06,hidden2-hidden3,0.8686293363571167
8,20260927,2010-07,hidden1-hidden2,0.8758875727653503
8,20260927,2010-07,hidden2-hidden3,0.8525650501251221
8,20260927,2010-08,hidden1-hidden2,0.8669654130935669
8,20260927,2010-08,hidden2-hidden3,0.861695408821106
8,20260927,2010-09,hidden1-hidden2,0.8597112894058228
8,20260927,2010-09,hidden2-hidden3,0.8449469208717346
8,20260927,2010-10,hidden1-hidden2,0.8634722232818604
8,20260927,2010-10,hidden2-hidden3,0.8570166826248169
8,20260927,2010-11,hidden1-hidden2,0.8629101514816284
8,20260927,2010-11,hidden2-hidden3,0.8611627817153931
8,20260927,2010-12,hidden1-hidden2,0.8615511059761047
8,20260927,2010-12,hidden2-hidden3,0.8609277606010437
8,20260927,2011-01,hidden1-hidden2,0.8588935732841492
8,20260927,2011-01,hidden2-hidden3,0.8456727862358093
8,20260927,2011-02,hidden1-hidden2,0.8615168929100037
8,20260927,2011-02,hidden2-hidden3,0.8620433807373047
8,20260927,2011-03,hidden1-hidden2,0.8523259162902832
8,20260927,2011-03,hidden2-hidden3,0.8476915955543518
8,20260927,2011-04,hidden1-hidden2,0.8570036292076111
8,20260927,2011-04,hidden2-hidden3,0.8354247212409973
8,20260927,2011-05,hidden1-hidden2,0.8609980940818787
8,20260927,2011-05,hidden2-hidden3,0.8529666662216187
8,20260927,2011-06,hidden1-hidden2,0.8506361842155457
8,20260927,2011-06,hidden2-hidden3,0.8354036211967468
8,20260927,2011-07,hidden1-hidden2,0.8550979495048523
8,20260927,2011-07,hidden2-hidden3,0.8425420522689819
8,20260927,2011-08,hidden1-hidden2,0.8698564767837524
8,20260927,2011-08,hidden2-hidden3,0.8382086157798767
8,20260927,2011-09,hidden1-hidden2,0.8674632906913757
8,20260927,2011-09,hidden2-hidden3,0.8464357852935791
8,20260927,2011-10,hidden1-hidden2,0.8586157560348511
8,20260927,2011-10,hidden2-hidden3,0.8444368243217468
8,20260927,2011-11,hidden1-hidden2,0.8632311820983887
8,20260927,2011-11,hidden2-hidden3,0.8346267342567444
8,20260927,2011-12,hidden1-hidden2,0.8650311827659607
8,20260927,2011-12,hidden2-hidden3,0.8425052762031555
8,20260927,2012-01,hidden1-hidden2,0.8585512638092041
8,20260927,2012-01,hidden2-hidden3,0.8437597155570984
8,20260927,2012-02,hidden1-hidden2,0.8671679496765137
8,20260927,2012-02,hidden2-hidden3,0.8398066163063049
8,20260927,2012-03,hidden1-hidden2,0.8809971809387207
8,20260927,2012-03,hidden2-hidden3,0.8307151794433594
8,20260927,2012-04,hidden1-hidden2,0.8628747463226318
8,20260927,2012-04,hidden2-hidden3,0.827875018119812
8,20260927,2012-05,hidden1-hidden2,0.8668643832206726
8,20260927,2012-05,hidden2-hidden3,0.8397037982940674
8,20260927,2012-06,hidden1-hidden2,0.8708245754241943
8,20260927,2012-06,hidden2-hidden3,0.8262161016464233
8,20260927,2012-07,hidden1-hidden2,0.8750541806221008
8,20260927,2012-07,hidden2-hidden3,0.8259274363517761
8,20260927,2012-08,hidden1-hidden2,0.8741376399993896
8,20260927,2012-08,hidden2-hidden3,0.8354668021202087
8,20260927,2012-09,hidden1-hidden2,0.8710792660713196
8,20260927,2012-09,hidden2-hidden3,0.8358993530273438
8,20260927,2012-10,hidden1-hidden2,0.8726533651351929
8,20260927,2012-10,hidden2-hidden3,0.8229256868362427
8,20260927,2012-11,hidden1-hidden2,0.8759127855300903
8,20260927,2012-11,hidden2-hidden3,0.8392367362976074
8,20260927,2012-12,hidden1-hidden2,0.8591158986091614
8,20260927,2012-12,hidden2-hidden3,0.8524535894393921
8,20260927,2013-01,hidden1-hidden2,0.8761152625083923
8,20260927,2013-01,hidden2-hidden3,0.833099901676178
8,20260927,2013-02,hidden1-hidden2,0.8730588555335999
8,20260927,2013-02,hidden2-hidden3,0.8576756119728088
8,20260927,2013-03,hidden1-hidden2,0.8620930910110474
8,20260927,2013-03,hidden2-hidden3,0.8460041880607605
8,20260927,2013-04,hidden1-hidden2,0.8727134466171265
8,20260927,2013-04,hidden2-hidden3,0.8293534517288208
8,20260927,2013-05,hidden1-hidden2,0.8743357062339783
8,20260927,2013-05,hidden2-hidden3,0.8445002436637878
8,20260927,2013-06,hidden1-hidden2,0.8765733242034912
8,20260927,2013-06,hidden2-hidden3,0.8453432321548462
8,20260927,2013-07,hidden1-hidden2,0.8723116517066956
8,20260927,2013-07,hidden2-hidden3,0.8540661931037903
8,20260927,2013-08,hidden1-hidden2,0.8578079342842102
8,20260927,2013-08,hidden2-hidden3,0.8369825482368469
8,20260927,2013-09,hidden1-hidden2,0.8612657189369202
8,20260927,2013-09,hidden2-hidden3,0.8366233110427856
8,20260927,2013-10,hidden1-hidden2,0.861650288105011
8,20260927,2013-10,hidden2-hidden3,0.8377333879470825
8,20260927,2013-11,hidden1-hidden2,0.8697704076766968
8,20260927,2013-11,hidden2-hidden3,0.8551090955734253
8,20260927,2013-12,hidden1-hidden2,0.8703793883323669
8,20260927,2013-12,hidden2-hidden3,0.861048698425293
8,20260927,2014-01,hidden1-hidden2,0.8613068461418152
8,20260927,2014-01,hidden2-hidden3,0.8456294536590576
8,20260927,2014-02,hidden1-hidden2,0.8667146563529968
8,20260927,2014-02,hidden2-hidden3,0.8662646412849426
8,20260927,2014-03,hidden1-hidden2,0.8680257797241211
8,20260927,2014-03,hidden2-hidden3,0.858315110206604
8,20260927,2014-04,hidden1-hidden2,0.8734850287437439
8,20260927,2014-04,hidden2-hidden3,0.8658505082130432
8,20260927,2014-05,hidden1-hidden2,0.8660302758216858
8,20260927,2014-05,hidden2-hidden3,0.8568989038467407
8,20260927,2014-06,hidden1-hidden2,0.8665719628334045
8,20260927,2014-06,hidden2-hidden3,0.8629326224327087
8,20260927,2014-07,hidden1-hidden2,0.864395797252655
8,20260927,2014-07,hidden2-hidden3,0.8619929552078247
8,20260927,2014-08,hidden1-hidden2,0.8630650043487549
8,20260927,2014-08,hidden2-hidden3,0.8559689521789551
8,20260927,2014-09,hidden1-hidden2,0.8679928779602051
8,20260927,2014-09,hidden2-hidden3,0.857614278793335
8,20260927,2014-10,hidden1-hidden2,0.8679046630859375
8,20260927,2014-10,hidden2-hidden3,0.8706750273704529
8,20260927,2014-11,hidden1-hidden2,0.8646917343139648
8,20260927,2014-11,hidden2-hidden3,0.8649224638938904
8,20260927,2014-12,hidden1-hidden2,0.8734965324401855
8,20260927,2014-12,hidden2-hidden3,0.8615392446517944
8,20260927,2015-01,hidden1-hidden2,0.8515328764915466
8,20260927,2015-01,hidden2-hidden3,0.8581207990646362
8,20260927,2015-02,hidden1-hidden2,0.8569230437278748
8,20260927,2015-02,hidden2-hidden3,0.8770455718040466
8,20260927,2015-03,hidden1-hidden2,0.8869453072547913
8,20260927,2015-03,hidden2-hidden3,0.8738611936569214
8,20260927,2015-04,hidden1-hidden2,0.8679867386817932
8,20260927,2015-04,hidden2-hidden3,0.851414144039154
8,20260927,2015-05,hidden1-hidden2,0.8662908673286438
8,20260927,2015-05,hidden2-hidden3,0.873553991317749
8,20260927,2015-06,hidden1-hidden2,0.8678410649299622
8,20260927,2015-06,hidden2-hidden3,0.8455020785331726
8,20260927,2015-07,hidden1-hidden2,0.8725840449333191
8,20260927,2015-07,hidden2-hidden3,0.8672631978988647
8,20260927,2015-08,hidden1-hidden2,0.8638665676116943
8,20260927,2015-08,hidden2-hidden3,0.8502871990203857
8,20260927,2015-09,hidden1-hidden2,0.8643372654914856
8,20260927,2015-09,hidden2-hidden3,0.862813413143158
8,20260927,2015-10,hidden1-hidden2,0.8636045455932617
8,20260927,2015-10,hidden2-hidden3,0.8663071393966675
8,20260927,2015-11,hidden1-hidden2,0.8589426875114441
8,20260927,2015-11,hidden2-hidden3,0.8555671572685242
8,20260927,2015-12,hidden1-hidden2,0.8679677844047546
8,20260927,2015-12,hidden2-hidden3,0.8608704805374146
8,20260927,2016-01,hidden1-hidden2,0.8703678846359253
8,20260927,2016-01,hidden2-hidden3,0.87890625
8,20260927,2016-02,hidden1-hidden2,0.8581857681274414
8,20260927,2016-02,hidden2-hidden3,0.8706789612770081
8,20260927,2016-03,hidden1-hidden2,0.8523756265640259
8,20260927,2016-03,hidden2-hidden3,0.8606095314025879
8,20260927,2016-04,hidden1-hidden2,0.8688634634017944
8,20260927,2016-04,hidden2-hidden3,0.8769773840904236
8,20260927,2016-05,hidden1-hidden2,0.8830021023750305
8,20260927,2016-05,hidden2-hidden3,0.8774884939193726
8,20260927,2016-06,hidden1-hidden2,0.8763247132301331
8,20260927,2016-06,hidden2-hidden3,0.870440661907196
8,20260927,2016-07,hidden1-hidden2,0.8689056634902954
8,20260927,2016-07,hidden2-hidden3,0.8613789081573486
8,20260927,2016-08,hidden1-hidden2,0.867830753326416
8,20260927,2016-08,hidden2-hidden3,0.8641221523284912
8,20260927,2016-09,hidden1-hidden2,0.8751888871192932
8,20260927,2016-09,hidden2-hidden3,0.8722643256187439
8,20260927,2016-10,hidden1-hidden2,0.8799042105674744
8,20260927,2016-10,hidden2-hidden3,0.8768787980079651
8,20260927,2016-11,hidden1-hidden2,0.8834782838821411
8,20260927,2016-11,hidden2-hidden3,0.8758390545845032
8,20260927,2016-12,hidden1-hidden2,0.8711990714073181
8,20260927,2016-12,hidden2-hidden3,0.8706330060958862
8,20260927,2017-01,hidden1-hidden2,0.871017336845398
8,20260927,2017-01,hidden2-hidden3,0.8663919568061829
8,20260927,2017-02,hidden1-hidden2,0.8707355856895447
8,20260927,2017-02,hidden2-hidden3,0.858249843120575
8,20260927,2017-03,hidden1-hidden2,0.8717703223228455
8,20260927,2017-03,hidden2-hidden3,0.8719366192817688
8,20260927,2017-04,hidden1-hidden2,0.8684565424919128
8,20260927,2017-04,hidden2-hidden3,0.8463439345359802
8,20260927,2017-05,hidden1-hidden2,0.8688784241676331
8,20260927,2017-05,hidden2-hidden3,0.8591316938400269
8,20260927,2017-06,hidden1-hidden2,0.8661969304084778
8,20260927,2017-06,hidden2-hidden3,0.8470851182937622
8,20260927,2017-07,hidden1-hidden2,0.8680822849273682
8,20260927,2017-07,hidden2-hidden3,0.8685768842697144
8,20260927,2017-08,hidden1-hidden2,0.8798741102218628
8,20260927,2017-08,hidden2-hidden3,0.8713693022727966
8,20260927,2017-09,hidden1-hidden2,0.8648911118507385
8,20260927,2017-09,hidden2-hidden3,0.8603797554969788
8,20260927,2017-10,hidden1-hidden2,0.8713239431381226
8,20260927,2017-10,hidden2-hidden3,0.862839937210083
8,20260927,2017-11,hidden1-hidden2,0.8674413561820984
8,20260927,2017-11,hidden2-hidden3,0.8617384433746338
8,20260927,2017-12,hidden1-hidden2,0.8742635250091553
8,20260927,2017-12,hidden2-hidden3,0.8744273781776428
8,20260927,2018-01,hidden1-hidden2,0.8640548586845398
8,20260927,2018-01,hidden2-hidden3,0.8664517998695374
8,20260927,2018-02,hidden1-hidden2,0.8759992122650146
8,20260927,2018-02,hidden2-hidden3,0.8725644946098328
8,20260927,2018-03,hidden1-hidden2,0.8599494695663452
8,20260927,2018-03,hidden2-hidden3,0.8562562465667725
8,20260927,2018-04,hidden1-hidden2,0.8715576529502869
8,20260927,2018-04,hidden2-hidden3,0.8465412259101868
8,20260927,2018-05,hidden1-hidden2,0.8763149976730347
8,20260927,2018-05,hidden2-hidden3,0.8854942321777344
8,20260927,2018-06,hidden1-hidden2,0.8668854832649231
8,20260927,2018-06,hidden2-hidden3,0.8649414777755737
8,20260927,2018-07,hidden1-hidden2,0.8723757863044739
8,20260927,2018-07,hidden2-hidden3,0.8591172099113464
8,20260927,2018-08,hidden1-hidden2,0.8687247633934021
8,20260927,2018-08,hidden2-hidden3,0.8669902682304382
8,20260927,2018-09,hidden1-hidden2,0.8660781979560852
8,20260927,2018-09,hidden2-hidden3,0.8623745441436768
8,20260927,2018-10,hidden1-hidden2,0.8683045506477356
8,20260927,2018-10,hidden2-hidden3,0.8689885139465332
8,20260927,2018-11,hidden1-hidden2,0.8723876476287842
8,20260927,2018-11,hidden2-hidden3,0.8545311093330383
8,20260927,2018-12,hidden1-hidden2,0.8676201701164246
8,20260927,2018-12,hidden2-hidden3,0.8664107918739319
8,20260927,2019-01,hidden1-hidden2,0.8670151233673096
8,20260927,2019-01,hidden2-hidden3,0.862133264541626
8,20260927,2019-02,hidden1-hidden2,0.868687093257904
8,20260927,2019-02,hidden2-hidden3,0.8718026280403137
8,20260927,2019-03,hidden1-hidden2,0.8749613761901855
8,20260927,2019-03,hidden2-hidden3,0.8787671327590942
8,20260927,2019-04,hidden1-hidden2,0.8732756972312927
8,20260927,2019-04,hidden2-hidden3,0.8712358474731445
8,20260927,2019-05,hidden1-hidden2,0.8722460269927979
8,20260927,2019-05,hidden2-hidden3,0.8706058263778687
8,20260927,2019-06,hidden1-hidden2,0.8708544969558716
8,20260927,2019-06,hidden2-hidden3,0.8780506253242493
8,20260927,2019-07,hidden1-hidden2,0.8838009834289551
8,20260927,2019-07,hidden2-hidden3,0.8531429767608643
8,20260927,2019-08,hidden1-hidden2,0.8688462376594543
8,20260927,2019-08,hidden2-hidden3,0.8572313785552979
8,20260927,2019-09,hidden1-hidden2,0.8700244426727295
8,20260927,2019-09,hidden2-hidden3,0.870038628578186
8,20260927,2019-10,hidden1-hidden2,0.8649172782897949
8,20260927,2019-10,hidden2-hidden3,0.836977481842041
8,20260927,2019-11,hidden1-hidden2,0.8648421764373779
8,20260927,2019-11,hidden2-hidden3,0.858488917350769
8,20260927,2019-12,hidden1-hidden2,0.8671563863754272
8,20260927,2019-12,hidden2-hidden3,0.878871500492096
8,20260928,2010-01,hidden1-hidden2,0.8974765539169312
8,20260928,2010-01,hidden2-hidden3,0.8278046250343323
8,20260928,2010-02,hidden1-hidden2,0.8998560905456543
8,20260928,2010-02,hidden2-hidden3,0.8381742238998413
8,20260928,2010-03,hidden1-hidden2,0.8945893049240112
8,20260928,2010-03,hidden2-hidden3,0.855205774307251
8,20260928,2010-04,hidden1-hidden2,0.885166585445404
8,20260928,2010-04,hidden2-hidden3,0.855775773525238
8,20260928,2010-05,hidden1-hidden2,0.8989027738571167
8,20260928,2010-05,hidden2-hidden3,0.8394123315811157
8,20260928,2010-06,hidden1-hidden2,0.8955044746398926
8,20260928,2010-06,hidden2-hidden3,0.854056179523468
8,20260928,2010-07,hidden1-hidden2,0.8913403153419495
8,20260928,2010-07,hidden2-hidden3,0.8491663336753845
8,20260928,2010-08,hidden1-hidden2,0.8800433278083801
8,20260928,2010-08,hidden2-hidden3,0.8612232208251953
8,20260928,2010-09,hidden1-hidden2,0.8829556703567505
8,20260928,2010-09,hidden2-hidden3,0.8582438826560974
8,20260928,2010-10,hidden1-hidden2,0.8889255523681641
8,20260928,2010-10,hidden2-hidden3,0.8745711445808411
8,20260928,2010-11,hidden1-hidden2,0.887040376663208
8,20260928,2010-11,hidden2-hidden3,0.8635576367378235
8,20260928,2010-12,hidden1-hidden2,0.8851758241653442
8,20260928,2010-12,hidden2-hidden3,0.856557309627533
8,20260928,2011-01,hidden1-hidden2,0.8863117098808289
8,20260928,2011-01,hidden2-hidden3,0.8474727869033813
8,20260928,2011-02,hidden1-hidden2,0.88701993227005
8,20260928,2011-02,hidden2-hidden3,0.8587635159492493
8,20260928,2011-03,hidden1-hidden2,0.8849231004714966
8,20260928,2011-03,hidden2-hidden3,0.8371021747589111
8,20260928,2011-04,hidden1-hidden2,0.8824585676193237
8,20260928,2011-04,hidden2-hidden3,0.8446674346923828
8,20260928,2011-05,hidden1-hidden2,0.8882269859313965
8,20260928,2011-05,hidden2-hidden3,0.8520352244377136
8,20260928,2011-06,hidden1-hidden2,0.8709500432014465
8,20260928,2011-06,hidden2-hidden3,0.8487343192100525
8,20260928,2011-07,hidden1-hidden2,0.8897055983543396
8,20260928,2011-07,hidden2-hidden3,0.8521565794944763
8,20260928,2011-08,hidden1-hidden2,0.8812000155448914
8,20260928,2011-08,hidden2-hidden3,0.8618601560592651
8,20260928,2011-09,hidden1-hidden2,0.8827303051948547
8,20260928,2011-09,hidden2-hidden3,0.8559787273406982
8,20260928,2011-10,hidden1-hidden2,0.8688424229621887
8,20260928,2011-10,hidden2-hidden3,0.8567224740982056
8,20260928,2011-11,hidden1-hidden2,0.8793627619743347
8,20260928,2011-11,hidden2-hidden3,0.8497557044029236
8,20260928,2011-12,hidden1-hidden2,0.8824800252914429
8,20260928,2011-12,hidden2-hidden3,0.855940580368042
8,20260928,2012-01,hidden1-hidden2,0.8832221627235413
8,20260928,2012-01,hidden2-hidden3,0.8542442917823792
8,20260928,2012-02,hidden1-hidden2,0.8854895234107971
8,20260928,2012-02,hidden2-hidden3,0.8614667654037476
8,20260928,2012-03,hidden1-hidden2,0.8962407112121582
8,20260928,2012-03,hidden2-hidden3,0.8642842769622803
8,20260928,2012-04,hidden1-hidden2,0.8789755702018738
8,20260928,2012-04,hidden2-hidden3,0.8474277853965759
8,20260928,2012-05,hidden1-hidden2,0.8862858414649963
8,20260928,2012-05,hidden2-hidden3,0.8610050082206726
8,20260928,2012-06,hidden1-hidden2,0.8891474604606628
8,20260928,2012-06,hidden2-hidden3,0.8527811169624329
8,20260928,2012-07,hidden1-hidden2,0.879771888256073
8,20260928,2012-07,hidden2-hidden3,0.8649751543998718
8,20260928,2012-08,hidden1-hidden2,0.8879151344299316
8,20260928,2012-08,hidden2-hidden3,0.8627213835716248
8,20260928,2012-09,hidden1-hidden2,0.8790079951286316
8,20260928,2012-09,hidden2-hidden3,0.861054539680481
8,20260928,2012-10,hidden1-hidden2,0.8827008008956909
8,20260928,2012-10,hidden2-hidden3,0.8605659604072571
8,20260928,2012-11,hidden1-hidden2,0.8851080536842346
8,20260928,2012-11,hidden2-hidden3,0.877407968044281
8,20260928,2012-12,hidden1-hidden2,0.8721733689308167
8,20260928,2012-12,hidden2-hidden3,0.8621638417243958
8,20260928,2013-01,hidden1-hidden2,0.8832898736000061
8,20260928,2013-01,hidden2-hidden3,0.8637142181396484
8,20260928,2013-02,hidden1-hidden2,0.8822084069252014
8,20260928,2013-02,hidden2-hidden3,0.8610589504241943
8,20260928,2013-03,hidden1-hidden2,0.874779224395752
8,20260928,2013-03,hidden2-hidden3,0.8683775067329407
8,20260928,2013-04,hidden1-hidden2,0.881416916847229
8,20260928,2013-04,hidden2-hidden3,0.8610303997993469
8,20260928,2013-05,hidden1-hidden2,0.889553964138031
8,20260928,2013-05,hidden2-hidden3,0.8575828075408936
8,20260928,2013-06,hidden1-hidden2,0.8782162666320801
8,20260928,2013-06,hidden2-hidden3,0.8609451651573181
8,20260928,2013-07,hidden1-hidden2,0.8795669674873352
8,20260928,2013-07,hidden2-hidden3,0.8570600152015686
8,20260928,2013-08,hidden1-hidden2,0.8842825293540955
8,20260928,2013-08,hidden2-hidden3,0.8499941229820251
8,20260928,2013-09,hidden1-hidden2,0.8804479837417603
8,20260928,2013-09,hidden2-hidden3,0.8523989915847778
8,20260928,2013-10,hidden1-hidden2,0.8837016224861145
8,20260928,2013-10,hidden2-hidden3,0.851723313331604
8,20260928,2013-11,hidden1-hidden2,0.8812285661697388
8,20260928,2013-11,hidden2-hidden3,0.8474012017250061
8,20260928,2013-12,hidden1-hidden2,0.8861838579177856
8,20260928,2013-12,hidden2-hidden3,0.8554663062095642
8,20260928,2014-01,hidden1-hidden2,0.8776771426200867
8,20260928,2014-01,hidden2-hidden3,0.8494722843170166
8,20260928,2014-02,hidden1-hidden2,0.8754258155822754
8,20260928,2014-02,hidden2-hidden3,0.8675493597984314
8,20260928,2014-03,hidden1-hidden2,0.8741057515144348
8,20260928,2014-03,hidden2-hidden3,0.8558197617530823
8,20260928,2014-04,hidden1-hidden2,0.8895131349563599
8,20260928,2014-04,hidden2-hidden3,0.8246017694473267
8,20260928,2014-05,hidden1-hidden2,0.8839951753616333
8,20260928,2014-05,hidden2-hidden3,0.8385962247848511
8,20260928,2014-06,hidden1-hidden2,0.878427267074585
8,20260928,2014-06,hidden2-hidden3,0.856412947177887
8,20260928,2014-07,hidden1-hidden2,0.8788684010505676
8,20260928,2014-07,hidden2-hidden3,0.8651067018508911
8,20260928,2014-08,hidden1-hidden2,0.8807260394096375
8,20260928,2014-08,hidden2-hidden3,0.8579594492912292
8,20260928,2014-09,hidden1-hidden2,0.8841828107833862
8,20260928,2014-09,hidden2-hidden3,0.8611032366752625
8,20260928,2014-10,hidden1-hidden2,0.884552538394928
8,20260928,2014-10,hidden2-hidden3,0.8443753719329834
8,20260928,2014-11,hidden1-hidden2,0.8814574480056763
8,20260928,2014-11,hidden2-hidden3,0.8546962141990662
8,20260928,2014-12,hidden1-hidden2,0.8769699931144714
8,20260928,2014-12,hidden2-hidden3,0.8570622205734253
8,20260928,2015-01,hidden1-hidden2,0.8724256753921509
8,20260928,2015-01,hidden2-hidden3,0.8702594041824341
8,20260928,2015-02,hidden1-hidden2,0.8762783408164978
8,20260928,2015-02,hidden2-hidden3,0.8645526766777039
8,20260928,2015-03,hidden1-hidden2,0.8828050494194031
8,20260928,2015-03,hidden2-hidden3,0.8556205630302429
8,20260928,2015-04,hidden1-hidden2,0.87493896484375
8,20260928,2015-04,hidden2-hidden3,0.8484930992126465
8,20260928,2015-05,hidden1-hidden2,0.8757050037384033
8,20260928,2015-05,hidden2-hidden3,0.855067789554596
8,20260928,2015-06,hidden1-hidden2,0.8819220662117004
8,20260928,2015-06,hidden2-hidden3,0.8488685488700867
8,20260928,2015-07,hidden1-hidden2,0.8749743700027466
8,20260928,2015-07,hidden2-hidden3,0.8452457189559937
8,20260928,2015-08,hidden1-hidden2,0.8835977911949158
8,20260928,2015-08,hidden2-hidden3,0.8756846189498901
8,20260928,2015-09,hidden1-hidden2,0.8722438216209412
8,20260928,2015-09,hidden2-hidden3,0.8785287141799927
8,20260928,2015-10,hidden1-hidden2,0.8805228471755981
8,20260928,2015-10,hidden2-hidden3,0.8864946961402893
8,20260928,2015-11,hidden1-hidden2,0.8690715432167053
8,20260928,2015-11,hidden2-hidden3,0.8673224449157715
8,20260928,2015-12,hidden1-hidden2,0.8753155469894409
8,20260928,2015-12,hidden2-hidden3,0.8675825595855713
8,20260928,2016-01,hidden1-hidden2,0.874216616153717
8,20260928,2016-01,hidden2-hidden3,0.8918485641479492
8,20260928,2016-02,hidden1-hidden2,0.8737523555755615
8,20260928,2016-02,hidden2-hidden3,0.8791217803955078
8,20260928,2016-03,hidden1-hidden2,0.8611792325973511
8,20260928,2016-03,hidden2-hidden3,0.8696779012680054
8,20260928,2016-04,hidden1-hidden2,0.8808711171150208
8,20260928,2016-04,hidden2-hidden3,0.8740905523300171
8,20260928,2016-05,hidden1-hidden2,0.8870301842689514
8,20260928,2016-05,hidden2-hidden3,0.8762636780738831
8,20260928,2016-06,hidden1-hidden2,0.8890570998191833
8,20260928,2016-06,hidden2-hidden3,0.880131721496582
8,20260928,2016-07,hidden1-hidden2,0.8837147355079651
8,20260928,2016-07,hidden2-hidden3,0.8880162835121155
8,20260928,2016-08,hidden1-hidden2,0.890139102935791
8,20260928,2016-08,hidden2-hidden3,0.8851261138916016
8,20260928,2016-09,hidden1-hidden2,0.8856502771377563
8,20260928,2016-09,hidden2-hidden3,0.8741894364356995
8,20260928,2016-10,hidden1-hidden2,0.883666455745697
8,20260928,2016-10,hidden2-hidden3,0.8900699019432068
8,20260928,2016-11,hidden1-hidden2,0.883468747138977
8,20260928,2016-11,hidden2-hidden3,0.8865036368370056
8,20260928,2016-12,hidden1-hidden2,0.8919234871864319
8,20260928,2016-12,hidden2-hidden3,0.8800376057624817
8,20260928,2017-01,hidden1-hidden2,0.8804812431335449
8,20260928,2017-01,hidden2-hidden3,0.8807768821716309
8,20260928,2017-02,hidden1-hidden2,0.8781969547271729
8,20260928,2017-02,hidden2-hidden3,0.8854285478591919
8,20260928,2017-03,hidden1-hidden2,0.8798527121543884
8,20260928,2017-03,hidden2-hidden3,0.8897222876548767
8,20260928,2017-04,hidden1-hidden2,0.8710923194885254
8,20260928,2017-04,hidden2-hidden3,0.8847016096115112
8,20260928,2017-05,hidden1-hidden2,0.8752679824829102
8,20260928,2017-05,hidden2-hidden3,0.887452244758606
8,20260928,2017-06,hidden1-hidden2,0.8769322633743286
8,20260928,2017-06,hidden2-hidden3,0.8712589144706726
8,20260928,2017-07,hidden1-hidden2,0.8777392506599426
8,20260928,2017-07,hidden2-hidden3,0.8918538093566895
8,20260928,2017-08,hidden1-hidden2,0.883557915687561
8,20260928,2017-08,hidden2-hidden3,0.8865119814872742
8,20260928,2017-09,hidden1-hidden2,0.8758770227432251
8,20260928,2017-09,hidden2-hidden3,0.8859273195266724
8,20260928,2017-10,hidden1-hidden2,0.8824222683906555
8,20260928,2017-10,hidden2-hidden3,0.8924943804740906
8,20260928,2017-11,hidden1-hidden2,0.878257155418396
8,20260928,2017-11,hidden2-hidden3,0.8777444958686829
8,20260928,2017-12,hidden1-hidden2,0.8790372610092163
8,20260928,2017-12,hidden2-hidden3,0.8729164600372314
8,20260928,2018-01,hidden1-hidden2,0.8715459704399109
8,20260928,2018-01,hidden2-hidden3,0.8783298134803772
8,20260928,2018-02,hidden1-hidden2,0.8780776858329773
8,20260928,2018-02,hidden2-hidden3,0.8822678923606873
8,20260928,2018-03,hidden1-hidden2,0.8704758882522583
8,20260928,2018-03,hidden2-hidden3,0.8664606809616089
8,20260928,2018-04,hidden1-hidden2,0.8758239150047302
8,20260928,2018-04,hidden2-hidden3,0.8635351657867432
8,20260928,2018-05,hidden1-hidden2,0.8797739148139954
8,20260928,2018-05,hidden2-hidden3,0.880734920501709
8,20260928,2018-06,hidden1-hidden2,0.8767237067222595
8,20260928,2018-06,hidden2-hidden3,0.876067042350769
8,20260928,2018-07,hidden1-hidden2,0.8759776949882507
8,20260928,2018-07,hidden2-hidden3,0.8625043630599976
8,20260928,2018-08,hidden1-hidden2,0.8743562698364258
8,20260928,2018-08,hidden2-hidden3,0.867729663848877
8,20260928,2018-09,hidden1-hidden2,0.8752347826957703
8,20260928,2018-09,hidden2-hidden3,0.8632035255432129
8,20260928,2018-10,hidden1-hidden2,0.883361279964447
8,20260928,2018-10,hidden2-hidden3,0.863182544708252
8,20260928,2018-11,hidden1-hidden2,0.8814884424209595
8,20260928,2018-11,hidden2-hidden3,0.8579596877098083
8,20260928,2018-12,hidden1-hidden2,0.8789483904838562
8,20260928,2018-12,hidden2-hidden3,0.8604120016098022
8,20260928,2019-01,hidden1-hidden2,0.8829889297485352
8,20260928,2019-01,hidden2-hidden3,0.861632227897644
8,20260928,2019-02,hidden1-hidden2,0.8766762614250183
8,20260928,2019-02,hidden2-hidden3,0.8754867911338806
8,20260928,2019-03,hidden1-hidden2,0.8923380374908447
8,20260928,2019-03,hidden2-hidden3,0.8700332641601562
8,20260928,2019-04,hidden1-hidden2,0.8882508873939514
8,20260928,2019-04,hidden2-hidden3,0.8613367080688477
8,20260928,2019-05,hidden1-hidden2,0.8784547448158264
8,20260928,2019-05,hidden2-hidden3,0.87331622838974
8,20260928,2019-06,hidden1-hidden2,0.8793789744377136
8,20260928,2019-06,hidden2-hidden3,0.8558250069618225
8,20260928,2019-07,hidden1-hidden2,0.8816384673118591
8,20260928,2019-07,hidden2-hidden3,0.8748936653137207
8,20260928,2019-08,hidden1-hidden2,0.8821395635604858
8,20260928,2019-08,hidden2-hidden3,0.8767704367637634
8,20260928,2019-09,hidden1-hidden2,0.8704554438591003
8,20260928,2019-09,hidden2-hidden3,0.8726145029067993
8,20260928,2019-10,hidden1-hidden2,0.8762335777282715
8,20260928,2019-10,hidden2-hidden3,0.8735823631286621
8,20260928,2019-11,hidden1-hidden2,0.8792335987091064
8,20260928,2019-11,hidden2-hidden3,0.8808597326278687
8,20260928,2019-12,hidden1-hidden2,0.875480055809021
8,20260928,2019-12,hidden2-hidden3,0.8966630101203918
