split,feature_month,target_month,factor_0,factor_1,factor_2,factor_3,factor_4,factor_5,factor_6,factor_7
train,1963-07,1963-08,0.01179161574691534,-0.01701030321419239,-0.008692138828337193,0.016496889293193817,0.007900364696979523,0.00137816253118217,0.011672724969685078,0.008684573695063591
train,1963-08,1963-09,-0.009692109189927578,0.012691029347479343,0.006633289624005556,-0.015296097844839096,-0.006343304179608822,-0.00737884221598506,-0.006892157252877951,-0.004223593510687351
train,1963-09,1963-10,0.00473398482427001,-0.012219959869980812,-0.0015710704028606415,0.01165420189499855,0.004104211460798979,-0.003601247910410166,0.005526155233383179,0.00657504890114069
train,1963-10,1963-11,0.008368244394659996,-0.008132074028253555,-0.012876726686954498,0.003959665074944496,-0.010928129777312279,0.008840315975248814,0.014049889519810677,-0.0006194524466991425
train,1963-11,1963-12,0.01623787358403206,-0.014708008617162704,-0.02687591128051281,0.002995016286149621,-0.018934685736894608,0.014856734313070774,0.027528291568160057,-0.0049287136644124985
train,1963-12,1964-01,-0.012120243161916733,0.013917680829763412,0.019051477313041687,-0.004717939533293247,0.004428524989634752,-0.015956107527017593,-0.018153497949242592,0.006342072039842606
train,1964-01,1964-02,0.0027593704871833324,-0.0004776674322783947,0.005902568809688091,0.0064454106613993645,0.0027732104063034058,-0.0025593589525669813,-0.0035115054342895746,0.007760463282465935
train,1964-02,1964-03,-0.003340710187330842,-0.004928458482027054,0.0019190276507288218,0.004945678170770407,-0.0007023952202871442,-0.009208357892930508,9.800586849451065e-05,0.002230006502941251
train,1964-03,1964-04,-0.008721545338630676,0.009230419062077999,7.525808177888393e-05,-0.014476158656179905,-0.009632081724703312,0.0004210969200357795,-0.0023201045114547014,-0.006654331460595131
train,1964-04,1964-05,0.009581229649484158,-0.010483911260962486,-0.012677975930273533,0.004445964470505714,-0.007656941190361977,0.002743785036727786,0.012993195094168186,-0.0002579346764832735
train,1964-05,1964-06,0.0022326395846903324,-0.010044126771390438,-0.012052500620484352,0.004085241816937923,-0.0035646490287035704,0.0023858000058680773,0.011335516348481178,-0.009088636375963688
train,1964-06,1964-07,-0.00995706394314766,0.003028545528650284,-0.0004578992957249284,-0.010110502131283283,-0.010775266215205193,0.002711994107812643,0.0006499025039374828,-0.0034120003692805767
train,1964-07,1964-08,-0.0067657167091965675,0.0011507110903039575,-0.0017431871965527534,-0.009685185737907887,-0.008124650456011295,0.00048638228327035904,0.0015579661121591926,-0.005287925247102976
train,1964-08,1964-09,-0.0012329135788604617,-0.000112315290607512,0.007789424154907465,0.006483841687440872,0.009304256178438663,-0.00522627541795373,-0.0076995850540697575,0.007829117588698864
train,1964-09,1964-10,-0.005762090440839529,-0.0005207713693380356,0.004460507538169622,-0.001585770514793694,-0.00037363963201642036,-0.007047799415886402,-0.0043135154992341995,0.004963734652847052
train,1964-10,1964-11,0.0026407851837575436,-0.0008414389449171722,-0.00978743378072977,-0.010054863058030605,-0.011839879676699638,0.001369589357636869,0.011345110833644867,-0.007317295763641596
train,1964-11,1964-12,0.005560705903917551,-0.0059893010184168816,-0.012980621308088303,-0.003790877526625991,-0.005404981318861246,0.0037942123599350452,0.013930839486420155,-0.009293865412473679
train,1964-12,1965-01,-0.010659705847501755,0.010049102827906609,0.024670716375112534,0.010069601237773895,0.018961641937494278,-0.01651955023407936,-0.027665451169013977,0.011670717969536781
train,1965-01,1965-02,-0.0021720917429775,0.0012875511310994625,0.006308332085609436,0.0009510321542620659,0.0024902403820306063,-0.00978192687034607,-0.006676338613033295,0.001983966212719679
train,1965-02,1965-03,-0.008698638528585434,0.011767187155783176,0.01564999856054783,-0.006895377766340971,-0.003704322502017021,-0.010551368817687035,-0.015846390277147293,0.007168460171669722
train,1965-03,1965-04,-0.0081233661621809,-0.0021668565459549427,0.003908217418938875,0.00038503948599100113,0.0012273655738681555,-0.007754177786409855,-0.006549431011080742,-0.0012974748387932777
train,1965-04,1965-05,-0.003429980482906103,-0.0027470956556499004,-0.002833031350746751,-0.005600417032837868,-0.002125919796526432,-0.002988706808537245,0.0034869106020778418,-0.005083602387458086
train,1965-05,1965-06,0.004680167883634567,0.003487382084131241,-0.018986288458108902,-0.017030661925673485,-0.017549891024827957,0.013751889578998089,0.020754817873239517,-0.01588492840528488
train,1965-06,1965-07,0.0008527638274244964,-0.010095736011862755,-0.0014597853878512979,0.008695948868989944,2.688739914447069e-05,-0.0017405659891664982,0.0053351945243775845,0.005613148212432861
train,1965-07,1965-08,0.007380762603133917,-0.009605948813259602,0.0021316008642315865,0.02063482627272606,0.01919293776154518,-0.009326471015810966,-0.0030667383689433336,0.007091682869940996
train,1965-08,1965-09,-0.0016171492170542479,-0.01718691736459732,-0.006094972603023052,0.011011562310159206,0.00759749673306942,-0.0033523919992148876,0.007109931670129299,-0.0011017592623829842
train,1965-09,1965-10,-0.0035378490574657917,0.004921448417007923,0.027013778686523438,0.01665870100259781,0.015282501466572285,-0.021592795848846436,-0.028079744428396225,0.023928003385663033
train,1965-10,1965-11,-0.003512450959533453,0.0020019635558128357,0.02695062756538391,0.01782812364399433,0.015040189027786255,-0.025244681164622307,-0.025420811027288437,0.021318037062883377
train,1965-11,1965-12,-0.009024900384247303,0.008483071811497211,0.022332575172185898,0.011113294400274754,0.011722663417458534,-0.01589198224246502,-0.027294432744383812,0.013333339244127274
train,1965-12,1966-01,-0.008075784891843796,0.019769219681620598,0.04062914848327637,0.011894010938704014,0.009046729654073715,-0.025246446952223778,-0.041017718613147736,0.027780860662460327
train,1966-01,1966-02,-0.0019201538525521755,0.002049666829407215,0.03361743688583374,0.020540248602628708,0.013018161989748478,-0.0250517800450325,-0.030281610786914825,0.03199828416109085
train,1966-02,1966-03,-0.004511894192546606,0.00633865175768733,0.012144329957664013,-0.003147771116346121,-0.0031043116468936205,-0.00798386987298727,-0.010449248366057873,0.0064990827813744545
train,1966-03,1966-04,-0.0003166792739648372,-0.0053159091621637344,0.019131489098072052,0.018579771742224693,0.0073860883712768555,-0.01750214584171772,-0.014970026910305023,0.02401704713702202
train,1966-04,1966-05,0.0008560034912079573,0.013776343315839767,-0.027679499238729477,-0.03380732983350754,-0.02202284336090088,0.014402536675333977,0.025649402290582657,-0.030210355296730995
train,1966-05,1966-06,0.0019184439443051815,-0.004932987969368696,-0.00039149614167399704,0.005548880435526371,0.003819722682237625,-0.005417146719992161,0.0011538160033524036,0.004052122589200735
train,1966-06,1966-07,-0.0038568852469325066,0.0015038163401186466,-0.0044840555638074875,-0.006447222083806992,-0.006489260122179985,0.0028608995489776134,0.004727622959762812,-0.005367723759263754
train,1966-07,1966-08,-0.007176464889198542,-0.004333975724875927,-0.02005937695503235,-0.015819547697901726,-0.011296014301478863,0.009854278527200222,0.022034063935279846,-0.022478271275758743
train,1966-08,1966-09,-0.011860568076372147,-0.0009285075357183814,-0.012269532307982445,-0.016574697569012642,-0.018074173480272293,0.011155962012708187,0.014373205602169037,-0.011507859453558922
train,1966-09,1966-10,-0.018410449847579002,-0.021025797352194786,-0.05308220535516739,-0.03327483683824539,-0.023266036063432693,0.03261462226510048,0.05230074003338814,-0.04117194563150406
train,1966-10,1966-11,0.01818671263754368,-0.003270320128649473,0.020954106003046036,0.04008176177740097,0.036615513265132904,-0.022333038970828056,-0.022561868652701378,0.021266592666506767
train,1966-11,1966-12,0.0013267886824905872,-0.0048880139365792274,-0.0029805749654769897,0.0036935671232640743,0.002704198472201824,-0.0035501308739185333,0.003001319942995906,0.0027021202258765697
train,1966-12,1967-01,-0.022364541888237,0.0391109362244606,0.08028770238161087,0.056150227785110474,0.050950344651937485,-0.027977602556347847,-0.0867050290107727,0.048649221658706665
train,1967-01,1967-02,-0.002894909121096134,0.021569080650806427,0.03125704079866409,0.008388955146074295,0.001891725230962038,-0.022080734372138977,-0.03261271119117737,0.01888086088001728
train,1967-02,1967-03,-0.009274996817111969,0.0001782192848622799,0.009539762511849403,0.007064502220600843,0.009167065843939781,-0.010098623111844063,-0.010490011423826218,0.004721870645880699
train,1967-03,1967-04,-0.005525723099708557,-0.002734934212639928,0.004674293100833893,0.004179184790700674,0.008516436442732811,-0.010005095042288303,-0.006021103821694851,0.0021367822773754597
train,1967-04,1967-05,-0.0029843258671462536,0.012747574597597122,0.01451903022825718,-0.0037151563446968794,-0.009111335501074791,-0.009313357062637806,-0.016443662345409393,0.010561583563685417
train,1967-05,1967-06,-0.018944930285215378,-0.0022960728965699673,0.04646960645914078,0.03544275090098381,0.01815260387957096,-0.024504750967025757,-0.0462639182806015,0.0431770384311676
train,1967-06,1967-07,-0.007258371450006962,0.004250384867191315,0.020497513934969902,0.009902331978082657,0.0036805314011871815,-0.014696644619107246,-0.021927444264292717,0.014502499252557755
train,1967-07,1967-08,-0.0065699294209480286,0.010917747393250465,0.005602286197245121,-0.0103983199223876,-0.00820488203316927,-0.001144810812547803,-0.003841741941869259,-7.111244485713542e-05
train,1967-08,1967-09,-0.003625785233452916,0.008838903158903122,0.030662301927804947,0.011494842357933521,-0.002574268961325288,-0.019905127584934235,-0.024805206805467606,0.016701407730579376
train,1967-09,1967-10,-0.007389803882688284,0.003650638973340392,0.015403399243950844,0.0013759504072368145,-0.0040470631793141365,-0.008989540860056877,-0.015020365826785564,0.006171880289912224
train,1967-10,1967-11,0.004121153615415096,0.00048056960804387927,-0.007406808901578188,-0.0041259415447711945,-0.0012835842790082097,0.00016006740042939782,0.007633560802787542,-0.004344824701547623
train,1967-11,1967-12,-0.0012664776295423508,-0.00674126110970974,0.033369280397892,0.029771223664283752,0.0007709618657827377,-0.014250493608415127,-0.028735825791954994,0.025193843990564346
train,1967-12,1968-01,-0.02014734037220478,0.014788342639803886,0.026172025129199028,-0.009913217276334763,-0.042024314403533936,0.007356215734034777,-0.014074550941586494,0.012715067714452744
train,1968-01,1968-02,-0.0014712761621922255,0.005011439323425293,-0.022891992703080177,-0.029592087492346764,-0.02510393224656582,0.01213742420077324,0.025929804891347885,-0.018379107117652893
train,1968-02,1968-03,0.0072663286700844765,-0.0050575765781104565,-0.007543414365500212,0.0014631348894909024,0.005509015638381243,-0.0032999201212078333,0.008581971749663353,0.0009137865854427218
train,1968-03,1968-04,0.02038847841322422,-0.005406130105257034,0.038086242973804474,0.04818959906697273,0.02611018531024456,-0.024276571348309517,-0.03642108663916588,0.03625956550240517
train,1968-04,1968-05,-0.000767989142332226,0.005143472924828529,0.04273584857583046,0.031062498688697815,0.007687109522521496,-0.020780840888619423,-0.03517758473753929,0.03400055319070816
train,1968-05,1968-06,-0.0013800502056255937,0.006997234188020229,-0.010714593343436718,-0.02072085626423359,-0.030289631336927414,0.013990194536745548,0.01544258464127779,-0.007557967212051153
train,1968-06,1968-07,-0.014845622703433037,-0.0021649589762091637,-0.008003024384379387,-0.02046637423336506,-0.02510947175323963,0.012807578779757023,0.01129991002380848,-0.012024128809571266
train,1968-07,1968-08,-0.004673901945352554,-0.009054968133568764,0.007246050052344799,0.008809573017060757,-0.004244382958859205,-0.006249003112316132,-0.001026885467581451,0.008801331743597984
train,1968-08,1968-09,0.002932169009000063,-0.002896084450185299,0.01529761217534542,0.0184621624648571,0.011910848319530487,-0.015200365334749222,-0.017337657511234283,0.010025132447481155
train,1968-09,1968-10,0.0015531117096543312,0.00245856586843729,-0.009505623951554298,-0.015373875387012959,-0.014853090979158878,0.0007144635310396552,0.011206908151507378,-0.0050527239218354225
train,1968-10,1968-11,0.004222733899950981,-5.834363400936127e-05,0.0051572201773524284,0.010188992135226727,0.006285958923399448,-0.0033437174279242754,-0.0048897964879870415,0.008659712970256805
train,1968-11,1968-12,-0.01681283675134182,-0.0014834284083917737,0.015859710052609444,0.009120823815464973,0.00024318695068359375,0.000756970839574933,-0.011210739612579346,0.0076119136065244675
train,1968-12,1969-01,-0.0052028982900083065,0.0018400808330625296,0.001947417389601469,-0.002519748406484723,-0.009320071898400784,0.007117215543985367,0.0011360358912497759,-0.0007605269202031195
train,1969-01,1969-02,0.0066784340888261795,0.002499038353562355,-0.023234711959958076,-0.026269659399986267,-0.023801757022738457,0.00514373742043972,0.024962592869997025,-0.012045793235301971
train,1969-02,1969-03,0.0017596462275832891,-0.007105736527591944,-0.00019057048484683037,0.0086166737601161,3.65912273991853e-05,-0.005017353221774101,0.003115310799330473,0.005083443131297827
train,1969-03,1969-04,0.005317651201039553,-0.002821240108460188,-0.008375100791454315,-0.0035735396668314934,-0.0014930244069546461,-0.005903102923184633,0.007826512679457664,-0.0014605856267735362
train,1969-04,1969-05,-0.006738612428307533,-0.002353423973545432,0.0006968507077544928,-0.0023712373804301023,-0.009142134338617325,0.0021237721666693687,0.002454517176374793,-0.0027626454830169678
train,1969-05,1969-06,0.009024176746606827,0.007394806481897831,-0.021608546376228333,-0.03246922045946121,-0.02621002495288849,0.0017867186106741428,0.024246003478765488,-0.011503204703330994
train,1969-06,1969-07,0.008191080763936043,-0.0023820423521101475,-0.027248172089457512,-0.027020862326025963,-0.03301921859383583,0.008979280479252338,0.031972240656614304,-0.009351249784231186
train,1969-07,1969-08,0.012176858261227608,0.007375011686235666,0.012728018686175346,0.016939999535679817,0.01747172512114048,-0.017773648723959923,-0.012373995035886765,0.015104662626981735
train,1969-08,1969-09,0.005941889714449644,0.0016908732941374183,-0.0073796226643025875,-0.012310461141169071,-0.01384111400693655,-0.006425707601010799,0.012199416756629944,-0.0014154532691463828
train,1969-09,1969-10,-0.011827412992715836,0.006033340469002724,0.02269664593040943,0.019086435437202454,0.03135327994823456,-0.012351898476481438,-0.029278941452503204,-0.006160225719213486
train,1969-10,1969-11,0.010300517082214355,-0.003442117478698492,-0.013482627458870411,-0.015845563262701035,-0.016404664143919945,-0.001927217817865312,0.019061535596847534,-0.000590029638260603
train,1969-11,1969-12,0.02702607586979866,-0.010647905990481377,-0.033108435571193695,-0.021565336734056473,-0.02556276135146618,-2.9139220714569092e-05,0.03881942480802536,-8.91863601282239e-05
train,1969-12,1970-01,-0.034558381885290146,0.005885401740670204,0.004895689897239208,-0.016557108610868454,-0.016812484711408615,0.009279400110244751,-0.003806300461292267,-0.019360361620783806
train,1970-01,1970-02,0.0033327159471809864,-0.0044336216524243355,-0.012672258540987968,-0.0037524811923503876,-0.007814133539795876,0.0013212901540100574,0.01229318417608738,-5.497992970049381e-05
train,1970-02,1970-03,-0.0004205508157610893,-0.008020887151360512,-0.026721961796283722,-0.021293167024850845,-0.03037622570991516,0.013949418440461159,0.025514665991067886,-0.007815873250365257
train,1970-03,1970-04,0.014818398281931877,-0.011559654027223587,-0.052383922040462494,-0.03850642591714859,-0.05556650459766388,0.01997319608926773,0.05399041995406151,-0.01039538811892271
train,1970-04,1970-05,-0.004288606345653534,0.0012123589403927326,-0.009032896719872952,-0.008875296451151371,-0.011111380532383919,0.006175519898533821,0.009207726456224918,-0.008477505296468735
train,1970-05,1970-06,0.003389210207387805,-0.008126387372612953,-0.02484298124909401,-0.02854255959391594,-0.03482409566640854,0.008487424813210964,0.032662492245435715,-0.002392716705799103
train,1970-06,1970-07,0.015799282118678093,-0.0027421198319643736,-0.014003184624016285,0.0035417128819972277,-0.008339403197169304,0.000318880716804415,0.014549097046256065,0.011325632221996784
train,1970-07,1970-08,-0.0030789750162512064,0.005694020073860884,0.014331897720694542,0.01962990313768387,0.019923578947782516,-0.0067746601998806,-0.01800581067800522,0.002097716089338064
train,1970-08,1970-09,-0.0256965309381485,0.020828241482377052,0.062026821076869965,0.04376599192619324,0.06822849065065384,-0.027246955782175064,-0.06977290660142899,-0.00658919895067811
train,1970-09,1970-10,0.027351340278983116,-0.010438819415867329,-0.03452130779623985,-0.017547842115163803,-0.041253797709941864,0.01371552050113678,0.04635162651538849,0.01486770436167717
train,1970-10,1970-11,0.03830469399690628,-0.016742123290896416,-0.036041371524333954,0.006007989402860403,-0.021916303783655167,0.013030045665800571,0.04120838642120361,0.02578163892030716
train,1970-11,1970-12,0.0055024949833750725,-0.003135969862341881,-0.005502873100340366,-0.002785605378448963,-0.00626719556748867,-0.008214923553168774,0.0049352445639669895,0.005708593875169754
train,1970-12,1971-01,-0.04229612275958061,0.023707915097475052,0.04738074541091919,0.011383947916328907,0.030725795775651932,-0.02035786770284176,-0.05754213035106659,-0.025039244443178177
train,1971-01,1971-02,-0.00816101673990488,0.017592644318938255,0.03000878542661667,0.004770849831402302,0.013354660011827946,-0.01714843325316906,-0.028397776186466217,-0.0021587617229670286
train,1971-02,1971-03,0.0005265770014375448,-0.001135603990405798,0.00826973095536232,0.008452056907117367,0.012629051692783833,-0.01981094852089882,-0.008464795537292957,0.005030203144997358
train,1971-03,1971-04,0.002523861126974225,-0.0010697705438360572,-0.004783506505191326,0.00331415724940598,0.006204491015523672,-0.007252958137542009,0.0042333160527050495,-0.005176200065761805
train,1971-04,1971-05,0.011982070282101631,0.0004219762049615383,-0.012322280555963516,-0.007399958558380604,-0.012914269231259823,0.0007874185685068369,0.018230078741908073,0.0057747941464185715
train,1971-05,1971-06,0.014406242407858372,-0.0009175911545753479,-0.014110327698290348,-0.0033780757803469896,-0.012588207609951496,0.001525646774098277,0.020511869341135025,0.009807654656469822
train,1971-06,1971-07,0.0072976453229784966,0.009829183109104633,-0.017629235982894897,-0.01677713356912136,-0.02604634314775467,0.010258803144097328,0.0177634097635746,0.0033859279938042164
train,1971-07,1971-08,0.006754727568477392,-0.011297222226858139,-0.0036934379022568464,0.01576530560851097,0.006263257469981909,-0.004345288034528494,0.0037836621049791574,0.007061523385345936
train,1971-08,1971-09,0.012051918543875217,0.003797404235228896,0.004338040016591549,0.0034191682934761047,-0.00677085854113102,-0.00936168897897005,0.0014422837411984801,0.011995069682598114
train,1971-09,1971-10,0.002214099746197462,0.002013044198974967,-0.02011730894446373,-0.018945910036563873,-0.023221323266625404,0.008515393361449242,0.02242298051714897,-0.002876484300941229
train,1971-10,1971-11,0.014317208901047707,-0.0077600544318556786,-0.01645563170313835,0.0022907329257577658,-0.007042062934488058,0.001734951394610107,0.01928960345685482,0.008977638557553291
train,1971-11,1971-12,0.0039020958356559277,0.003803785890340805,0.017964627593755722,0.018999319523572922,0.023057084530591965,-0.016062848269939423,-0.01999201998114586,0.0020048092119395733
train,1971-12,1972-01,-0.04677417501807213,0.006379655562341213,0.05038183182477951,0.01034073531627655,0.02698223665356636,-0.02112976461648941,-0.05876254290342331,-0.03335737809538841
train,1972-01,1972-02,-0.0006058551953174174,-0.0013319135177880526,0.011183097027242184,0.009000986814498901,0.010772034525871277,-0.013873173855245113,-0.01069711148738861,-0.0016926927492022514
train,1972-02,1972-03,0.00696088932454586,0.00027102045714855194,-0.0077279107645154,-0.001520050223916769,-0.007884383201599121,-0.0006016356637701392,0.012860460206866264,0.0053155310451984406
train,1972-03,1972-04,0.0013039292534813285,-0.010325727052986622,-0.00795005913823843,0.0020890620071440935,-0.001284643542021513,-0.00042830436723306775,0.009189620614051819,0.00034384598257020116
train,1972-04,1972-05,0.012377467937767506,0.0020652241073548794,-0.011120270006358624,-0.000532688049133867,-0.0064327651634812355,-0.0009518535807728767,0.017336906865239143,0.007728830445557833
train,1972-05,1972-06,-0.0006354233482852578,0.002501086099073291,-0.009084549732506275,-0.009260802529752254,-0.007179319858551025,-0.0008543524891138077,0.008907917886972427,-0.0018901773728430271
train,1972-06,1972-07,-0.00043022510362789035,-0.0015628763940185308,-0.018893452361226082,-0.016344858333468437,-0.01522999070584774,0.0010018168250098825,0.01570524089038372,-0.002424726728349924
train,1972-07,1972-08,0.0005019360105507076,-0.0024009449407458305,-0.02363681234419346,-0.004572705365717411,-0.015002726577222347,0.007296404801309109,0.018558945506811142,-0.0020381060894578695
train,1972-08,1972-09,0.0024412067141383886,0.0006348303868435323,-0.013023055158555508,-0.009909708052873611,-0.010497971437871456,0.0045908475294709206,0.014828257262706757,0.001283717225305736
train,1972-09,1972-10,0.004881124943494797,-0.0044157798402011395,-0.02370784617960453,-0.009556909091770649,-0.01939108595252037,0.010660546831786633,0.02563847042620182,-8.187824278138578e-05
train,1972-10,1972-11,0.00845138356089592,-0.004708793479949236,-0.010267060250043869,0.009358633309602737,-0.0031374343670904636,0.0039169322699308395,0.007035674527287483,0.009509909898042679
train,1972-11,1972-12,0.012461110949516296,-0.008600803092122078,-0.01578194461762905,-0.003927676938474178,-0.006562885828316212,-0.0026574134826660156,0.022036179900169373,0.008667337708175182
train,1972-12,1973-01,-0.018387949094176292,0.001687849871814251,-0.011708089150488377,-0.025156665593385696,-0.025289610028266907,0.006399923004209995,0.011594652198255062,-0.02609698660671711
train,1973-01,1973-02,-0.0009097402216866612,-0.005989523604512215,-0.0169028602540493,-0.018131297081708908,-0.016773520037531853,0.004805631935596466,0.02580699324607849,-0.004864242859184742
train,1973-02,1973-03,0.0009682023082859814,-0.011526407673954964,-0.013623755425214767,-0.0034792486112564802,-0.007645084522664547,-0.0016632075421512127,0.014231107197701931,-0.0008452192414551973
train,1973-03,1973-04,-0.006159400567412376,-0.020878497511148453,-0.01720602437853813,-0.024248337373137474,-0.028981756418943405,0.00499926321208477,0.03574180603027344,-0.00969563890248537
train,1973-04,1973-05,0.007966287434101105,-0.016127727925777435,-0.025290969759225845,-0.010709794238209724,-0.017347902059555054,0.003174112644046545,0.03802143782377243,0.004243469797074795
train,1973-05,1973-06,0.004124787170439959,-0.012763841077685356,-0.015414167195558548,-0.005467544309794903,-0.006694743409752846,-0.004584852606058121,0.014383245259523392,0.004359663464128971
train,1973-06,1973-07,0.017454348504543304,0.021552134305238724,0.019258657470345497,0.0450015626847744,0.05516612529754639,-0.024713674560189247,-0.05057992786169052,0.022492336109280586
train,1973-07,1973-08,-0.0021373704075813293,-0.017230497673153877,-0.012296432629227638,-0.005620213225483894,-0.01507234200835228,0.0057236198335886,0.02407100796699524,-0.0033670563716441393
train,1973-08,1973-09,0.020226508378982544,-0.004912654869258404,-0.010402956046164036,0.022666243836283684,0.02873620204627514,-0.015035917051136494,-0.006180508993566036,0.017586808651685715
train,1973-09,1973-10,-0.0056245457381010056,-0.01447436772286892,-0.008863581344485283,-0.007507203612476587,-0.013616753742098808,-0.0019285433227196336,0.01487142313271761,-0.006072378717362881
train,1973-10,1973-11,-0.005489102564752102,-0.020740535110235214,-0.023052500560879707,-0.01091934647411108,-0.03595052659511566,0.022397970780730247,0.042610056698322296,-0.005310429260134697
train,1973-11,1973-12,0.018273834139108658,-0.03382118046283722,-0.033879466354846954,0.010820185765624046,0.0021580993197858334,0.00047720642760396004,0.0426521934568882,0.011835752986371517
train,1973-12,1974-01,-0.018185757100582123,0.0289162490516901,0.03399724140763283,0.002938150195404887,0.005460317246615887,-0.015586341731250286,-0.061954088509082794,-0.010391905903816223
train,1974-01,1974-02,-0.0020509078167378902,-0.009092188440263271,-0.004780210088938475,0.001805149600841105,-0.012919730506837368,0.00633199792355299,0.01335917692631483,-0.0036597205325961113
train,1974-02,1974-03,-0.006516886409372091,0.011852312833070755,0.017572777345776558,0.0038179100956767797,-0.004460473544895649,0.0003832251240964979,-0.009903007186949253,-0.0011553848162293434
train,1974-03,1974-04,-0.001425303635187447,-0.0056308722123503685,-0.0014074433129280806,-0.0020212368108332157,-0.011570276692509651,-0.0008509280160069466,0.008503684774041176,-0.0028188014402985573
train,1974-04,1974-05,0.0045449030585587025,-0.004232601262629032,-0.00488138385117054,-0.002401101402938366,-0.009501520544290543,0.0019189596641808748,0.014704594388604164,0.0029456873890012503
train,1974-05,1974-06,0.004612651653587818,-0.007663444150239229,-0.008928677067160606,-0.0033169081434607506,-0.0068643284030258656,-0.005559463053941727,0.013044050894677639,-0.0031664432026445866
train,1974-06,1974-07,-0.0006014811806380749,-0.01882731169462204,-0.02025425247848034,-0.008072689175605774,-0.018999261781573296,0.003236769000068307,0.021713009104132652,-0.0012628532713279128
train,1974-07,1974-08,-0.0030594910494983196,-0.013369383290410042,-0.0073738107457757,-0.004530705977231264,-0.0146491015329957,-0.0007080447394400835,0.01748134382069111,-0.005683287046849728
train,1974-08,1974-09,-0.007766430266201496,-0.010173175483942032,-0.011299347504973412,-0.010798005387187004,-0.03064129874110222,0.01681162416934967,0.025061627849936485,-0.0017157377442345023
train,1974-09,1974-10,0.03304864838719368,-0.009239471517503262,-0.02404848299920559,0.0303427055478096,0.03615599125623703,-0.015648309141397476,0.0007917362963780761,0.022478414699435234
train,1974-10,1974-11,0.0020457813516259193,-0.016427502036094666,-0.014907076954841614,-0.0018707120325416327,-0.018374206498265266,0.01180628314614296,0.02760245092213154,0.005419040098786354
train,1974-11,1974-12,0.013731049373745918,-0.021087870001792908,-0.026281462982296944,0.0030947730410844088,-0.009160742163658142,0.009019287303090096,0.03400299698114395,0.013257804326713085
train,1974-12,1975-01,-0.0071285804733633995,0.05404094606637955,0.045084282755851746,0.01680104061961174,0.06022458150982857,-0.055065322667360306,-0.1084539145231247,-0.01839161291718483
train,1975-01,1975-02,-0.005612127482891083,0.004122961778193712,0.017400700598955154,0.009583014994859695,0.005246663931757212,-0.00024908874183893204,-0.006744149141013622,-0.010079015977680683
train,1975-02,1975-03,0.003828334156423807,0.024030776694417,0.027048315852880478,0.005811185576021671,0.04035770893096924,-0.040856823325157166,-0.050325557589530945,-0.009206420741975307
train,1975-03,1975-04,0.0076394230127334595,-0.00992337055504322,-0.0003465617774054408,0.0158549752086401,0.01610182225704193,-0.009912285953760147,0.0028087093960493803,0.00114717788528651
train,1975-04,1975-05,-0.004626671317964792,0.006197198759764433,0.015027056448161602,0.01300562173128128,0.022578584030270576,-0.010126029141247272,-0.018355101346969604,-0.011458752676844597
train,1975-05,1975-06,0.001877821166999638,-0.007505504414439201,-0.004674882628023624,0.001623497810214758,0.009247347712516785,-0.0148566123098135,-0.0073141735047101974,-0.002048552269116044
train,1975-06,1975-07,-0.01111879013478756,0.007078523747622967,0.01412966288626194,-0.0029378943145275116,-0.020473787561058998,0.008697859942913055,-0.003919236361980438,-0.011410955339670181
train,1975-07,1975-08,0.006164994556456804,0.00046666100388392806,-0.0029098293744027615,0.007813816890120506,-0.011359713040292263,0.013284162618219852,0.015940092504024506,0.007589307148009539
train,1975-08,1975-09,0.002898342441767454,-0.00464739091694355,-0.0057554589584469795,-0.004078420344740152,-0.011066075414419174,0.0035765813663601875,0.015623006969690323,-0.00011304276995360851
train,1975-09,1975-10,0.01725897192955017,-0.008226290345191956,-0.017578547820448875,0.010095478966832161,0.010389741510152817,-0.009403807111084461,0.009184468537569046,0.00916589330881834
train,1975-10,1975-11,0.014420470222830772,-0.003585974918678403,-0.010947516188025475,0.002497515408322215,0.002954263938590884,-0.010864460840821266,0.006536439992487431,0.012094755657017231
train,1975-11,1975-12,-0.0055349585600197315,-0.0043543558567762375,-8.574523963034153e-05,0.007776517421007156,-0.002366328379139304,0.006427730433642864,0.0014137881807982922,-0.0041891224682331085
train,1975-12,1976-01,0.005466855596750975,-0.0022832886315882206,0.002376651857048273,-0.0011258532758802176,0.033005356788635254,-0.056423041969537735,-0.04505706951022148,-0.0038032690063118935
train,1976-01,1976-02,-0.022862255573272705,0.0071559445932507515,0.03345843404531479,-0.0006897458806633949,-0.003256752621382475,-0.022727306932210922,-0.04930763691663742,-0.019703103229403496
train,1976-02,1976-03,-0.014482651837170124,-0.009159252047538757,0.008420421741902828,0.008949329145252705,-0.004849900957196951,0.011782988905906677,0.0007022627396509051,-0.00897455494850874
train,1976-03,1976-04,-0.00804920308291912,0.0026298468001186848,0.005340439733117819,0.0023656326811760664,-0.014353168196976185,0.01999759115278721,0.011619474738836288,-0.006182677578181028
train,1976-04,1976-05,0.002226180862635374,0.01141554955393076,0.00309021957218647,0.004875074606388807,-0.005331733264029026,0.010782665573060513,0.007979292422533035,0.008119235746562481
train,1976-05,1976-06,0.0120950136333704,-0.0023949933238327503,-0.008309673517942429,0.00962393544614315,0.013110453262925148,-0.010836376808583736,0.003191588679328561,0.01452318113297224
train,1976-06,1976-07,-0.008274954743683338,0.002017514780163765,0.0004533239407464862,-0.004334769677370787,-0.015481125563383102,0.012487740255892277,0.007316900417208672,-0.00530543876811862
train,1976-07,1976-08,0.003137283492833376,0.0011068469611927867,-0.006809210870414972,0.001525775296613574,-0.01380223035812378,0.008420995436608791,0.019482573494315147,0.0053200749680399895
train,1976-08,1976-09,0.008395976386964321,-0.0039725895039737225,-0.009820722974836826,0.0024669605772942305,0.004026718437671661,-0.0054718926548957825,0.008314654231071472,0.003710458055138588
train,1976-09,1976-10,-0.004984020255506039,-0.0015172192361205816,-0.005309512838721275,-0.009235457517206669,-0.013183887116611004,0.010492630302906036,0.012987017631530762,-0.0013477073516696692
train,1976-10,1976-11,0.0038165217265486717,-0.003367769531905651,0.0014263535849750042,0.011051453649997711,0.005485088098794222,-0.00230932654812932,0.0035939908120781183,0.00607716292142868
train,1976-11,1976-12,-0.003648664802312851,0.004976192489266396,0.009558780118823051,0.012203524820506573,0.0031629507429897785,-0.005301733501255512,-0.017825786024332047,-0.003903043456375599
train,1976-12,1977-01,-0.021498864516615868,0.000739018025342375,0.014986904338002205,-0.003881542943418026,-0.022609706968069077,0.005519777536392212,-0.006685626693069935,-0.02740570530295372
train,1977-01,1977-02,-0.01511797308921814,0.0014013606123626232,0.012944264337420464,0.0001923508825711906,-0.017886407673358917,0.014925295487046242,0.004740935284644365,-0.006183938588947058
train,1977-02,1977-03,-0.006737960502505302,-0.005685615818947554,0.004496005363762379,0.00693541020154953,-0.005597732029855251,0.006661576218903065,0.003484414890408516,-0.007288722321391106
train,1977-03,1977-04,-0.005237946752458811,-0.007249908987432718,-0.002942147431895137,0.00298507371917367,-0.006360193248838186,0.005375582724809647,0.007146975491195917,-0.0050546154379844666
train,1977-04,1977-05,-0.004960857331752777,-0.0034805778414011,0.0014606653712689877,0.001150241238065064,-0.009154376573860645,0.004096698481589556,0.007880588993430138,-0.005176138132810593
train,1977-05,1977-06,0.012369224801659584,0.0007307044579647481,-0.003830554196611047,0.008096324279904366,0.018475886434316635,-0.020994706079363823,-0.010174078866839409,0.010675456374883652
train,1977-06,1977-07,-0.015295809134840965,0.00419098325073719,0.014312418177723885,0.0009209273266606033,-0.016378935426473618,0.012515204027295113,-0.00040799230919219553,-0.012690065428614616
train,1977-07,1977-08,-0.005750215612351894,0.004484695848077536,0.013624884188175201,0.006943664513528347,-0.006673507392406464,0.007504966575652361,0.0007022677455097437,-0.003421034198254347
train,1977-08,1977-09,-0.0007166535942815244,0.003613309469074011,0.007128383964300156,0.0051160831935703754,-0.006122049875557423,0.0017521301051601768,0.000720683136023581,-0.00022981263464316726
train,1977-09,1977-10,-0.004375441465526819,0.0026284451596438885,0.004264428745955229,-0.0013828652445226908,-0.0125171123072505,0.00882081687450409,0.0064283329993486404,-0.0010457230964675546
train,1977-10,1977-11,0.005473817232996225,-0.0008303080685436726,0.0017597116529941559,0.009582255966961384,0.017480872571468353,-0.019904840737581253,-0.009669190272688866,0.011577878147363663
train,1977-11,1977-12,-0.003436306957155466,-0.001881112577393651,0.00811805296689272,0.009021731093525887,-0.0025292090140283108,0.004149829037487507,0.0027820109389722347,-0.0037028747610747814
train,1977-12,1978-01,-0.01990753598511219,0.0031829942017793655,0.014578692615032196,-0.003311182837933302,-0.01869995892047882,0.007110729347914457,-0.0062238420359790325,-0.015463469550013542
train,1978-01,1978-02,-0.007764041423797607,-0.0009305333951488137,0.013104994781315327,0.008536231704056263,-0.005914073437452316,-0.00044145266292616725,-0.0037318740505725145,-0.0012097298167645931
train,1978-02,1978-03,-0.0014227547217160463,-0.0016367482021450996,0.008954349905252457,0.006345687434077263,0.00854937918484211,-0.01397129986435175,-0.012521927244961262,0.002743849530816078
train,1978-03,1978-04,0.0011231082025915384,0.0008029277669265866,0.008051461540162563,0.009690812788903713,0.013136658817529678,-0.013335008174180984,-0.010540722869336605,0.003031166736036539
train,1978-04,1978-05,-0.010065638460218906,0.006342449691146612,0.02544347383081913,0.011525899171829224,0.00640383455902338,-0.00902966596186161,-0.02161402814090252,-0.006312503479421139
train,1978-05,1978-06,-0.009857622906565666,-0.0024615158326923847,0.007067830301821232,0.006128709763288498,-0.014557713642716408,0.011283155530691147,0.005965046118944883,-0.010006219148635864
train,1978-06,1978-07,0.0073354896157979965,-0.004783495794981718,-0.0017038206569850445,0.009905906394124031,0.011695081368088722,-0.010773485526442528,0.0014668796211481094,0.007771966978907585
train,1978-07,1978-08,-0.003992245998233557,0.0024289386346936226,0.028569485992193222,0.011364810168743134,0.0034931537229567766,-0.01584884338080883,-0.024264473468065262,0.0017829452408477664
train,1978-08,1978-09,-0.015794020146131516,0.0005381748196668923,0.00644767377525568,-0.0042860074900090694,-0.015040671452879906,0.013200257904827595,-0.0012734965421259403,-0.014676133170723915
train,1978-09,1978-10,-0.004767046310007572,0.009361902251839638,-0.020479708909988403,-0.012834800407290459,-0.04852752014994621,0.050913263112306595,0.05385462939739227,-0.010732547380030155
train,1978-10,1978-11,0.020659012719988823,-0.004705434199422598,-0.003349669510498643,0.014440448954701424,0.03416860103607178,-0.030631067231297493,-0.013629508204758167,0.023982401937246323
train,1978-11,1978-12,0.0017783016664907336,-0.00260613183490932,0.002407826017588377,0.013329854235053062,0.0024457857944071293,0.005907154642045498,0.007801886647939682,0.004032348748296499
train,1978-12,1979-01,-0.012152275070548058,0.0004050156567245722,0.011447517201304436,0.0025015436112880707,0.012993167154490948,-0.01677609421312809,-0.026137575507164,-0.006720325909554958
train,1979-01,1979-02,-0.014711602590978146,0.002377021126449108,0.003418915206566453,-0.007949801161885262,-0.018627941608428955,0.014226549305021763,0.007779994048178196,-0.010667689144611359
train,1979-02,1979-03,0.00471603125333786,0.008746547624468803,0.010348545387387276,0.01753493957221508,0.02674969658255577,-0.020574230700731277,-0.024971358478069305,0.006118184886872768
train,1979-03,1979-04,-0.010027156211435795,-0.000977816991508007,0.006361301057040691,0.002169196493923664,-0.005694590974599123,0.0031791559886187315,-0.001259512733668089,-0.00812592450529337
train,1979-04,1979-05,-0.005120936781167984,-0.001232468755915761,-0.002781481482088566,-0.006475789938122034,-0.013657775707542896,0.005573742091655731,0.010471251793205738,-0.0015771263279020786
train,1979-05,1979-06,-0.007691650185734034,-0.0029680198058485985,-0.0031841793097555637,-0.0018994258716702461,0.0015024589374661446,0.00457440922036767,-0.0012715868651866913,-0.010850111953914165
train,1979-06,1979-07,0.003340592375025153,-0.0040825847536325455,-0.006171018350869417,0.00023683940526098013,-0.0015776485670357943,0.001691686105914414,0.007530189119279385,0.0012797957751899958
train,1979-07,1979-08,0.006751094479113817,0.0020886624697595835,0.003990945406258106,0.0029393562581390142,0.015422539785504341,-0.018279263749718666,-0.008818337693810463,0.008612220175564289
train,1979-08,1979-09,-0.0020513245835900307,-0.004209461156278849,0.0004803320625796914,0.0013360651209950447,-0.0077954791486263275,0.005967005621641874,0.012437678873538971,-0.0058548771776258945
train,1979-09,1979-10,0.004889930598437786,-0.0008549599442631006,-0.0037187610287219286,-0.0020749925170093775,-0.01079979445785284,0.007021202705800533,0.016553182154893875,-0.00010012788698077202
train,1979-10,1979-11,0.012341868132352829,-0.0020180970896035433,-0.0032004250679165125,0.012187134474515915,0.021262720227241516,-0.015136372298002243,-0.0019959015771746635,0.010477742180228233
train,1979-11,1979-12,-0.0055509209632873535,0.0007152912439778447,0.025678616017103195,0.020391078665852547,0.007923770695924759,-0.0013301637955009937,-0.011407233774662018,-0.0026941741816699505
train,1979-12,1980-01,-0.0281718410551548,0.006406944245100021,0.03411206603050232,0.005408929660916328,0.004351904150098562,-0.003680890193209052,-0.02503112703561783,-0.029066655784845352
train,1980-01,1980-02,-0.01506376639008522,8.891231846064329e-05,0.021505367010831833,0.010529487393796444,-0.0077513521537184715,0.013541335240006447,-0.001916533918119967,-0.022010909393429756
train,1980-02,1980-03,0.016703221946954727,-0.0060097468085587025,-0.031216498464345932,-0.010067732073366642,-0.026127565652132034,0.014467472210526466,0.04057301953434944,0.014527116902172565
train,1980-03,1980-04,0.008591260761022568,-0.005490656942129135,-0.016428351402282715,0.009304299019277096,0.003370643127709627,-0.0016072223661467433,0.010342041030526161,0.009938563220202923
train,1980-04,1980-05,0.010403183288872242,0.0018358246888965368,-0.002418220043182373,0.007962408475577831,0.011606301181018353,-0.009263277053833008,-0.004808226600289345,0.01211194321513176
train,1980-05,1980-06,-9.454996325075626e-05,0.002808799035847187,0.002869570627808571,0.006186469923704863,-0.005138177890330553,0.005275573581457138,0.003914035391062498,-0.0019268092000856996
train,1980-06,1980-07,0.01877519302070141,0.01338136289268732,0.012724844738841057,0.012202782556414604,0.03593049198389053,-0.03657931461930275,-0.02252924256026745,0.021533112972974777
train,1980-07,1980-08,-0.007865723222494125,0.0014247295912355185,0.02402391843497753,0.015888040885329247,0.016491297632455826,-0.015855489298701286,-0.01843622699379921,-0.006583533249795437
train,1980-08,1980-09,-0.011614503338932991,0.011378386989235878,0.03017011098563671,0.012705561704933643,-0.0006576713058166206,0.009369083680212498,-0.010035350918769836,-0.018046623095870018
train,1980-09,1980-10,-0.016142666339874268,0.015353422611951828,0.034071773290634155,0.014461458660662174,0.0027957516722381115,0.006503272335976362,-0.016534578055143356,-0.01852628029882908
train,1980-10,1980-11,0.01041899248957634,0.012029903009533882,0.028364259749650955,0.032992757856845856,0.026844508945941925,-0.0012241301592439413,-0.014497117139399052,-0.008926955983042717
train,1980-11,1980-12,0.002903265878558159,0.0003912083338946104,-0.016088254749774933,-0.0067588165402412415,-0.01769338734447956,0.0063607231713831425,0.017938360571861267,0.008791083469986916
train,1980-12,1981-01,-0.016554856672883034,-0.0009271058952435851,-0.0009791688062250614,-0.00969576183706522,-0.02464517019689083,0.011044580489397049,0.0027259320486336946,-0.00900576263666153
train,1981-01,1981-02,0.007528326939791441,-0.004266033880412579,-0.018178490921854973,-0.006041737738996744,-0.006724562495946884,-0.0045899394899606705,0.011250431649386883,0.012158535420894623
train,1981-02,1981-03,0.005817889701575041,0.0023944496642798185,-0.0008567502954974771,-0.000549583462998271,0.01219446025788784,-0.022337662056088448,-0.011082977056503296,0.010456433519721031
train,1981-03,1981-04,-0.006816943176090717,-0.005118880420923233,0.00456571439281106,-0.0020661212038248777,-0.009953777305781841,-0.0035098930820822716,0.002792870160192251,-0.003922858275473118
train,1981-04,1981-05,-0.004131191875785589,-0.0006464002653956413,0.005707366392016411,0.0013446265365928411,0.004998334683477879,-0.011058436706662178,-0.0034798888955265284,-0.002727648476138711
train,1981-05,1981-06,0.0011219221632927656,-0.014616545289754868,-0.026801086962223053,-0.017454832792282104,-0.026287415996193886,0.0003189982380717993,0.02461671456694603,0.007043357938528061
train,1981-06,1981-07,0.0012192880967631936,-0.0002734157023951411,-0.00641090190038085,0.005074703134596348,-0.006938493810594082,0.0048570879735052586,0.009450484998524189,-0.0010766871273517609
train,1981-07,1981-08,-4.6128989197313786e-05,-0.007297338917851448,-0.02076445333659649,-0.016619401052594185,-0.02613016590476036,0.010727212764322758,0.025354702025651932,0.0032565915025770664
train,1981-08,1981-09,0.01551893725991249,-0.015137525275349617,-0.03296896442770958,-0.014522409066557884,-0.019652746617794037,-0.0034192074090242386,0.030361177399754524,0.019727755337953568
train,1981-09,1981-10,0.014561854302883148,0.005202875472605228,0.007456203456968069,0.017614852637052536,0.016110975295305252,-0.015998639166355133,-0.00726371118798852,0.013695190660655499
train,1981-10,1981-11,0.014203839004039764,-0.00487075699493289,-0.02296581119298935,-0.011648735031485558,-0.01846894435584545,-0.002299560932442546,0.02010389044880867,0.018509704619646072
train,1981-11,1981-12,0.0035540671087801456,-0.00559311592951417,-0.0069452621974051,-0.001850637374445796,-0.014112703502178192,0.0018296657362952828,0.013663060963153839,0.006297234445810318
train,1981-12,1982-01,-0.006602616980671883,-0.006039088126271963,0.001551528344862163,-0.0012294122716411948,-0.010179932229220867,-0.0010636523365974426,0.002733335830271244,-0.0022364628966897726
train,1982-01,1982-02,0.009761339984834194,-0.024348754435777664,-0.025070155039429665,-0.007241537794470787,-0.02463577315211296,-0.00175083230715245,0.026038818061351776,0.012306747026741505
train,1982-02,1982-03,0.008277710527181625,-0.003935589920729399,-0.009244241751730442,-0.0038883532397449017,-0.013806970790028572,-0.005892490036785603,0.01011722069233656,0.008105200715363026
train,1982-03,1982-04,0.0008428553119301796,0.004206335172057152,0.007400745525956154,0.007065880578011274,0.0080565782263875,-0.0075433566235005856,-0.007650826126337051,-0.0016255768714472651
train,1982-04,1982-05,-0.002707080449908972,-0.008719747886061668,-0.005734264384955168,-0.005503915715962648,-0.015742585062980652,0.004536186344921589,0.013699667528271675,-0.005111425183713436
train,1982-05,1982-06,0.013342592865228653,-0.016145069152116776,-0.022391295060515404,-0.008434813469648361,-0.015684977173805237,-0.007466871757060289,0.021309075877070427,0.016665920615196228
train,1982-06,1982-07,0.002329164184629917,-0.00925605371594429,-0.009536951780319214,-0.008786613121628761,-0.015522223897278309,-0.004934228491038084,0.012106277048587799,0.007074562832713127
train,1982-07,1982-08,0.026710225269198418,0.017489828169345856,-0.01805177703499794,0.0023743812926113605,0.019946280866861343,-0.018657337874174118,-0.00882211234420538,0.031098011881113052
train,1982-08,1982-09,-0.0028625542763620615,-0.013073008507490158,-0.009428666904568672,-0.007186142727732658,-0.024006318300962448,0.004405616782605648,0.020138373598456383,0.004448682069778442
train,1982-09,1982-10,0.01216676365584135,0.015543188899755478,0.007600618526339531,0.007908407598733902,0.021173493936657906,-0.02312437817454338,-0.017407627776265144,0.014878705143928528
train,1982-10,1982-11,-0.007913900539278984,-0.009851844049990177,0.012287458404898643,-0.005797302350401878,-0.010448658838868141,-0.01396896317601204,-0.00408161012455821,0.004748353734612465
train,1982-11,1982-12,-0.002921978011727333,-0.005657331086695194,0.0043075550347566605,0.006338078528642654,-0.0019630989991128445,0.0009401191491633654,0.005080242641270161,-0.0027897243853658438
train,1982-12,1983-01,-0.04315321892499924,0.023415472358465195,0.05875556170940399,0.006087277550250292,0.025340761989355087,-0.008777866140007973,-0.04947449639439583,-0.057442180812358856
train,1983-01,1983-02,-0.0007946582045406103,-0.01211960706859827,-0.003839165670797229,-0.011493228375911713,-0.020675266161561012,-0.008521653711795807,0.012723024003207684,0.00911722518503666
train,1983-02,1983-03,-0.0029623927548527718,-0.004639981314539909,-0.006196776404976845,-0.003589972387999296,-0.0205501988530159,0.0019181926036253572,0.012012269347906113,-0.005025235004723072
train,1983-03,1983-04,-0.005834855604916811,-0.0014751591952517629,0.006197426002472639,-8.494919165968895e-05,-0.009149758145213127,-0.0008535035303793848,0.002134060487151146,-0.002569659845903516
train,1983-04,1983-05,-0.02010711468756199,0.013315967284142971,0.03371158614754677,-0.002576463855803013,0.015750674530863762,-0.01821262761950493,-0.03434000909328461,-0.030073437839746475
train,1983-05,1983-06,-0.0030896139796823263,-0.0030659078620374203,0.012114841490983963,0.0035215935204178095,0.003684751223772764,-0.00788369681686163,-0.003032481065019965,-0.009943191893398762
train,1983-06,1983-07,-0.010429808869957924,0.005426560062915087,-0.009047351777553558,-0.021632609888911247,-0.02455417811870575,0.011583011597394943,0.00864639226347208,-0.012469863519072533
train,1983-07,1983-08,0.0038644131273031235,0.0014153041411191225,-0.020797811448574066,-0.004438979551196098,-0.00995473563671112,0.007774551399052143,0.016563592478632927,0.002630912233144045
train,1983-08,1983-09,0.010099249891936779,-0.00675560999661684,-0.023842452093958855,-0.0028893754351884127,-0.01912594959139824,0.007341453805565834,0.02836778573691845,0.015623221173882484
train,1983-09,1983-10,-0.006835768464952707,-0.0042331526055932045,-0.029441898688673973,-0.025141175836324692,-0.03243786841630936,0.016554465517401695,0.028024515137076378,-0.004045155830681324
train,1983-10,1983-11,0.017828211188316345,-0.011758910492062569,-0.010561364702880383,0.013961955904960632,0.006149182096123695,-0.009556449949741364,0.0043451800011098385,0.02526048757135868
train,1983-11,1983-12,-0.0008575584506615996,-0.004374222364276648,-0.016970409080386162,-0.012782827951014042,-0.01791994832456112,0.0024988886434584856,0.017267601564526558,0.0016867356607690454
train,1983-12,1984-01,-0.020591210573911667,0.002943129511550069,-0.00465997401624918,-0.019113784655928612,-0.018715590238571167,0.0069238836877048016,0.0013761529698967934,-0.024872153997421265
train,1984-01,1984-02,-0.004167262464761734,-0.0014339733170345426,-0.013605684041976929,-0.011703251861035824,-0.01533472165465355,0.010531177744269371,0.01736917532980442,-0.006932877469807863
train,1984-02,1984-03,-0.0018159036990255117,-0.00962582416832447,-0.013523904606699944,-0.006120208650827408,-0.0076715233735740185,-0.001045887591317296,0.012552503496408463,-0.0027939428109675646
train,1984-03,1984-04,0.009332451969385147,-0.00393597362563014,-0.014323277398943901,0.00010523496894165874,-0.009796117432415485,0.0010229648323729634,0.01957910880446434,0.011684132739901543
train,1984-04,1984-05,0.007799725979566574,-0.0044705672189593315,-0.011282508261501789,-0.005785077810287476,-0.01857846975326538,0.001662914059124887,0.018568024039268494,-0.0013121777446940541
train,1984-05,1984-06,0.013214325532317162,-0.005081635434180498,-0.008488320745527744,0.00597947183996439,0.003254953771829605,-0.012349499389529228,0.004877509083598852,0.01650942675769329
train,1984-06,1984-07,0.013612296432256699,-0.008763667196035385,-0.021468188613653183,-0.0024616611190140247,-0.025899790227413177,0.013053953647613525,0.02901238389313221,0.015439646318554878
train,1984-07,1984-08,0.01775401458144188,-0.006481211632490158,-0.0037358785048127174,0.029246140271425247,0.030400877818465233,-0.020309533923864365,-0.005415673833340406,0.023965053260326385
train,1984-08,1984-09,-0.003424865659326315,-0.006040671840310097,-0.015178734436631203,-0.011162154376506805,-0.025944668799638748,0.011268198490142822,0.01918017491698265,0.0007778012659400702
train,1984-09,1984-10,0.018976552411913872,-0.011745400726795197,-0.020559336990118027,0.00408447440713644,-0.021753665059804916,0.010762255638837814,0.02921738289296627,0.02388010174036026
train,1984-10,1984-11,0.010700863786041737,-0.009420027956366539,-0.021016797050833702,-0.0029368337709456682,-0.025814710184931755,0.011068109422922134,0.02982693538069725,0.01642441190779209
train,1984-11,1984-12,0.01463667768985033,-0.00696292519569397,-0.011651392094790936,0.008649084717035294,-0.0008595711551606655,-0.001569924526847899,0.012766978703439236,0.01673329994082451
train,1984-12,1985-01,0.0012532591354101896,0.015412840992212296,0.031839046627283096,0.02707102708518505,0.03603394702076912,-0.023356962949037552,-0.0348917581140995,0.015889238566160202
train,1985-01,1985-02,-0.016996260732412338,0.013782685622572899,0.018405448645353317,-0.003913865424692631,-0.0049950312823057175,-0.003594873007386923,-0.012683950364589691,-0.01902799867093563
train,1985-02,1985-03,-0.0003647538833320141,-0.007730019278824329,-0.015252145007252693,-0.003260095603764057,-0.023670565336942673,0.016355693340301514,0.022298358380794525,-0.0037632870953530073
train,1985-03,1985-04,0.005095210857689381,-0.004714529495686293,-0.01565678045153618,-0.004963986575603485,-0.022786812856793404,0.01319837011396885,0.02311159297823906,0.003577594179660082
train,1985-04,1985-05,0.018980082124471664,-0.01027816440910101,-0.016830068081617355,0.01573910005390644,0.0020607931073755026,-0.0019021976040676236,0.017727654427289963,0.01749182678759098
train,1985-05,1985-06,0.013574802316725254,-0.004108477849513292,-0.013759064488112926,0.0026608745101839304,-0.010652096942067146,0.0029417674522846937,0.015590408816933632,0.014179842546582222
train,1985-06,1985-07,-0.001029842416755855,0.003011538414284587,0.0048166015185415745,-0.0028091068379580975,0.0001113091129809618,-0.005835856776684523,0.0013962225057184696,0.0021462019067257643
train,1985-07,1985-08,-0.0024437839165329933,0.0005615578265860677,-0.005458185914903879,-0.005693307612091303,-0.013802369125187397,0.0076225572265684605,0.009313049726188183,0.001973796868696809
train,1985-08,1985-09,0.0031091533601284027,-0.0029561733826994896,-0.02075723558664322,-0.014759897254407406,-0.022858377546072006,0.005899439565837383,0.02382330782711506,0.0007622124394401908
train,1985-09,1985-10,0.021031808108091354,-0.016228847205638885,-0.022975631058216095,0.012142566032707691,-0.004318155813962221,0.003355965483933687,0.02275915816426277,0.024082886055111885
train,1985-10,1985-11,0.017404016107320786,-0.0034658536314964294,-0.006882731337100267,0.015380392782390118,0.006848579738289118,-0.0061151329427957535,0.008881280198693275,0.021153230220079422
train,1985-11,1985-12,0.01302278134971857,0.0001378983724862337,-0.002242004033178091,0.008877907879650593,0.0030965986661612988,-0.006268496159464121,0.0070874933153390884,0.022234607487916946
train,1985-12,1986-01,-0.014842811971902847,0.008412279188632965,0.020924314856529236,-0.0009870785288512707,-0.006571292877197266,-0.003975856117904186,-0.015617681667208672,-0.008452429436147213
train,1986-01,1986-02,0.0064989058300852776,-0.010097581893205643,-0.006025158800184727,0.012915384024381638,0.0009741986868903041,-0.0012302342802286148,0.010032487101852894,0.015539206564426422
train,1986-02,1986-03,0.00017771031707525253,-0.006417906377464533,-0.007554909680038691,0.003952844068408012,-0.0054939985275268555,0.00026918877847492695,0.004618448205292225,3.0109018553048372e-05
train,1986-03,1986-04,-0.003515843767672777,0.012948445044457912,0.0122821731492877,-0.006685047876089811,-0.0023325826041400433,-0.007224253378808498,-0.004497845657169819,0.0018978678854182363
train,1986-04,1986-05,0.009911846369504929,-0.003056585555896163,-0.004975462332367897,0.007772296667098999,-0.0030136341229081154,0.0033565883059054613,0.010349197313189507,0.004697847180068493
train,1986-05,1986-06,0.007646995596587658,-0.0029391967691481113,-0.005192093551158905,0.004166579805314541,-0.020667320117354393,0.015794163569808006,0.01930571347475052,0.0034574889577925205
train,1986-06,1986-07,-0.0019666277803480625,-0.0022312914952635765,-0.01802404224872589,-0.012551729567348957,-0.027171805500984192,0.018144913017749786,0.024510188028216362,-0.006762269418686628
train,1986-07,1986-08,0.011162688955664635,-0.009601801633834839,-0.02579570561647415,0.014293425716459751,0.005410074256360531,0.0056289369240403175,0.017273958772420883,0.011736875399947166
train,1986-08,1986-09,-0.009827390313148499,-0.001598140923306346,-0.011323792859911919,-0.016714125871658325,-0.015534000471234322,0.0041727288626134396,0.008421661332249641,-0.012967139482498169
train,1986-09,1986-10,0.01763695478439331,-0.00830267183482647,-0.007613000459969044,0.018504921346902847,0.0118327671661973,-0.009698671288788319,0.008372996002435684,0.016238126903772354
train,1986-10,1986-11,0.010110422968864441,-0.0033852248452603817,-0.0067597730085253716,0.00789646152406931,0.003655383363366127,-0.006450720131397247,0.00732111232355237,0.011140134185552597
train,1986-11,1986-12,0.003370406338945031,-0.005257364362478256,-0.013371632434427738,-0.0016885222867131233,-0.007147236727178097,-0.0004445327213034034,0.01159251295030117,0.006086146458983421
train,1986-12,1987-01,0.0014238953590393066,0.009083323180675507,0.00896954070776701,0.002667187713086605,0.014492479152977467,-0.013809571042656898,-0.017329461872577667,-0.002437432063743472
train,1987-01,1987-02,-0.0075098564848303795,0.00390567141585052,0.01702008955180645,0.004080902319401503,0.01748962327837944,-0.021299200132489204,-0.015378287993371487,-0.0017723186174407601
train,1987-02,1987-03,-0.013615591451525688,-0.0019940920174121857,-0.0008023583795875311,-0.01595030352473259,-0.014473420567810535,0.0011152925435453653,0.004486351273953915,-0.026812920346856117
train,1987-03,1987-04,-0.012118414044380188,-0.002086369786411524,-0.0002885059220716357,-0.012793604284524918,-0.0061806123703718185,-0.003678592387586832,0.0039639244787395,-0.014139141887426376
train,1987-04,1987-05,-0.00375563302077353,-0.005872813519090414,-0.008225947618484497,-0.009245581924915314,0.003198898397386074,-0.011098617687821388,0.0019070295384153724,-0.011635406874120235
train,1987-05,1987-06,0.012114488519728184,-0.008978649042546749,-0.015705332159996033,0.008201485499739647,-0.0017641100566834211,0.001510482281446457,0.012977762147784233,0.005154016427695751
train,1987-06,1987-07,-0.004471755586564541,-0.011377035640180111,-0.01379318442195654,-0.007957644760608673,-0.004932644311338663,-0.005825400352478027,0.005836976692080498,-0.018232116475701332
train,1987-07,1987-08,0.010065830312669277,-0.003454263787716627,-0.00831783190369606,0.01011543907225132,0.0008066531736403704,-0.001475090510211885,0.011752771213650703,0.01820908486843109
train,1987-08,1987-09,-0.0009668582933954895,-0.005427587311714888,-0.0034169727005064487,-0.0012952986871823668,-0.0016751319635659456,-0.007017666939646006,0.0045211161486804485,-0.0030187710653990507
train,1987-09,1987-10,-0.010228611528873444,0.010708065703511238,-0.02488825097680092,-0.026843901723623276,-0.05316039174795151,0.03671049699187279,0.03718939423561096,-0.013413137756288052
train,1987-10,1987-11,-0.00351454084739089,-0.007989567704498768,-0.014242859557271004,-0.011113116517663002,-0.02129599079489708,0.009909428656101227,0.025090396404266357,-0.0027060348074883223
train,1987-11,1987-12,0.05046121031045914,-0.021889660507440567,-0.019145546481013298,0.044397853314876556,0.03226941078901291,-0.017022032290697098,0.01828516460955143,0.05415770038962364
train,1987-12,1988-01,-0.02509496547281742,0.009817409329116344,0.01719396561384201,-0.0017865641275420785,-0.0019504210213199258,0.003612145781517029,-0.025762982666492462,-0.020021431148052216
train,1988-01,1988-02,0.014093983918428421,0.0007402945775538683,0.001954844454303384,0.016653623431921005,0.022110525518655777,-0.013759279623627663,-0.009489827789366245,0.012693461962044239
train,1988-02,1988-03,-0.00603496003895998,0.001232808455824852,0.005566606298089027,-0.006520550698041916,0.0012295020278543234,-0.010313909500837326,-0.003784230910241604,-0.008534500375390053
train,1988-03,1988-04,-0.0023850237485021353,-0.004216728266328573,0.00018975147395394742,0.0012311467435210943,0.000175172695890069,-0.0031816568225622177,0.0011701148469001055,-0.002575124381110072
train,1988-04,1988-05,0.00010319886496290565,-0.005643006879836321,-0.011879042722284794,-0.0013899015029892325,-0.014408263377845287,0.010594973340630531,0.016469888389110565,-0.0007224965374916792
train,1988-05,1988-06,0.013198519125580788,-0.008849596604704857,-0.0066452110186219215,0.015538131818175316,0.010959061793982983,-0.007403826806694269,0.0057811615988612175,0.014997784979641438
train,1988-06,1988-07,-0.006997828371822834,0.008382161147892475,0.005508262198418379,-0.007913530804216862,-0.00981631688773632,0.00448241364210844,-0.005689718294888735,-0.009184729307889938
train,1988-07,1988-08,-0.000743535696528852,-0.00043277424992993474,-0.006972548086196184,-0.0035491259768605232,-0.014899135567247868,0.007349452935159206,0.012055017054080963,0.0004301224835216999
train,1988-08,1988-09,0.010396894067525864,-0.0057715908624231815,-0.006593313999474049,0.008625250309705734,0.0034798365086317062,-0.00413540517911315,0.006787119433283806,0.011185241863131523
train,1988-09,1988-10,0.01337452232837677,-0.008754407986998558,-0.017222952097654343,0.004713571630418301,-0.014732285402715206,0.007377686910331249,0.021238695830106735,0.010510752908885479
train,1988-10,1988-11,0.007792609743773937,-0.004928806331008673,-0.014853481203317642,0.002040123101323843,-0.011514635756611824,0.01050602551549673,0.017639145255088806,0.011226126924157143
train,1988-11,1988-12,0.013588624075055122,-0.00867158081382513,-0.0044739642180502415,0.015033150091767311,0.017872055992484093,-0.0176991056650877,0.0018036223482340574,0.017977245151996613
train,1988-12,1989-01,-0.005733206868171692,0.0014296413864940405,0.008496258407831192,0.0031928131356835365,0.007008370477706194,-0.011601830832660198,-0.0185201708227396,-0.011893550865352154
train,1989-01,1989-02,-0.0007585908751934767,-0.0015460937283933163,-0.005046428646892309,-0.0005959739210084081,-0.004393626004457474,-0.003879972267895937,0.0059770685620605946,-0.0016641481779515743
train,1989-02,1989-03,0.004127859137952328,-0.006517407018691301,-0.009693888947367668,0.00028751103673130274,-0.005154186859726906,-0.00469228345900774,0.009105533361434937,0.0018224145751446486
train,1989-03,1989-04,0.012578006833791733,-0.011258631944656372,-0.01130248699337244,0.010951627977192402,0.005884864833205938,-0.006798530928790569,0.009959827177226543,0.01153655257076025
train,1989-04,1989-05,0.0066467346623539925,-0.0012025637552142143,-0.007050865795463324,0.0031776553951203823,0.0050376420840620995,-0.011698590591549873,0.003984621725976467,0.007559109013527632
train,1989-05,1989-06,-0.00704584363847971,0.0028514498844742775,-0.010460110381245613,-0.007238682359457016,-0.020125020295381546,0.011491630226373672,0.009449688717722893,-0.010197138413786888
train,1989-06,1989-07,0.01767822727560997,-0.01202780194580555,-0.016300372779369354,0.011127252131700516,8.940312545746565e-05,0.0017080411780625582,0.022725272923707962,0.015843205153942108
train,1989-07,1989-08,0.00735490582883358,-0.00326646794565022,-0.004391220398247242,0.007957858964800835,-0.0017700411844998598,0.000993965077213943,0.008774176239967346,0.012417491525411606
train,1989-08,1989-09,-0.006052527576684952,0.004454559646546841,0.004395733121782541,-0.007325295824557543,-0.0028609992004930973,-0.006665620021522045,0.00025940965861082077,-0.0031858766451478004
train,1989-09,1989-10,-0.0016918577020987868,0.004231373779475689,-0.008866317570209503,-0.01685042679309845,-0.009066111408174038,-0.0015974696725606918,0.014249579049646854,-0.008796398527920246
train,1989-10,1989-11,0.015346345491707325,-0.007874947972595692,-0.015903212130069733,0.006130937486886978,0.0016852917615324259,0.0005730398697778583,0.01877184771001339,0.008404126390814781
train,1989-11,1989-12,0.017769213765859604,-0.01334859523922205,-0.019526241347193718,0.0069161998108029366,0.005614584777504206,-0.009751023724675179,0.018160561099648476,0.008921027183532715
train,1989-12,1990-01,-0.029376478865742683,0.01847875490784645,0.014074178412556648,-0.029544465243816376,-0.019220387563109398,-0.0002772954758256674,-0.011012827046215534,-0.03963285684585571
train,1990-01,1990-02,0.00012243847595527768,0.001064938958734274,0.0009131282567977905,0.00267659779638052,0.008018942549824715,-0.010235249996185303,-0.003180178813636303,-0.0008036613580770791
train,1990-02,1990-03,0.011788951233029366,-0.003371074330061674,0.0021203800570219755,0.009694207459688187,0.018123110756278038,-0.02298206277191639,-0.001819354249164462,0.00838271714746952
train,1990-03,1990-04,-0.00558021105825901,0.0028724975418299437,0.003814602503553033,-0.01054137572646141,-0.0004249964840710163,-0.006352695636451244,-5.5110431276261806e-05,-0.012298681773245335
train,1990-04,1990-05,0.021876845508813858,-0.013887407258152962,-0.007727275602519512,0.022702202200889587,0.03103114850819111,-0.022065699100494385,0.00658117700368166,0.015653690323233604
train,1990-05,1990-06,-0.006332363933324814,0.0024335545022040606,0.0028648285660892725,-0.01249716803431511,0.0031299174297600985,-0.01382792741060257,-0.0011302400380373001,-0.011785264126956463
train,1990-06,1990-07,-0.0027603867929428816,-0.005064047407358885,-0.009265334345400333,-0.005325808189809322,-0.009607333689928055,0.0014595503453165293,0.011888157576322556,-0.015270782634615898
train,1990-07,1990-08,-0.0123190488666296,-0.004359164275228977,-0.017718486487865448,-0.01612156629562378,-0.03031551092863083,0.016468379646539688,0.024426350370049477,-0.017510805279016495
train,1990-08,1990-09,-0.006786076817661524,-0.0021890620701014996,-0.011130032129585743,-0.02001131698489189,-0.01980787143111229,0.001893901382572949,0.01858595758676529,-0.01964566297829151
train,1990-09,1990-10,0.008367564529180527,-0.010997766628861427,-0.019096901640295982,-0.0035123382695019245,-0.004063584841787815,-0.002425490878522396,0.02395499497652054,0.004589846357703209
train,1990-10,1990-11,0.030381977558135986,-0.008294310420751572,-0.018851466476917267,0.03655960410833359,0.03393366187810898,-0.006103309337049723,0.010036831721663475,0.04014552757143974
train,1990-11,1990-12,0.029641443863511086,-0.019404953345656395,-0.030706176534295082,0.018498633056879044,0.006888191215693951,-0.006680145859718323,0.03417995572090149,0.032772913575172424
train,1990-12,1991-01,-0.0048372200690209866,0.010729936882853508,0.032018620520830154,0.02348647452890873,0.04130539670586586,-0.037073396146297455,-0.053091973066329956,0.01762370578944683
train,1991-01,1991-02,-0.018398985266685486,0.02226739376783371,0.039946943521499634,0.01561749167740345,0.02462366223335266,-0.015545987524092197,-0.05498860776424408,-0.006802993826568127
train,1991-02,1991-03,-0.016111725941300392,0.012128880247473717,0.03125373274087906,-0.005916939582675695,0.007548714522272348,-0.025152871385216713,-0.035437557846307755,-0.011300274170935154
train,1991-03,1991-04,-0.015977054834365845,0.01058158278465271,0.01565522514283657,-0.014515555463731289,-0.014415198005735874,-0.0036239491309970617,-0.009759977459907532,-0.018383488059043884
train,1991-04,1991-05,0.010316550731658936,-0.008992554619908333,-0.010596717707812786,0.0079573979601264,-0.003465204034000635,-0.002199281472712755,0.012820933014154434,0.0032713490072637796
train,1991-05,1991-06,-0.007842376828193665,0.0038053407333791256,-0.003161665517836809,-0.01620878465473652,-0.017734089866280556,0.007638030219823122,0.0025443299673497677,-0.018732085824012756
train,1991-06,1991-07,-0.0028650802560150623,-0.0072481087408959866,-0.0024834885261952877,0.008364823646843433,-6.943882908672094e-05,0.003422660520300269,0.01079152338206768,-0.0025225768331438303
train,1991-07,1991-08,-0.004779329057782888,-0.0031115254387259483,0.0006695867050439119,-6.610434502363205e-05,0.0009159092442132533,-0.006861711852252483,-0.0006656065816059709,-0.002577747218310833
train,1991-08,1991-09,-0.003905240446329117,0.006014514714479446,0.010612905025482178,-0.007888369262218475,0.0011559776030480862,-0.010070141404867172,-0.002215386601164937,-0.009764466434717178
train,1991-09,1991-10,-0.006013853009790182,0.0029812068678438663,0.008158131502568722,-0.005588434170931578,0.0015130561077967286,-0.009731980040669441,-0.004311359021812677,-0.003703607711941004
train,1991-10,1991-11,-0.012255803681910038,0.005355971399694681,0.0031963279470801353,-0.023139776661992073,-0.01563292182981968,-0.003887003753334284,0.0013622613623738289,-0.015704404562711716
train,1991-11,1991-12,0.03541029244661331,-0.027855699881911278,-0.028385702520608902,0.03699354827404022,0.024750929325819016,-0.005601923447102308,0.033105846494436264,0.04210074618458748
train,1991-12,1992-01,-0.06947778165340424,0.040250927209854126,0.09657017886638641,-0.018059782683849335,0.00442525465041399,-0.03649623692035675,-0.12063702195882797,-0.06522578001022339
train,1992-01,1992-02,-0.014770077541470528,0.005817210767418146,0.01610194332897663,-0.002748244907706976,-0.01308531779795885,-0.006871460471302271,-0.02466207556426525,-0.011765560135245323
train,1992-02,1992-03,-0.015377194620668888,-0.003459339961409569,-0.008858287706971169,-0.01659645140171051,-0.026324570178985596,0.012915288098156452,0.013079915195703506,-0.023530317470431328
train,1992-03,1992-04,-0.0007195400539785624,-0.005167508497834206,-0.029304463416337967,-0.0029527421575039625,-0.026908647269010544,0.025853533297777176,0.03252027556300163,0.0024387333542108536
train,1992-04,1992-05,-0.006927973590791225,-0.004331273026764393,-0.009534575045108795,-0.0036284709349274635,-0.00774735352024436,0.006227665115147829,0.008359163999557495,-0.0006389845511876047
train,1992-05,1992-06,-0.008075645193457603,-0.0030928433407098055,-0.01868778094649315,-0.013998177833855152,-0.026323556900024414,0.020034104585647583,0.021762052550911903,-0.00816978421062231
train,1992-06,1992-07,0.005983810406178236,-0.001772334799170494,-0.007996194995939732,0.00572991231456399,-0.010005362331867218,0.008975950069725513,0.012002594769001007,0.011214553378522396
train,1992-07,1992-08,0.006857237312942743,0.00888124294579029,-0.004117786884307861,-0.004450585693120956,-0.012117978185415268,0.005237133242189884,0.008700544014573097,0.004102314822375774
train,1992-08,1992-09,0.005737511441111565,-0.0041818926110863686,-0.0038777494337409735,0.003231228329241276,-0.0014552974607795477,-0.001490374212153256,0.007423664443194866,0.004103117622435093
train,1992-09,1992-10,0.007407066412270069,0.00223838584497571,0.0056059821508824825,0.009226884692907333,0.007106660399585962,-0.009495159611105919,0.0004931201692670584,0.012071605771780014
train,1992-10,1992-11,0.000300336629152298,0.005654137581586838,0.02302284725010395,0.012581773102283478,0.018931908532977104,-0.021435726433992386,-0.017608577385544777,0.017588868737220764
train,1992-11,1992-12,-0.0001566142018418759,-0.007565504405647516,-4.6581728383898735e-05,0.006126414518803358,-0.012136710807681084,0.004262799397110939,0.0036027918104082346,0.00605723587796092
train,1992-12,1993-01,-0.022904761135578156,0.014824907295405865,0.027692994102835655,-0.003196858102455735,-0.01686698943376541,-0.00045700487680733204,-0.02787090092897415,-0.018063470721244812
train,1993-01,1993-02,-0.0056883967481553555,-0.01062682643532753,-0.024940673261880875,-0.0050818659365177155,-0.031583432108163834,0.021019253879785538,0.018459418788552284,-0.016092214733362198
train,1993-02,1993-03,0.0030234558507800102,-0.008241461589932442,-0.0044664377346634865,0.007292289286851883,-0.012328002601861954,0.007707200013101101,0.009562023915350437,-0.00013046176172792912
train,1993-03,1993-04,-0.012367773801088333,0.0029174285009503365,-0.0004308216739445925,-0.015790127217769623,-0.015979334712028503,0.004278362262994051,0.0009267706191167235,-0.01741791144013405
train,1993-04,1993-05,-0.005896120797842741,0.0003104850184172392,0.008417125791311264,-0.0017497261287644506,0.020506776869297028,-0.021374542266130447,-0.013717777095735073,-0.007836053147912025
train,1993-05,1993-06,-0.009075779467821121,-0.008828993886709213,-0.004913904704153538,-0.009265960194170475,-0.013424449600279331,-0.0016653853235766292,0.004328045062720776,-0.011478626169264317
train,1993-06,1993-07,-0.004969852510839701,-0.003442957065999508,-0.005040918011218309,-0.0012717980425804853,-0.020014142617583275,0.010153534822165966,0.010049769654870033,-0.003542502410709858
train,1993-07,1993-08,0.0006950490642338991,0.002669858280569315,0.003759147599339485,0.003695849794894457,0.0065720113925635815,-0.003756643971428275,-0.0028702416457235813,-0.0014265177305787802
train,1993-08,1993-09,-0.006613045930862427,0.0013616008218377829,0.010441672056913376,4.759221337735653e-05,-0.004899418447166681,-0.0058889142237603664,-0.004326598718762398,-0.002045671921223402
train,1993-09,1993-10,-0.00971410796046257,0.011093078181147575,0.018057862296700478,-0.004402896389365196,0.008022160269320011,-0.01922629401087761,-0.022452767938375473,-0.003510827198624611
train,1993-10,1993-11,0.0013203900307416916,0.0051064034923911095,-0.001085404073819518,-0.003386193886399269,-0.002612910233438015,-0.005598883610218763,-0.0009062478202395141,0.002150752814486623
train,1993-11,1993-12,0.018095895648002625,-0.008092107251286507,-0.017033640295267105,0.00993224699050188,-0.004722879733890295,0.0020988667383790016,0.020101210102438927,0.018577925860881805
train,1993-12,1994-01,-0.012890733778476715,0.003633953630924225,0.010826809331774712,-0.0045205214992165565,0.0007833901327103376,-0.0077886153012514114,-0.017444714903831482,-0.012060470879077911
train,1994-01,1994-02,0.00036807882133871317,0.004052390344440937,0.0017553979996591806,-0.004340785555541515,-0.002971384208649397,-0.00852951593697071,-0.002336326288059354,2.141878940165043e-05
train,1994-02,1994-03,-0.007218275219202042,0.0029802359640598297,-0.0014469249872490764,-0.005844548810273409,-0.011704822070896626,0.007168533280491829,0.0034455289132893085,-0.0021619824692606926
train,1994-03,1994-04,0.008565200492739677,-0.012247073464095592,-0.022186847403645515,0.005135370418429375,-0.019224978983402252,0.010074188932776451,0.02696043998003006,0.009522506967186928
train,1994-04,1994-05,-0.004961506463587284,-0.0013342885067686439,-0.0057959831319749355,-0.0032754200510680676,-0.012141588144004345,0.005224949214607477,0.006821699906140566,-0.003270154818892479
train,1994-05,1994-06,-0.007194502744823694,0.0014153888914734125,-0.014195958152413368,-0.013871490955352783,-0.02861713618040085,0.018544809892773628,0.020317289978265762,-0.007135156542062759
train,1994-06,1994-07,0.003801885060966015,-0.010609732940793037,-0.00917837768793106,0.007502223365008831,-0.0006533909472636878,0.00461364584043622,0.009007391519844532,0.005202159285545349
train,1994-07,1994-08,0.007908840663731098,0.0037306020967662334,0.005156154744327068,0.012693868950009346,0.015503769740462303,-0.013733264058828354,-0.0004355825367383659,0.016249001026153564
train,1994-08,1994-09,-0.00438954122364521,0.00568378996104002,0.010582342743873596,-0.006578929256647825,-0.0024165569338947535,-0.010524339973926544,-0.004357346333563328,-0.001511319656856358
train,1994-09,1994-10,0.0029796657618135214,0.0018397864187136292,0.0018885466270148754,0.0013130411971360445,0.0011019486701115966,-0.009733748622238636,0.005156328901648521,0.006272755563259125
train,1994-10,1994-11,7.429154356941581e-05,-0.0010965133551508188,-0.007189250085502863,-0.006768800318241119,0.00021349394228309393,-0.01028528157621622,0.009503987617790699,0.0038116981741040945
train,1994-11,1994-12,0.020341210067272186,-0.017719775438308716,-0.026566078886389732,0.014160744845867157,-0.012860290706157684,0.006240205839276314,0.02789435163140297,0.01569739170372486
train,1994-12,1995-01,-0.018350962549448013,0.016847064718604088,0.016296889632940292,-0.009931969456374645,9.649794083088636e-05,-0.009570438414812088,-0.021262768656015396,-0.014696842059493065
train,1995-01,1995-02,0.006075313314795494,-0.003979066852480173,-0.00837241392582655,0.007305979263037443,0.0005450257449410856,-0.0037884449120610952,0.005949756130576134,0.009487418457865715
train,1995-02,1995-03,0.0025735991075634956,0.0009169625118374825,0.0032004830427467823,0.003247275948524475,0.0022882032208144665,-0.005325917154550552,0.0019717514514923096,0.006158101372420788
train,1995-03,1995-04,-0.007046185899525881,-0.001775406883098185,-0.0011587031185626984,-0.0013653746573254466,-0.0020063803531229496,-0.0021397676318883896,0.001913845888338983,0.001963687827810645
train,1995-04,1995-05,-0.00450321938842535,-0.0012049195356667042,-0.009144922718405724,-0.005880857817828655,-0.002728728111833334,-0.005143726244568825,0.00720563717186451,0.00010297831613570452
train,1995-05,1995-06,-0.008397454395890236,0.010024030692875385,0.02419389970600605,0.00030499015701934695,0.02004377171397209,-0.02377035655081272,-0.019185643643140793,0.006043342873454094
train,1995-06,1995-07,-0.003271863330155611,0.009100580587983131,0.0195841733366251,0.0025992989540100098,0.015198145061731339,-0.01703670434653759,-0.015348585322499275,0.006351482588797808
train,1995-07,1995-08,-0.021022865548729897,-0.0022893925197422504,-0.0026028412394225597,-0.01805903948843479,-0.010569007135927677,-0.004973276983946562,-0.00017225276678800583,-0.015200968831777573
train,1995-08,1995-09,-0.009683066047728062,0.0038022673688828945,0.0040860651060938835,-0.012562179006636143,-0.0015773680061101913,-0.008731483481824398,-0.005471392534673214,-0.009266221895813942
train,1995-09,1995-10,-0.0012262893142178655,-0.010700725018978119,-0.02540828101336956,-0.008613435551524162,-0.0296067725867033,0.017797023057937622,0.032498061656951904,0.002340432722121477
train,1995-10,1995-11,0.01703803613781929,-0.012444546446204185,-0.019103579223155975,0.01438844483345747,-0.0044242809526622295,0.008849946781992912,0.024894563481211662,0.019691836088895798
train,1995-11,1995-12,-0.007582704070955515,-0.01129167526960373,-0.01900472119450569,-0.011807166039943695,-0.01185852475464344,0.0014495177892968059,0.01920178532600403,-0.007013656198978424
train,1995-12,1996-01,-0.02660093456506729,0.009631442837417126,0.0087840361520648,-0.014105487614870071,-0.002275575650855899,-0.004272405058145523,-0.014722416177392006,-0.03166699409484863
train,1996-01,1996-02,-0.00700316671282053,0.008047415874898434,0.016351398080587387,0.00010835216380655766,0.011010964401066303,-0.01426687277853489,-0.01500258781015873,-0.003113775746896863
train,1996-02,1996-03,0.0033337820786982775,0.0035024273674935102,0.00604036170989275,0.002025132067501545,0.0009311160538345575,-0.006328716408461332,-0.006513871718198061,-0.003198217134922743
train,1996-03,1996-04,-0.001129833864979446,0.021448474377393723,0.03517761081457138,0.010742015205323696,0.030302394181489944,-0.03354893624782562,-0.03358624503016472,0.017017358914017677
train,1996-04,1996-05,-0.021907955408096313,0.02529039978981018,0.04265909641981125,-0.010975989513099194,0.01886836625635624,-0.029912665486335754,-0.04428650438785553,-0.010866975411772728
train,1996-05,1996-06,0.006514457985758781,-0.015267470851540565,-0.030627932399511337,-0.005126368720084429,-0.03529403358697891,0.021467119455337524,0.027834592387080193,-0.011113904416561127
train,1996-06,1996-07,0.010852979496121407,-0.024882694706320763,-0.045738790184259415,0.0021561691537499428,-0.03716522455215454,0.027459779754281044,0.04444011300802231,-0.002765956101939082
train,1996-07,1996-08,0.006756093353033066,-0.003683758433908224,0.0011448642471805215,0.012414311058819294,0.005134126171469688,-0.0005821508239023387,0.0032397331669926643,0.010961724445223808
train,1996-08,1996-09,0.010563073679804802,-0.00018459383863955736,-0.0005902299890294671,0.011938031762838364,0.003171598305925727,-0.0023604324087500572,0.0038185594603419304,0.016166096553206444
train,1996-09,1996-10,0.008954444900155067,-0.028352100402116776,-0.044656120240688324,0.001700312364846468,-0.033949870616197586,0.020236998796463013,0.04506250470876694,0.0046394928358495235
train,1996-10,1996-11,0.009399518370628357,-0.014240332879126072,-0.023719975724816322,0.011376943439245224,-0.003265786450356245,0.007005892228335142,0.021247543394565582,0.014883523806929588
train,1996-11,1996-12,0.009195474907755852,-0.012589966878294945,-0.021432898938655853,-0.0003712777979671955,-0.016457993537187576,0.004040866624563932,0.024161044508218765,0.014350606128573418
train,1996-12,1997-01,-0.02238665521144867,0.015806827694177628,0.03001658245921135,-0.004488813690841198,0.014069144614040852,-0.012816989794373512,-0.030909305438399315,-0.017556047067046165
train,1997-01,1997-02,-0.010171366855502129,-0.01804063655436039,-0.03369676321744919,-0.014357542619109154,-0.03750205785036087,0.024637367576360703,0.028492704033851624,-0.024251848459243774
train,1997-02,1997-03,0.007614051923155785,-0.01891566999256611,-0.03319777175784111,-0.0006061806343495846,-0.03162340819835663,0.020256754010915756,0.03269943967461586,-0.0075328154489398
train,1997-03,1997-04,0.021298866719007492,-0.01939648762345314,-0.029691703617572784,0.013230433687567711,-0.015278885141015053,0.013104989193379879,0.03007926419377327,0.00864163413643837
train,1997-04,1997-05,0.01847548969089985,0.0133246760815382,0.020460858941078186,0.026896227151155472,0.03831048309803009,-0.023220958188176155,-0.016735393553972244,0.03783092647790909
train,1997-05,1997-06,0.006330198608338833,-0.012548217549920082,-0.015876010060310364,0.005088860169053078,-0.020764630287885666,0.013653939589858055,0.019666161388158798,-0.0002739614574238658
train,1997-06,1997-07,0.013911952264606953,-0.007711511105298996,-0.007358473725616932,0.013812819495797157,0.005710745230317116,-0.002906268462538719,0.006264925934374332,0.018557168543338776
train,1997-07,1997-08,-0.01146733108907938,0.008824809454381466,0.017822008579969406,-0.003504297463223338,0.009839017875492573,-0.014551665633916855,-0.0159464068710804,-0.0005953993531875312
train,1997-08,1997-09,-0.01564723066985607,0.00021780957467854023,0.0066984607838094234,-0.004727838560938835,-0.0006605404196307063,-0.005689553450793028,-0.004123560152947903,-0.0041756536811590195
train,1997-09,1997-10,-0.014295253902673721,-0.008337385952472687,-0.01236504316329956,-0.01490398496389389,-0.026495644822716713,0.01250113733112812,0.00865225214511156,-0.02542189694941044
train,1997-10,1997-11,0.01842181198298931,-0.024356890469789505,-0.03952883183956146,0.009380578063428402,-0.03210887312889099,0.02519679069519043,0.044043101370334625,0.011052897199988365
train,1997-11,1997-12,0.02484176680445671,-0.042288508266210556,-0.07131602615118027,0.008957155048847198,-0.055212341248989105,0.04663383588194847,0.07461164891719818,0.010352744720876217
train,1997-12,1998-01,-0.015486983582377434,0.02358454465866089,0.030727874487638474,-0.005057888105511665,0.01608921028673649,-0.016209039837121964,-0.03675105422735214,-0.016399700194597244
train,1998-01,1998-02,0.009449940174818039,0.0026595136150717735,0.0033885089214891195,0.013915564864873886,0.011037249118089676,-0.007789093069732189,-0.0020706155337393284,0.013181245885789394
train,1998-02,1998-03,0.001657560933381319,-0.0015104695921763778,-0.00036442262353375554,-0.0007738551357761025,-0.006281282287091017,-0.0010920760687440634,0.0029943925328552723,-0.0017031405586749315
train,1998-03,1998-04,-0.004351748153567314,0.008670472539961338,0.013619502075016499,-0.0022662582341581583,-0.00024389242753386497,-0.011070512235164642,-0.014801979064941406,-0.00010571439634077251
train,1998-04,1998-05,-0.006162138655781746,-0.008643101900815964,-0.02045273967087269,-0.014827950857579708,-0.025128820911049843,0.014063015580177307,0.020433098077774048,-0.01458799559623003
train,1998-05,1998-06,0.028016645461320877,-0.02058623731136322,-0.023072855547070503,0.014011118561029434,-0.011397535912692547,0.006556013599038124,0.0282711423933506,0.015812205150723457
train,1998-06,1998-07,-0.010295501910150051,-0.0013075286988168955,-0.00999512430280447,-0.017491968348622322,-0.02202664315700531,0.008256212808191776,0.012402976863086224,-0.0180417038500309
train,1998-07,1998-08,0.005962061695754528,-0.01876475289463997,-0.048635710030794144,-0.011956771835684776,-0.04896719381213188,0.03463858366012573,0.049676284193992615,-0.008204810321331024
train,1998-08,1998-09,0.01067779865115881,-0.009527980349957943,-0.006021865643560886,0.01893271505832672,0.026697933673858643,-0.012021264992654324,0.007683086674660444,0.020425982773303986
train,1998-09,1998-10,0.0207903403788805,0.00735164899379015,0.0062348367646336555,0.02674156054854393,0.032414551824331284,-0.010983724147081375,-0.003693027189001441,0.036010805517435074
train,1998-10,1998-11,-0.021462175995111465,0.01858312264084816,0.0483822338283062,-0.002558711916208267,0.029634587466716766,-0.032571882009506226,-0.03486620634794235,0.0025582797825336456
train,1998-11,1998-12,0.02079901471734047,-0.0049193729646503925,0.004832190927118063,0.01796119101345539,0.012327976524829865,-0.010440570302307606,0.006546441465616226,0.024692293256521225
train,1998-12,1999-01,-0.057792626321315765,0.05310537666082382,0.07683207839727402,-0.03454066067934036,0.039263904094696045,-0.05404317378997803,-0.08416608721017838,-0.03362255543470383
train,1999-01,1999-02,-0.009569094516336918,-0.007369781844317913,-0.013735692948102951,-0.011368270963430405,-0.02930966205894947,0.01437549851834774,0.013178814202547073,-0.01654921844601631
train,1999-02,1999-03,0.007303315680474043,0.0031846242491155863,0.002477648202329874,0.020103473216295242,0.008747078478336334,0.005506947636604309,-0.0001389373792335391,0.0054086376912891865
train,1999-03,1999-04,0.006622891407459974,-0.0033264965750277042,0.00811827927827835,0.022970281541347504,0.01979607343673706,-0.008724207058548927,-0.014057737775146961,0.0044177682138979435
train,1999-04,1999-05,-0.006538341753184795,0.005708999931812286,0.01244358904659748,-0.006663428153842688,0.014491282403469086,-0.023156000301241875,-0.013493009842932224,0.001436564140021801
train,1999-05,1999-06,-0.0023692261893302202,1.991819590330124e-05,0.0007837301818653941,0.003041426418349147,0.015416298061609268,-0.011891569942235947,0.002103665843605995,0.010337157174944878
train,1999-06,1999-07,-0.020451117306947708,0.003882922697812319,0.00910187978297472,-0.017904769629240036,0.003379710717126727,-0.017051324248313904,-0.00948133785277605,-0.010360543616116047
train,1999-07,1999-08,-0.010972069576382637,-0.002242700196802616,-0.008069087751209736,-0.01358015090227127,-0.004270706791430712,-0.003627339145168662,0.015504840761423111,-9.006855543702841e-05
train,1999-08,1999-09,-0.0037991346325725317,0.009409267455339432,0.013636031188070774,-0.005829580128192902,0.012662775814533234,-0.014063936658203602,-0.008595741353929043,0.004731751047074795
train,1999-09,1999-10,-0.0046934993006289005,-0.0075151026248931885,-0.007490623742341995,0.0015936431009322405,-0.0023183587472885847,0.004682375583797693,0.014217504300177097,0.00799778662621975
train,1999-10,1999-11,-0.03279627114534378,0.045709047466516495,0.09006115049123764,-0.01571039855480194,0.06705193966627121,-0.07389452308416367,-0.08107001334428787,0.01013070810586214
train,1999-11,1999-12,-0.017998747527599335,0.034737806767225266,0.07265172153711319,-0.015143217518925667,0.06959829479455948,-0.08276303112506866,-0.06238792836666107,0.01620989292860031
validation,1999-12,2000-01,-0.08347446471452713,0.02996673807501793,0.0639135017991066,-0.06378436088562012,0.038722287863492966,-0.07047256827354431,-0.0774632915854454,-0.057889726012945175
validation,2000-01,2000-02,-0.11484531313180923,0.029415765777230263,0.11386363208293915,-0.0912405401468277,0.10922935605049133,-0.1366192102432251,-0.10379067063331604,-0.024774406105279922
validation,2000-02,2000-03,0.04900236427783966,-0.017875246703624725,-0.04010029509663582,0.04620107263326645,-0.012225434184074402,0.017637083306908607,0.038878291845321655,0.014018134213984013
validation,2000-03,2000-04,0.046551093459129333,-0.023811833932995796,-0.08736827969551086,0.03453264385461807,-0.04821949452161789,0.0508352629840374,0.08432859182357788,0.007418116554617882
validation,2000-04,2000-05,0.018003176897764206,-0.01478703785687685,-0.05741168558597565,0.005857713520526886,-0.04123254120349884,0.030574997887015343,0.05238989740610123,-0.014802723191678524
validation,2000-05,2000-06,-0.021236687898635864,0.021191241219639778,0.06048155948519707,-0.005273801740258932,0.047929052263498306,-0.040383972227573395,-0.038993798196315765,0.02607894316315651
validation,2000-06,2000-07,0.007698138244450092,-0.013646052218973637,-0.041005708277225494,-0.0062823109328746796,-0.034286562353372574,0.022232281044125557,0.03554994985461235,-0.011063341982662678
validation,2000-07,2000-08,0.0002938051475211978,-0.004960989113897085,0.009170378558337688,0.012492853216826916,0.030129747465252876,-0.026165315881371498,-0.0033088524360209703,0.027059582993388176
validation,2000-08,2000-09,-0.0057604447938501835,-0.03256078436970711,-0.05545402318239212,-0.030913718044757843,-0.048839736729860306,0.017787141725420952,0.053856074810028076,-0.020275557413697243
validation,2000-09,2000-10,0.021291859447956085,-0.040140122175216675,-0.0640183538198471,-0.002049772534519434,-0.03774590790271759,0.024412652477622032,0.0661039799451828,0.0005489296745508909
validation,2000-10,2000-11,0.019667036831378937,-0.06466524302959442,-0.11122819036245346,-0.027562778443098068,-0.09044880419969559,0.053335078060626984,0.10920750349760056,-0.027273762971162796
validation,2000-11,2000-12,0.04538244009017944,-0.0692363753914833,-0.08705762028694153,0.03377271443605423,-0.04653393477201462,0.0549338161945343,0.09811656922101974,0.011154623702168465
validation,2000-12,2001-01,-0.08076838403940201,0.13858796656131744,0.21212267875671387,0.008102158084511757,0.14231504499912262,-0.11379852890968323,-0.23450049757957458,0.015878494828939438
validation,2001-01,2001-02,0.026656005531549454,-0.06740448623895645,-0.09419138729572296,-0.022288721054792404,-0.09037718176841736,0.0439617857336998,0.08754882216453552,-0.04136791080236435
validation,2001-02,2001-03,0.032999083399772644,-0.05361812934279442,-0.07233625650405884,0.011929472908377647,-0.06369610875844955,0.03186675161123276,0.07046389579772949,-0.014658572152256966
validation,2001-03,2001-04,0.014542551711201668,0.02362813800573349,0.041842762380838394,0.031012635678052902,0.06021513417363167,-0.027797458693385124,-0.030198365449905396,0.04622091352939606
validation,2001-04,2001-05,-0.021776609122753143,0.008184446953237057,0.006832353305071592,-0.01843436062335968,-0.005839935503900051,-0.008242693729698658,-0.011211760342121124,-0.02245199680328369
validation,2001-05,2001-06,0.0013029576512053609,-0.004686872474849224,-0.013299761340022087,-0.008160177618265152,-0.014545319601893425,0.0003713549522217363,0.016832932829856873,0.00258949538692832
validation,2001-06,2001-07,0.015582681633532047,-0.03607930615544319,-0.05211707949638367,0.000715397298336029,-0.046526823192834854,0.024043144658207893,0.04958290606737137,-0.017783666029572487
validation,2001-07,2001-08,0.008922627195715904,-0.025182195007801056,-0.04132726788520813,0.0008681267499923706,-0.04503338038921356,0.02884671278297901,0.03986746817827225,-0.01041429489850998
validation,2001-08,2001-09,-0.005246866960078478,-0.04278689622879028,-0.06109684705734253,-0.020587747916579247,-0.07282258570194244,0.04618111997842789,0.06721767783164978,-0.030122732743620872
validation,2001-09,2001-10,-0.013654075562953949,0.052095189690589905,0.08219017088413239,0.001667679287493229,0.08815567195415497,-0.06315304338932037,-0.07121439278125763,0.04530264064669609
validation,2001-10,2001-11,0.002078827004879713,0.02897207997739315,0.04007751867175102,0.02009947970509529,0.05097898095846176,-0.028143582865595818,-0.036079250276088715,0.03512364625930786
validation,2001-11,2001-12,0.0025468305684626102,0.01438881829380989,0.025370696559548378,0.010714091360569,0.019773710519075394,-0.013965532183647156,-0.017739104107022285,0.01943095773458481
validation,2001-12,2002-01,-0.012867031618952751,0.003110539400950074,0.0012026431504637003,-0.010754581540822983,-0.021316278725862503,-0.0029611936770379543,-0.0030593692790716887,-0.019615482538938522
validation,2002-01,2002-02,0.02421124279499054,-0.03842858970165253,-0.05878843367099762,0.004251633305102587,-0.06260768324136734,0.04507998377084732,0.061669960618019104,-0.023670898750424385
validation,2002-02,2002-03,0.001434417674317956,0.0068715778179466724,0.01655576191842556,0.011148490943014622,0.017628684639930725,-0.01262581441551447,-0.01682988554239273,0.012277049012482166
validation,2002-03,2002-04,0.016054930165410042,-0.035555072128772736,-0.04716300964355469,0.005500395316630602,-0.06436625123023987,0.043001674115657806,0.045611653476953506,-0.021700497716665268
validation,2002-04,2002-05,0.007361382246017456,-0.022750888019800186,-0.03028169833123684,-0.00039414456114172935,-0.04009043797850609,0.023417962715029716,0.032145097851753235,-0.014332469552755356
validation,2002-05,2002-06,0.012299724854528904,-0.047160930931568146,-0.054244134575128555,0.00886247307062149,-0.06316229701042175,0.04838371276855469,0.06148005649447441,-0.01126323826611042
validation,2002-06,2002-07,-0.00664135767146945,-0.025516217574477196,-0.03751788288354874,-0.014137709513306618,-0.03919781371951103,0.027452927082777023,0.03827650099992752,-0.019829614087939262
validation,2002-07,2002-08,0.010766144841909409,-0.007383883930742741,-0.008084839209914207,0.00891137681901455,-0.010054368525743484,0.0074722860008478165,0.012808039784431458,0.006130823865532875
validation,2002-08,2002-09,0.012707789428532124,-0.02926323376595974,-0.03901470825076103,-0.009664127603173256,-0.048151321709156036,0.03223200887441635,0.050024986267089844,-0.0037617413327097893
validation,2002-09,2002-10,-0.011803018860518932,0.02177957072854042,0.031020548194646835,0.005231751129031181,0.05032116547226906,-0.03824860230088234,-0.031161988154053688,0.02177744172513485
validation,2002-10,2002-11,-0.03921753168106079,0.07112278044223785,0.09384579956531525,0.0036069003399461508,0.10184025019407272,-0.08135813474655151,-0.10672691464424133,-0.0007796531426720321
validation,2002-11,2002-12,0.03303317353129387,-0.04285173863172531,-0.054028481245040894,0.019851237535476685,-0.06074873358011246,0.04932157322764397,0.06527997553348541,0.014636022970080376
validation,2002-12,2003-01,-0.022946516051888466,0.010762488469481468,0.010181454010307789,-0.025746427476406097,-0.007911612279713154,-0.011749444529414177,-0.0073814052157104015,-0.020624343305826187
validation,2003-01,2003-02,0.00043783558066934347,-0.008599034510552883,-0.01495683565735817,-0.0066423723474144936,-0.01616213098168373,0.006324095651507378,0.018712108954787254,-0.005194901954382658
validation,2003-02,2003-03,0.0014788495609536767,0.004265232942998409,0.0031899255700409412,-0.005259553901851177,0.0042714811861515045,-0.01015638466924429,-0.0006903324974700809,0.004172606859356165
validation,2003-03,2003-04,-0.021120285615324974,0.028297532349824905,0.0327443853020668,-0.01340747531503439,0.04181966930627823,-0.03762916103005409,-0.04222140833735466,-0.012674693018198013
validation,2003-04,2003-05,-0.0597226656973362,0.07403960824012756,0.08884594589471817,-0.05468538776040077,0.07707379758358002,-0.08866597712039948,-0.09847472608089447,-0.04728713631629944
validation,2003-05,2003-06,-0.0173986554145813,0.028338387608528137,0.0355716347694397,-0.016844499856233597,0.004533521365374327,-0.02658674120903015,-0.03396773710846901,-0.010450073517858982
validation,2003-06,2003-07,-0.025069398805499077,0.010624238289892673,0.022362682968378067,-0.01717328280210495,0.01539586577564478,-0.025741174817085266,-0.02342301793396473,-0.005055360961705446
validation,2003-07,2003-08,-0.011622615158557892,0.007246849127113819,0.018040968105196953,-0.006713010370731354,0.019890692085027695,-0.0184999480843544,-0.017153602093458176,0.003705590032041073
validation,2003-08,2003-09,-0.03040754608809948,0.009313161484897137,0.019992707297205925,-0.0234406478703022,-0.006956650875508785,-0.01472124271094799,-0.01713145710527897,-0.02758125029504299
validation,2003-09,2003-10,-0.005113086197525263,0.005773678421974182,0.018360700458288193,-0.0018406345043331385,0.014521983452141285,-0.02313733473420143,-0.016561921685934067,0.009085218422114849
validation,2003-10,2003-11,-0.0014786345418542624,-0.008723334409296513,-0.001318315276876092,0.0017325824592262506,-0.004025585949420929,-0.0023544756695628166,0.0019779568538069725,0.0025745679158717394
validation,2003-11,2003-12,0.0014350373530760407,-0.00488265510648489,-0.0065520950593054295,0.005322144832462072,-0.009980580769479275,0.009125559590756893,0.0010910439305007458,-0.011886336840689182
validation,2003-12,2004-01,-0.034386713057756424,0.02082664519548416,0.0411442369222641,-0.030923260375857353,0.017927594482898712,-0.04425310716032982,-0.041709039360284805,-0.01829433999955654
validation,2004-01,2004-02,0.0053689437918365,-0.00410686107352376,-0.015342645347118378,0.005493589211255312,-0.017969254404306412,0.019225461408495903,0.012973999604582787,-0.003585509955883026
validation,2004-02,2004-03,0.005752209573984146,-0.002048254944384098,-0.006027780007570982,0.005078477784991264,-0.008939014747738838,0.00785251334309578,0.006771389860659838,0.0006291286554187536
validation,2004-03,2004-04,0.0036630851682275534,0.008346710354089737,-0.008250460028648376,-0.010372058488428593,-0.01476560439914465,0.010944891721010208,0.0055189309641718864,-0.011556616052985191
validation,2004-04,2004-05,0.0068735526874661446,-0.013273263350129128,-0.010336654260754585,0.010715275071561337,0.0013484751107171178,0.006071504205465317,0.011836042627692223,0.008620585314929485
validation,2004-05,2004-06,0.013436241075396538,-0.012496627867221832,-0.009317375719547272,0.016019094735383987,-0.0009780448162928224,0.0064400616101920605,0.008002588525414467,0.010929851792752743
validation,2004-06,2004-07,0.012727882713079453,-0.0245302002876997,-0.045213330537080765,0.004230141639709473,-0.04919557273387909,0.045775093138217926,0.044034842401742935,-0.012733337469398975
validation,2004-07,2004-08,-0.0036239924374967813,-0.012265644967556,-0.023677438497543335,0.001616760389879346,-0.018518324941396713,0.019723443314433098,0.025552107021212578,-0.0066753653809428215
validation,2004-08,2004-09,0.007036381866782904,-0.0005798549391329288,0.0098063163459301,0.008306109346449375,0.008570889011025429,-0.007819416001439095,-0.0061887288466095924,0.013670268468558788
validation,2004-09,2004-10,0.003696729661896825,0.00021567691874224693,0.0009636580944061279,0.0050155469216406345,0.0005091241910122335,0.0008015332277864218,0.002675109775736928,0.00521460734307766
validation,2004-10,2004-11,-0.0050314911641180515,0.007366739213466644,0.024645965546369553,0.004150858148932457,0.014537287876009941,-0.01720849797129631,-0.025876935571432114,0.003745208028703928
validation,2004-11,2004-12,-0.013452828861773014,0.02182767726480961,0.03266962617635727,-0.01690337061882019,0.01787921041250229,-0.028956053778529167,-0.035390205681324005,-0.0007356445421464741
validation,2004-12,2005-01,0.01624142937362194,-0.01348073873668909,-0.024413473904132843,0.008032610639929771,-0.02605712041258812,0.019482992589473724,0.026639321818947792,-0.0002889579627662897
validation,2005-01,2005-02,0.018348079174757004,-0.010745561681687832,-0.007802062202244997,0.018854014575481415,-0.007864797487854958,0.008812043815851212,0.012747395783662796,0.007689003832638264
validation,2005-02,2005-03,0.014199096709489822,-0.008222486823797226,-0.017090419307351112,0.013718023896217346,-0.016724826768040657,0.01490061916410923,0.017010483890771866,-4.3503125198185444e-05
validation,2005-03,2005-04,0.005879817996174097,-0.0043386188335716724,-0.022771308198571205,-0.001832229783758521,-0.01827746070921421,0.016538115218281746,0.022044017910957336,-0.0061341701075434685
validation,2005-04,2005-05,0.004987952299416065,-0.0009990514954552054,0.011928118765354156,0.012860000133514404,0.022005043923854828,-0.01171096134930849,-0.006529421079903841,0.02146357111632824
validation,2005-05,2005-06,0.0010172752663493156,0.0018075372790917754,0.005203034728765488,0.005114848725497723,-0.0028826226480305195,-0.0008988205809146166,-0.004183128476142883,0.004446122329682112
validation,2005-06,2005-07,-0.008373769000172615,0.0008904320420697331,0.01579626277089119,-0.0006345335859805346,0.017536049708724022,-0.014357156120240688,-0.018114902079105377,0.007949937134981155
validation,2005-07,2005-08,-0.004521733149886131,-0.006087598390877247,-0.006721110548824072,-0.0052848379127681255,-0.007852627895772457,0.002169909654185176,0.008246028795838356,-0.003862359095364809
validation,2005-08,2005-09,0.00018113898113369942,-0.0003088293015025556,0.0012210204731673002,-0.0030111181549727917,0.0006051184027455747,-0.006709219887852669,0.0006665723631158471,0.0017675638664513826
validation,2005-09,2005-10,0.0008220624295063317,-0.004993617534637451,-0.01594875380396843,-0.0004200459225103259,-0.013698413968086243,0.011325184255838394,0.01986968144774437,-0.001293334411457181
validation,2005-10,2005-11,0.008083343505859375,0.0029612500220537186,0.007353697903454304,0.012462162412703037,0.014632376842200756,-0.0084688114002347,-0.004028065595775843,0.01669948548078537
validation,2005-11,2005-12,0.0009416604298166931,0.005034364759922028,0.005759994965046644,0.001605871133506298,-0.0013660822296515107,-0.0015084233600646257,-0.004626581445336342,0.003237809520214796
validation,2005-12,2006-01,-0.014161238446831703,0.01801121234893799,0.033961985260248184,-0.007023230195045471,0.027974778786301613,-0.029001547023653984,-0.029803428798913956,0.004733174107968807
validation,2006-01,2006-02,-0.010239662602543831,0.004762172698974609,-0.0017141021089628339,-0.012053693644702435,-0.0030766811687499285,-0.0033139525912702084,-0.0026136180385947227,-0.006865919101983309
validation,2006-02,2006-03,-0.0016554294852539897,0.003928884398192167,0.010446285828948021,0.0005241332110017538,0.00669876066967845,-0.01050478033721447,-0.012629632838070393,0.0008667642832733691
validation,2006-03,2006-04,0.009037677198648453,-0.0049360073171556,-0.0037239561788737774,0.01137482188642025,-0.006868832278996706,0.005896179471164942,0.0024052883964031935,0.004315032623708248
validation,2006-04,2006-05,0.007177599705755711,-0.015153862535953522,-0.03046708181500435,0.004739732947200537,-0.03282155469059944,0.028661124408245087,0.028863614425063133,-0.012840686365962029
validation,2006-05,2006-06,0.00651160255074501,-0.00877969991415739,-0.014066901057958603,0.005890171509236097,-0.010420624166727066,0.008735287003219128,0.012400263920426369,-0.002157818991690874
validation,2006-06,2006-07,0.0029833312146365643,-0.018250133842229843,-0.028934499248862267,0.001778957201167941,-0.024176832288503647,0.022315483540296555,0.027836749330163002,-0.010713164694607258
validation,2006-07,2006-08,-0.004689457360655069,0.002518049906939268,0.002270949073135853,-0.0026060512755066156,0.012941287830471992,-0.010052917525172234,-0.0030047993641346693,0.006504101678729057
validation,2006-08,2006-09,0.008477391675114632,0.0038656415417790413,-0.001217966782860458,6.363505963236094e-05,-0.003388150129467249,-0.0025715474039316177,0.002445689868181944,0.008820032700896263
validation,2006-09,2006-10,0.006510268896818161,0.011589167639613152,0.01589110866189003,0.010067541152238846,0.013400094583630562,-0.01456675585359335,-0.013232644647359848,0.012788573279976845
validation,2006-10,2006-11,0.0005261328769847751,0.007325988728553057,0.006272642407566309,0.0016849886160343885,0.004261642694473267,-0.0012904945760965347,-0.006202212534844875,0.0009523641783744097
validation,2006-11,2006-12,-0.0005133271333761513,0.00025742751313373446,-0.002954928670078516,-0.005153557751327753,-0.01035362109541893,0.00030975311528891325,0.002515684114769101,-0.0035477131605148315
validation,2006-12,2007-01,0.0035703382454812527,0.005963529925793409,0.010420728474855423,-0.0024427296593785286,0.004779379814863205,-0.01037212647497654,-0.01183274481445551,0.002494570566341281
validation,2007-01,2007-02,-0.003098808228969574,0.0022479076869785786,0.004607443697750568,-0.004064955748617649,0.00014388248382601887,-0.004028684459626675,-0.005206081084907055,-0.0025759185664355755
validation,2007-02,2007-03,0.008228479884564877,-0.0002795269538182765,-0.003728678449988365,0.004374874290078878,0.0007758325664326549,-0.000651709153316915,0.006653016898781061,0.007265695370733738
validation,2007-03,2007-04,0.007758983410894871,0.008748007006943226,0.01178577821701765,0.0019201820250600576,0.01210025418549776,-0.0125819630920887,-0.007191263139247894,0.01192926149815321
validation,2007-04,2007-05,0.02011289820075035,-0.00277570728212595,-0.0034060622565448284,0.01877088099718094,0.008257230743765831,-0.003943483345210552,0.004597801715135574,0.01605871692299843
validation,2007-05,2007-06,-0.0004284697351977229,0.0037279475945979357,0.005544702056795359,-0.002173576969653368,0.0007823765045031905,-0.0029915091581642628,-0.003027410013601184,0.003545569023117423
validation,2007-06,2007-07,-0.0001573599292896688,0.007479232735931873,0.003378314897418022,-0.011780451983213425,0.004672936163842678,-0.007394465617835522,-0.0014668578514829278,0.0013361648889258504
validation,2007-07,2007-08,0.006106797140091658,-0.01576859876513481,-0.022955819964408875,0.011525126174092293,-0.0001281597651541233,0.013438859954476357,0.024633167311549187,0.0060422224923968315
validation,2007-08,2007-09,0.0028587901033461094,0.005780929699540138,0.009494849480688572,-0.0042653754353523254,0.010027443058788776,-0.007260933984071016,-0.0033567012287676334,0.0033953851088881493
validation,2007-09,2007-10,0.009221205487847328,0.010495608672499657,0.010980505496263504,-0.0014236322604119778,0.013788262382149696,-0.015277420170605183,-0.003797912271693349,0.011608947068452835
validation,2007-10,2007-11,0.0072208791971206665,-0.016493940725922585,-0.03272365778684616,-0.0007508998969569802,-0.01620727963745594,0.02121114730834961,0.039204951375722885,3.866502083837986e-06
validation,2007-11,2007-12,0.011814216151833534,0.0014246434438973665,0.0036652295384556055,0.009193945676088333,0.009123004041612148,-0.005949410144239664,0.003351423656567931,0.01345913391560316
validation,2007-12,2008-01,-0.015664801001548767,-0.009553254581987858,-0.023504605516791344,-0.00010789884254336357,-0.027074631303548813,0.02478853240609169,0.009033063426613808,-0.02623031847178936
validation,2008-01,2008-02,0.0015050219371914864,0.003025425598025322,-0.00042937789112329483,-0.008555663749575615,0.0007267487235367298,-0.008994902484118938,0.0010076971957460046,-0.005327111575752497
validation,2008-02,2008-03,0.00866476260125637,-0.021406684070825577,-0.02666839212179184,0.01756918430328369,-0.004267153795808554,0.014527999795973301,0.027553096413612366,0.005264002829790115
validation,2008-03,2008-04,0.020137447863817215,-0.00035904388641938567,0.0054292138665914536,0.014282528311014175,0.02249504253268242,-0.013887765817344189,-0.0018076716223731637,0.02322617918252945
validation,2008-04,2008-05,0.018986515700817108,0.012521913275122643,0.015187032520771027,0.011991036124527454,0.021133705973625183,-0.020689917728304863,-0.01038821879774332,0.014715737663209438
validation,2008-05,2008-06,0.011129762977361679,0.010963108390569687,0.008351352997124195,-0.018696444109082222,-0.003235545242205262,-0.01424266304820776,0.004038435872644186,0.0006729462184011936
validation,2008-06,2008-07,-0.005364309996366501,-0.016971319913864136,-0.019287997856736183,0.00898779183626175,0.0006751515902578831,0.009982618503272533,0.021981775760650635,0.006136767566204071
validation,2008-07,2008-08,0.012037539854645729,-0.0074793314561247826,-0.005318596959114075,0.022400803864002228,0.0037527643144130707,0.0021056446712464094,0.005619333125650883,0.01456509716808796
validation,2008-08,2008-09,-0.00901207234710455,-0.03545856475830078,-0.050235066562891006,-0.0010847646044567227,-0.04220098257064819,0.03720194846391678,0.04549934342503548,-0.005783190950751305
validation,2008-09,2008-10,-0.019976355135440826,-0.027748387306928635,-0.05098200961947441,-0.020863641053438187,-0.04756482318043709,0.039378292858600616,0.06255180388689041,-0.01668822392821312
validation,2008-10,2008-11,0.010698555037379265,-0.012905368581414223,-0.037320833653211594,-0.006303867325186729,-0.026585102081298828,0.019706889986991882,0.052872203290462494,0.006522606126964092
validation,2008-11,2008-12,0.029149407520890236,0.007751229219138622,0.01917889714241028,0.028491325676441193,0.03597886487841606,-0.027386166155338287,-0.003757733153179288,0.04226790368556976
validation,2008-12,2009-01,-0.04400685429573059,0.06890387833118439,0.06376820802688599,-0.06807934492826462,0.016197722405195236,-0.05558808147907257,-0.06498076766729355,-0.029130619019269943
validation,2009-01,2009-02,0.007047602441161871,0.010062857531011105,0.0008181447628885508,-0.024426572024822235,-0.007246686145663261,-0.0039047959726303816,0.017518892884254456,0.009522547014057636
validation,2009-02,2009-03,-0.02396618388593197,0.03490537405014038,0.04965255409479141,0.006486613769084215,0.03261970728635788,-0.019477136433124542,-0.06423463672399521,-0.014967869967222214
validation,2009-03,2009-04,0.013789569959044456,0.0491090752184391,0.08408624678850174,0.06475867331027985,0.07623220980167389,-0.04239948093891144,-0.10748803615570068,0.0109445471316576
validation,2009-04,2009-05,-0.028391355648636818,0.038585830479860306,0.051581185311079025,-0.016262762248516083,0.016483210027217865,-0.038565296679735184,-0.058868106454610825,-0.030532799661159515
validation,2009-05,2009-06,-0.01182320062071085,0.03414253517985344,0.032912641763687134,-0.03695961460471153,0.010731285437941551,-0.035251691937446594,-0.022928208112716675,-0.0014005075208842754
validation,2009-06,2009-07,0.008769819512963295,0.005467367358505726,0.01567961275577545,0.015697481110692024,0.025003470480442047,-0.022842496633529663,-0.014795591123402119,0.015281028114259243
validation,2009-07,2009-08,-0.018296178430318832,0.016099322587251663,0.03639359399676323,0.0012027639895677567,0.006812004372477531,-0.028439104557037354,-0.06591751426458359,-0.022162584587931633
validation,2009-08,2009-09,-0.0025502201169729233,0.02967914566397667,0.043997280299663544,-0.0008627734496258199,0.033216897398233414,-0.040208153426647186,-0.035216134041547775,-0.0020783066283911467
validation,2009-09,2009-10,0.019142618402838707,0.004884348250925541,-0.012189609929919243,0.003541314974427223,-0.020020440220832825,0.011088309809565544,0.021312188357114792,0.008373908698558807
validation,2009-10,2009-11,0.010029835626482964,0.008600057102739811,0.0007122013485059142,-0.0006358448881655931,0.015727685764431953,-0.011235696263611317,0.0062806978821754456,0.011301256716251373
validation,2009-11,2009-12,0.00646301731467247,0.01268951129168272,0.021803060546517372,0.00814034789800644,0.023209497332572937,-0.02182629331946373,-0.016683807596564293,0.015131236054003239
development,2009-12,2010-01,-0.02801407128572464,-0.015040702186524868,-0.011664660647511482,-0.010188059881329536,-0.027893707156181335,0.020869221538305283,-0.003395720385015011,-0.03272527828812599
development,2010-01,2010-02,0.006448076572269201,-0.003535898867994547,0.001304415985941887,0.002635783515870571,0.005913510452955961,-0.009391002357006073,0.001937633496709168,0.009468669071793556
development,2010-02,2010-03,0.0034740872215479612,0.00859113410115242,0.011138234287500381,0.007855577394366264,0.007111567072570324,-0.013828589580953121,-0.013350877910852432,0.00038606789894402027
development,2010-03,2010-04,-0.02597889117896557,-0.011097148060798645,0.006865057162940502,0.00638866750523448,-0.007551848888397217,0.0032519809901714325,-0.028694096952676773,-0.0244882982224226
development,2010-04,2010-05,0.008506224490702152,0.0005602880846709013,-0.012497542425990105,-0.009315851144492626,-0.01244360487908125,0.006187875755131245,0.02044547349214554,0.0051696524024009705
development,2010-05,2010-06,0.00998951867222786,0.011740053072571754,-0.01557516772300005,-0.011666621081531048,-0.010438669472932816,0.006320801563560963,0.026063252240419388,0.003969420678913593
development,2010-06,2010-07,0.015532244928181171,-0.0004373762058094144,0.0015938938595354557,0.022704914212226868,0.02045922353863716,-0.011494571343064308,-0.002475472167134285,0.01803966797888279
development,2010-07,2010-08,-0.0004840036854147911,0.008522766642272472,-0.009683028794825077,-0.014013907872140408,-0.006833299528807402,0.0006015738472342491,0.01080496795475483,-0.004240572918206453
development,2010-08,2010-09,0.017908921465277672,0.01619202271103859,0.029331963509321213,0.013686448335647583,0.03850600868463516,-0.04063716530799866,-0.027162566781044006,0.0259631909430027
development,2010-09,2010-10,0.0026997386012226343,0.010694212280213833,0.01384582370519638,-0.0020974937360733747,0.00927797146141529,-0.012972014024853706,-0.009568403474986553,0.005618794821202755
development,2010-10,2010-11,0.009936396032571793,-0.001978425309062004,0.003108440665528178,0.005820041056722403,0.004683163482695818,-0.009412005543708801,0.001637402456253767,0.009774480946362019
development,2010-11,2010-12,-0.009968291036784649,-0.0023414171300828457,0.009733927436172962,0.00745884096249938,0.00924302451312542,-0.0045114969834685326,-0.01720389537513256,-0.010052940808236599
development,2010-12,2011-01,-0.01439555175602436,-0.005192350130528212,-0.0027705756947398186,-0.007556216325610876,-0.013105221092700958,0.007712542079389095,-0.005189576186239719,-0.017254743725061417
development,2011-01,2011-02,0.008904821239411831,-0.007700621150434017,-0.002294248202815652,0.0038703056052327156,0.00016290394705720246,-0.011312109418213367,0.0068995337933301926,-0.0014241442549973726
development,2011-02,2011-03,0.009646710939705372,-0.0022060160990804434,-0.00811333954334259,-0.00036164000630378723,0.0036446789745241404,-0.008900227025151253,0.01105840876698494,0.008014264516532421
development,2011-03,2011-04,0.011939385905861855,0.0028327079489827156,-0.004057907499372959,0.004424620419740677,0.007485982961952686,-0.006740812212228775,0.00660519115626812,0.01340531837195158
development,2011-04,2011-05,0.0053517478518188,0.004023383837193251,-0.005633390508592129,-0.003167258808389306,-0.003521448466926813,-0.0010233016218990088,0.00630120187997818,0.0021731816232204437
development,2011-05,2011-06,0.005261098500341177,-0.0065922969952225685,-0.016018692404031754,0.0005725194932892919,-0.011639761738479137,0.005556100979447365,0.01778694987297058,-0.00047461799113079906
development,2011-06,2011-07,-0.003630569903180003,0.002322366926819086,0.0034595669712871313,-0.0030752792954444885,-0.006526061333715916,-0.000624199106823653,-0.003747042967006564,-0.007448940072208643
development,2011-07,2011-08,0.003319665789604187,-0.007472909986972809,-0.030627306550741196,-0.012454175390303135,-0.023242510855197906,0.018880926072597504,0.03275231271982193,-0.0039619337767362595
development,2011-08,2011-09,-0.009080653078854084,-0.004661910235881805,-0.03111298568546772,-0.030201617628335953,-0.026509491726756096,0.01445694174617529,0.030990350991487503,-0.008061468601226807
development,2011-09,2011-10,0.04271558299660683,-0.005322175566107035,0.01767192967236042,0.05370005592703819,0.04149951785802841,-0.0215907022356987,-0.014520727097988129,0.04613938182592392
development,2011-10,2011-11,0.008875522762537003,-0.014651312492787838,-0.023822495713829994,0.007917201146483421,-0.01113179326057434,0.01085953414440155,0.025903981178998947,0.004141828510910273
development,2011-11,2011-12,0.004998683929443359,-0.01353646069765091,-0.014997364953160286,0.01063068863004446,-0.016117606312036514,0.011082988232374191,0.014537444338202477,0.0018837298266589642
development,2011-12,2012-01,-0.01771172136068344,0.027548184618353844,0.03669586032629013,-0.0046517373993992805,0.02843569591641426,-0.03024296835064888,-0.04466227814555168,0.0013337687123566866
development,2012-01,2012-02,-0.0030016698874533176,-5.275965668261051e-05,0.0048118107952177525,0.003614918328821659,-0.003035229630768299,0.003589931409806013,-0.005968686193227768,-0.0029836571775376797
development,2012-02,2012-03,-0.01084576454013586,-0.006705859210342169,-0.01008781511336565,-0.008888211101293564,-0.014615975320339203,0.008859320543706417,0.0024243565276265144,-0.009520256891846657
development,2012-03,2012-04,0.0007649529725313187,-0.004512290470302105,-0.009345120750367641,-0.0036699736956506968,-0.017510898411273956,0.014560436829924583,0.007466359529644251,-0.008414379321038723
development,2012-04,2012-05,-0.006451733410358429,-0.00903364922851324,-0.02444668859243393,-0.012169186025857925,-0.029756419360637665,0.018991518765687943,0.02217278629541397,-0.01227608136832714
development,2012-05,2012-06,0.0021270443685352802,0.0026442783419042826,-0.002407415071502328,6.22081570327282e-05,0.004123383667320013,-0.006486985832452774,0.0017140629934147,0.002115132287144661
development,2012-06,2012-07,-0.002180643379688263,-0.00834482442587614,-0.013671590015292168,-0.0006344038993120193,-0.011575339362025261,0.00807216577231884,0.013638235628604889,-0.006112385541200638
development,2012-07,2012-08,0.0016064896481111646,-0.007372446358203888,-0.0014012454776093364,0.007498082704842091,0.010141026228666306,-0.004756934475153685,-0.0011013641487807035,0.006948042660951614
development,2012-08,2012-09,-0.008363070897758007,-0.00029156304663047194,0.002841147594153881,-0.0025660579558461905,-0.002447957405820489,0.0002112311776727438,-0.00527832331135869,-0.011179913766682148
development,2012-09,2012-10,0.01105316262692213,-0.01739940419793129,-0.021340470761060715,0.012242764234542847,-0.022767415270209312,0.019627312198281288,0.019076673313975334,-0.002137349918484688
development,2012-10,2012-11,0.009099959395825863,0.0006492919637821615,0.0007971962331794202,0.00877387635409832,0.010630086995661259,-0.003997531719505787,0.001278281444683671,0.012229308485984802
development,2012-11,2012-12,0.003475381527096033,-0.005027309991419315,-0.0024967181961983442,0.011176164261996746,0.0025005557108670473,0.00039538543205708265,0.0005211620591580868,0.002717956667765975
development,2012-12,2013-01,-0.006769799627363682,-0.004720769822597504,0.002203925047069788,-0.001043202355504036,-0.0057578058913350105,-0.004082526545971632,-0.005994780920445919,-0.0032232077792286873
development,2013-01,2013-02,-0.001339942216873169,-0.006801912095397711,-0.012502801604568958,-0.001845687278546393,-0.016580719500780106,0.011058447882533073,0.011750555597245693,-0.005745282396674156
development,2013-02,2013-03,0.008638623170554638,-0.0030152408871799707,0.000511236023157835,0.006840163376182318,-0.002306976355612278,1.3576296623796225e-05,-0.00027124257758259773,0.008549651131033897
development,2013-03,2013-04,0.007362812291830778,-0.0015059886500239372,-0.004865216091275215,0.005576498806476593,-0.003730559488758445,0.0007740560686215758,0.005597702227532864,0.009222764521837234
development,2013-04,2013-05,-0.0052965376526117325,0.006094044074416161,0.015526612289249897,0.0008005996933206916,0.011818081140518188,-0.015948588028550148,-0.014613721519708633,0.005136827938258648
development,2013-05,2013-06,-0.0022221242543309927,-0.006201175972819328,-0.00898309051990509,-0.0036401888355612755,-0.016472171992063522,0.011784039437770844,0.011407440528273582,-0.004548079799860716
development,2013-06,2013-07,-0.009417198598384857,0.006209135055541992,0.00834994949400425,-0.006808323785662651,0.005871526896953583,-0.01104746200144291,-0.010441318154335022,-0.003398439148440957
development,2013-07,2013-08,-0.005462464410811663,0.008244816213846207,0.005639134906232357,-0.011190267279744148,0.0002774731256067753,-0.005038436036556959,-0.0054566822946071625,-0.003191087394952774
development,2013-08,2013-09,-0.004241748247295618,0.00729430140927434,0.01534971408545971,-0.004142300691455603,0.010301436297595501,-0.011924737133085728,-0.008478417992591858,0.002153912093490362
development,2013-09,2013-10,0.017293447628617287,-0.010156444273889065,-0.01660216599702835,0.017704268917441368,-0.01303517073392868,0.01084496546536684,0.01664917543530464,0.007696186192333698
development,2013-10,2013-11,-0.004821191541850567,-0.00015307962894439697,0.002731841756030917,-0.0049405270256102085,0.004968601278960705,-0.011030815541744232,-0.004629412665963173,0.004909005481749773
development,2013-11,2013-12,-0.00507334154099226,0.0067923953756690025,0.01080107968300581,-0.005209588445723057,0.0018147964728996158,-0.005439812783151865,-0.009547300636768341,-0.0003117864252999425
development,2013-12,2014-01,-0.04028530418872833,0.019969437271356583,0.027224889025092125,-0.04813370853662491,0.0010853472631424665,-0.015369291417300701,-0.0269523486495018,-0.02555718645453453
development,2014-01,2014-02,-0.002001708373427391,0.0017258737934753299,0.00526109803467989,0.0013043174985796213,0.008646582253277302,-0.007505745626986027,-0.004490773193538189,-0.002440622542053461
development,2014-02,2014-03,0.005998760927468538,-0.011247840709984303,-0.018147367984056473,0.012439360842108727,-0.014401441439986229,0.015089862048625946,0.016669921576976776,-0.008936446160078049
development,2014-03,2014-04,0.023595279082655907,-0.016278697177767754,-0.030248872935771942,0.024527208879590034,-0.009449122473597527,0.01579558104276657,0.025862928479909897,0.004779092501848936
development,2014-04,2014-05,0.009432077407836914,-0.0048260074108839035,-0.010914551094174385,0.008819742128252983,-0.0020861581433564425,0.006245067808777094,0.01599816232919693,0.00465893279761076
development,2014-05,2014-06,-0.004485794343054295,0.00493044126778841,0.013175809755921364,0.0005927090533077717,0.009278427809476852,-0.002342997118830681,-0.010578993707895279,0.0037392384838312864
development,2014-06,2014-07,0.003929764032363892,-0.012294023297727108,-0.01787850819528103,0.0015480471774935722,-0.013006418012082577,0.009234825149178505,0.016462160274386406,-0.004959581419825554
development,2014-07,2014-08,0.006500208750367165,0.0035517262294888496,0.006500781513750553,0.007642385549843311,0.014718219637870789,-0.007359751034528017,-0.004494099877774715,0.014973578974604607
development,2014-08,2014-09,0.002325365785509348,0.0034171915613114834,-0.011155935004353523,-0.0139765664935112,-0.020928647369146347,0.009480012580752373,0.01488981768488884,0.002847670577466488
development,2014-09,2014-10,0.016294918954372406,-0.004494957160204649,-0.017572589218616486,0.005670298356562853,0.003959886729717255,-0.0004271527868695557,0.015463141724467278,0.02249332144856453
development,2014-10,2014-11,0.0038617351092398167,0.0013278095284476876,-0.007246735040098429,-0.011245803907513618,-0.0025916267186403275,-0.0015031183138489723,0.009271283634006977,0.007844582200050354
development,2014-11,2014-12,-0.00987425446510315,0.006871083751320839,0.001051004626788199,-0.01726583018898964,-0.005765395704656839,-0.0046530491672456264,-0.003896258771419525,-0.0020530512556433678
development,2014-12,2015-01,-0.009039239026606083,0.010209150612354279,0.003877405310049653,-0.024694962427020073,-0.0017353636212646961,-0.009891525842249393,0.000276647275313735,-0.0029324316419661045
development,2015-01,2015-02,-0.0005838072393089533,0.01192140206694603,0.018165193498134613,0.008683310821652412,0.022652477025985718,-0.01326817087829113,-0.019524790346622467,0.005044486839324236
development,2015-02,2015-03,0.0068786777555942535,-0.0033127302303910255,-0.013500059023499489,-0.001013677567243576,-0.010978075675666332,0.007614064496010542,0.014776797965168953,0.003943314775824547
development,2015-03,2015-04,-0.006053190678358078,0.006558573804795742,0.008237441070377827,0.011812619864940643,0.007025964558124542,-0.0014597902772948146,-0.012928570620715618,-0.0134130222722888
development,2015-04,2015-05,-0.006020401604473591,0.0029151183553040028,0.004490796010941267,-0.015889465808868408,-0.0011149139609187841,-0.0027022690046578646,0.004686626140028238,0.0026151782367378473
development,2015-05,2015-06,0.0008794926689006388,-0.0031635621562600136,-0.005885863211005926,-0.003881552955135703,-0.009619652293622494,0.004891891032457352,0.010252912528812885,0.0019982128869742155
development,2015-06,2015-07,0.01498568058013916,-0.010021977126598358,-0.026159757748246193,-0.0056448206305503845,-0.019291067495942116,0.013179739937186241,0.03254123404622078,0.010043470188975334
development,2015-07,2015-08,-0.010324094444513321,-0.01232808455824852,-0.012107335031032562,0.0002469231840223074,-0.016588356345891953,0.014812075532972813,0.010893003083765507,-0.013194008730351925
development,2015-08,2015-09,0.0009066020138561726,-0.020005468279123306,-0.038514211773872375,-0.021834783256053925,-0.04074396938085556,0.01919236034154892,0.03730710968375206,-0.007141290698200464
development,2015-09,2015-10,0.015849143266677856,-0.00026746164076030254,-0.007810484617948532,0.021158695220947266,0.01706303469836712,-0.009737294167280197,0.0030729686841368675,0.01956852898001671
development,2015-10,2015-11,-0.02337496727705002,-0.0033573592081665993,0.00864278245717287,-0.0026876351330429316,0.009585047140717506,-0.004111140500754118,-0.0002440195530653,-0.0012248903512954712
development,2015-11,2015-12,0.009263016283512115,-0.010096494108438492,-0.015147188678383827,-0.0075501431711018085,-0.013467651791870594,0.012081713415682316,0.020815037190914154,0.008234002627432346
development,2015-12,2016-01,0.01945333369076252,-0.02583654597401619,-0.04579998925328255,-0.0026931711472570896,-0.03813955932855606,0.028177842497825623,0.046494871377944946,-0.005347187165170908
development,2016-01,2016-02,0.009704163298010826,-0.00016615947242826223,-0.006122958846390247,0.005409596487879753,0.00476476363837719,-0.003915758337825537,0.004368093330413103,0.005376050248742104
development,2016-02,2016-03,0.003715746570378542,0.011043019592761993,0.013553809374570847,0.021855628117918968,0.01953272335231304,-0.007811291143298149,-0.0248231440782547,0.007614586036652327
development,2016-03,2016-04,-0.016640663146972656,0.0026207377668470144,0.00902238953858614,0.00832552369683981,0.00466786976903677,0.001517349504865706,-0.01713358238339424,-0.012779388576745987
development,2016-04,2016-05,0.005584669299423695,-0.004491899162530899,-0.010418071411550045,0.0010657240636646748,-0.0008663720218464732,0.002346648834645748,0.015476264990866184,0.00831659883260727
development,2016-05,2016-06,0.006045205052942038,-0.009826884604990482,-0.008048154413700104,-0.00253549637272954,-0.015844587236642838,0.004245740827172995,0.007370942272245884,-0.005889291409403086
development,2016-06,2016-07,-0.0074012791737914085,0.012991230934858322,0.0169502105563879,-0.00672077527269721,0.01799093373119831,-0.016903668642044067,-0.020749419927597046,0.003539619268849492
development,2016-07,2016-08,-0.009565111249685287,-0.0027255548629909754,0.00029046519193798304,0.0004161555552855134,-0.0029994153883308172,-0.0004125764826312661,-0.006152256391942501,-0.004911895375698805
development,2016-08,2016-09,-0.019249001517891884,0.006373439449816942,0.014916820451617241,-0.010727327316999435,0.012932050041854382,-0.0040641650557518005,-0.008123282343149185,-0.0048978934064507484
development,2016-09,2016-10,0.024151036515831947,-0.025958126410841942,-0.04437083750963211,0.022088196128606796,-0.0353379100561142,0.03744066134095192,0.04489198327064514,0.0017551097553223372
development,2016-10,2016-11,-0.001080386689864099,-0.032619815319776535,-0.02757180854678154,0.024393822997808456,-0.012195413000881672,0.017656387761235237,0.019369080662727356,-0.000276390666840598
development,2016-11,2016-12,0.0072340043261647224,-0.025324443355202675,-0.02985798940062523,0.014506478793919086,-0.030886467546224594,0.029339637607336044,0.026785535737872124,-0.005968294572085142
development,2016-12,2017-01,-0.00633783545345068,0.007984044030308723,0.01277718786150217,-0.01121341623365879,0.013746896758675575,-0.016619054600596428,-0.0130733298137784,-0.0001965489936992526
development,2017-01,2017-02,-0.004156728275120258,0.0052602337673306465,0.0014869734877720475,-0.009797322563827038,0.006899744737893343,-0.0004899705527350307,0.0013720453716814518,0.007039051502943039
development,2017-02,2017-03,-0.005548934917896986,0.010350704193115234,0.007775613106787205,-0.014418918639421463,0.007421076763421297,-0.012422095984220505,-0.004752908833324909,0.0038317807484418154
development,2017-03,2017-04,0.011528169736266136,0.0003158458275720477,-0.011774950660765171,0.00046794814988970757,-0.006210146006196737,2.5112531147897243e-05,0.012275449000298977,0.007341376040130854
development,2017-04,2017-05,0.014225458726286888,0.003922233358025551,-0.008383707143366337,-0.002952389419078827,-0.005154027137905359,0.001120545668527484,0.01436569169163704,0.010022982954978943
development,2017-05,2017-06,-0.018131274729967117,0.008730817586183548,0.01443798840045929,-0.011157837696373463,0.014090386219322681,-0.017069660127162933,-0.019284144043922424,-0.005222190171480179
development,2017-06,2017-07,0.008386633358895779,-0.009624587371945381,-0.015528508462011814,0.002540981862694025,-0.006141007412225008,0.007002027239650488,0.015045294538140297,0.0037198655772954226
development,2017-07,2017-08,-0.00011709542013704777,0.008920600637793541,-0.000641784630715847,-0.010770933702588081,0.0077729676850140095,-0.013571220450103283,0.002819281769916415,0.005152861587703228
development,2017-08,2017-09,-0.02235018089413643,0.006388252601027489,0.020739972591400146,0.0026639210991561413,0.01148388534784317,-0.006923452019691467,-0.021917585283517838,-0.01945461891591549
development,2017-09,2017-10,0.007334091700613499,-0.012802713550627232,-0.01744745671749115,0.005740842316299677,-0.009732889011502266,0.005607061553746462,0.020078513771295547,0.008438212797045708
development,2017-10,2017-11,-0.00026890169829130173,0.0012805209262296557,0.00042114028474316,0.004812305327504873,-0.0010903773363679647,0.0036426770966500044,-0.0017772880382835865,-0.005929677281528711
development,2017-11,2017-12,-0.000798617722466588,0.007031264249235392,0.012504096142947674,-0.000931410351768136,-0.0034262207336723804,-0.005011727102100849,-0.009177835658192635,-0.0027026371099054813
development,2017-12,2018-01,0.0008561126887798309,0.0010481822537258267,0.0015524814371019602,-0.004168257117271423,0.010948563925921917,-0.011655951850116253,0.0006240730290301144,0.0037744941655546427
development,2018-01,2018-02,-0.003569923574104905,0.003898597089573741,-0.004911134019494057,-0.010170557536184788,-0.0015690575819462538,-0.0040251873433589935,0.0037100885529071093,-0.0011193589307367802
development,2018-02,2018-03,0.0002660019090399146,-0.002544026356190443,-0.002956090960651636,0.0005138250417076051,-0.009531470946967602,0.007588489912450314,0.0026365751400589943,0.002437660936266184
development,2018-03,2018-04,0.001990945776924491,-0.007850964553654194,-0.008734064176678658,0.0024123461917042732,-0.004644824657589197,0.004765398800373077,0.006477879825979471,-0.0015510504599660635
development,2018-04,2018-05,-0.007134798914194107,0.01101719494909048,0.02093094028532505,-0.003952889237552881,0.014081334695219994,-0.017437415197491646,-0.01413388829678297,0.00846222322434187
development,2018-05,2018-06,0.011674708686769009,0.0018738949438557029,-0.0002035261131823063,0.0011287771631032228,-0.016744541004300117,0.010106110014021397,0.00447594840079546,0.0005830285372212529
development,2018-06,2018-07,0.017122387886047363,-0.009659792296588421,-0.02061721310019493,0.0135203767567873,-0.0006948665250092745,0.007005712948739529,0.01959092915058136,0.011793941259384155
development,2018-07,2018-08,-0.00214810436591506,0.008377758786082268,0.012426778674125671,-0.011966103687882423,0.018488293513655663,-0.017466237768530846,-0.00786064937710762,0.011804288253188133
development,2018-08,2018-09,0.003111187368631363,0.009294952265918255,0.0012923118192702532,-0.004590331111103296,-0.0018360486719757318,-0.0022127812262624502,-0.0007534977048635483,-0.0016196805518120527
development,2018-09,2018-10,0.005780600011348724,-0.016110215336084366,-0.03204246237874031,-0.001512882299721241,-0.031739331781864166,0.02327420748770237,0.03077051416039467,-0.01233305037021637
development,2018-10,2018-11,0.008666452020406723,-0.001074830419383943,-0.02322733774781227,0.001297882292419672,-0.002497413195669651,0.010635653510689735,0.023126862943172455,0.0007228911854326725
development,2018-11,2018-12,0.006265668198466301,-0.009683218784630299,-0.0332612618803978,-0.01480249036103487,-0.028421219438314438,0.021276965737342834,0.03862680494785309,-0.002248764969408512
development,2018-12,2019-01,-0.016681915149092674,0.03055473417043686,0.061366964131593704,-0.00776737742125988,0.03833330422639847,-0.04244932159781456,-0.06655056029558182,-0.011149777099490166
development,2019-01,2019-02,-0.0029086489230394363,0.01006744708865881,0.009950613602995872,-0.0006401834543794394,0.011176598258316517,-0.00817064568400383,-0.009811809286475182,0.00870201550424099
development,2019-02,2019-03,-0.004955928307026625,0.021507663652300835,0.014515174552798271,-0.019500741735100746,0.009247678332030773,-0.013598735444247723,-0.006179933901876211,-0.0036007165908813477
development,2019-03,2019-04,0.012810962274670601,-0.012938698753714561,-0.017618216574192047,0.017479795962572098,-0.008130842819809914,0.016162045300006866,0.0179287139326334,0.004960946273058653
development,2019-04,2019-05,-0.00648499745875597,-0.0015785996802151203,-0.023547492921352386,-0.033486299216747284,-0.027462471276521683,0.012965746223926544,0.023314163088798523,-0.024864723905920982
development,2019-05,2019-06,0.019600242376327515,-0.007563642226159573,-0.014669281430542469,0.018799997866153717,0.00758117251098156,0.004019096028059721,0.014530322514474392,0.01770726963877678
development,2019-06,2019-07,0.010264981538057327,-0.015840163454413414,-0.02842489257454872,0.00409881304949522,-0.009334557689726353,0.012055369094014168,0.024178484454751015,0.0046673733741045
development,2019-07,2019-08,0.003513048170134425,0.0017903575208038092,-0.010379927232861519,-0.0170059185475111,-0.008805605582892895,0.006142529658973217,0.012633373960852623,-0.004527132958173752
development,2019-08,2019-09,0.013600192032754421,-0.015453328378498554,-0.021560652181506157,0.027206700295209885,-0.00962803978472948,0.010277790948748589,0.009853513911366463,0.0072050513699650764
development,2019-09,2019-10,0.008775284513831139,-0.005860643927007914,-0.01551533117890358,0.0009269050788134336,0.0017986265011131763,0.0026882304809987545,0.013466928154230118,0.0079055055975914
development,2019-10,2019-11,-8.970173075795174e-05,0.01954597420990467,0.012169466353952885,-0.0011032557813450694,0.01525743119418621,-0.005464967340230942,-0.008477229624986649,0.014979809522628784
development,2019-11,2019-12,-0.01610518991947174,0.019888542592525482,0.02726748213171959,0.00023695547133684158,0.006824474781751633,-0.006829886697232723,-0.02392580173909664,-0.004611951299011707
