split,feature_month,target_month,factor_0,factor_1,factor_2,factor_3,factor_4,factor_5,factor_6,factor_7
train,1963-07,1963-08,-0.013447832316160202,-0.006108274217694998,0.009750883094966412,-0.004151450470089912,-0.006634686607867479,-0.009335841052234173,-0.012697681784629822,0.014979556202888489
train,1963-08,1963-09,0.005455224774777889,-0.0021839402616024017,0.002900072606280446,-0.0024351836182177067,0.0045300982892513275,0.007729474455118179,0.008278989233076572,-0.015084533952176571
train,1963-09,1963-10,-0.004574558697640896,-0.0033387818839401007,0.0006683262763544917,-0.004976837895810604,-0.00503888726234436,-0.001588260056450963,-0.012611442245543003,0.006891631055623293
train,1963-10,1963-11,-6.890913937240839e-05,0.0016942849615588784,0.00010485341772437096,0.0024216780439019203,-0.004351716488599777,-0.007208511233329773,0.003777915146201849,0.003839828073978424
train,1963-11,1963-12,-0.0036334977485239506,0.013560217805206776,0.004359129816293716,0.010855432599782944,-0.0073087033815681934,-0.01596202701330185,0.0034692096523940563,0.010058294981718063
train,1963-12,1964-01,-0.0011084831785410643,-0.01012787688523531,0.000323539599776268,-0.013857554644346237,0.005545584484934807,0.01274792943149805,3.734102938324213e-05,-0.017670799046754837
train,1964-01,1964-02,0.0031274380162358284,-0.004990262445062399,-0.005677554756402969,-0.005834052339196205,0.002329804003238678,0.0041627781465649605,-0.002982269274070859,-0.0015688074054196477
train,1964-02,1964-03,-0.001638365676626563,-0.003785523120313883,0.0027476241812109947,-0.011535027995705605,-0.006920765619724989,0.0018746110145002604,-0.010104088112711906,-0.0027461769059300423
train,1964-03,1964-04,0.0027913313824683428,0.005171156022697687,0.003819510107859969,0.002306017791852355,-0.0025072619318962097,0.001221975195221603,0.003092612372711301,-0.008198902010917664
train,1964-04,1964-05,-0.0018332444597035646,0.004850670229643583,0.004209782928228378,0.005318822339177132,-0.003747570561245084,-0.007852430455386639,-0.0016739368438720703,0.006933621130883694
train,1964-05,1964-06,-0.004910976625978947,0.004090482369065285,0.004714820068329573,0.0031481063924729824,-0.010901041328907013,-0.01108064129948616,-0.0029535021167248487,0.009660797193646431
train,1964-06,1964-07,0.0028423028998076916,0.003930236678570509,0.0023543762508779764,-0.00204551313072443,0.0001975218765437603,0.005288270302116871,0.001285430509597063,-0.0051009515300393105
train,1964-07,1964-08,8.524395525455475e-06,-0.0004947212873958051,0.0028459872119128704,-0.0024291938170790672,-0.00158778321929276,0.00043307512532919645,0.004401315003633499,-0.00522741861641407
train,1964-08,1964-09,-0.0005009996239095926,-0.005922549869865179,-0.0010175161296501756,-0.005323475226759911,0.0012657111510634422,0.004126605577766895,-0.007129189092665911,0.00017626359476707876
train,1964-09,1964-10,-1.4513381756842136e-05,-0.0032246599439531565,-0.0007176935905590653,-0.003980701789259911,0.002183666918426752,0.0044561028480529785,-0.006430112756788731,-0.004588685929775238
train,1964-10,1964-11,-0.0011688503436744213,0.00897754356265068,0.009161747992038727,0.01049178745597601,-0.001157425343990326,-0.004605496767908335,0.007735373452305794,-0.001998839434236288
train,1964-11,1964-12,-0.0018633916042745113,0.010309829376637936,0.006146451458334923,0.01173690240830183,-0.005011840723454952,-0.008449781686067581,0.0035219513811171055,0.009219048544764519
train,1964-12,1965-01,0.0015667835250496864,-0.017274796962738037,-0.0009118178859353065,-0.012827221304178238,0.0062459553591907024,0.011988746002316475,-0.015060357749462128,-0.011149048805236816
train,1965-01,1965-02,1.086108386516571e-05,-0.007441484369337559,0.002348467940464616,0.0005896673537790775,0.0025824473705142736,0.003207081463187933,-0.0011342065408825874,-0.00739494152367115
train,1965-02,1965-03,0.00716564804315567,-0.005795386619865894,-0.004294072277843952,-0.007482129614800215,0.009018538519740105,0.013321775011718273,0.0005814605392515659,-0.01557278260588646
train,1965-03,1965-04,0.0010228147730231285,-0.0059511298313736916,0.006483418866991997,0.0018686354160308838,-0.0019089551642537117,0.001861042808741331,-0.00500589469447732,-0.004752430133521557
train,1965-04,1965-05,-0.0014461854007095098,-0.0025349310599267483,0.004713200032711029,0.004387649707496166,-0.0025945142842829227,-0.0019812716636806726,-9.496742859482765e-05,-0.0014816923066973686
train,1965-05,1965-06,-0.0032313503324985504,0.017083246260881424,0.00523074995726347,0.004209750331938267,-0.008397991769015789,-0.012569104321300983,0.015580310486257076,0.00278271920979023
train,1965-06,1965-07,-0.0014372363220900297,-0.005415102932602167,0.0027355565689504147,-0.0024753655306994915,0.0016969935968518257,0.0024430984631180763,-0.002590313320979476,-0.0012195487506687641
train,1965-07,1965-08,-0.005704198963940144,-0.010537019930779934,-0.0034235045313835144,0.002896498888731003,0.001422500004991889,-0.00351527682505548,-0.012231358326971531,0.006325130816549063
train,1965-08,1965-09,-0.006985353771597147,-0.012453212402760983,0.002921313513070345,0.0027284433599561453,-0.008186530321836472,-0.006604872643947601,-0.008980254642665386,0.00851996336132288
train,1965-09,1965-10,0.005241883918642998,-0.019084511324763298,-0.006427126005291939,-0.013201644644141197,0.011404668912291527,0.017132410779595375,-0.019861502572894096,-0.011528171598911285
train,1965-10,1965-11,0.000986643135547638,-0.026194170117378235,-0.0038891558069735765,-0.01881175860762596,0.009244531393051147,0.01956130564212799,-0.02489565871655941,-0.01150096021592617
train,1965-11,1965-12,0.008208613842725754,-0.014607928693294525,-0.01069790218025446,-0.012052442878484726,0.009756878949701786,0.01274374220520258,-0.004787458572536707,-0.009184936061501503
train,1965-12,1966-01,0.016403628513216972,-0.022475363686680794,-0.009443969465792179,-0.024811705574393272,0.01755749061703682,0.029507160186767578,-0.014125866815447807,-0.027034036815166473
train,1966-01,1966-02,0.007290275767445564,-0.02394886314868927,-0.005453076213598251,-0.019708791747689247,0.015001758933067322,0.02611425705254078,-0.022500531747937202,-0.01775421015918255
train,1966-02,1966-03,-0.005458937957882881,-0.006381634622812271,-0.0003228764981031418,-0.017540525645017624,0.0013277120888233185,0.010267996229231358,-0.005173190031200647,-0.008829964324831963
train,1966-03,1966-04,0.006499321199953556,-0.013518012128770351,-0.0008003122638911009,-0.005359277129173279,0.01352122612297535,0.016748934984207153,-0.017336992546916008,-0.009737242944538593
train,1966-04,1966-05,-0.003573666326701641,0.025090143084526062,0.006395320873707533,0.014357045292854309,-0.010847363620996475,-0.019768796861171722,0.033719751983881,0.004186347592622042
train,1966-05,1966-06,0.002702070400118828,-0.0016649451572448015,0.002386493608355522,0.004209551960229874,0.002584287663921714,0.0008847513236105442,-0.003605986712500453,0.00048344285460188985
train,1966-06,1966-07,-0.0009736670181155205,0.004797178320586681,0.00035861856304109097,0.0005360054783523083,-0.003573696594685316,-0.0020274240523576736,0.0007767152274027467,0.0026013911701738834
train,1966-07,1966-08,-0.004306935239583254,0.014926064759492874,0.015296783298254013,0.012283505871891975,-0.012820085510611534,-0.014783871360123158,0.01396605372428894,0.005905904341489077
train,1966-08,1966-09,-0.00602732365950942,0.01363344769924879,0.00455104373395443,-4.928885027766228e-05,-0.006412066053599119,-0.004355894401669502,0.006404915824532509,0.003569575259461999
train,1966-09,1966-10,-0.023687250912189484,0.028852242976427078,0.023603633046150208,0.015942838042974472,-0.032958295196294785,-0.0359484925866127,0.016688143834471703,0.029150331392884254
train,1966-10,1966-11,-0.0008384943939745426,-0.018522784113883972,-0.013102954253554344,-0.0017400486394762993,0.011842089705169201,0.00694527942687273,-0.030480919405817986,0.010565333068370819
train,1966-11,1966-12,-0.0018234471790492535,0.001004135119728744,-0.0017814422026276588,0.000986992847174406,0.0034770045895129442,-0.0015406354796141386,0.0013117811176925898,0.0029814771842211485
train,1966-12,1967-01,0.026351680979132652,-0.05072249844670296,-0.0413832888007164,-0.048670411109924316,0.02799123153090477,0.04538964107632637,-0.04139707610011101,-0.022506769746541977
train,1967-01,1967-02,0.005958267487585545,-0.017515825107693672,-0.014515380375087261,-0.020883683115243912,0.016223717480897903,0.02238168939948082,-0.015182962641119957,-0.02130376547574997
train,1967-02,1967-03,0.0033492317888885736,-0.001991886645555496,0.0014151997165754437,-0.001738312654197216,0.003984717186540365,0.005161735229194164,-0.009102171286940575,-0.00019063800573349
train,1967-03,1967-04,-0.00013951770961284637,-0.005605306942015886,0.0006597129395231605,0.0011715656146407127,-0.0018042344599962234,8.63631721585989e-05,-0.012683052569627762,0.004444911144673824
train,1967-04,1967-05,0.006518364883959293,-0.007520987652242184,-0.00879170373082161,-0.010567977093160152,0.00819177832454443,0.011145314201712608,-0.00022353953681886196,-0.015904536470770836
train,1967-05,1967-06,0.013225091621279716,-0.025810860097408295,-0.016996920108795166,-0.026174534112215042,0.019365796819329262,0.034708403050899506,-0.05001223832368851,-0.013172918930649757
train,1967-06,1967-07,0.0003368742763996124,-0.017901543527841568,-0.001259280601516366,-0.020609281957149506,0.0038998867385089397,0.012825200334191322,-0.020509574562311172,-0.014725797809660435
train,1967-07,1967-08,0.0017353763105347753,-0.0006090113893151283,0.0039055650122463703,-0.00638082530349493,0.0015487312339246273,0.005430406890809536,0.0033122540917247534,-0.01432274654507637
train,1967-08,1967-09,0.008220788091421127,-0.009264850057661533,-0.005741989240050316,-0.014344745315611362,0.017621871083974838,0.023400552570819855,-0.02354271709918976,-0.021572090685367584
train,1967-09,1967-10,0.001681261695921421,-0.00680068414658308,-0.008628003299236298,-0.008812131360173225,0.006694836542010307,0.013305439613759518,-0.01550779864192009,-0.007497184909880161
train,1967-10,1967-11,-0.00043319573160260916,0.007471857592463493,0.004186025820672512,0.008524738252162933,0.0002586607588455081,-0.004918284714221954,0.004733739886432886,0.007066112477332354
train,1967-11,1967-12,0.0061628129333257675,-0.01760994829237461,-0.01933697983622551,-0.02479105070233345,0.022502148523926735,0.031351298093795776,-0.03560307249426842,-0.01623183861374855
train,1967-12,1968-01,-0.0005814232863485813,-0.0167679525911808,-0.006492826621979475,-0.04353627935051918,0.010806276462972164,0.03461948782205582,-0.012770118191838264,-0.04704369977116585
train,1968-01,1968-02,-0.0030600596219301224,0.014955617487430573,0.01542525552213192,0.01102390419691801,-0.010470503009855747,-0.013455253094434738,0.02411445789039135,-0.0026390794664621353
train,1968-02,1968-03,0.0013666318263858557,-0.0011694729328155518,0.01222573034465313,0.012744731269776821,-0.002149490639567375,-0.009172985330224037,0.00558173144236207,0.003311318811029196
train,1968-03,1968-04,0.01059257797896862,-0.028927549719810486,-0.02077960968017578,-0.007589835673570633,0.024784758687019348,0.02347477898001671,-0.037871893495321274,-0.01435871236026287
train,1968-04,1968-05,5.976483225822449e-05,-0.028596574440598488,-0.021647965535521507,-0.036707229912281036,0.020661987364292145,0.03279720991849899,-0.03665897250175476,-0.02994741126894951
train,1968-05,1968-06,-0.0019726320169866085,0.008279620669782162,0.003837964031845331,-0.0037323760334402323,-0.00014152273070067167,-0.0008937581442296505,0.015396934002637863,-0.015969116240739822
train,1968-06,1968-07,-0.0044429367408156395,0.00403360091149807,-0.00010368460789322853,-0.009345244616270065,-0.0031570191495120525,0.005483546294271946,0.0063964370638132095,-0.010872617363929749
train,1968-07,1968-08,-0.0036288099363446236,-0.01018234807997942,0.004553515464067459,-0.007023798767477274,0.0023524947464466095,0.007964227348566055,-0.01164325699210167,-0.010203813202679157
train,1968-08,1968-09,-0.0013305218890309334,-0.015239808708429337,-0.008901883848011494,-0.015060370787978172,0.005049937404692173,0.008978025987744331,-0.019707491621375084,-0.0008642170578241348
train,1968-09,1968-10,0.00016546575352549553,0.0013532810844480991,0.007801714353263378,0.003764339257031679,-0.006004588212817907,-0.007229974493384361,0.013315794989466667,-0.010181257501244545
train,1968-10,1968-11,0.0009477529674768448,-0.0004705246537923813,-0.006475608795881271,-0.005927025806158781,0.0038016238249838352,0.003907111473381519,-0.005499500781297684,0.008869623765349388
train,1968-11,1968-12,-0.002491352614015341,-0.013177759945392609,-0.008624725975096226,-0.02470732480287552,0.006099873222410679,0.018961450085043907,-0.018765335902571678,-0.007821994833648205
train,1968-12,1969-01,0.0002541678259149194,0.0015697323251515627,-0.002369196154177189,-0.010940926149487495,0.0032961051911115646,0.00961996428668499,0.0022707271855324507,-0.007890017703175545
train,1969-01,1969-02,-0.002591783180832863,0.010885926894843578,0.017090681940317154,0.01825828291475773,-0.007095828652381897,-0.01834004744887352,0.026724960654973984,-0.010912701487541199
train,1969-02,1969-03,-0.0028529991395771503,-0.002313055098056793,0.002278180792927742,0.0037408939097076654,0.00431150384247303,0.0003890222869813442,-0.005550974514335394,0.0029489153530448675
train,1969-03,1969-04,-0.007102235686033964,0.005400578025728464,0.004046700429171324,6.897590355947614e-05,-0.0012215417809784412,-0.007073983550071716,0.0063305445946753025,0.004615653771907091
train,1969-04,1969-05,-0.001509420806542039,-0.0003425166942179203,0.0031973293516784906,-0.002273731864988804,0.004807574674487114,0.005702672991901636,0.0025467490777373314,-0.0070522259920835495
train,1969-05,1969-06,0.0046337926760315895,0.0169722568243742,0.020106792449951172,0.022177066653966904,-0.0037737791426479816,-0.014640774577856064,0.031171748414635658,-0.007191935088485479
train,1969-06,1969-07,-0.0017847223207354546,0.017334848642349243,0.020064586773514748,0.014784431084990501,-0.005424311384558678,-0.012469991110265255,0.02560023032128811,-0.010707957670092583
train,1969-07,1969-08,0.00868641585111618,0.0033108945935964584,0.0005200306186452508,0.008662252686917782,0.012523431330919266,0.003944112919270992,-0.010193913243710995,0.00701149832457304
train,1969-08,1969-09,0.002471301704645157,0.013006706722080708,0.013905936852097511,0.01311553455889225,0.005549604073166847,-0.0036961708683520555,0.013999169692397118,-0.00810210406780243
train,1969-09,1969-10,-0.009091591462492943,-0.007995571941137314,-0.017400402575731277,-0.008636166341602802,-0.0032251421362161636,0.0046316711232066154,-0.02267412096261978,0.015446901321411133
train,1969-10,1969-11,0.004251499660313129,0.013746784999966621,0.015048491768538952,0.019772600382566452,0.003052228596061468,-0.006770676001906395,0.016496576368808746,-0.008292216807603836
train,1969-11,1969-12,0.005978835746645927,0.022475097328424454,0.022325508296489716,0.03180377930402756,-0.001115851104259491,-0.01952892541885376,0.02686738595366478,0.0011471188627183437
train,1969-12,1970-01,-0.011222150176763535,-0.005718593019992113,0.010470687411725521,-0.00973391905426979,-0.00733216293156147,0.00669753085821867,-0.0006441751029342413,-0.026527388021349907
train,1970-01,1970-02,-0.004533592611551285,0.006385033018887043,0.005338856019079685,-0.009442545473575592,-0.0023570843040943146,-0.004266540519893169,0.004273565486073494,0.0033511912915855646
train,1970-02,1970-03,-0.004995848052203655,0.001992868259549141,0.01658729463815689,0.002448845887556672,-0.012246828526258469,-0.01397683098912239,0.02287963218986988,-0.011301395483314991
train,1970-03,1970-04,-0.0030858274549245834,0.01014600321650505,0.033238355070352554,0.018642105162143707,-0.019690528512001038,-0.029664168134331703,0.04498903453350067,-0.022464338690042496
train,1970-04,1970-05,-0.004464105702936649,0.006098117213696241,0.00800658855587244,-0.008143961429595947,-0.007443525828421116,-0.0045425305142998695,0.002188072307035327,-0.0030651194974780083
train,1970-05,1970-06,0.007789709605276585,0.017162829637527466,0.021305551752448082,0.01543276198208332,0.003690914949402213,-0.003306909464299679,0.027224937453866005,-0.019549015909433365
train,1970-06,1970-07,0.005746254697442055,0.0065510468557477,0.0055178687907755375,0.0009323942940682173,0.0035466132685542107,-0.007151249796152115,0.009313776157796383,0.002174189081415534
train,1970-07,1970-08,-0.005304979160428047,-0.014853423461318016,-0.011095497757196426,-0.012102682143449783,-9.06200148165226e-06,0.0016206828877329826,-0.008799760602414608,0.010952368378639221
train,1970-08,1970-09,-0.015573820099234581,-0.03550206124782562,-0.04232021048665047,-0.03621484339237213,0.001932240091264248,0.020855164155364037,-0.04756210744380951,0.022611072286963463
train,1970-09,1970-10,0.01567314751446247,0.025263801217079163,0.022367119789123535,0.021645383909344673,0.014621619135141373,-0.005720729008316994,0.028927301988005638,-0.01844167150557041
train,1970-10,1970-11,0.008203486911952496,0.019011840224266052,0.014149891212582588,0.017994660884141922,0.002807393902912736,-0.0239095538854599,0.02311452478170395,0.0026813806034624577
train,1970-11,1970-12,-0.0018706368282437325,-0.004985227715224028,0.007804758846759796,0.01087599340826273,-0.007230184972286224,-0.012970324605703354,0.008774961344897747,-0.010459531098604202
train,1970-12,1971-01,-0.027205199003219604,-0.04198695719242096,-0.012951716780662537,-0.034318890422582626,-0.012529978528618813,0.01991734839975834,-0.034360796213150024,-0.018802635371685028
train,1971-01,1971-02,-0.00026217708364129066,-0.009258853271603584,-0.006254217587411404,-0.009003299288451672,0.005958748981356621,0.018537243828177452,-0.018667686730623245,-0.008515777997672558
train,1971-02,1971-03,-0.009307365864515305,-0.002769306767731905,0.0034497003071010113,-0.002253875369206071,-0.005369722843170166,-0.0018462070729583502,-0.01260513998568058,0.004886644426733255
train,1971-03,1971-04,-0.0022461451590061188,-0.0004863945650868118,0.013816856779158115,0.011786757037043571,-0.002497923094779253,-0.00786939263343811,-4.517426714301109e-05,0.001241226214915514
train,1971-04,1971-05,0.006142809521406889,0.010340293869376183,0.008347290568053722,0.012228491716086864,0.009182348847389221,-0.005978606175631285,0.01624782755970955,-0.006241844035685062
train,1971-05,1971-06,0.0002953421208076179,0.012556487694382668,0.005316159222275019,0.008354753255844116,0.005120199639350176,-0.007877886295318604,0.010632863268256187,0.0021052237134426832
train,1971-06,1971-07,0.006586404982954264,0.008175885304808617,0.006186074111610651,0.003922086209058762,0.001665621530264616,-0.008691862225532532,0.025231651961803436,-0.011469145305454731
train,1971-07,1971-08,-0.005405249539762735,-0.0112999202683568,0.0010124448454007506,0.006136500742286444,-0.0038288203068077564,-0.004863575100898743,-0.007570822257548571,0.0016094830352813005
train,1971-08,1971-09,0.00637541338801384,0.0036483348812907934,0.002619760576635599,0.006462865509092808,0.011465466581285,0.004991393536329269,-0.0012579679023474455,-0.005498562473803759
train,1971-09,1971-10,0.003119728760793805,0.01831570640206337,0.010273728519678116,0.007838016375899315,-0.0006038796855136752,-0.008269263431429863,0.01422584243118763,-0.002699395176023245
train,1971-10,1971-11,0.0017209886573255062,0.007597118150442839,0.0060244109481573105,0.007886458188295364,0.0012910140212625265,-0.011597182601690292,0.010715730488300323,0.005268332548439503
train,1971-11,1971-12,-0.007594135124236345,-0.01632394641637802,-0.010566786862909794,-0.01118721067905426,-0.0015123796183615923,-0.0011998252011835575,-0.01579374447464943,0.00415597902610898
train,1971-12,1972-01,-0.031394243240356445,-0.03737085312604904,-0.015322682447731495,-0.0410948246717453,-0.009532331489026546,0.02657090686261654,-0.035812199115753174,-0.018212953582406044
train,1972-01,1972-02,-0.007272031158208847,-0.014082998037338257,-0.0027412145864218473,-0.001592450775206089,0.0008052967023104429,0.0009962163167074323,-0.008074115961790085,-0.0005880652461200953
train,1972-02,1972-03,0.004036570433527231,0.0073077501729130745,0.007010207511484623,0.00546345254406333,0.007350818254053593,-0.0015717323403805494,0.005302302539348602,-0.0063805365934967995
train,1972-03,1972-04,-0.0022080903872847557,-0.004783343058079481,0.0015407262835651636,0.005793294403702021,-0.0014622716698795557,-0.007222013548016548,0.003282774705439806,-0.0009654844179749489
train,1972-04,1972-05,0.009979107417166233,0.007689294405281544,0.010594288818538189,0.011523405089974403,0.005669480189681053,-0.005044716876000166,0.006165485363453627,0.0009417140390723944
train,1972-05,1972-06,0.0007087734993547201,0.003666768316179514,0.009464221075177193,0.004289645701646805,-0.0031150258146226406,-0.005276774987578392,0.0010042954236268997,0.0014097440289333463
train,1972-06,1972-07,0.0004991923924535513,0.0025935873854905367,0.00873987190425396,0.004281630273908377,-0.007266132161021233,-0.009356639347970486,0.004963514860719442,-0.0004894700832664967
train,1972-07,1972-08,-0.0021468058694154024,0.00463548069819808,0.013339968398213387,-0.0006973648560233414,-0.011208627372980118,-0.01515786163508892,0.008510876446962357,-0.001164634944871068
train,1972-08,1972-09,0.0032509416341781616,0.008586512878537178,0.00817799847573042,0.0045888968743383884,-0.0006568960379809141,-0.0034063581842929125,0.0071800509467720985,0.00018831004854291677
train,1972-09,1972-10,0.0028390930965542793,0.011741346679627895,0.008322755806148052,0.0018667139811441302,-0.004072757437825203,-0.009075723588466644,0.012401582673192024,-0.00034112425055354834
train,1972-10,1972-11,0.01039514597505331,0.001185775501653552,0.003884937847033143,0.003304393496364355,-0.006198737770318985,-0.008733955211937428,0.0002450948813930154,0.005001884885132313
train,1972-11,1972-12,0.004636527970433235,0.006665477063506842,0.010984825901687145,0.013692633248865604,0.002247151918709278,-0.008661706000566483,0.0054342132061719894,0.002355524804443121
train,1972-12,1973-01,-0.011260992847383022,-0.0022601871751248837,0.01087489165365696,-0.007834645919501781,-0.008166464976966381,0.0018087427597492933,0.005550673697143793,-0.01696285791695118
train,1973-01,1973-02,0.0005385552067309618,0.004940681625157595,0.00992549303919077,-0.0006029572105035186,-0.003704809583723545,-0.006125790998339653,0.005918174982070923,-0.0021885507740080357
train,1973-02,1973-03,-0.0019588936120271683,-0.0019914598669856787,0.001797843142412603,-0.0026626584585756063,-0.005438466556370258,-0.00521916663274169,-0.0028588930144906044,0.0034717286471277475
train,1973-03,1973-04,0.0009578665485605597,0.006432763766497374,0.015477890148758888,-0.004352089948952198,-0.004423041362315416,-0.003968896344304085,0.007331226021051407,-0.004347731824964285
train,1973-04,1973-05,0.0019316578982397914,0.0059761302545666695,0.013091040775179863,0.005190492141991854,-0.003083294490352273,-0.010248685255646706,0.006575584411621094,0.00209977850317955
train,1973-05,1973-06,-0.008463358506560326,-0.003630639985203743,0.005681153852492571,-0.006124319043010473,-0.007803190965205431,-0.007482881657779217,-0.0035731506068259478,0.005171452648937702
train,1973-06,1973-07,-0.01872466318309307,-0.029853474348783493,-0.020193185657262802,-0.013307823799550533,-0.011537149548530579,-0.008934929035604,-0.02782611921429634,0.022222843021154404
train,1973-07,1973-08,0.004488883540034294,0.00869741104543209,0.013927938416600227,0.010558555833995342,0.002814545528963208,-0.0020744050852954388,0.007785423658788204,-0.00535206962376833
train,1973-08,1973-09,-0.017922423779964447,-0.01751953735947609,-8.42708395794034e-05,-0.007173048332333565,-0.016251711174845695,-0.01799878105521202,-0.013971228152513504,0.023842163383960724
train,1973-09,1973-10,-0.0010218892712146044,-0.0013700610725209117,0.007696566637605429,-0.003723638132214546,-0.002426089020445943,-0.00175236607901752,0.001283118617720902,-0.004630821757018566
train,1973-10,1973-11,0.012361535802483559,0.017084665596485138,0.003731176722794771,0.0024944136384874582,0.010083450935781002,0.0022936121094971895,0.022595785558223724,-0.016424402594566345
train,1973-11,1973-12,-0.004212179686874151,0.0002071908675134182,0.010193413123488426,0.007944217883050442,-0.007651025895029306,-0.016574032604694366,-0.0017309365794062614,0.012432443909347057
train,1973-12,1974-01,-0.015062114223837852,-0.035038240253925323,-0.015248487703502178,-0.03703978657722473,-0.011683697812259197,0.013613100163638592,-0.015119249001145363,-0.005171757657080889
train,1974-01,1974-02,0.002010161755606532,0.0016634328057989478,0.0006909825606271625,-0.003889158833771944,0.001036310801282525,-0.0004073854652233422,0.003063538111746311,-0.006394263356924057
train,1974-02,1974-03,0.006894133053719997,-0.00442210678011179,-0.001263488084077835,-0.009625320322811604,0.005824285559356213,0.007564408704638481,0.0004033353761769831,-0.011418565176427364
train,1974-03,1974-04,0.004265671595931053,-0.0019304570741951466,0.010662935674190521,0.00589088536798954,0.00027742929523810744,-0.001290749292820692,0.0009452585363760591,-0.006878974381834269
train,1974-04,1974-05,0.0033836071379482746,0.0033691981807351112,0.01178288646042347,0.003422797191888094,-0.0002810744335874915,-0.0028862410690635443,0.0014198627322912216,-0.004024338908493519
train,1974-05,1974-06,-0.0030465968884527683,-0.0039786300621926785,0.005782316438853741,-0.0015436550602316856,-0.00538300396874547,-0.006962163839489222,-0.0033694985322654247,0.0022146226838231087
train,1974-06,1974-07,-0.002624258864670992,-0.0060837301425635815,-0.002552303019911051,-0.007964384742081165,-0.009560219943523407,-0.0055489307269454,-0.0017681693425402045,0.0011682838667184114
train,1974-07,1974-08,-0.0013990148436278105,-0.0020202663727104664,0.006385942921042442,-0.00566326966509223,-0.0025766990147531033,-0.0015545024070888758,0.0034698524978011847,-0.005366255529224873
train,1974-08,1974-09,0.007529117166996002,0.009558734484016895,-0.0009002613951452076,-0.012401394546031952,0.0050108777359128,0.009651015512645245,0.013287629932165146,-0.01667378470301628
train,1974-09,1974-10,-0.020335229113698006,-0.00637015188112855,-0.0030680899508297443,0.008901583030819893,-0.012567280791699886,-0.03156678006052971,-0.014748701825737953,0.03485327959060669
train,1974-10,1974-11,0.007937397807836533,0.013123731128871441,0.00263882870785892,-0.0036309491842985153,0.007418068125844002,0.003167230635881424,0.013240898959338665,-0.006689077243208885
train,1974-11,1974-12,0.002441463293507695,0.011193806305527687,0.005926134996116161,0.0013513457961380482,-0.001957160886377096,-0.010669998824596405,0.00717342272400856,0.004834202583879232
train,1974-12,1975-01,-0.05852343142032623,-0.07800380140542984,-0.03147430717945099,-0.02607647515833378,-0.04546691104769707,-0.016911853104829788,-0.05331781879067421,0.02650536224246025
train,1975-01,1975-02,-0.0009044755715876818,0.005463448353111744,0.0011151363141834736,0.0022173700854182243,0.014558089897036552,0.004938936326652765,0.014921361580491066,-0.00682264706119895
train,1975-02,1975-03,-0.03154982253909111,-0.033227402716875076,-0.001218312536366284,-0.0011408289428800344,-0.02869930863380432,-0.01689005084335804,-0.03411763533949852,0.022894641384482384
train,1975-03,1975-04,-0.004418301396071911,0.00032470264704898,0.01207699440419674,0.014040203765034676,-0.0003276044735684991,-0.011210262775421143,-0.0014573467196896672,0.00858701765537262
train,1975-04,1975-05,-0.011410154402256012,-0.0079589132219553,0.002552969381213188,0.004127679392695427,-0.0035526775754988194,-0.0031601968221366405,-0.011093768291175365,0.005480567459017038
train,1975-05,1975-06,-0.015362875536084175,-0.017160652205348015,0.0029512473847717047,-0.00407966086640954,-0.0167214497923851,-0.011397087015211582,-0.012413052842020988,0.010158928111195564
train,1975-06,1975-07,0.0016951074358075857,-0.007413835264742374,-0.008494796231389046,-0.00833522342145443,0.009509667754173279,0.009147869423031807,0.012167427688837051,-0.02296995185315609
train,1975-07,1975-08,0.01524020079523325,0.009196344763040543,-0.0019362441962584853,-0.0006865140167064965,0.010664739646017551,0.003785977140069008,0.014171810820698738,-0.006011854391545057
train,1975-08,1975-09,0.006608820520341396,0.0006209806306287646,-0.00139141664840281,0.0030093418899923563,0.0012118736049160361,-0.0030821203254163265,0.004051401279866695,-0.00011011655442416668
train,1975-09,1975-10,-0.009881829842925072,-0.004151101224124432,0.005844458006322384,0.012007270008325577,-0.01536574587225914,-0.020314164459705353,-0.009090213105082512,0.01589619740843773
train,1975-10,1975-11,-0.006675638258457184,-0.009578051045536995,-0.00037091178819537163,0.0027104225009679794,-0.012875004671514034,-0.014643154107034206,-0.008422492071986198,0.00846661627292633
train,1975-11,1975-12,-0.0003125440562143922,0.003187926020473242,-0.004781779833137989,-0.006351866759359837,0.003187923226505518,0.0012327006552368402,0.005206699017435312,-0.0029971078038215637
train,1975-12,1976-01,-0.05744975060224533,-0.06356919556856155,-0.004675006959587336,-0.011412877589464188,-0.04626552015542984,-0.028481915593147278,-0.04441554844379425,0.01814291998744011
train,1976-01,1976-02,-0.039627812802791595,-0.03767814859747887,-0.0034123186487704515,-0.024859599769115448,-0.007010361645370722,0.010779481381177902,-0.013728155754506588,-0.017656931653618813
train,1976-02,1976-03,-0.0010066304821521044,0.007071445696055889,0.007719189859926701,0.004747004713863134,0.009541462175548077,0.0069363778457045555,0.009086154401302338,-0.010732432827353477
train,1976-03,1976-04,0.01336497999727726,0.012819397263228893,0.0006700034718960524,0.00160646578297019,0.014679507352411747,0.00878161657601595,0.019223134964704514,-0.015884442254900932
train,1976-04,1976-05,0.019357159733772278,0.0063384841196238995,-0.0023806451354175806,-0.0033624591305851936,0.013346864841878414,0.00564931146800518,0.013706967234611511,-0.0065482985228300095
train,1976-05,1976-06,0.0007005811203271151,-0.010474232956767082,-0.0017670681700110435,0.0001263453159481287,-0.008116699755191803,-0.009547023102641106,-0.01131473295390606,0.011954247951507568
train,1976-06,1976-07,0.005616149865090847,0.009389735758304596,0.003571146633476019,-0.005058027803897858,0.0048447116278111935,0.009021264500916004,0.008089971728622913,-0.009948699735105038
train,1976-07,1976-08,0.007204445078969002,0.005353187210857868,0.0012251508887857199,-0.007740152068436146,0.0022407767828553915,0.0006420382997021079,0.007680745795369148,-0.00487543223425746
train,1976-08,1976-09,-0.0042188880033791065,-0.0034733377397060394,0.0008319811895489693,0.0011983319418504834,-0.007192075252532959,-0.010380752384662628,-0.006559845991432667,0.00767327006906271
train,1976-09,1976-10,0.006199039984494448,0.0077874730341136456,-0.0008767169201746583,-0.00027684366796165705,0.004798388108611107,0.004034094978123903,0.007567530497908592,-0.005461393855512142
train,1976-10,1976-11,-0.0005407026037573814,0.00028107245452702045,0.0004547062562778592,0.0006429563509300351,0.002001374028623104,-0.0023899455554783344,-0.0008135160314850509,0.0011763691436499357
train,1976-11,1976-12,-0.015816491097211838,-0.011935129761695862,0.0018116082064807415,-0.010918719694018364,-0.0033539182040840387,0.0006076616118662059,-0.008037862367928028,-0.006644091568887234
train,1976-12,1977-01,-0.012830821797251701,-0.005647353362292051,0.0011215396225452423,-0.018619121983647346,0.00936076045036316,0.017548758536577225,0.004577637650072575,-0.02259867638349533
train,1977-01,1977-02,0.0059479158371686935,0.0068609630689024925,0.008549139834940434,-0.0036041715648025274,0.016372747719287872,0.01516262162476778,0.017520513385534286,-0.02311338670551777
train,1977-02,1977-03,-0.0033760161604732275,0.0025938283652067184,0.003262030426412821,-0.0028991589788347483,0.0016629372257739305,0.0025707995519042015,0.0043672858737409115,-0.007471609394997358
train,1977-03,1977-04,-0.0031267167069017887,0.0016142341773957014,-0.0006661020452156663,-0.006357362028211355,0.0019475568551570177,0.002860702807083726,0.0019216749351471663,-0.004693527705967426
train,1977-04,1977-05,-0.001796484924852848,0.0018733282340690494,0.004116916563361883,-0.0062267109751701355,0.003522223327308893,0.002556663239374757,0.0062055387534201145,-0.008672144263982773
train,1977-05,1977-06,-0.012396974489092827,-0.01627751998603344,-0.0013453956926241517,-0.002018941333517432,-0.01243041642010212,-0.009553429670631886,-0.021556837484240532,0.01369678508490324
train,1977-06,1977-07,0.002926984801888466,0.01391063816845417,0.007694197352975607,-0.00042658986058086157,0.014584831893444061,0.012270882725715637,0.015313483774662018,-0.019160153344273567
train,1977-07,1977-08,0.005705417599529028,0.01508623082190752,0.009980019181966782,0.005077646113932133,0.013721891678869724,0.009102768264710903,0.011231760494410992,-0.013453543186187744
train,1977-08,1977-09,0.003362118499353528,0.005044848658144474,0.0012228472623974085,-0.0017126251477748156,0.007781413849443197,0.0057662418112158775,0.002771082567051053,-0.007813495583832264
train,1977-09,1977-10,0.007792498916387558,0.00878590065985918,0.004425191320478916,-0.0034768979530781507,0.005827604793012142,0.007239139173179865,0.009302501566708088,-0.011447818018496037
train,1977-10,1977-11,-0.01297332439571619,-0.01763657107949257,0.004174356814473867,0.0005513270734809339,-0.006795990280807018,-0.00748755969107151,-0.014955228194594383,0.00515507347881794
train,1977-11,1977-12,0.0015844303416088223,0.007882238365709782,0.004944234620779753,0.0031602217350155115,0.009510987438261509,0.004496514797210693,0.00533343805000186,-0.00995925348252058
train,1977-12,1978-01,-0.003777700010687113,0.0020975179504603148,-0.001369148725643754,-0.012712784111499786,0.010380581021308899,0.016252882778644562,0.012497033923864365,-0.01832282356917858
train,1978-01,1978-02,-0.002413367386907339,0.00022737184190191329,0.0066502392292022705,-0.0022368733771145344,0.009523434564471245,0.008233173750340939,0.0046918392181396484,-0.01476769708096981
train,1978-02,1978-03,-0.013311835005879402,-0.011110227555036545,0.005496022291481495,9.772751946002245e-05,-0.0024321312084794044,-0.0010191722540184855,-0.011173203587532043,-0.0020949123427271843
train,1978-03,1978-04,-0.00785488449037075,-0.0051984768360853195,0.009248839691281319,0.008751937188208103,-0.0028530173003673553,-0.007084871642291546,-0.004635471850633621,0.0007353575201705098
train,1978-04,1978-05,-0.006588271353393793,-0.00548021774739027,0.014650765806436539,0.008314617909491062,0.007990097627043724,0.009771152399480343,-0.0018333916086703539,-0.013348841108381748
train,1978-05,1978-06,0.0004240801790729165,0.007755399215966463,0.004991309717297554,-0.0034884861670434475,0.01081534568220377,0.010491713881492615,0.01098046638071537,-0.015047132968902588
train,1978-06,1978-07,-0.00535187590867281,-0.0061407918110489845,0.008232224732637405,0.005326732527464628,-0.0050949836149811745,-0.0052222516387701035,-0.013956583105027676,0.007024974562227726
train,1978-07,1978-08,-0.007076588459312916,-0.00684170750901103,0.014665289781987667,0.0043402742594480515,0.012489886954426765,0.013782979920506477,-0.008022161200642586,-0.0177806057035923
train,1978-08,1978-09,0.0014169355854392052,0.004079857841134071,-0.0035385058727115393,-0.007481904234737158,0.007959369570016861,0.013628143817186356,0.01055828295648098,-0.012597385793924332
train,1978-09,1978-10,0.03862909600138664,0.03810401260852814,-0.009012634865939617,-0.013111613690853119,0.019258014857769012,0.008373115211725235,0.0479082353413105,-0.022632312029600143
train,1978-10,1978-11,-0.015918981283903122,-0.02366311103105545,0.0009906963678076863,0.01090830285102129,-0.013047401793301105,-0.01670796424150467,-0.028474783524870872,0.022075343877077103
train,1978-11,1978-12,0.00428888201713562,0.006545405834913254,0.0054061030969023705,0.010213135741651058,0.0071149542927742004,-0.0017009333241730928,0.005937856622040272,-0.004722233861684799
train,1978-12,1979-01,-0.02202153019607067,-0.021328886970877647,-0.002304771449416876,-0.005677176173776388,-0.008506158366799355,-0.0030087237246334553,-0.012638024985790253,0.0036387343425303698
train,1979-01,1979-02,0.010740936733782291,0.012132580392062664,-0.0008129595080390573,-0.0038481063675135374,0.013322217389941216,0.013176940381526947,0.014130214229226112,-0.01342009473592043
train,1979-02,1979-03,-0.011256830766797066,-0.012653660029172897,-0.0007462982321158051,0.001978237647563219,-0.0033326270058751106,-0.005054669454693794,-0.015339214354753494,0.011500848457217216
train,1979-03,1979-04,-0.003855163464322686,0.002087729750201106,0.004334462806582451,-0.002251943340525031,0.00579726230353117,0.0056176804937422276,0.0011244998313486576,-0.008065246976912022
train,1979-04,1979-05,0.0032395177986472845,0.0034337921533733606,0.002253702376037836,-0.006039592903107405,0.00400913879275322,0.005368289537727833,0.006125628016889095,-0.008077474310994148
train,1979-05,1979-06,-0.0008319253101944923,0.0015480435686185956,-0.005166138522326946,-0.0032849402632564306,0.002846983727067709,0.004383716266602278,-0.0006253286264836788,0.0020969929173588753
train,1979-06,1979-07,0.0011602657614275813,0.002548870863392949,-0.0008485869038850069,-0.0011328692780807614,-0.0021836685482412577,-0.005253005772829056,0.0018217768520116806,0.002192447893321514
train,1979-07,1979-08,-0.00365676311776042,-0.0076232897117733955,0.008977042511105537,0.008447394706308842,-0.0046859499998390675,-0.006036343984305859,-0.013649361208081245,0.006288774311542511
train,1979-08,1979-09,0.0035878701601177454,0.007977446541190147,0.0042445724830031395,0.0019465690711513162,0.009425130672752857,0.005531151778995991,0.007508745416998863,-0.007126145996153355
train,1979-09,1979-10,0.0039592613466084,0.002914263866841793,-0.001505236723460257,-0.006230001337826252,0.002951832488179207,0.0006234918255358934,0.009887875989079475,-0.0045798541978001595
train,1979-10,1979-11,-0.009446070529520512,-0.0020425680559128523,0.004291896242648363,0.010347841307520866,-0.0021362740080803633,-0.005774650257080793,-0.01804492250084877,0.016169728711247444
train,1979-11,1979-12,-0.002339567057788372,0.005573982838541269,0.00804759282618761,0.013948824256658554,0.023430854082107544,0.014019334688782692,0.0062372758984565735,-0.01800825260579586
train,1979-12,1980-01,-0.007130748592317104,0.004495959263294935,0.00577276386320591,0.010992217808961868,0.023980872705578804,0.022627457976341248,0.002728938590735197,-0.02032860368490219
train,1980-01,1980-02,0.005805059336125851,0.01489032432436943,0.003498293925076723,0.005240727216005325,0.024813663214445114,0.020716935396194458,0.012643013149499893,-0.01602241024374962
train,1980-02,1980-03,0.013776982203125954,0.0013279500417411327,-0.0003493408439680934,-0.016412831842899323,-0.012447617016732693,-0.01540300715714693,0.013347955420613289,-0.001417262014001608
train,1980-03,1980-04,-0.009210729040205479,-0.0005124155431985855,-0.0007774093537591398,-0.008369062095880508,-0.005322466604411602,-0.008664661087095737,-0.0028042802587151527,0.00759122846648097
train,1980-04,1980-05,-0.004242889583110809,-0.007395698223263025,-0.0046851420775055885,-5.0264643505215645e-06,-0.005649970844388008,-0.012375129386782646,-0.004824025556445122,0.008376619778573513
train,1980-05,1980-06,0.0009551617549732327,0.008289538323879242,-0.0006684130057692528,-0.004025110509246588,0.007997702807188034,0.004264387302100658,0.005156341474503279,-0.005087023600935936
train,1980-06,1980-07,-0.0028006592765450478,-0.012621601112186909,0.012811074033379555,0.02223651483654976,-0.00834544189274311,-0.012846388854086399,-0.01857668161392212,0.010721678845584393
train,1980-07,1980-08,-0.01510910876095295,-0.0044565824791789055,0.015183625742793083,0.01385208498686552,0.006511389743536711,0.0008637361461296678,-0.004152107983827591,-0.006173413246870041
train,1980-08,1980-09,0.005440965294837952,0.017689550295472145,0.0022542495280504227,0.011686518788337708,0.027369478717446327,0.017003308981657028,0.011086209677159786,-0.018217124044895172
train,1980-09,1980-10,0.008245485834777355,0.023721786215901375,0.010291850194334984,0.018594058230519295,0.033864062279462814,0.02387167327105999,0.011117758229374886,-0.023770296946167946
train,1980-10,1980-11,0.007063522469252348,0.02377140522003174,0.005778112448751926,0.03301471471786499,0.032173797488212585,0.012246759608387947,-0.002959919860586524,-0.00369668728671968
train,1980-11,1980-12,0.00995983462780714,0.00122650561388582,0.0024742023088037968,-0.012540127150714397,-0.0037625571712851524,-0.0011948382016271353,0.003993091639131308,-0.004353728145360947
train,1980-12,1981-01,0.0005220621242187917,-0.0062766410410404205,-0.0023542181588709354,-0.017824847251176834,-0.0007971624727360904,0.007306190673261881,0.014318556524813175,-0.0175907164812088
train,1981-01,1981-02,-0.004652348347008228,-0.0117183867841959,6.140416371636093e-05,-0.01639031060039997,-0.017180854454636574,-0.013233331963419914,-0.005149100907146931,0.007932974025607109
train,1981-02,1981-03,-0.012339884415268898,-0.01612093299627304,0.0031495222356170416,-0.001989730168133974,-0.014618083834648132,-0.013701747171580791,-0.010595370084047318,0.010464885272085667
train,1981-03,1981-04,-0.0033755095209926367,-0.004182582721114159,0.008160761557519436,0.0009864667663350701,-0.0011411637533456087,-0.0009138633031398058,0.0038963728584349155,-0.008714435622096062
train,1981-04,1981-05,-0.007602263242006302,-0.0023128543980419636,0.007111802231520414,0.007618095260113478,-0.0017275018617510796,-0.002144003286957741,-0.002455152105540037,0.0013168568257242441
train,1981-05,1981-06,-0.0072793797589838505,-0.01511094905436039,0.0007648101891390979,-0.027568889781832695,-0.024099217727780342,-0.011691046878695488,-0.007115799933671951,0.0012555677676573396
train,1981-06,1981-07,1.493882155045867e-05,0.0007353582186624408,-0.0023864437825977802,-0.009281853213906288,0.0006405730964615941,-0.003097567707300186,0.0027249623090028763,-0.0004933997406624258
train,1981-07,1981-08,0.006081768311560154,-0.00020584656158462167,-0.0011958497343584895,-0.020054219290614128,-0.012596234679222107,-0.004133445210754871,0.004044986795634031,-0.0020991740748286247
train,1981-08,1981-09,0.0025326963514089584,-0.01315381657332182,0.008283030241727829,-0.01232651062309742,-0.022563781589269638,-0.016224097460508347,-0.0030867690220475197,0.0032105690333992243
train,1981-09,1981-10,-0.0012440658174455166,0.0007319597061723471,0.008966022171080112,0.011920375749468803,0.007466907612979412,-0.004017305560410023,-0.008445829153060913,-0.00012641120702028275
train,1981-10,1981-11,0.015277582220733166,-0.0006412719376385212,0.004312192089855671,-0.004545747768133879,-0.009318677708506584,-0.0047725290060043335,-0.000727942562662065,-0.004112879280000925
train,1981-11,1981-12,0.0028948141261935234,-0.003521435894072056,0.005131105426698923,-0.0004289355129003525,-0.0006489069201052189,-0.001383023802191019,0.003613128326833248,-0.007948841899633408
train,1981-12,1982-01,-0.005125952884554863,-0.0062488652765750885,0.006436110474169254,-0.008947134017944336,-0.002820301568135619,0.002879980718716979,0.0057610683143138885,-0.006675373297184706
train,1982-01,1982-02,-0.0056035383604466915,-0.019566260278224945,-0.0018825400620698929,-0.019868336617946625,-0.018591225147247314,-0.010243442840874195,0.0009082996984943748,-0.003351065795868635
train,1982-02,1982-03,-0.005058194976300001,-0.009547926485538483,0.005308467894792557,-0.008041552267968655,-0.007003668695688248,-0.003595942398533225,5.267682718113065e-05,-0.00617411732673645
train,1982-03,1982-04,-0.005832556635141373,-0.000632374663837254,0.008410128764808178,0.009340214543044567,0.0007704043528065085,-0.004784715361893177,0.0008207253413274884,0.0006391989882104099
train,1982-04,1982-05,0.0020087456796318293,0.0028236482758075,0.004012555815279484,-0.0037591038271784782,-0.0006341333501040936,-0.00028380006551742554,0.007226602640002966,-0.007088079117238522
train,1982-05,1982-06,-0.002587970346212387,-0.016985952854156494,0.005375584587454796,-0.006970069371163845,-0.017281806096434593,-0.010722173377871513,-0.008334849961102009,0.0010432264534756541
train,1982-06,1982-07,-0.0007330172229558229,-0.004664889536798,0.00865344051271677,0.0013604447012767196,-0.004972613416612148,-0.003413933562114835,0.0025255586951971054,-0.005945670418441296
train,1982-07,1982-08,0.010355503298342228,-0.01571568287909031,-0.013016469776630402,-0.0005094737280160189,-0.017952725291252136,-0.015903878957033157,-0.01989518478512764,0.022597920149564743
train,1982-08,1982-09,0.005208540707826614,0.0068952664732933044,0.01564178802073002,0.007187985815107822,0.0036768801510334015,0.0008815908804535866,0.005297116935253143,-0.01624613255262375
train,1982-09,1982-10,-0.0039885323494672775,-0.006215301807969809,0.007910585030913353,0.010233896784484386,-0.004378575831651688,-0.0006746746366843581,-0.02373330295085907,0.01171523705124855
train,1982-10,1982-11,-0.0037052822299301624,-0.006134707480669022,0.019569341093301773,0.018637973815202713,0.0021925331093370914,0.008530598133802414,-0.009879663586616516,-0.017856191843748093
train,1982-11,1982-12,-0.003214614000171423,-0.003396271262317896,0.0036083960440009832,-0.000882239721249789,0.0031235991045832634,0.0010015510488301516,0.0016205464489758015,-0.005205863621085882
train,1982-12,1983-01,-0.04198356345295906,0.013750908896327019,-0.0045482087880373,-0.02019735425710678,0.021350886672735214,0.029704762622714043,-0.0002916567027568817,0.008578360080718994
train,1983-01,1983-02,0.0003296523354947567,-0.006598953623324633,0.017307080328464508,0.009140942245721817,0.0018187754321843386,0.001549639506265521,0.0068196626380085945,-0.019849518314003944
train,1983-02,1983-03,-0.01015525683760643,-0.0013627461157739162,0.010227404534816742,-0.006036141887307167,-0.002944025443866849,-0.0026852465234696865,0.007910317741334438,-0.016025632619857788
train,1983-03,1983-04,-0.009189117699861526,0.008602119982242584,0.0071280780248343945,-0.007730895187705755,0.006569713819772005,0.007683959789574146,0.0011632404057309031,-0.008941076695919037
train,1983-04,1983-05,-0.019731314852833748,-0.004758804105222225,0.003102978691458702,-0.0105424290522933,0.0019874456338584423,0.0194980651140213,-0.009875288233160973,0.0006032857345417142
train,1983-05,1983-06,-0.008518872782588005,0.0004539939109236002,0.005744392052292824,0.0017854716861620545,0.00494485255330801,0.003922909963876009,-0.0017250177916139364,-0.003090364160016179
train,1983-06,1983-07,-0.006518858950585127,0.003692957805469632,0.003081217408180237,-0.02196623384952545,-0.007364652119576931,-0.0011342770885676146,0.009566300548613071,-0.013646773062646389
train,1983-07,1983-08,0.004161390475928783,-0.0023893786128610373,-0.0009508284274488688,-0.014591718092560768,-0.012760663405060768,-0.013102776370942593,0.0009809944313019514,-0.0002492981730028987
train,1983-08,1983-09,0.008326031267642975,9.671901352703571e-06,0.00917668454349041,-0.004585390444844961,-0.011059140786528587,-0.013906492851674557,9.974115528166294e-05,-0.005682659801095724
train,1983-09,1983-10,0.0025650751776993275,0.0015450066421180964,0.002606527879834175,-0.017771391198039055,-0.014954950660467148,-0.011444851756095886,0.008211168460547924,-0.006871916353702545
train,1983-10,1983-11,0.007399645633995533,-0.013777647167444229,-0.0007625120924785733,0.0059450119733810425,-0.006748946383595467,-0.012452417984604836,-0.007743439171463251,0.004520651884377003
train,1983-11,1983-12,0.0037777016405016184,-0.0007172655896283686,0.0084530059248209,-0.0039692590944468975,-0.008581475354731083,-0.006609054747968912,0.004050338640809059,-0.00980412308126688
train,1983-12,1984-01,-0.017427582293748856,-0.00526382215321064,-0.002875319682061672,-0.01998715102672577,-0.007641710806638002,0.0032351291738450527,0.007879148237407207,-0.008545923978090286
train,1984-01,1984-02,-0.002493810374289751,0.0032149143517017365,-0.0013962611556053162,-0.010840166360139847,-0.004676053300499916,-0.003784018801525235,0.002767405705526471,-0.0029888441786170006
train,1984-02,1984-03,-0.0034996140748262405,-0.0040931967087090015,0.005352227948606014,-0.002647879533469677,-0.008560622110962868,-0.0069591691717505455,-0.002363101812079549,-0.0021757567301392555
train,1984-03,1984-04,0.005381063092499971,0.0007403212366625667,0.01337271835654974,0.003058226779103279,-0.002840314293280244,-0.007935242727398872,0.0037836432456970215,-0.007492000702768564
train,1984-04,1984-05,-0.0013904026709496975,-0.0022539757192134857,0.005545974709093571,-0.007018416188657284,-0.0032226350158452988,-0.006759400013834238,0.004556525964289904,-0.008849814534187317
train,1984-05,1984-06,0.0029248702339828014,-0.004547790624201298,0.012136794626712799,0.01209373027086258,-0.004330477211624384,-0.012218381278216839,-0.004035581834614277,0.00371726555749774
train,1984-06,1984-07,0.011720892041921616,0.005014206748455763,0.0047185770235955715,-0.0008952615316957235,-0.0017883871914818883,-0.007689087651669979,0.01009687501937151,-0.012314558029174805
train,1984-07,1984-08,0.0013017035089433193,-0.015248269774019718,0.0032239463180303574,0.00872243382036686,-0.011001130566000938,-0.019481340423226357,-0.01882265694439411,0.01743686944246292
train,1984-08,1984-09,0.004410469438880682,0.0039573959074914455,0.0014514268841594458,-0.0053283944725990295,-0.0001478533959016204,0.0006790945190005004,0.00836428627371788,-0.012866591103374958
train,1984-09,1984-10,0.019023867323994637,0.004566540010273457,0.002064535627141595,0.0021770265884697437,0.004591631703078747,-0.003842199919745326,0.0049944231286644936,-0.009692261926829815
train,1984-10,1984-11,0.011559617705643177,0.0067799286916852,0.006077881902456284,-0.0013083681697025895,0.0023860051296651363,-0.0056905667297542095,0.012127543799579144,-0.01434411108493805
train,1984-11,1984-12,0.005880880169570446,-0.0003066094359382987,0.0014608964556828141,0.0009241012157872319,-0.002068921457976103,-0.008267208002507687,0.0012448583729565144,0.0015425642486661673
train,1984-12,1985-01,0.007691372651606798,-0.004789392929524183,0.011722251772880554,0.013399898074567318,0.004885033238679171,0.008274899795651436,-0.02568531408905983,0.005092258099466562
train,1985-01,1985-02,-0.01890559121966362,0.004107336048036814,0.007800236809998751,-0.012369323521852493,0.0045822360552847385,0.009578847326338291,0.0023366890382021666,-0.012302473187446594
train,1985-02,1985-03,-0.0041944244876503944,0.005184483248740435,-0.004613625351339579,-0.009098856709897518,0.00405493751168251,-0.0022582970559597015,0.012734835036098957,-0.00850098580121994
train,1985-03,1985-04,0.006204261444509029,0.009788105264306068,-0.0004937406629323959,0.0005144643364474177,0.00530384574085474,0.0002783799427561462,0.009781837463378906,-0.010811040177941322
train,1985-04,1985-05,0.0046037714928388596,-0.0026492448523640633,0.005080732516944408,0.003148367628455162,-0.003982688300311565,-0.013149778358638287,-0.00023764849174767733,0.0031091957353055477
train,1985-05,1985-06,0.006564193405210972,0.005304410122334957,-0.001961340429261327,0.002654990879818797,0.0018322456162422895,-0.0058088116347789764,0.0018758883234113455,-0.0022550569847226143
train,1985-06,1985-07,0.007005901541560888,0.0033032807987183332,0.008114978671073914,0.006873570382595062,0.0035606571473181248,0.003699356224387884,-0.0008772120345383883,-0.005491907708346844
train,1985-07,1985-08,0.0019088736735284328,0.0040435390546917915,-0.00021515099797397852,-0.004977308679372072,0.006091590970754623,0.004877972882241011,0.01260441355407238,-0.010045506991446018
train,1985-08,1985-09,0.0031820768490433693,0.0016272476641461253,0.008101768791675568,0.0017356602475047112,-0.0046587539836764336,-0.008973907679319382,0.01036978792399168,-0.011214355006814003
train,1985-09,1985-10,0.009806533344089985,-0.006698910146951675,0.00046722235856577754,0.006092124152928591,-0.004912928678095341,-0.0096978060901165,-0.004251482896506786,0.004555762745440006
train,1985-10,1985-11,0.008615413680672646,-0.002506650984287262,0.005506389774382114,0.009223004803061485,-0.0015882530715316534,-0.00882705394178629,-0.007684796117246151,0.0007986593991518021
train,1985-11,1985-12,0.01714693196117878,0.007038034498691559,0.01125949714332819,0.014287890866398811,0.006395590491592884,-0.002629577647894621,0.0025714458897709846,-0.008088342845439911
train,1985-12,1986-01,-0.006248218938708305,0.007414398714900017,0.0014205286279320717,-0.005019638687372208,0.01592763140797615,0.0203419029712677,0.010588740929961205,-0.0163076464086771
train,1986-01,1986-02,0.0034767519682645798,0.0030827729497104883,-0.003340782131999731,0.002652920549735427,0.0052274372428655624,-0.002660686383023858,0.005389097146689892,-0.002688828855752945
train,1986-02,1986-03,0.0016383228357881308,-0.0005757450126111507,0.0048594088293612,0.009089712984859943,-0.0007225337903946638,-0.0042505827732384205,0.0024272664450109005,-0.008096015080809593
train,1986-03,1986-04,0.0018984338967129588,0.012452559545636177,0.01577167585492134,0.0071894219145178795,0.00792180560529232,0.007045741192996502,0.0012148768873885274,-0.012568808160722256
train,1986-04,1986-05,-5.2112562116235495e-05,0.004063224885612726,0.007667858153581619,0.0013375806156545877,0.0031904089264571667,-0.003271337365731597,-0.00038709904765710235,-0.0052565112709999084
train,1986-05,1986-06,-0.0038765037897974253,0.009772932156920433,0.0038352585397660732,-0.004724045749753714,0.007876011542975903,0.002555228304117918,0.010797408409416676,-0.014621223323047161
train,1986-06,1986-07,-0.004439457319676876,0.005980198737233877,-0.0036353296600282192,-0.0121459374204278,-0.00014355278108268976,-0.003184302244335413,0.015625398606061935,-0.00987975113093853
train,1986-07,1986-08,0.0028073531575500965,-0.012188484892249107,-0.001147245755419135,-0.00647708959877491,-0.015035005286335945,-0.01818377524614334,-0.0072474051266908646,0.010768668726086617
train,1986-08,1986-09,-0.008357733488082886,-0.005591202527284622,0.0030896812677383423,-0.01095106266438961,-0.011773483827710152,-0.005897717550396919,0.0007982338429428637,-0.001358854933641851
train,1986-09,1986-10,0.0068612778559327126,-0.005750165320932865,0.004014676436781883,0.011601985432207584,-0.0012817075476050377,-0.011633817106485367,-0.0075301481410861015,0.005666541866958141
train,1986-10,1986-11,0.0033907294273376465,-0.0060953060165047646,0.00490918243303895,0.0035294941626489162,-0.0031718132086098194,-0.009808163158595562,-0.002035973360762,-0.0012184134684503078
train,1986-11,1986-12,0.0026751779951155186,-0.003398499684408307,0.0063974144868552685,0.000620260601863265,-0.004642815329134464,-0.007657084614038467,3.982463385909796e-05,-0.0025266739539802074
train,1986-12,1987-01,-0.0024886648170650005,-0.0010908134281635284,0.008806353434920311,0.0070115951821208,-0.002505298238247633,0.0011390370782464743,-0.004683973733335733,0.006423479411751032
train,1987-01,1987-02,-0.007767131086438894,0.0016975784674286842,0.012731937691569328,0.006247381679713726,0.004197622183710337,0.002007695846259594,-0.00012469955254346132,0.0033864323049783707
train,1987-02,1987-03,-0.015603234991431236,0.0021358728408813477,0.005911732092499733,-0.00851869024336338,-0.0042516980320215225,0.0028892052359879017,0.0004271318030077964,-0.003910279832780361
train,1987-03,1987-04,-0.011797767132520676,-0.00013205924187786877,0.011910258792340755,-0.004992845468223095,-0.004142507910728455,0.0013624473940581083,0.00341371214017272,-0.0052061304450035095
train,1987-04,1987-05,-0.01516514178365469,-0.011158623732626438,0.008510235697031021,-0.01038344670087099,-0.014700543135404587,-0.00911429151892662,-0.004979050252586603,0.006871533580124378
train,1987-05,1987-06,-0.005243591498583555,-0.00885707326233387,0.0003450973890721798,-0.004624589346349239,-0.010009292513132095,-0.013762807473540306,-0.004583875648677349,0.004390545189380646
train,1987-06,1987-07,-0.01934847980737686,-0.012424786575138569,0.0006529827369377017,-0.012587837874889374,-0.01523064635694027,-0.008694262243807316,-0.0058714160695672035,0.006496428977698088
train,1987-07,1987-08,0.010158257558941841,0.0020028380677103996,0.004852847661823034,0.0030227643437683582,-0.000597827835008502,-0.008691707625985146,-0.0018744680564850569,-0.00036226632073521614
train,1987-08,1987-09,-0.007099989801645279,-0.007473180070519447,0.006546905264258385,-0.0009096934227272868,-0.004272252321243286,-0.004754990804940462,0.003980592824518681,-0.004842699971050024
train,1987-09,1987-10,0.002658737124875188,0.018749263137578964,-0.0010991788003593683,-0.02148505486547947,0.004979534074664116,-0.001229719491675496,0.030473405495285988,-0.026418594643473625
train,1987-10,1987-11,-0.0003709543962031603,0.005618024151772261,0.002907569520175457,-0.0050667654722929,0.0016389081720262766,-0.003296557581052184,0.011798842810094357,-0.010395040735602379
train,1987-11,1987-12,0.011923976242542267,-0.02270808070898056,0.0005360649665817618,0.03031986393034458,-0.00471895094960928,-0.02496321313083172,-0.02150455303490162,0.014774000272154808
train,1987-12,1988-01,-0.011346405372023582,-0.003973199985921383,-0.00694174412637949,-0.01724177598953247,0.0016870921244844794,0.015218815766274929,0.0023211310617625713,-0.001437431899830699
train,1988-01,1988-02,0.005359070375561714,-0.010360654443502426,-0.004169456660747528,0.010297363623976707,-0.0060442062094807625,-0.010787724517285824,-0.009652010165154934,0.010027918964624405
train,1988-02,1988-03,-0.0047447700053453445,-0.00021613412536680698,0.0033456780947744846,2.0977342501282692e-05,0.0008394120959565043,0.0014794094022363424,0.002368127927184105,-0.0058876704424619675
train,1988-03,1988-04,-0.00400755787268281,-0.0010174220660701394,0.005063408985733986,-0.0006505242781713605,-0.00027021364076063037,-0.0008813036256469786,0.0012456936528906226,-0.005071727558970451
train,1988-04,1988-05,-0.0005705807125195861,0.00209213700145483,0.0014827401610091329,-0.00615287758409977,0.0010068952105939388,-0.003291293978691101,0.004886849783360958,-0.007201862521469593
train,1988-05,1988-06,0.009030241519212723,-0.0019187259022146463,0.0059155048802495,0.01045627798885107,-0.006301890127360821,-0.00941095594316721,-0.01118217408657074,0.00635648425668478
train,1988-06,1988-07,0.0005403217510320246,0.005341309122741222,-0.0025775516405701637,0.0007846868829801679,0.00835101306438446,0.008806056343019009,0.006519779097288847,-0.00848438311368227
train,1988-07,1988-08,0.0012871958315372467,0.00023725815117359161,-0.0019472698913887143,-0.006259692832827568,0.002865872345864773,0.0006091747782193124,0.006680598482489586,-0.01014606561511755
train,1988-08,1988-09,0.004278900101780891,-0.007339047268033028,-0.0009801521664485335,0.0025525111705064774,-0.0031557786278426647,-0.0072625442408025265,-0.005593923851847649,-0.0005022055702283978
train,1988-09,1988-10,0.008089570328593254,-0.0023808423429727554,-0.0027707847766578197,-0.004467733670026064,-0.0030710562132298946,-0.006460660137236118,-0.0016383267939090729,-0.0031204018741846085
train,1988-10,1988-11,0.0063728759996593,-0.0026580654084682465,-0.0034742052666842937,-0.005378004163503647,-0.0019471428822726011,-0.0043104952201247215,0.0017072675982490182,-0.004903366789221764
train,1988-11,1988-12,0.000883726344909519,-0.010899659246206284,0.005790812894701958,0.004835951142013073,-0.005411021877080202,-0.013831005431711674,-0.00753228971734643,0.006394837982952595
train,1988-12,1989-01,-0.020097224041819572,-0.014345776289701462,0.002215344924479723,-0.010059253312647343,-0.0082908496260643,0.0008944051805883646,-0.007763945497572422,0.003977957647293806
train,1989-01,1989-02,-0.0065404316410422325,0.000885301735252142,0.006377232261002064,-0.006527499295771122,-0.0008297313470393419,-0.0031585684046149254,-7.383257616311312e-05,-0.0033909794874489307
train,1989-02,1989-03,-0.0017279509920626879,-0.006305495742708445,0.0032944749109447002,0.00032119880779646337,-0.007242659106850624,-0.008228783495724201,-0.004527117591351271,0.0007318712305277586
train,1989-03,1989-04,0.0038151538465172052,-0.007066043093800545,0.00570736825466156,0.0022053339052945375,-0.007187533192336559,-0.009956292808055878,-0.012770703993737698,0.005815515294671059
train,1989-04,1989-05,-0.0008879189263097942,-0.00849924422800541,0.008284950628876686,-0.0006602267385460436,-0.01142832264304161,-0.010065617971122265,-0.011439749971032143,0.003143568988889456
train,1989-05,1989-06,0.0005947877652943134,0.002065179171040654,0.0006842413567937911,-0.0066331010311841965,0.0009252620511688292,0.00230981083586812,0.008899204432964325,-0.014106221497058868
train,1989-06,1989-07,0.008894708007574081,0.0035408316180109978,0.0037784408777952194,0.008148852735757828,-0.0028760014101862907,-0.011697983369231224,-0.004253965336829424,0.004145636688917875
train,1989-07,1989-08,0.010348058305680752,0.003331669606268406,0.0011346432147547603,0.001140541397035122,0.00473229493945837,0.0003775509539991617,-0.00022601685486733913,-0.003076463472098112
train,1989-08,1989-09,-0.003432587953284383,0.005108139012008905,0.014428304508328438,0.0012726893182843924,0.0030001718550920486,0.00040086451917886734,0.0036097215488553047,-0.006327064707875252
train,1989-09,1989-10,-0.006144851446151733,0.008001101203262806,0.013246355578303337,0.002615982200950384,-0.0025341289583593607,-0.008375102654099464,0.008156471885740757,-0.005737153813242912
train,1989-10,1989-11,0.0026170089840888977,0.00491034472361207,0.0032213665544986725,0.005951995030045509,-0.0021000662818551064,-0.013983795419335365,0.0038181799463927746,0.0021256718318909407
train,1989-11,1989-12,0.0004769746446982026,-0.0040345145389437675,0.006020593456923962,0.0027199662290513515,-0.009338535368442535,-0.021006830036640167,-0.008082474581897259,0.010424425825476646
train,1989-12,1990-01,-0.024076011031866074,0.008396260440349579,0.016695836558938026,-0.0019708641339093447,0.0025640535168349743,0.007734291255474091,0.02487952634692192,-0.017591524869203568
train,1990-01,1990-02,-0.005098351277410984,-0.00011439248919487,0.006200108211487532,-0.0017484119161963463,-0.003933283966034651,-0.003767247311770916,-0.005265777464956045,0.0062821670435369015
train,1990-02,1990-03,-0.003148537129163742,-0.0106227220967412,0.006765589118003845,0.00955556146800518,-0.007050482556223869,-0.01309172622859478,-0.012058110907673836,0.007065552286803722
train,1990-03,1990-04,-0.0038394376169890165,0.002808606019243598,0.009115408174693584,0.005361105315387249,0.0021657906472682953,0.0029936684295535088,0.005150328855961561,-0.0036883624270558357
train,1990-04,1990-05,0.0035118255764245987,-0.007245844230055809,0.011254355311393738,0.014532994478940964,-0.010538825765252113,-0.020165719091892242,-0.016553781926631927,0.019558552652597427
train,1990-05,1990-06,-0.009691162966191769,0.006067201495170593,0.01657872647047043,0.006289102602750063,-0.001959146000444889,-0.0017094733193516731,0.002928301226347685,-0.0034105824306607246
train,1990-06,1990-07,-0.00889764167368412,0.000809157791081816,0.0062386696226894855,-0.005718139465898275,-0.00127830496057868,-0.005379152949899435,0.010303907096385956,-0.007173895835876465
train,1990-07,1990-08,-0.00735129602253437,0.009360388852655888,0.004261751659214497,-0.01893441751599312,0.0013629026943817735,-0.0011736094020307064,0.02001461572945118,-0.013933349400758743
train,1990-08,1990-09,-0.00951462984085083,0.0049193184822797775,0.008677381090819836,-0.00968661718070507,-0.002370353089645505,-0.005212942138314247,0.015420453622937202,-0.009355109184980392
train,1990-09,1990-10,-0.00156411190982908,-0.0046811792999506,0.007210189010947943,0.005266353487968445,-0.008746885694563389,-0.013881787657737732,-0.001623054500669241,0.003153279423713684
train,1990-10,1990-11,0.01614329405128956,-0.013471444137394428,-0.007627294398844242,0.009544875472784042,-0.009404288604855537,-0.02848442643880844,-0.019034624099731445,0.019940845668315887
train,1990-11,1990-12,0.0108205396682024,-0.004888818133622408,0.0024377391673624516,0.009812160395085812,-0.00866386666893959,-0.0297699011862278,-0.009336553514003754,0.00706164725124836
train,1990-12,1991-01,-0.011928736232221127,-0.04134427756071091,0.006619706749916077,-0.011056501418352127,-0.020150702446699142,-0.00035149487666785717,-0.025873079895973206,0.008640451356768608
train,1991-01,1991-02,-0.023632491007447243,-0.02039317786693573,-0.007411749567836523,-0.022403232753276825,-0.0011551477946341038,0.017191099002957344,-0.008887778967618942,0.007958832196891308
train,1991-02,1991-03,-0.011149480007588863,-0.007147864438593388,0.015464285388588905,-0.011242348700761795,-0.0009070443920791149,0.016852958127856255,-0.006552735343575478,-0.007675091736018658
train,1991-03,1991-04,-0.008794368244707584,0.008499722927808762,0.014527077786624432,-0.005177071318030357,0.00869742687791586,0.011959759518504143,0.013180523179471493,-0.013562953099608421
train,1991-04,1991-05,0.0024055084213614464,-0.0017281322507187724,0.003653763560578227,0.0022573312744498253,-0.00041253166273236275,-0.007614546455442905,-0.0026270197704434395,-0.0012912997044622898
train,1991-05,1991-06,-0.006689888425171375,0.004167769104242325,-0.007545172236859798,-0.005326496437191963,5.413335748016834e-05,-0.0012924897018820047,0.010171021334826946,-0.0038163375575095415
train,1991-06,1991-07,-0.006653273943811655,0.006285662762820721,0.006192788481712341,-0.004085570108145475,-0.0023773645516484976,-0.00220700865611434,-0.0014526546001434326,0.0014325556112453341
train,1991-07,1991-08,-0.006729176267981529,0.0005850762827321887,0.00919739343225956,0.00646850373595953,-0.0010137183126062155,-0.00029267952777445316,-0.0008021360263228416,-0.0005013844929635525
train,1991-08,1991-09,-0.00719588715583086,0.007729197386652231,0.008476774208247662,0.0085874292999506,0.009481435641646385,0.001863354817032814,0.0064985258504748344,-0.0035171997733414173
train,1991-09,1991-10,0.003946839831769466,0.004844287876039743,0.01130902674049139,0.005085841752588749,0.0066950079053640366,0.009046493098139763,0.004409830551594496,-0.003198583610355854
train,1991-10,1991-11,-0.014817509800195694,0.00835511926561594,0.01566077210009098,-0.0023744460195302963,0.00105988048017025,0.001110208802856505,0.011878512799739838,-0.0098098274320364
train,1991-11,1991-12,0.01790173351764679,-0.005509789101779461,-0.002529557328671217,0.02028282918035984,-0.0035328406374901533,-0.02432665042579174,-0.018612971529364586,0.015831423923373222
train,1991-12,1992-01,-0.0775446891784668,-0.032948072999715805,0.019088000059127808,-0.05090459808707237,0.0014151083305478096,0.05494851619005203,0.010267041623592377,-0.03016415797173977
train,1992-01,1992-02,-0.02037208527326584,-0.016080079600214958,0.00843317061662674,-0.023356683552265167,-0.0055462028831243515,0.01168576069176197,-0.0010150119196623564,-0.01641239784657955
train,1992-02,1992-03,-0.01109178178012371,-3.0305440304800868e-05,-0.0008374461904168129,-0.01653716340661049,-0.004420147743076086,-0.001404621871188283,0.015177527442574501,-0.014646563678979874
train,1992-03,1992-04,-0.002113263588398695,-0.0005491997580975294,-0.005719907581806183,-0.02343420684337616,-0.011847056448459625,-0.01142509002238512,0.007278331555426121,-0.006667349487543106
train,1992-04,1992-05,-0.0054718744941055775,-0.00331580126658082,-0.0005033779889345169,-0.013715388253331184,-0.008113645017147064,-0.002070209477096796,0.002127384301275015,0.0002616344718262553
train,1992-05,1992-06,-0.004958019126206636,0.007143162190914154,-0.0031322375871241093,-0.01322829071432352,-0.006413791328668594,-0.0019398432923480868,0.00795192364603281,-0.007712396793067455
train,1992-06,1992-07,0.011865233071148396,0.004598270170390606,-0.004815470427274704,-0.001314409775659442,0.006122103426605463,0.001860287506133318,0.0040922206826508045,-0.003487448440864682
train,1992-07,1992-08,0.007296460680663586,0.0013996323104947805,-0.005196832120418549,-0.0022133300080895424,0.0006379842525348067,-0.002970876172184944,0.0020232833921909332,-0.0071417177096009254
train,1992-08,1992-09,-0.00018554669804871082,0.0023510141763836145,0.0003813898656517267,-0.0028908851090818644,-0.0005741659551858902,-0.0029702528845518827,-0.0011317369062453508,0.002350411145016551
train,1992-09,1992-10,0.008334473706781864,0.006031172815710306,0.007954267784953117,0.009661883115768433,0.006296966224908829,-0.0006147567764855921,-0.0021212799474596977,0.0008304186630994081
train,1992-10,1992-11,0.00904989242553711,0.002195770852267742,0.010543320327997208,0.008523501455783844,0.009321914985775948,0.009032536298036575,-0.010359158739447594,-0.0018892079824581742
train,1992-11,1992-12,-0.0036825546994805336,-0.0007279764395207167,0.0005853637121617794,-0.0072255246341228485,0.0036501181311905384,0.00633692042902112,0.004300571512430906,-0.01364784687757492
train,1992-12,1993-01,-0.02897031232714653,-0.011792398057878017,0.005174880847334862,-0.029335206374526024,0.0036219218745827675,0.02453129179775715,0.0033551373053342104,-0.026324409991502762
train,1993-01,1993-02,-0.017886415123939514,-0.00838287640362978,-0.00737052271142602,-0.024234607815742493,-0.011816570535302162,-0.008173385635018349,0.013007692992687225,-0.009167713113129139
train,1993-02,1993-03,-0.0015353548806160688,0.0024577754084020853,-0.002299312502145767,-0.008944982662796974,0.004504456650465727,0.0027801012620329857,0.005560853518545628,-0.009102649986743927
train,1993-03,1993-04,-0.01109391637146473,-0.00023435353068634868,0.001745921210385859,-0.013934271410107613,-0.00037102319765836,0.0073963915929198265,0.005375012755393982,-0.007713430095463991
train,1993-04,1993-05,-0.006853015627712011,-0.009868698194622993,0.008545372635126114,0.0007609499734826386,-0.008329062722623348,-0.0034426336642354727,-0.012582254596054554,0.013612555339932442
train,1993-05,1993-06,-0.01625070348381996,-0.005150549113750458,0.005069617182016373,-0.006977722980082035,-0.006779307499527931,-0.0008932253695093095,-0.001257477793842554,-0.0016438837628811598
train,1993-06,1993-07,-0.008313206024467945,0.0030314703471958637,0.00048745679669082165,-0.015747051686048508,0.001955104060471058,0.007918186485767365,0.005119507201015949,-0.013623385690152645
train,1993-07,1993-08,0.0010555274784564972,0.0027029048651456833,0.003378027118742466,0.014921757392585278,0.007257441990077496,0.002179426606744528,0.007462738081812859,-0.000412058609072119
train,1993-08,1993-09,-0.0025167465209960938,0.00471059326082468,0.007647363469004631,0.00046482434845529497,0.005821249447762966,0.009609637781977654,-0.0003601470380090177,-0.01124983374029398
train,1993-09,1993-10,-0.008815302513539791,-0.007496242877095938,0.010860963724553585,-0.0047734323889017105,-0.00024032185319811106,0.00871417485177517,-0.007305078208446503,-0.004815615713596344
train,1993-10,1993-11,-0.0003621810465119779,-0.002133303554728627,0.004520402289927006,-0.0020082707051187754,-0.004076008684933186,-0.006974522490054369,0.003249057801440358,-0.006761420518159866
train,1993-11,1993-12,0.006765653379261494,0.0003442782908678055,0.0026263592299073935,0.0005565969040617347,-0.004550773184746504,-0.012076975777745247,-0.00351441977545619,-0.0022189831361174583
train,1993-12,1994-01,-0.008341751992702484,-0.008051980286836624,0.007847274653613567,-0.008455067873001099,-0.003581430995836854,0.00987297110259533,-0.003490815870463848,-0.006560303270816803
train,1994-01,1994-02,-0.0027218502946197987,-0.0028209974989295006,0.00745003717020154,-0.0002339573111385107,-0.004931539762765169,-0.0018523146864026785,-0.0027254687156528234,-0.00791819766163826
train,1994-02,1994-03,-0.0031805597245693207,-0.004332384094595909,-0.0014222025638446212,-0.011422251351177692,-0.00038868864066898823,0.0023624515160918236,0.006036948412656784,-0.011343531310558319
train,1994-03,1994-04,0.0031186160631477833,0.0009822749998420477,0.003286441322416067,-0.006448853295296431,-0.0072164712473750114,-0.009065750986337662,-0.0013050530105829239,-0.005496881902217865
train,1994-04,1994-05,-0.004998632241040468,0.0024834279902279377,0.0017894133925437927,-0.012217150069773197,-0.003132537240162492,-0.0016136096091941,0.0077656409703195095,-0.007550537586212158
train,1994-05,1994-06,0.0016856263391673565,0.009243682026863098,-0.005341119132936001,-0.010182458907365799,0.0020318110473454,0.0020331486593931913,0.015358717180788517,-0.013238795101642609
train,1994-06,1994-07,0.003106172662228346,0.0005062555428594351,0.002129528671503067,0.0005782205844298005,-0.001839038566686213,-0.003192284144461155,-0.0007107509882189333,0.001464669476263225
train,1994-07,1994-08,0.0067690517753362656,-0.001966363051906228,0.014011177234351635,0.011970351450145245,0.0023327379021793604,-0.008957495912909508,-0.0015414746012538671,-0.00011121260467916727
train,1994-08,1994-09,-0.004667778965085745,0.0006553212879225612,0.016732357442378998,0.00022951426217332482,0.00035056291380897164,0.006242731586098671,0.0004843558417633176,-0.011650925502181053
train,1994-09,1994-10,0.005035519599914551,-0.001385555136948824,0.013868412002921104,0.008650303818285465,-0.0008618527790531516,-0.003287159837782383,-0.0011267829686403275,-0.008512361906468868
train,1994-10,1994-11,-0.0037377700209617615,-0.0029885866679251194,0.015110041946172714,0.0023734683636575937,-0.009621328674256802,-0.01134416088461876,0.0024363903794437647,-0.005504463333636522
train,1994-11,1994-12,0.0023224912583827972,0.0002833455801010132,0.008509567938745022,0.0019706820603460073,-0.00771353580057621,-0.014101129025220871,0.004437671042978764,-0.008908355608582497
train,1994-12,1995-01,-0.021046286448836327,-0.011988189071416855,0.009325109422206879,-0.015318863093852997,-0.004808122757822275,0.00877261534333229,0.0016736623365432024,-0.008043876849114895
train,1995-01,1995-02,0.000901300460100174,-0.0012235898757353425,0.0065648481249809265,-0.00021616346202790737,-0.0060081444680690765,-0.008739213459193707,-0.0037939737085253,0.00028694915818050504
train,1995-02,1995-03,0.0020233681425452232,0.003780036699026823,0.007080040406435728,0.005470221862196922,0.005967784207314253,-0.0007556252530775964,0.0029331394471228123,-0.003796531818807125
train,1995-03,1995-04,0.0006552431732416153,-0.0056317877024412155,0.007272374350577593,-0.0067934272810816765,-0.0007178448140621185,0.0031617567874491215,0.001378960907459259,-0.009624555706977844
train,1995-04,1995-05,-0.004536511842161417,-0.003990733064711094,0.00987701304256916,-0.0034099973272532225,-0.006861465983092785,-0.007284460123628378,0.0017931549809873104,-0.0016048436518758535
train,1995-05,1995-06,-0.0020203646272420883,-0.0018269092543050647,0.020982902497053146,0.012243080884218216,0.010466097854077816,0.010809214785695076,0.0004947021952830255,-0.003079913789406419
train,1995-06,1995-07,0.00281184958294034,0.003940953873097897,0.01652764528989792,0.012109960429370403,0.0098481560125947,0.010635459795594215,-0.002195848850533366,-0.005119395907968283
train,1995-07,1995-08,-0.018058648332953453,-0.0034615446347743273,0.01287331897765398,-0.013841062784194946,-0.00669769337400794,0.007394717074930668,0.0035660313442349434,-0.006934760138392448
train,1995-08,1995-09,-0.01813374273478985,-0.0027803550474345684,0.011768930591642857,-0.0013452860293909907,-0.004163184203207493,-0.0014880720991641283,0.0069166929461061954,-0.006913363002240658
train,1995-09,1995-10,-0.004970542620867491,0.008474605157971382,0.005205037072300911,-0.014860290102660656,-0.004981559701263905,-0.007812956348061562,0.007584169041365385,-0.015929028391838074
train,1995-10,1995-11,0.014207910746335983,0.01061402540653944,0.0023241043090820312,0.002327894326299429,0.0017379311611875892,-0.00961642898619175,-0.0016088737174868584,0.0018289382569491863
train,1995-11,1995-12,-0.009110182523727417,0.0017968283500522375,0.010002817958593369,-0.0118147823959589,-0.008661193773150444,-0.005971385631710291,0.006459985394030809,-0.004555569961667061
train,1995-12,1996-01,-0.024874772876501083,-0.007494175806641579,0.009926822036504745,-0.00674697058275342,-0.0025835316628217697,0.005547518841922283,0.00968465581536293,-0.009759338572621346
train,1996-01,1996-02,-0.00738148670643568,0.0011091044871136546,0.01202661357820034,0.005045629572123289,0.007053386885672808,0.007094499655067921,0.0029328882228583097,-0.0021377489902079105
train,1996-02,1996-03,-0.006791435647755861,-0.007276022341102362,-0.0031158921774476767,-0.004028622061014175,-0.001946797943674028,-0.00010593223851174116,-0.0054044220596551895,-0.0004264638992026448
train,1996-03,1996-04,0.009143143892288208,-0.00329025462269783,0.018183303996920586,0.014531116932630539,0.011976333335042,0.016375046223402023,-0.00889930035918951,-0.0014304709620773792
train,1996-04,1996-05,-0.01727866940200329,-0.01371297799050808,0.010232817381620407,0.005736416205763817,0.008425699546933174,0.02326592244207859,-9.523617336526513e-05,-0.010685989633202553
train,1996-05,1996-06,-0.010165459476411343,-0.005391092970967293,-0.009144808165729046,-0.019236337393522263,-0.012643776834011078,-0.012907050549983978,0.005896447226405144,-0.011841285973787308
train,1996-06,1996-07,-0.013518109917640686,-0.01173093356192112,-0.010127143934369087,-0.02836759388446808,-0.026765242218971252,-0.028533119708299637,0.0028326702304184437,-0.008145662024617195
train,1996-07,1996-08,0.004987544845789671,0.005270346533507109,0.006764107383787632,0.0032863651867955923,0.004068251699209213,0.0010240839328616858,-0.004903491120785475,-0.0008302915375679731
train,1996-08,1996-09,0.00791131891310215,0.002607909496873617,0.007411862723529339,0.005062940530478954,0.0032208897173404694,-0.000331772374920547,-0.002679704688489437,-0.0027616191655397415
train,1996-09,1996-10,0.0007165186107158661,-0.008650773204863071,-0.0011342716170474887,-0.02126176469027996,-0.020047670230269432,-0.024869687855243683,-0.0018446868052706122,-0.008745541796088219
train,1996-10,1996-11,0.00437883147969842,-0.010652346536517143,0.0010068414267152548,-0.00936872698366642,-0.017961163073778152,-0.02263268642127514,-0.010618533007800579,0.00986491609364748
train,1996-11,1996-12,0.009899018332362175,0.002831114223226905,0.007003760896623135,-0.003036614740267396,-0.006489845458418131,-0.010001139715313911,-0.0005221012979745865,-0.01023860089480877
train,1996-12,1997-01,-0.01801295392215252,-0.008844760246574879,0.01067095436155796,-0.003260214813053608,0.00017604650929570198,0.016543179750442505,-0.0011770447017624974,-0.0011459524976089597
train,1997-01,1997-02,-0.011055843904614449,-0.005080717615783215,-0.006868312601000071,-0.01820923388004303,-0.016051748767495155,-0.012157540768384933,0.007105580531060696,-0.011029396206140518
train,1997-02,1997-03,-0.007914961315691471,-0.008831561543047428,-0.008104623295366764,-0.017912976443767548,-0.013351501896977425,-0.0163780115544796,0.005585413426160812,-0.009770902805030346
train,1997-03,1997-04,0.0012338198721408844,-0.0038335344288498163,-0.0014186075422912836,-0.0045461757108569145,-0.012364191934466362,-0.021826859563589096,-0.0046684942208230495,0.0021714135073125362
train,1997-04,1997-05,0.020621629431843758,0.00422785896807909,0.015481730923056602,0.020236101001501083,0.006510948296636343,-0.003183591179549694,-0.01669730804860592,0.012692713178694248
train,1997-05,1997-06,0.0021484331227838993,0.003754174802452326,-0.002628070069476962,-0.0008582380833104253,0.003531769849359989,-0.001819636207073927,0.00233593862503767,-0.011831286363303661
train,1997-06,1997-07,0.008534826338291168,-0.010454387404024601,0.0011965930461883545,-0.0019809622317552567,-0.012190870009362698,-0.0067075090482831,-0.018192486837506294,0.009220542386174202
train,1997-07,1997-08,-0.0041580237448215485,-0.0031387824565172195,0.010614315047860146,-0.0029583529103547335,0.0030192784033715725,0.012421165592968464,-0.0025231684558093548,-0.004096497781574726
train,1997-08,1997-09,-0.006055786740034819,0.00238922075368464,0.009678244590759277,-0.005904701072722673,0.0008757286123000085,0.008609859272837639,-0.003812748473137617,-0.0021036455873399973
train,1997-09,1997-10,-0.020349811762571335,-0.0013588754227384925,-0.0068953135050833225,-0.017046699300408363,-0.007147135213017464,-0.00022194716439116746,0.016162797808647156,-0.008465319871902466
train,1997-10,1997-11,-0.0015956633724272251,0.0005234356503933668,-0.0013977724593132734,-0.006004177033901215,-0.009619511663913727,-0.02552170120179653,0.00651809386909008,-0.011636244133114815
train,1997-11,1997-12,0.005105825141072273,0.013485250994563103,-0.014310124330222607,-0.012695753015577793,-0.01490606926381588,-0.03358590602874756,0.006199715659022331,-0.006094883196055889
train,1997-12,1998-01,-0.014355260878801346,-0.0047421581111848354,0.0074766334146261215,0.0007636836962774396,0.0045091137290000916,0.013673171401023865,0.005585974082350731,-0.005732190795242786
train,1998-01,1998-02,0.005985927302390337,0.003585446858778596,0.006092451978474855,0.00753923412412405,0.0013783893082290888,-0.006129884626716375,-0.008771432563662529,0.00395053019747138
train,1998-02,1998-03,-0.001598205417394638,0.0024424626026302576,0.004525893833488226,-0.0024149827659130096,0.00149568822234869,0.00467747263610363,-0.0012971676187589765,-0.0050773522816598415
train,1998-03,1998-04,-0.004977802745997906,-0.0052838074043393135,0.0068850344978272915,-0.007196240127086639,0.0013263808796182275,0.007761156186461449,-0.003414866281673312,-0.01055493950843811
train,1998-04,1998-05,-0.009318467229604721,-0.0023806181270629168,0.002312558935955167,-0.010491818189620972,-0.010883551090955734,-0.007142431568354368,0.007746235467493534,-0.01135936751961708
train,1998-05,1998-06,0.004153195768594742,0.0033121705055236816,0.004895326681435108,0.009087140671908855,-0.005292763002216816,-0.01563883200287819,-0.007943685166537762,0.00010530825238674879
train,1998-06,1998-07,-0.013313660398125648,0.0007823009509593248,0.0030198507010936737,-0.00693697202950716,-0.002036210848018527,0.00040352647192776203,0.013676975853741169,-0.01659475639462471
train,1998-07,1998-08,-0.00912015326321125,-0.008013434708118439,-0.008536904118955135,-0.017716016620397568,-0.019336916506290436,-0.030993416905403137,0.02112329564988613,-0.022482745349407196
train,1998-08,1998-09,0.002858879044651985,0.007237918674945831,0.015927592292428017,0.007683572359383106,-0.004787204787135124,-0.014268869534134865,-0.014131098985671997,0.023658568039536476
train,1998-09,1998-10,0.02381395921111107,-0.005170196294784546,-0.00409981794655323,0.016668129712343216,0.004571752622723579,-0.019487056881189346,-0.009643876925110817,0.02059021405875683
train,1998-10,1998-11,-0.01743381842970848,0.004117462318390608,0.035238027572631836,0.018190933391451836,0.02602003514766693,0.027806803584098816,0.003828304586932063,-0.01718648336827755
train,1998-11,1998-12,0.0030497326515614986,0.01505982130765915,0.01404398214071989,0.024119148030877113,0.00966575089842081,-0.008626168593764305,-0.003070848761126399,-0.00520743802189827
train,1998-12,1999-01,-0.03648462891578674,-0.014276011846959591,0.031935032457113266,-0.005103402305394411,0.0030441866256296635,0.05012521147727966,-0.006675310432910919,-0.004444332327693701
train,1999-01,1999-02,-0.018843969330191612,-0.005337746813893318,-0.0066064693965017796,-0.012899606488645077,0.0019131303997710347,-0.0014022717950865626,0.014110337942838669,-0.012887571007013321
train,1999-02,1999-03,0.012573935091495514,0.008414680138230324,-0.0046800789423286915,0.008208071812987328,0.025393739342689514,0.008536702021956444,0.008540292270481586,0.0028975403402000666
train,1999-03,1999-04,-2.5720219127833843e-05,-0.0180771816521883,-0.005284240934997797,-0.0057283127680420876,-0.0012534697307273746,-0.00012036284897476435,-0.007541024126112461,0.009683651849627495
train,1999-04,1999-05,-0.0173619594424963,-0.019122537225484848,0.016298461705446243,-0.00970546156167984,-0.021546291187405586,-0.010687723755836487,-0.0035681365989148617,-0.0057571642100811005
train,1999-05,1999-06,0.00157676893286407,0.003875345690175891,0.016393600031733513,0.01303351204842329,-0.0010389697272330523,-0.006925666704773903,-0.0063855815678834915,0.004543841350823641
train,1999-06,1999-07,-0.019118964672088623,-0.010554356500506401,0.012148912996053696,-0.014829698950052261,-0.011438884772360325,0.0021773786284029484,0.0015336829237639904,-0.005762842018157244
train,1999-07,1999-08,-0.009801743552088737,0.003415796672925353,0.01842312328517437,-0.0058603910729289055,-0.007803443819284439,-0.004398447927087545,0.009060301817953587,-0.008383220061659813
train,1999-08,1999-09,-0.0008733698050491512,0.013967817649245262,0.016559887677431107,0.015662280842661858,0.01636192947626114,0.009560411795973778,0.0070005860179662704,-0.004784439690411091
train,1999-09,1999-10,-0.0031041500624269247,0.02098798006772995,0.015450157225131989,0.011218409985303879,0.011736973188817501,0.00190917425788939,0.008189731277525425,-0.00017967494204640388
train,1999-10,1999-11,-0.016911517828702927,0.003918529953807592,0.06547247618436813,0.03257991746068001,0.031641632318496704,0.06068998575210571,7.187295705080032e-05,-0.006419307552278042
train,1999-11,1999-12,-0.012748204171657562,0.011778327636420727,0.07434163987636566,0.041805773973464966,0.02254113182425499,0.04239487648010254,-0.0005517748650163412,-0.00509337242692709
validation,1999-12,2000-01,-0.05309413745999336,-0.0369071289896965,0.0481472909450531,-0.012366035021841526,-0.01904294081032276,0.03966502472758293,-0.0047039734199643135,-0.004179784096777439
validation,2000-01,2000-02,-0.06126895546913147,-0.019838519394397736,0.11957091838121414,0.03565983474254608,-0.002013456542044878,0.07005671411752701,-0.019098849967122078,0.013643917627632618
validation,2000-02,2000-03,-0.007859393022954464,-0.022702138870954514,-0.029033837839961052,-0.010158651508390903,-0.020564837381243706,-0.05675670504570007,0.0074872649274766445,0.003947463817894459
validation,2000-03,2000-04,-0.016096318140625954,-0.037391044199466705,-0.043108273297548294,-0.05108103156089783,-0.05239114165306091,-0.08816544711589813,0.009539243765175343,-0.00966016948223114
validation,2000-04,2000-05,-0.019713465124368668,-0.012417743913829327,-0.021307505667209625,-0.042142100632190704,-0.03811502456665039,-0.05140449106693268,0.011339494958519936,-0.0012221753131598234
validation,2000-05,2000-06,0.004584216512739658,0.02437121421098709,0.05251011252403259,0.052826177328825,0.05022026598453522,0.05413433909416199,-0.0081027215346694,-0.007192488759756088
validation,2000-06,2000-07,-0.008499731309711933,-0.008681947365403175,-0.015452584251761436,-0.027005963027477264,-0.02893531695008278,-0.03266528621315956,-0.0014325296506285667,-0.002468074206262827
validation,2000-07,2000-08,-0.0050543504767119884,-0.0061923605389893055,0.02194661647081375,0.007335731294006109,-0.0032372684217989445,-0.0037378675770014524,-0.011320224031805992,0.01429500337690115
validation,2000-08,2000-09,-0.01709054782986641,-0.009550266899168491,0.002532785292714834,-0.025150639936327934,-0.039821330457925797,-0.03963994234800339,0.00793543178588152,-0.009662838652729988
validation,2000-09,2000-10,-0.006790924817323685,-0.01531638391315937,0.001023109769448638,-0.013719525188207626,-0.03683808818459511,-0.05812724679708481,0.005264837294816971,-0.0025990339927375317
validation,2000-10,2000-11,-0.013588483445346355,-0.023403016850352287,-0.01355587039142847,-0.04504429176449776,-0.07459890842437744,-0.07667331397533417,0.0055633848533034325,-0.015316595323383808
validation,2000-11,2000-12,0.016705403104424477,0.02205136977136135,-0.007146734744310379,-0.0021690321154892445,-0.029644209891557693,-0.05595714971423149,0.007542860694229603,0.006705887615680695
validation,2000-12,2001-01,-0.025444459170103073,-0.05638853833079338,0.027631141245365143,0.0032520685344934464,0.05799613893032074,0.11807330697774887,-0.06440144777297974,0.012844461016356945
validation,2001-01,2001-02,-0.022359756752848625,-0.02419578656554222,-0.017243873327970505,-0.042123790830373764,-0.05566665157675743,-0.053214043378829956,0.019442075863480568,-0.0281883142888546
validation,2001-02,2001-03,-0.02041293866932392,-0.024240810424089432,-0.010727480053901672,-0.024817360565066338,-0.04001004248857498,-0.05089810490608215,0.013112843967974186,-0.01941095106303692
validation,2001-03,2001-04,0.0188438817858696,0.017688747495412827,0.013521197251975536,0.03269341215491295,0.02218201756477356,-0.0016346490010619164,-0.014438682235777378,0.023970894515514374
validation,2001-04,2001-05,-0.010214291512966156,-0.004736796021461487,0.0034409286454319954,-0.006461355835199356,-0.0013346693012863398,0.011405104771256447,-0.0035338206216692924,-0.00683616753667593
validation,2001-05,2001-06,-0.005468912422657013,-0.0019254827639088035,0.009605099447071552,-0.004989471286535263,-0.004869202151894569,-0.009509695693850517,-0.0031776924151927233,-0.007429163437336683
validation,2001-06,2001-07,-0.02252895012497902,-0.02512545883655548,-0.013185353018343449,-0.02681708335876465,-0.034734372049570084,-0.03561961650848389,0.006450777407735586,-0.01364777609705925
validation,2001-07,2001-08,-0.009521798230707645,-0.02243686653673649,-0.0206318236887455,-0.025471098721027374,-0.01745697669684887,-0.021710114553570747,0.010400168597698212,-0.020772334188222885
validation,2001-08,2001-09,-0.022182300686836243,0.0025072083808481693,-0.00281546451151371,-0.01263955608010292,-0.01667894795536995,-0.027066543698310852,0.030660025775432587,-0.04117785766720772
validation,2001-09,2001-10,0.020320095121860504,0.019294727593660355,0.04231613129377365,0.033233027905225754,0.028386853635311127,0.03205122798681259,-0.0274235550314188,0.02609962224960327
validation,2001-10,2001-11,0.02237119898200035,3.3305492252111435e-05,0.01945493370294571,0.015860840678215027,0.01389914471656084,0.016439586877822876,-0.03087701089680195,0.01731141284108162
validation,2001-11,2001-12,0.011409362778067589,0.0006470917724072933,0.009021271020174026,-0.0006982955383136868,0.006776763126254082,0.01751987263560295,-0.021177664399147034,0.006219909526407719
validation,2001-12,2002-01,-0.02558615244925022,-0.027188189327716827,0.005531654227524996,-0.014355124905705452,-0.016416281461715698,0.002546735107898712,0.003909668885171413,-0.03405218571424484
validation,2002-01,2002-02,-0.012407386675477028,-0.004810454789549112,-0.01876639388501644,-0.010806746780872345,-0.012959176674485207,-0.0362655371427536,0.0346691831946373,-0.030274443328380585
validation,2002-02,2002-03,0.009199371561408043,-0.012654216028749943,-0.003166451584547758,-0.004473354201763868,0.002078793477267027,0.006966850720345974,-0.01257194485515356,0.009789247997105122
validation,2002-03,2002-04,-0.0035282571334391832,-0.013188360258936882,-0.030681412667036057,-0.020845673978328705,-0.020446578040719032,-0.01706414483487606,0.00878090225160122,-0.026664115488529205
validation,2002-04,2002-05,-0.01788155920803547,-0.011003824882209301,-0.01631883718073368,-0.012917430140078068,-0.0047729890793561935,-0.01870843581855297,0.022694656625390053,-0.02323427051305771
validation,2002-05,2002-06,-0.0006958616431802511,0.004249736666679382,-0.01623506471514702,-0.013287605717778206,-0.008372034877538681,-0.01670713722705841,0.011953119188547134,-0.027385544031858444
validation,2002-06,2002-07,-0.01743149384856224,0.009304500184953213,0.000567910261452198,-0.01199172344058752,-0.01587100699543953,-0.02172979712486267,0.019176868721842766,-0.02221868745982647
validation,2002-07,2002-08,-0.002520134439691901,0.001861932803876698,0.009169388562440872,0.002854148391634226,-0.004772763699293137,-0.0115105751901865,0.0030099465511739254,-0.012769749388098717
validation,2002-08,2002-09,0.012290915474295616,0.010247765108942986,-0.012586320750415325,-0.0026859180070459843,-0.001526450039818883,-0.01261657103896141,0.009090890176594257,-0.016325421631336212
validation,2002-09,2002-10,-0.008693860843777657,-0.0005123966839164495,0.026258710771799088,0.015013588592410088,0.005703517235815525,-0.008367674425244331,-0.003836063202470541,0.01180786918848753
validation,2002-10,2002-11,-0.04404427856206894,-0.037734873592853546,0.026723504066467285,-0.010440461337566376,0.008337774313986301,0.027378138154745102,-0.006565195508301258,0.02182091400027275
validation,2002-11,2002-12,0.015836238861083984,0.005914026405662298,-0.014138521626591682,-0.012791218236088753,0.0030182073824107647,-0.018481474369764328,0.012404954992234707,-0.030162831768393517
validation,2002-12,2003-01,-0.026561826467514038,-0.00013699405826628208,0.02060728706419468,-0.004635070450603962,-0.005642881616950035,0.007291661109775305,0.0077746035531163216,-0.023781277239322662
validation,2003-01,2003-02,-0.0038164607249200344,0.005637689493596554,0.003459145314991474,0.00012015781248919666,-0.00598869426175952,-0.011526226997375488,0.005894714500755072,-0.011805645190179348
validation,2003-02,2003-03,-0.002736554713919759,0.005794479977339506,0.009696180000901222,0.008540989831089973,0.0026972044724971056,-0.0035971004981547594,0.0005951892817392945,0.0008576777181588113
validation,2003-03,2003-04,-0.018539199605584145,-0.003393340390175581,0.019768239930272102,0.005128619261085987,-0.016667122021317482,0.007911101914942265,-0.020119328051805496,0.02192583680152893
validation,2003-04,2003-05,-0.04949498176574707,-0.01443321630358696,0.04817957431077957,0.0026250863447785378,-0.007979605346918106,0.04886510968208313,-0.018705010414123535,0.0192396380007267
validation,2003-05,2003-06,-0.01377953588962555,0.0008566637989133596,0.021506482735276222,0.0011952449567615986,0.008167936466634274,0.025949880480766296,-0.009323771111667156,-0.01883349008858204
validation,2003-06,2003-07,-0.021118666976690292,-0.0001956755295395851,0.022845372557640076,0.004563246853649616,-0.002000556094571948,0.01778358593583107,-0.012236159294843674,-0.008300739340484142
validation,2003-07,2003-08,0.0015097761061042547,-0.0041508967988193035,0.010234538465738297,0.005173639394342899,0.005591084249317646,0.009374420158565044,-0.006447535008192062,0.00240830285474658
validation,2003-08,2003-09,-0.03267576918005943,-0.003076062770560384,0.023665418848395348,-0.012054306454956532,-0.003360575530678034,0.023971209302544594,0.005340400617569685,-0.023140255361795425
validation,2003-09,2003-10,-0.002970772096887231,-0.0022423563059419394,0.018857531249523163,0.010134276002645493,-0.0011381106451153755,0.014319072477519512,-0.014456484466791153,-0.007057007402181625
validation,2003-10,2003-11,-0.00018866383470594883,-0.0053535448387265205,0.004977050703018904,-0.0027331567835062742,-0.0037384110037237406,0.0026477337814867496,-0.008509711362421513,-0.005179941654205322
validation,2003-11,2003-12,0.00464437622576952,-0.008414534851908684,-0.01384455431252718,-0.01670105569064617,-0.006316946819424629,0.0005419583758339286,0.002320293104276061,0.00011495448416098952
validation,2003-12,2004-01,-0.038845907896757126,-0.022194713354110718,0.0363481380045414,-0.008048449642956257,-0.0033653597347438335,0.03622067719697952,-0.0058677420020103455,-0.020504681393504143
validation,2004-01,2004-02,0.011367330327630043,0.0031713941134512424,-0.014116832986474037,-0.00573639664798975,0.0003805219894275069,-0.002476804656907916,0.00020941841648891568,-0.0015565920621156693
validation,2004-02,2004-03,0.0016109506832435727,-0.0007054327870719135,-0.005501185543835163,-0.0019194134511053562,-0.0007324072066694498,-0.007224041968584061,-9.4274349976331e-05,-0.0053942883387207985
validation,2004-03,2004-04,0.007420559413731098,0.0032017016783356667,-0.0081141022965312,-0.0021823691204190254,-0.001686848234385252,-0.006742376834154129,0.008956130594015121,-0.0043973964639008045
validation,2004-04,2004-05,0.007939346134662628,0.0038457289338111877,0.0005278792232275009,0.004112039227038622,0.00013632088666781783,-0.009251006878912449,-0.0012405980378389359,0.004771159961819649
validation,2004-05,2004-06,0.00860778521746397,-0.006441476754844189,-0.006730608642101288,-0.003703652648255229,-0.006804161239415407,-0.00630387244746089,-0.011387092992663383,0.004822940099984407
validation,2004-06,2004-07,0.010072819888591766,0.007176871877163649,-0.028322268277406693,-0.01405698899179697,-0.011064342223107815,-0.018533898517489433,0.0020863565150648355,-0.009608354419469833
validation,2004-07,2004-08,-0.004430331289768219,0.0069067892618477345,0.00019218615489080548,-0.00536944717168808,-0.01008579507470131,-0.020290590822696686,0.003048377111554146,-0.005446531809866428
validation,2004-08,2004-09,0.004350894130766392,-0.0003548177774064243,0.0019338311394676566,0.006765665020793676,0.005669943057000637,0.004135961644351482,-0.006335272919386625,0.0006195889436639845
validation,2004-09,2004-10,0.0004417121526785195,0.005359667353332043,-0.0005320441559888422,0.0008261900511570275,0.005116717889904976,-0.0056347930803895,0.002760553965345025,-0.0008848109282553196
validation,2004-10,2004-11,-0.005091099068522453,-0.0198730006814003,-0.0034970231354236603,-0.003169060219079256,0.005701406858861446,0.01838366501033306,-0.008686059154570103,0.0012513918336480856
validation,2004-11,2004-12,-0.01724887639284134,-0.008416358381509781,0.00702329445630312,-0.0037415106780827045,0.00028741295682266355,0.014743000268936157,-0.005967930890619755,0.004578079096972942
validation,2004-12,2005-01,0.004482672084122896,7.447414100170135e-05,-0.006757546681910753,-0.0012377445818856359,-0.0026198059786111116,-0.012487808242440224,0.0016208695014938712,-0.014202754944562912
validation,2005-01,2005-02,0.014007410034537315,0.0014478103257715702,-0.008411185815930367,0.005820699036121368,0.011949703097343445,-0.0009324087877757847,0.0036373124457895756,-0.007878105156123638
validation,2005-02,2005-03,0.006105097942054272,-0.0023410257417708635,-0.010411524213850498,-0.004343399312347174,-0.0021332388278096914,-0.012164191342890263,0.002954387804493308,-0.00744627695530653
validation,2005-03,2005-04,0.00022440392058342695,0.0016908037941902876,-0.006936791818588972,-0.003008515341207385,-0.007421210408210754,-0.01567905768752098,0.007860659621655941,-0.006093958392739296
validation,2005-04,2005-05,0.002669321605935693,0.0026161186397075653,0.010868662968277931,0.006063331384211779,0.0008124610176309943,-0.0024359901435673237,-0.010265474207699299,0.008100825361907482
validation,2005-05,2005-06,0.009429428726434708,0.0016692891949787736,0.0023331213742494583,0.0004994141636416316,0.006607251241803169,0.008306647650897503,-0.0035146656446158886,-0.004740012809634209
validation,2005-06,2005-07,0.005682145245373249,-0.006188524886965752,0.0009846386965364218,0.000483853742480278,0.0014581414870917797,0.009495962411165237,-0.006818434223532677,0.010304523631930351
validation,2005-07,2005-08,-0.004103988874703646,0.003890271531417966,0.004463670309633017,-0.007100144401192665,-0.006389125250279903,0.0009366159792989492,-0.0015407053288072348,-0.005143781658262014
validation,2005-08,2005-09,-0.0024979962036013603,0.004187433049082756,0.014308888465166092,-0.0004047607071697712,-0.006035828031599522,0.0007987223216332495,-0.0004345715278759599,-0.005585245322436094
validation,2005-09,2005-10,0.004551664926111698,0.006446593441069126,0.004269242752343416,0.00034005928318947554,-0.0019515601452440023,-0.011568322777748108,0.000987880164757371,-0.011933716014027596
validation,2005-10,2005-11,0.01056111603975296,-0.002219076734036207,0.001214860356412828,0.007641336880624294,0.004417615011334419,-0.00812422577291727,-0.008698314428329468,0.0038142127450555563
validation,2005-11,2005-12,0.0037600877694785595,0.0012727438006550074,0.003550122259184718,0.0017308325041085482,0.00743115833029151,0.007908707484602928,0.002109447494149208,-0.008302672766149044
validation,2005-12,2006-01,0.006304529961198568,-6.32705632597208e-05,0.014946426264941692,0.014139211736619473,0.005987575743347406,0.021200021728873253,-0.012420677579939365,0.009674337692558765
validation,2006-01,2006-02,-0.00638061948120594,-0.0007560007506981492,0.005630515981465578,-0.002958868630230427,-0.007594541646540165,0.0006747455336153507,-0.0016486067324876785,-0.00038671123911626637
validation,2006-02,2006-03,0.0005548239569179714,-0.0015459662536159158,0.004589884076267481,0.0035580964758992195,0.0035266634076833725,0.009024634025990963,-0.005202397238463163,-0.00026236678240820765
validation,2006-03,2006-04,0.005606225226074457,-0.0038707356434315443,-0.003807458560913801,0.0008781931828707457,0.0029466520063579082,0.0003401762223802507,-0.0011945755686610937,-0.005976314656436443
validation,2006-04,2006-05,-9.711761958897114e-05,-0.00038335047429427505,-0.010857511311769485,-0.018397396430373192,-0.006407261360436678,-0.008775221183896065,0.007201948203146458,-0.012542595155537128
validation,2006-05,2006-06,-0.00014193053357303143,-0.0015417826361954212,-0.004311279393732548,-0.0064255367033183575,-0.0067128450609743595,-0.007233095355331898,-0.004626638721674681,-0.00048058293759822845
validation,2006-06,2006-07,-0.005818124860525131,-0.0041869403794407845,-0.008740652352571487,-0.01474735140800476,-0.014270110987126827,-0.01541193202137947,0.0023128066677600145,-0.0015283580869436264
validation,2006-07,2006-08,-0.0035259760916233063,-0.003788815578445792,0.012511119246482849,-0.001754135126248002,-0.004173309542238712,-0.007911434397101402,0.003867847379297018,0.001786104287020862
validation,2006-08,2006-09,0.00827044527977705,-0.002264358103275299,0.0009293804760091007,0.004094485659152269,-0.0002978991833515465,-0.004281705245375633,-0.0015449380734935403,-0.005154619924724102
validation,2006-09,2006-10,0.0034666466526687145,-0.00673886900767684,0.0036227121017873287,-0.003781788982450962,0.0030981150921434164,0.006458093412220478,-0.009940865449607372,0.003890031948685646
validation,2006-10,2006-11,0.0041337329894304276,0.004761550575494766,0.0020875614136457443,0.004957627039402723,0.00401980709284544,0.005057519767433405,0.002916552359238267,-0.0037618326023221016
validation,2006-11,2006-12,-0.0037515403237193823,-0.001933523453772068,0.003450796939432621,-0.005148880183696747,-0.005243818741291761,0.0032721306197345257,0.001739304163493216,-0.009816678240895271
validation,2006-12,2007-01,0.0033030658960342407,-0.0005270733963698149,0.005574067123234272,0.0029310311656445265,0.004985390231013298,0.00905544962733984,0.0007622732082381845,-0.0020346471574157476
validation,2007-01,2007-02,0.0023457410279661417,0.0010727992048487067,0.0007126297568902373,0.0015352494083344936,-0.00020550109911710024,0.002335179131478071,0.0049084266647696495,-0.0035732269752770662
validation,2007-02,2007-03,0.0063246265053749084,0.0021233707666397095,0.0030977032147347927,0.007212224882096052,0.0023398499470204115,-0.004199068993330002,-8.354903548024595e-05,-0.0024473676458001137
validation,2007-03,2007-04,0.0072533502243459225,0.004285999108105898,0.009183043614029884,0.006992891896516085,0.0022122059017419815,0.0036543395835906267,-0.006107792258262634,0.003732820739969611
validation,2007-04,2007-05,0.008823473006486893,0.005635684356093407,-0.0014482303522527218,0.006746944971382618,-0.00020496232900768518,-0.01305343396961689,-0.001009670551866293,0.0059220511466264725
validation,2007-05,2007-06,0.005493787582963705,0.003595607588067651,0.003512036055326462,0.0057863942347466946,0.003581518540158868,0.003088676603510976,-0.0003508489462547004,-0.005904113873839378
validation,2007-06,2007-07,0.0019970559515058994,0.0024455233942717314,0.006072930060327053,0.013145959936082363,0.0023347819223999977,-0.0036766892299056053,0.01064109243452549,-0.0037701530382037163
validation,2007-07,2007-08,0.003370151622220874,0.0020361614879220724,-0.006425205618143082,0.0007081617368385196,-0.0041185105219483376,-0.019751334562897682,-0.0011281161569058895,0.012261930853128433
validation,2007-08,2007-09,0.005492400377988815,0.015060670673847198,0.0033749567810446024,0.011759077198803425,0.007847368717193604,0.00450875423848629,0.0024003100115805864,0.0027226388920098543
validation,2007-09,2007-10,0.012177428230643272,0.012498857453465462,0.009564967826008797,0.014044576324522495,0.012664470821619034,0.00412408821284771,0.007105836644768715,-0.0033545733895152807
validation,2007-10,2007-11,0.00671885022893548,0.012762047350406647,-0.004837746731936932,0.006260277237743139,-0.0016141276573762298,-0.023293545469641685,0.013240965083241463,-0.0009039685828611255
validation,2007-11,2007-12,0.008109508082270622,0.007677916903048754,0.0031810826621949673,0.00816749595105648,0.006207778584212065,-0.0021548145450651646,-0.0020279441960155964,-0.0024014117661863565
validation,2007-12,2008-01,-0.020944636315107346,-0.021669253706932068,-0.017212409526109695,-0.025178641080856323,-0.020757360383868217,-0.012563090771436691,-0.0005527378525584936,0.0032375226728618145
validation,2008-01,2008-02,-0.0013062061043456197,-0.003554658265784383,-0.0007534729666076601,0.003607999999076128,0.0002130534267053008,-0.0043671284802258015,0.004181087017059326,-0.00292972638271749
validation,2008-02,2008-03,-0.003359934315085411,-0.007076287176460028,-0.009058929048478603,-0.00205452973023057,-0.01289121713489294,-0.025803105905652046,-0.006520012393593788,0.009857664816081524
validation,2008-03,2008-04,0.01426637265831232,-0.0018296216148883104,-0.001317797927185893,0.0127874705940485,0.007953450083732605,-0.012427139095962048,-0.005612376611679792,0.012349140830338001
validation,2008-04,2008-05,0.009471932426095009,3.329850733280182e-05,0.004305204842239618,0.010342894122004509,0.00763626117259264,-0.002062571235001087,-0.0019860360771417618,0.0018654877785593271
validation,2008-05,2008-06,0.014982828870415688,0.018773850053548813,0.005065555684268475,0.01961733028292656,0.018546240404248238,0.008840363472700119,0.011606919579207897,-0.013966638594865799
validation,2008-06,2008-07,-0.009286109358072281,-0.00266847712919116,0.013566425070166588,-0.001958482898771763,-0.01697877235710621,-0.021287888288497925,-0.004315297119319439,0.004664518870413303
validation,2008-07,2008-08,0.0060003334656357765,-0.008619681000709534,-0.00834839791059494,-0.009638337418437004,-0.00642290199175477,-0.017867539077997208,-0.004399022087454796,0.008500901982188225
validation,2008-08,2008-09,-0.0038157671224325895,-0.017483694478869438,-0.021831689402461052,-0.01888497732579708,-0.027618372812867165,-0.021250098943710327,-0.01404719427227974,0.00979855377227068
validation,2008-09,2008-10,-0.0208745039999485,0.015644323080778122,0.008733151480555534,-0.00528146605938673,-0.009599298238754272,-0.02565069869160652,0.024618085473775864,-0.017659930512309074
validation,2008-10,2008-11,-0.0005992811638861895,0.024545442312955856,0.00893250573426485,0.006662567146122456,0.005928570404648781,-0.01791379228234291,0.021040521562099457,-0.013406002894043922
validation,2008-11,2008-12,0.012475167401134968,-0.003039100905880332,0.0067720599472522736,0.00918964110314846,0.005758153740316629,-0.022443898022174835,-0.014432867057621479,0.007977204397320747
validation,2008-12,2009-01,-0.0041758231818675995,0.020967956632375717,0.037579216063022614,0.018396377563476562,0.022321520373225212,0.041621893644332886,0.03979421406984329,-0.03052256628870964
validation,2009-01,2009-02,0.010817958042025566,0.03410215675830841,0.015567189082503319,0.027386311441659927,0.025680461898446083,0.0009645626414567232,0.029669232666492462,-0.01695997826755047
validation,2009-02,2009-03,-0.014270734041929245,-0.034881506115198135,-0.006285893730819225,-0.02608601003885269,-0.013446107506752014,0.03343189135193825,-0.031141305342316628,0.02880668453872204
validation,2009-03,2009-04,-0.01739325374364853,-0.06353830546140671,-0.03654276207089424,-0.04347160458564758,-0.009956080466508865,-0.0007206806913018227,-0.03597604110836983,0.02664997987449169
validation,2009-04,2009-05,-0.02015065774321556,1.1564232409000397e-05,0.020207660272717476,-0.03173235058784485,-0.0024278031196445227,0.03849879652261734,-0.01731131039559841,-0.012910664081573486
validation,2009-05,2009-06,0.001228109933435917,0.019567321985960007,0.03833626210689545,0.02827370911836624,0.0053777312859892845,0.011975779198110104,0.01188277080655098,-0.024981092661619186
validation,2009-06,2009-07,-0.003025054931640625,-0.015409824438393116,0.0072188666090369225,-0.003391771577298641,-0.007985296659171581,-0.007311882451176643,-0.015291770920157433,0.0009508149232715368
validation,2009-07,2009-08,-0.03993804752826691,-0.02903083525598049,0.016573404893279076,-0.03706952556967735,-0.024517392739653587,0.03782191872596741,-0.013342093676328659,-0.014542724005877972
validation,2009-08,2009-09,-0.00417254026979208,0.016551179811358452,0.03239744156599045,0.015071220695972443,0.013386785984039307,0.011278262361884117,0.0024660038761794567,-0.017071852460503578
validation,2009-09,2009-10,0.01698530837893486,0.009399998933076859,-0.0042450884357094765,0.010514876805245876,0.01403519045561552,-0.016691040247678757,0.014445305801928043,-0.014795967377722263
validation,2009-10,2009-11,0.013089021667838097,0.01801620051264763,0.013890252448618412,0.02232963591814041,0.015775417909026146,-0.007967709563672543,0.01018374040722847,-0.006486475933343172
validation,2009-11,2009-12,0.009351091459393501,-0.0030549957882612944,0.015095912851393223,0.011625595390796661,0.015614655800163746,0.009667633101344109,0.002782100811600685,-0.011069058440625668
development,2009-12,2010-01,-0.029037224128842354,-0.018361249938607216,-0.008977276273071766,-0.02953237295150757,-0.03179500997066498,0.006636252626776695,-0.014492589980363846,0.00014997308608144522
development,2010-01,2010-02,0.0038355407305061817,-0.002123855985701084,0.004554995335638523,0.00804347824305296,0.007435586303472519,0.00022859335877001286,0.0026466932613402605,-0.002539227018132806
development,2010-02,2010-03,-0.0038938287179917097,-0.009106665849685669,0.006340294145047665,-0.006806556135416031,-0.004132614471018314,0.005832700990140438,-0.008460153825581074,-0.006743655540049076
development,2010-03,2010-04,-0.03370647132396698,-0.035551466047763824,-0.006048422306776047,-0.03687829524278641,-0.030757026746869087,0.020962649956345558,-0.03265295922756195,0.008768359199166298
development,2010-04,2010-05,0.01460438221693039,0.017653029412031174,0.005313546396791935,0.017990224063396454,0.010671790689229965,-0.010285921394824982,0.01220252551138401,-0.00729967188090086
development,2010-05,2010-06,0.019997738301753998,0.016920678317546844,0.005742595996707678,0.018521955236792564,0.015759777277708054,-0.01922895573079586,0.026546107605099678,-0.013897093944251537
development,2010-06,2010-07,-0.0036349957808852196,-0.014698481187224388,0.004803984891623259,-0.0007191845215857029,0.0011130445636808872,-0.010880861431360245,-0.008271724916994572,0.006141227670013905
development,2010-07,2010-08,0.008030029013752937,0.008210218511521816,0.0027939192950725555,0.005855398718267679,0.00031205336563289165,-0.01324826292693615,0.014133290387690067,-0.0028232457116246223
development,2010-08,2010-09,0.003983099479228258,0.0030561694875359535,0.016244184225797653,0.00910941418260336,0.011319790035486221,0.004501804243773222,-0.01246839389204979,0.002474319189786911
development,2010-09,2010-10,5.3574389312416315e-05,0.004293621983379126,0.002671873662620783,0.004071145784109831,0.0029936598148196936,-0.0011743722716346383,-0.001574652618728578,-0.007205083500593901
development,2010-10,2010-11,0.009209289215505123,0.008330438286066055,-0.0001670194324105978,0.006197961512953043,0.00831647403538227,0.0017348076216876507,-0.003263686550781131,-0.000868174247443676
development,2010-11,2010-12,-0.017091915011405945,-0.009893514215946198,-0.008450709283351898,-0.015976758673787117,-0.005925264209508896,0.011325713247060776,-0.008882232010364532,0.01426718756556511
development,2010-12,2011-01,-0.010528670623898506,-0.008461677469313145,-0.0017469336744397879,-0.008279643952846527,-0.010109752416610718,0.01017916388809681,0.0027390196919441223,-0.00511474022641778
development,2011-01,2011-02,-0.004643225111067295,0.0034553357400000095,0.011515459045767784,0.0038904123939573765,-0.002367050852626562,-0.0064480481669306755,-0.001968774478882551,-0.0058112493716180325
development,2011-02,2011-03,0.0011269713286310434,0.002550575416535139,0.0063130492344498634,0.010147829540073872,0.0046414039097726345,-0.01084932405501604,0.005186545196920633,-0.0020206740591675043
development,2011-03,2011-04,0.007418263703584671,0.004162830766290426,0.0030233324505388737,0.004720409866422415,0.005176002625375986,-0.011119134724140167,0.0069496287032961845,0.0010206700535491109
development,2011-04,2011-05,0.007273209746927023,0.005276621785014868,0.004018212668597698,0.0057193683460354805,0.0027336920611560345,-0.01045581791549921,0.010492655448615551,-0.0018975214334204793
development,2011-05,2011-06,-0.001128205331042409,-0.00021207670215517282,-0.00037952593993395567,0.004259868990629911,-0.0064579881727695465,-0.014196913689374924,0.002823429647833109,-0.004386104177683592
development,2011-06,2011-07,-0.006421305239200592,-0.0015716361813247204,-0.0019106643740087748,-0.0038515643682330847,-0.002724534599110484,0.0005806481931358576,-0.005376826971769333,-0.0027711549773812294
development,2011-07,2011-08,0.003983667120337486,0.008396817371249199,-0.0022025322541594505,0.009866202250123024,-0.0058022793382406235,-0.027376938611268997,0.02129281684756279,-0.004333545919507742
development,2011-08,2011-09,-0.0006797155365347862,0.004576626233756542,0.005129264667630196,0.00567453121766448,-0.011168788187205791,-0.022184548899531364,0.014136574231088161,-0.009596874937415123
development,2011-09,2011-10,0.015080861747264862,-0.01699700392782688,-0.004839467816054821,0.007633175700902939,0.016688024625182152,-0.0032547442242503166,-0.027621863409876823,0.01735919713973999
development,2011-10,2011-11,0.0011482988484203815,-0.002074110321700573,-0.005654791835695505,0.0013332403032109141,-0.007224724628031254,-0.016993824392557144,-0.000312997552100569,0.0008099382976070046
development,2011-11,2011-12,0.0034652426838874817,-0.006786721292883158,-0.0016594456974416971,-0.007290714420378208,-0.00491257943212986,0.00010722025763243437,-0.004139066208153963,-0.006836947053670883
development,2011-12,2012-01,-0.01626754179596901,-0.00850936770439148,0.01108077447861433,-0.008331469260156155,-0.002265886403620243,0.005786919500678778,-0.009748933836817741,0.003109554061666131
development,2012-01,2012-02,-0.004087436478585005,-0.0011371856089681387,-0.007128685712814331,-0.006046743597835302,0.0058330362662673,0.012192259542644024,-0.0009494337718933821,0.001253526657819748
development,2012-02,2012-03,-0.012280771508812904,-0.0035958050284534693,0.0059084417298436165,-0.006690628826618195,-0.008656995370984077,0.004830147605389357,0.0018349075689911842,-0.008055293001234531
development,2012-03,2012-04,-0.00503082200884819,-0.005855430383235216,-0.009732398204505444,-0.0033926409669220448,0.0002267654926981777,-0.0013918618205934763,0.008150476031005383,-0.008171778172254562
development,2012-04,2012-05,-0.008160026744008064,-0.006711805239319801,-0.0014456607168540359,-0.010768839158117771,-0.006024967413395643,-0.003469694871455431,0.018201623111963272,-0.015083447098731995
development,2012-05,2012-06,0.001483783358708024,0.0032251181546598673,0.007097061723470688,-0.0013247088063508272,-0.003514894051477313,-9.44749335758388e-05,-0.0025321803987026215,-0.0012791270855814219
development,2012-06,2012-07,-0.009320002049207687,-0.0038265513721853495,0.001640310394577682,-0.008947864174842834,-0.005839438643306494,-0.005321285221725702,0.007243111729621887,-0.00417151628062129
development,2012-07,2012-08,0.003723476780578494,-0.005470934323966503,-0.0012389183975756168,-0.0003848410851787776,-0.008487114682793617,-0.00536154443398118,-0.007212257478386164,0.00968523696064949
development,2012-08,2012-09,-0.00925002433359623,0.008526832796633244,0.012532772496342659,-0.0033221424091607332,-0.00019856938160955906,0.007777765858918428,0.0057821800000965595,-0.004882829263806343
development,2012-09,2012-10,0.0028713406063616276,-0.008387778885662556,-0.013877246528863907,-0.009728262200951576,-0.00537970382720232,-0.011329665780067444,0.004226780030876398,-0.007809668779373169
development,2012-10,2012-11,0.0073236385360360146,-0.004491494968533516,-0.005035037640482187,0.005521700717508793,0.003907516598701477,-0.009858384728431702,-0.0018335327040404081,0.0013415358262136579
development,2012-11,2012-12,0.0036115602124482393,-0.00922357477247715,-0.0057715498842298985,-0.006658500991761684,-0.009380494244396687,-0.003916407003998756,-0.0034567893017083406,0.0015996471047401428
development,2012-12,2013-01,-0.008083893917500973,-0.009262819774448872,0.007629251107573509,-0.013176030479371548,-0.005491643212735653,0.01054092962294817,-0.003506564535200596,-0.00878406222909689
development,2013-01,2013-02,0.0001335558481514454,0.0020795261953026056,0.00026786254602484405,-0.003081400878727436,0.0012101551983505487,0.0013155573979020119,0.006035446189343929,-0.012333748862147331
development,2013-02,2013-03,0.007313576992601156,0.0010373019613325596,0.000818198430351913,-0.0006997501477599144,0.0017901993123814464,0.010120971128344536,-0.00795199628919363,-0.001552010071463883
development,2013-03,2013-04,0.00216811359860003,-0.0013863500207662582,0.005012952256947756,-0.002835346618667245,0.0003370522754266858,0.0007498854538425803,0.000786918681114912,-0.004384523723274469
development,2013-04,2013-05,-0.0023651686497032642,-0.0018611156847327948,0.009558865800499916,-0.004785199649631977,-0.0005619903095066547,0.010209393687546253,-0.011088559404015541,-0.001749164890497923
development,2013-05,2013-06,0.007543090730905533,0.01175055094063282,0.0029004174284636974,0.0037211603485047817,0.007713157217949629,0.00707270298153162,0.007261632941663265,-0.015473928302526474
development,2013-06,2013-07,-0.01073126308619976,-0.004366414621472359,0.0129645224660635,-0.010318473912775517,-0.008227452635765076,0.007501250132918358,-0.010817546397447586,0.0005738507024943829
development,2013-07,2013-08,-0.0008581157308071852,0.001614693901501596,0.0038862600922584534,0.0003373388899490237,-0.0034088946413248777,0.0011746473610401154,-0.0007273743394762278,-0.002003232017159462
development,2013-08,2013-09,0.00034591922303661704,0.006434859707951546,0.010761341080069542,0.002982683479785919,0.003171690972521901,0.008467590436339378,-0.00466002756729722,-0.0027208381798118353
development,2013-09,2013-10,0.004063640255481005,-0.01203430537134409,-0.01163273211568594,-0.00467652315273881,-0.0082514313980937,-0.017571743577718735,-0.0020538170356303453,-0.003942822106182575
development,2013-10,2013-11,-0.004937912803143263,-0.009020721539855003,0.01047496683895588,-0.0006055030971765518,-0.008838588371872902,0.0006916244747117162,-0.008750003762543201,0.0021974535193294287
development,2013-11,2013-12,0.00560742849484086,0.0028869810048490763,0.0031094993464648724,0.0016546722035855055,0.009345469065010548,0.01805625855922699,0.0019416267750784755,-0.004469645209610462
development,2013-12,2014-01,-0.023773152381181717,0.0025102701038122177,0.021772263571619987,-0.009403609670698643,0.0036356868222355843,0.0354204922914505,0.007068359758704901,-0.009555317461490631
development,2014-01,2014-02,-0.001905769924633205,-0.0016804300248622894,0.0005290370900183916,0.0007831865805201232,0.00022265780717134476,0.0031601660884916782,-0.005709547083824873,0.00799546204507351
development,2014-02,2014-03,-0.006036428734660149,-0.011219087056815624,-0.01481123361736536,-0.012976376339793205,-0.011418452486395836,-0.013523485511541367,0.0025535528548061848,-0.0016488231485709548
development,2014-03,2014-04,0.0029906928539276123,-0.014315935783088207,-0.016884874552488327,-0.014675061218440533,-0.015123467892408371,-0.02828844077885151,-0.00025560101494193077,0.007646156940609217
development,2014-04,2014-05,0.005377575755119324,0.004277978092432022,0.0011885309359058738,0.00017798237968236208,0.0015335684875026345,-0.0071799494326114655,0.0054053571075201035,-0.0023484837729483843
development,2014-05,2014-06,0.006548001430928707,0.007521062158048153,0.005071527324616909,0.0026800958439707756,0.011394607834517956,0.018207719549536705,-0.004406343214213848,-0.001011054264381528
development,2014-06,2014-07,-0.006066340487450361,-0.008318377658724785,-0.004766364581882954,-0.007558540441095829,-0.01121755875647068,-0.014585250057280064,0.0024049882777035236,0.0026932379696518183
development,2014-07,2014-08,0.009510301984846592,0.0023832086008042097,0.0019484427757561207,0.011834444478154182,0.004963903687894344,-0.004731875844299793,0.00040252425242215395,0.0018916642293334007
development,2014-08,2014-09,0.007567412219941616,0.0051080286502838135,0.0018617738969624043,0.006327162962406874,0.005852383561432362,-0.004430266097187996,0.007780869957059622,-0.012276938185095787
development,2014-09,2014-10,0.00969778560101986,-0.001138863735832274,0.004020515363663435,0.009806794114410877,-0.012772461399435997,-0.026124602183699608,-0.011926505714654922,0.004426924511790276
development,2014-10,2014-11,0.0018742828397080302,0.0034605469554662704,0.004904653877019882,0.009668683633208275,3.753876080736518e-05,-0.008190720342099667,0.0025834725238382816,0.0017624569591134787
development,2014-11,2014-12,0.011149931699037552,0.010752864181995392,0.010166785679757595,0.008531983010470867,0.0014461481478065252,0.00925689097493887,-0.0037947690580040216,-0.010541724972426891
development,2014-12,2015-01,-0.0012398617109283805,0.008423478342592716,0.014408149756491184,0.007258075289428234,0.005145721137523651,0.0027717510238289833,0.007140662521123886,-0.008107036352157593
development,2015-01,2015-02,0.0037573017179965973,0.001785927452147007,0.0007381226168945432,0.001208651578053832,0.004397520329803228,0.007027379237115383,-0.004819678608328104,0.008102739229798317
development,2015-02,2015-03,0.010143511928617954,0.010278335772454739,-0.0006023629102855921,0.007019110955297947,0.0034782474394887686,-0.004534274805337191,-0.0019376487471163273,-0.004545432515442371
development,2015-03,2015-04,-0.014331410638988018,-0.011721057817339897,-0.00866958498954773,-0.01601039431989193,-0.013237443752586842,-0.0039831409230828285,-0.0005182647728361189,0.005199186969548464
development,2015-04,2015-05,0.0038390043191611767,0.02154681645333767,0.014828256331384182,0.013228350318968296,0.00994141399860382,0.010052883066236973,0.004408044274896383,-0.011442728340625763
development,2015-05,2015-06,0.004970075096935034,0.0060952892526984215,0.0015414768131449819,0.005169153679162264,0.005247951950877905,-0.00024269940331578255,0.0031641169916838408,-0.009435979649424553
development,2015-06,2015-07,0.013339896686375141,0.014593996107578278,0.0008854115149006248,0.015984220430254936,0.009411701001226902,-0.01154840737581253,0.013530049473047256,-0.00967926625162363
development,2015-07,2015-08,-0.00818718783557415,-0.016680460423231125,-0.007751875557005405,-0.01618926227092743,-0.014321478083729744,-0.002860182663425803,0.0005765098612755537,-0.003585798665881157
development,2015-08,2015-09,0.004055607132613659,-0.008617475628852844,-0.006250778213143349,-0.0019345509354025126,-0.011687466874718666,-0.016152508556842804,0.009591612964868546,-0.004346990957856178
development,2015-09,2015-10,-0.00012126914225518703,-0.017292821779847145,-0.0010166626889258623,-0.0031260401010513306,-0.011384948156774044,-0.026927459985017776,-0.010827979072928429,0.012409364804625511
development,2015-10,2015-11,-0.014045658521354198,0.005911617539823055,0.018552016466856003,0.0012188120745122433,0.0050809974782168865,0.004946778994053602,0.0015631692949682474,-0.011102864518761635
development,2015-11,2015-12,0.009809182956814766,0.012198144569993019,-0.0009158524917438626,0.013897894881665707,0.007936101406812668,-0.008373516611754894,0.013694321736693382,-0.006656698416918516
development,2015-12,2016-01,0.0025346269831061363,-0.007746257819235325,-0.01377188228070736,0.006456300616264343,-0.0024374842178076506,-0.030471287667751312,0.027877748012542725,-0.0025517684407532215
development,2016-01,2016-02,0.0009369440376758575,-0.00762171670794487,-0.004324981477111578,0.006606029346585274,-0.004216835834085941,-0.018506456166505814,0.004014696925878525,0.0075557962991297245
development,2016-02,2016-03,-0.005084310658276081,-0.022772785276174545,-0.01030652690678835,-0.024906205013394356,-0.010476442985236645,0.003449220210313797,-0.018909703940153122,0.013042127713561058
development,2016-03,2016-04,-0.013973702676594257,-0.01763760857284069,-0.005693546496331692,-0.02902848646044731,-0.012334774248301983,0.007801539730280638,-0.0176922008395195,0.005773869808763266
development,2016-04,2016-05,0.0026124068535864353,0.011490409262478352,0.01027307752519846,0.0035394574515521526,0.0016724567394703627,-0.0071935998275876045,0.007184623274952173,-0.006616469472646713
development,2016-05,2016-06,-0.0013187217991799116,-0.007182074710726738,-0.004420273471623659,0.003487704321742058,-0.002174915047362447,-0.003189727198332548,0.012118806131184101,-0.007595252711325884
development,2016-06,2016-07,-0.007300264667719603,-0.00801461935043335,0.004211531486362219,-0.003074860665947199,-0.00613053422421217,0.0015604011714458466,-0.004457783419638872,0.0053753298707306385
development,2016-07,2016-08,-0.006932971999049187,-0.0034848558716475964,0.0009026077459566295,-0.009365938603878021,-0.00889823492616415,0.0051401350647211075,-0.006593306548893452,0.0013466922100633383
development,2016-08,2016-09,-0.007590536493808031,0.016384921967983246,0.013843726366758347,-0.010003047063946724,-0.008639655075967312,0.01933233067393303,-0.01612071506679058,0.003888076636940241
development,2016-09,2016-10,0.0176740400493145,-0.008336862549185753,-0.019067950546741486,0.003250553272664547,0.00013175909407436848,-0.029888402670621872,0.01907147839665413,-0.009421151131391525
development,2016-10,2016-11,-0.008684217929840088,-0.013284597545862198,-0.01157370489090681,-0.023299627006053925,-0.02412993833422661,-0.01145697757601738,-0.022463740780949593,0.008065666072070599
development,2016-11,2016-12,0.002205094089731574,-0.009329990483820438,-0.02017303556203842,-0.012912724167108536,-0.008290300145745277,-0.015256207436323166,0.002765118610113859,-0.004291326738893986
development,2016-12,2017-01,-0.010879497043788433,-0.0010907172691076994,0.006100618280470371,-0.006128625012934208,0.001379296532832086,0.007706981152296066,0.0012495219707489014,0.005462115630507469
development,2017-01,2017-02,0.004829644691199064,0.013400145806372166,0.008674475364387035,0.007668480277061462,0.0015302045503631234,-0.0015517962165176868,0.0013583435211330652,0.0029118582606315613
development,2017-02,2017-03,0.003537754062563181,0.011532796546816826,0.014432389289140701,0.010846991091966629,0.0012464751489460468,-0.00015404843725264072,0.004148890729993582,-0.003221678314730525
development,2017-03,2017-04,0.010128891095519066,0.004932009615004063,0.0006823387229815125,0.01764751970767975,0.001291643362492323,-0.016644541174173355,0.008695492520928383,-0.0030051185749471188
development,2017-04,2017-05,0.018434608355164528,0.01596146635711193,0.004825448617339134,0.01969730667769909,0.009913626126945019,-0.0137413889169693,0.015735341235995293,-0.010206978768110275
development,2017-05,2017-06,-0.009676678106188774,-0.005097589455544949,0.00992494635283947,-0.008462158963084221,-0.008121954277157784,0.006382382474839687,-0.00961264967918396,0.00773377250880003
development,2017-06,2017-07,0.001964882016181946,0.0019190289312973619,-0.001093266997486353,0.00015853950753808022,-0.006556706037372351,-0.008806871250271797,-0.0008099427213892341,0.002702468540519476
development,2017-07,2017-08,0.007029441650956869,0.015152376145124435,0.015249296091496944,0.012880334630608559,-0.0021132631227374077,-0.007003444712609053,0.0016622941475361586,-0.003130269469693303
development,2017-08,2017-09,-0.028371036052703857,0.0019463847856968641,0.0033565806224942207,-0.011454222723841667,-0.009947112761437893,0.009610439650714397,-0.006479477975517511,-0.002160959644243121
development,2017-09,2017-10,0.004711777903139591,0.004704589489847422,0.00588282709941268,0.0022509554401040077,-0.008080936968326569,-0.012373759411275387,0.0009719544323161244,-0.0053503974340856075
development,2017-10,2017-11,-0.0008291041012853384,-0.003918526228517294,-0.007354166824370623,0.0020067791920155287,-0.0031089724507182837,-0.005004569422453642,-0.003750911680981517,0.008982154540717602
development,2017-11,2017-12,-0.0006973696872591972,0.0033586975187063217,0.00021444843150675297,-0.0025129776913672686,0.009143051691353321,0.018642082810401917,-0.0029427018016576767,-0.0009075368288904428
development,2017-12,2018-01,-0.011634711176156998,-0.0010909890988841653,0.01308438740670681,-0.002197427209466696,-0.0010232877684757113,-0.008478891104459763,0.0023728441447019577,-0.0025020327884703875
development,2018-01,2018-02,0.0027091079391539097,0.007128375582396984,0.012090656906366348,0.00787084735929966,0.001401473069563508,-0.007802487351000309,0.004262437112629414,-0.005948963109403849
development,2018-02,2018-03,0.004839458502829075,-0.002701373305171728,-0.001552713569253683,-0.0010453553404659033,-0.004494642373174429,0.0014820536598563194,-0.00484385946765542,-0.0051554045639932156
development,2018-03,2018-04,0.00047192478086799383,0.001811427529901266,-0.002441158052533865,-0.004298636689782143,-0.006823611445724964,0.0022337776608765125,-0.008884154260158539,0.009993629530072212
development,2018-04,2018-05,0.0011487905867397785,0.011877384036779404,0.01585325039923191,0.005541665013879538,0.008998967707157135,0.011753834784030914,-0.004491914063692093,-0.006657766178250313
development,2018-05,2018-06,0.017636610195040703,0.004300665110349655,-0.004755211062729359,0.007596313953399658,0.008670208044350147,0.011631465516984463,-0.0061106192879378796,-0.001774445059709251
development,2018-06,2018-07,0.010362373664975166,-0.001074924715794623,-0.0015278825303539634,0.009800226427614689,-0.004287990741431713,-0.022925730794668198,0.0030832302290946245,4.6803674194961786e-05
development,2018-07,2018-08,0.0012727876892313361,0.01622815802693367,0.020799238234758377,0.02438337355852127,0.002784477546811104,0.0020597614347934723,-0.00837794505059719,0.004121231846511364
development,2018-08,2018-09,0.0025932597927749157,0.007902582176029682,0.0026398752816021442,0.004191813059151173,0.0048289829865098,0.0020409345161169767,0.0007186320144683123,0.00014859280781820416
development,2018-09,2018-10,-0.005663290154188871,-0.009653585962951183,-0.007020231336355209,-0.00282689044252038,-0.009871503338217735,-0.022234158590435982,0.021444052457809448,-0.006758817471563816
development,2018-10,2018-11,0.0113795455545187,0.006196732632815838,-0.002144567435607314,0.01180390827357769,-0.006327599287033081,-0.02330862171947956,0.009073826484382153,0.005659022368490696
development,2018-11,2018-12,0.014957606792449951,0.02083798125386238,2.897635567933321e-05,0.023197196424007416,0.004927299916744232,-0.02255571074783802,0.02438577264547348,-0.008466624654829502
development,2018-12,2019-01,-0.02824830822646618,-0.02165801450610161,0.0033496078103780746,-0.02253236621618271,0.006842991337180138,0.03390824794769287,-0.02592623606324196,0.005378770641982555
development,2019-01,2019-02,-0.001452470663934946,0.003347724676132202,0.0075861066579818726,0.007671976462006569,0.002111004665493965,0.0010231625055894256,0.001242457190528512,-0.0025780759751796722
development,2019-02,2019-03,-0.014782615937292576,0.015794120728969574,0.018280919641256332,0.0067143915221095085,0.005718113388866186,0.0029502934776246548,0.010552136227488518,-0.008055947721004486
development,2019-03,2019-04,0.01077974308282137,-0.004034287296235561,-0.009752660058438778,0.0022087167017161846,-0.0035384097136557102,-0.012106412090361118,-0.0010615861974656582,0.005016855429857969
development,2019-04,2019-05,-0.00660285260528326,0.023197652772068977,0.006534605287015438,0.013466780073940754,0.005451015196740627,-0.005191243253648281,0.027059566229581833,-0.016386352479457855
development,2019-05,2019-06,0.017922021448612213,-0.0008257214212790132,-0.007618328556418419,0.015910711139440536,0.00420463178306818,-0.020542485639452934,-0.003292887005954981,0.01098435465246439
development,2019-06,2019-07,0.006878416053950787,-0.0067711202427744865,0.0014742856146767735,0.006907230243086815,-0.010546062141656876,-0.019886933267116547,0.005059569608420134,0.0019576349295675755
development,2019-07,2019-08,-0.00061027891933918,0.008224721997976303,-0.004467767663300037,0.014396945014595985,-0.0002878150553442538,-0.010681228712201118,0.011411095038056374,0.00012940505985170603
development,2019-08,2019-09,0.00308740371838212,-0.038866445422172546,-0.02200429141521454,-0.021111007779836655,-0.026958413422107697,-0.02115405909717083,-0.018012968823313713,0.009023037739098072
development,2019-09,2019-10,0.003594021312892437,0.005474802106618881,-0.0048333811573684216,0.01233819779008627,-0.003056421410292387,-0.020220236852765083,-0.004248914308845997,0.011527281254529953
development,2019-10,2019-11,0.012558783404529095,0.01956522837281227,0.00456634908914566,0.021510275080800056,0.014147305861115456,0.0022114592138677835,0.0030781682580709457,0.00014087685849517584
development,2019-11,2019-12,-0.014238864183425903,0.001450551557354629,0.008215480484068394,-0.02214512974023819,0.005166787654161453,0.0202396959066391,-0.0020607472397387028,-0.008435167372226715
