split,feature_month,target_month,factor_0,factor_1,factor_2,factor_3,factor_4,factor_5,factor_6,factor_7
train,1963-07,1963-08,0.0006490217056125402,0.012753224931657314,0.004063073545694351,-0.00969832856208086,0.009079770185053349,-0.006022087298333645,-0.006272150203585625,0.010625635273754597
train,1963-08,1963-09,-0.00900146272033453,-0.011707284487783909,0.0033291280269622803,0.005695686209946871,-0.006916064769029617,0.0059061674401164055,0.008533413521945477,-0.01158532127737999
train,1963-09,1963-10,0.005988958291709423,0.003342024516314268,0.0002977837575599551,-0.004617244936525822,0.0010917172767221928,0.002858817344531417,-0.007738644722849131,0.0052864630706608295
train,1963-10,1963-11,0.00895650964230299,0.008626742288470268,-0.011430694721639156,-0.012396568432450294,0.0026168106123805046,-0.007156774401664734,0.0007168874144554138,0.0046373894438147545
train,1963-11,1963-12,0.016150733456015587,0.01861746795475483,-0.021785946562886238,-0.022822024300694466,0.008609798736870289,-0.013708580285310745,-0.004922179039567709,0.012566209770739079
train,1963-12,1964-01,-0.021817732602357864,-0.018537502735853195,0.014603342860937119,0.013047780841588974,-0.012663722038269043,0.010776570998132229,0.006520573049783707,-0.016765275970101357
train,1964-01,1964-02,0.0015661786310374737,-0.002098238794133067,0.0028936993330717087,0.0020138847175985575,-0.005302635952830315,0.0038077658973634243,-0.0005039469106122851,-0.0034316666424274445
train,1964-02,1964-03,0.003047502599656582,-0.0011944466968998313,-0.0014726308872923255,-0.005489964969456196,-0.012532347813248634,0.0053040520288050175,-0.00431101443246007,-0.00043892685789614916
train,1964-03,1964-04,-0.00414010975509882,-0.005736085586249828,-0.0046949381940066814,0.0013333950191736221,-0.008387086912989616,0.0006579292239621282,0.00014751043636351824,-0.002696771640330553
train,1964-04,1964-05,0.00910239014774561,0.011086732149124146,-0.008362196385860443,-0.012778203934431076,0.006473878398537636,-0.0065103559754788876,-0.0025123138912022114,0.006797620560973883
train,1964-05,1964-06,0.008291848935186863,0.01139779668301344,-0.008738456293940544,-0.011485530063509941,-0.0012680450454354286,-0.010801897384226322,-0.005278534721583128,0.007992120459675789
train,1964-06,1964-07,-0.0036994279362261295,-0.005873087327927351,-0.00012842833530157804,0.001085788942873478,-0.007705858908593655,0.006253011990338564,0.0016254282090812922,-0.0013075731694698334
train,1964-07,1964-08,-0.0029786203522235155,-0.003903366392478347,-0.004133193287998438,-0.0032475492917001247,-0.0042936354875564575,0.0005903703859075904,0.004619533196091652,-0.002862950786948204
train,1964-08,1964-09,-0.0023906282149255276,-0.0036404491402208805,0.009473631158471107,0.007659032940864563,-0.003007311839610338,0.004678475670516491,-0.0008780168136581779,-0.0011162902228534222
train,1964-09,1964-10,-0.00423470651730895,-0.007396024186164141,0.0052212136797606945,0.003245758591219783,-0.0019412307301536202,0.005733981728553772,-0.0017305929213762283,-0.003965734504163265
train,1964-10,1964-11,-0.00111624994315207,0.004042456857860088,-0.005026477389037609,-0.006939957849681377,0.006142589263617992,-0.004933536052703857,0.0032348078675568104,-0.000974042690359056
train,1964-11,1964-12,0.009194483980536461,0.012453608214855194,-0.008823225274682045,-0.010045133531093597,0.007333813235163689,-0.007885020226240158,-0.0017945216968655586,0.00906021986156702
train,1964-12,1965-01,-0.013160815462470055,-0.017854128032922745,0.02555360086262226,0.024190645664930344,-0.0071310363709926605,0.011325954459607601,-0.0074174595065414906,-0.015426557511091232
train,1965-01,1965-02,-0.00516949687153101,-0.007256347686052322,0.010994786396622658,0.007312929257750511,0.0034540705382823944,0.002743212739005685,0.002307635499164462,-0.011292291805148125
train,1965-02,1965-03,-0.00913089420646429,-0.017329765483736992,0.012498775497078896,0.014685429632663727,-0.011273310519754887,0.013319107703864574,0.004138520453125238,-0.01598595269024372
train,1965-03,1965-04,-0.0006358078680932522,-0.006275707855820656,0.008965258486568928,0.005549523048102856,-0.004334361758083105,0.0021010511554777622,0.0002471370389685035,-0.006795023567974567
train,1965-04,1965-05,-0.0008928956231102347,-0.0013768102508038282,0.0003849747881758958,-0.0012532164109870791,0.0033006351441144943,-0.0017453610198572278,0.0022388945799320936,-0.0016367238713428378
train,1965-05,1965-06,0.0011861380189657211,0.014265831559896469,-0.026032622903585434,-0.020447812974452972,-0.0067945318296551704,-0.014318795874714851,0.0025910157710313797,0.009159257635474205
train,1965-06,1965-07,-0.0016599602531641722,-0.0019732292275875807,0.007904110476374626,-0.0018082915339618921,0.0034124667290598154,0.003730101976543665,0.004833425395190716,-0.002726272214204073
train,1965-07,1965-08,0.0017386212712153792,0.003490365808829665,0.010453741997480392,0.003435243386775255,0.01726698875427246,-0.0030149552039802074,-0.006871827412396669,-0.0008177622221410275
train,1965-08,1965-09,0.00667170574888587,0.004588434472680092,0.001283629797399044,-0.005392046179622412,0.007544951047748327,-0.00494531262665987,0.0005498448153957725,0.005052977241575718
train,1965-09,1965-10,-0.009813169948756695,-0.02323736995458603,0.029333462938666344,0.02269105054438114,-0.005715589504688978,0.01833769492805004,-0.003835706040263176,-0.01612832210958004
train,1965-10,1965-11,-0.013012466952204704,-0.026008721441030502,0.033081021159887314,0.0206395722925663,-0.00429361080750823,0.022658400237560272,-0.0036207507364451885,-0.016086380928754807
train,1965-11,1965-12,-0.005197609309107065,-0.014906375668942928,0.021717675030231476,0.02115444466471672,-0.008715283125638962,0.011050930246710777,0.0029358724132180214,-0.015820268541574478
train,1965-12,1966-01,-0.015248876996338367,-0.03620553016662598,0.035936761647462845,0.03303535655140877,-0.025328192859888077,0.02917030081152916,0.0039918129332363605,-0.029576558619737625
train,1966-01,1966-02,-0.015222444199025631,-0.031152797862887383,0.037324145436286926,0.028077609837055206,-0.010017701424658298,0.028184613212943077,-0.0011283901985734701,-0.022716250270605087
train,1966-02,1966-03,-0.021052975207567215,-0.013550570234656334,0.009939437732100487,0.007579484023153782,-0.013185723684728146,0.010398310609161854,0.002555763814598322,-0.006527510471642017
train,1966-03,1966-04,-0.005529559683054686,-0.01790033094584942,0.030723340809345245,0.01801154762506485,0.003263927297666669,0.019080862402915955,-0.0009000288555398583,-0.014880511909723282
train,1966-04,1966-05,0.003722844645380974,0.02227618731558323,-0.03596985340118408,-0.025085289031267166,-0.003463449887931347,-0.023112718015909195,0.014029422774910927,0.01269129104912281
train,1966-05,1966-06,0.005651957355439663,0.0005672092665918171,0.005985031370073557,0.0007893444853834808,0.006635126192122698,0.0016622724942862988,0.0010493630543351173,-0.0013522268272936344
train,1966-06,1966-07,0.0012588389217853546,0.0023438497446477413,-0.007940676994621754,-0.0059331245720386505,-0.005113737657666206,-0.001146481721661985,-0.000545550137758255,0.006082531996071339
train,1966-07,1966-08,0.009325599297881126,0.01713251695036888,-0.02001592144370079,-0.01967828907072544,-0.0013032685965299606,-0.015109194442629814,0.005837269127368927,0.010851629078388214
train,1966-08,1966-09,-0.004224449396133423,0.004948295187205076,-0.015787756070494652,-0.01405688188970089,-0.008447607979178429,-0.002834037644788623,0.0016312869265675545,0.01158483698964119
train,1966-09,1966-10,0.009240726009011269,0.03876229375600815,-0.04944934323430061,-0.0472770594060421,-0.006612467113882303,-0.03371141478419304,0.000748705817386508,0.04338936135172844
train,1966-10,1966-11,0.00525001110509038,0.0028665652498602867,0.035581134259700775,0.024898774921894073,0.027238721027970314,0.006771967746317387,-0.01715916022658348,-0.007889379747211933
train,1966-11,1966-12,0.0007170425378717482,0.0030770553275942802,0.00266928318887949,-0.004378233104944229,0.010553659871220589,-0.0010511972941458225,0.0022943681105971336,0.0010399965103715658
train,1966-12,1967-01,-0.013770412653684616,-0.049392007291316986,0.06252740323543549,0.07369101047515869,-0.05183544382452965,0.04100295156240463,-0.024545449763536453,-0.04147297888994217
train,1967-01,1967-02,-0.024864865466952324,-0.0289788618683815,0.027158625423908234,0.02459530346095562,-0.013571961782872677,0.019851773977279663,-0.009435080923140049,-0.02985539473593235
train,1967-02,1967-03,0.002682991325855255,-0.0028379580471664667,0.01459207572042942,0.009204396978020668,-0.0004228660836815834,0.005843816790729761,-0.001539488323032856,-0.0059030307456851006
train,1967-03,1967-04,0.005303333513438702,-0.00017435592599213123,0.007738722022622824,0.005004791542887688,0.0003584562800824642,0.0005735242739319801,-0.009394051507115364,-0.0014240914024412632
train,1967-04,1967-05,-0.011460138484835625,-0.018283721059560776,0.005721657536923885,0.009508463554084301,-0.0140233738347888,0.009163841605186462,0.0011660543968901038,-0.016096990555524826
train,1967-05,1967-06,-0.005407311022281647,-0.03757069632411003,0.046407248824834824,0.03835255652666092,-0.02007221058011055,0.03847196325659752,-0.033108364790678024,-0.027515294030308723
train,1967-06,1967-07,-0.012703821063041687,-0.019761431962251663,0.017487691715359688,0.013780241832137108,-0.013720950111746788,0.01232239417731762,-0.011117488145828247,-0.019491031765937805
train,1967-07,1967-08,-0.010757097974419594,-0.011078891344368458,0.0010347269708290696,0.0034564323723316193,-0.012473274022340775,0.003709863405674696,0.0035458996426314116,-0.009467418305575848
train,1967-08,1967-09,-0.007053232751786709,-0.0235334150493145,0.02525191940367222,0.02083621546626091,-0.002676251344382763,0.022570200264453888,-0.018328167498111725,-0.03248905763030052
train,1967-09,1967-10,-0.009790259413421154,-0.015415262430906296,0.00870688445866108,0.01017208956182003,-0.0038127920124679804,0.012678435072302818,-0.011630245484411716,-0.012243821285665035
train,1967-10,1967-11,0.001971180783584714,0.008989349938929081,-0.0016908131074160337,-0.004398670978844166,0.0066795190796256065,-0.005300791002810001,0.0011978057445958257,0.006002821959555149
train,1967-11,1967-12,-0.008928406052291393,-0.026644587516784668,0.031936779618263245,0.023166798055171967,-0.002873801626265049,0.03173945099115372,-0.02740245684981346,-0.02910745143890381
train,1967-12,1968-01,-0.04439214989542961,-0.054278597235679626,0.007301528938114643,0.005276714451611042,-0.04033638909459114,0.03215499222278595,-0.01040639728307724,-0.03632543236017227
train,1968-01,1968-02,-0.0041170609183609486,0.007123495452105999,-0.024495545774698257,-0.018461475148797035,-0.006587028503417969,-0.013122821226716042,0.017236771062016487,0.013029512017965317
train,1968-02,1968-03,0.007109777070581913,0.009218490682542324,0.005275971256196499,-0.0009877071715891361,0.008566669188439846,-0.009982581250369549,0.00616358732804656,0.0014526183949783444
train,1968-03,1968-04,0.002861909568309784,-0.023355402052402496,0.04353797808289528,0.031102392822504044,0.02121921256184578,0.02172735147178173,-0.028624990954995155,-0.03805425763130188
train,1968-04,1968-05,-0.027204392477869987,-0.03701375424861908,0.03286084905266762,0.024194810539484024,-0.007990768179297447,0.029216784983873367,-0.022607646882534027,-0.043554436415433884
train,1968-05,1968-06,-0.01337612234055996,-0.008591973222792149,-0.01785474456846714,-0.014203433878719807,-0.009822958149015903,-0.0014468471053987741,0.00703269150108099,-0.0017444728873670101
train,1968-06,1968-07,-0.014646063558757305,-0.01476939208805561,-0.01323600672185421,-0.011084621772170067,-0.011964192613959312,0.007970507256686687,0.008066204376518726,0.004441868979483843
train,1968-07,1968-08,-0.01075710542500019,-0.013061080127954483,0.01434079185128212,0.003397691994905472,-0.0005019705276936293,0.00891836266964674,-0.0002756014000624418,-0.010278892703354359
train,1968-08,1968-09,-0.005114728584885597,-0.006538492627441883,0.01650426536798477,0.009742239490151405,0.0015889962669461966,0.006847203243523836,-0.01012604683637619,-0.010812968946993351
train,1968-09,1968-10,-0.00103185314219445,-0.0026099986862391233,-0.012848276644945145,-0.011251205578446388,-0.008984655141830444,-0.006885551381856203,0.01113605871796608,-0.0006689194124191999
train,1968-10,1968-11,0.0022862390615046024,0.003227877663448453,0.004386589862406254,0.0005792193114757538,0.0029606593307107687,0.003627561964094639,-0.005640000104904175,0.005602613091468811
train,1968-11,1968-12,-0.01956137642264366,-0.01842968910932541,0.017958909273147583,0.012262456119060516,-0.007401656825095415,0.015145898796617985,-0.008519493974745274,-0.014603991061449051
train,1968-12,1969-01,-0.009807882830500603,-0.008972946554422379,0.0005265616346150637,0.00021184596698731184,-0.009451690129935741,0.008447759784758091,0.003201015992090106,-0.0030837624799460173
train,1969-01,1969-02,-0.00027471501380205154,0.005346682853996754,-0.02031872048974037,-0.019529862329363823,0.0012251827865839005,-0.016752269119024277,0.020570920780301094,0.0036931829527020454
train,1969-02,1969-03,-0.0021248755510896444,0.0025015948340296745,0.009930625557899475,-0.0007826946675777435,0.012985747307538986,0.001400559674948454,-0.0006676987977698445,-0.0016275013331323862
train,1969-03,1969-04,-0.004272494465112686,0.010922328568994999,-0.0028324804734438658,-0.009361637756228447,0.006492712534964085,-0.005782297346740961,0.008065725676715374,0.006000968161970377
train,1969-04,1969-05,-0.008795482106506824,-0.006872799713164568,0.005476199556142092,-0.0011593137169256806,0.006228704005479813,0.005026939325034618,0.006515077315270901,-0.00594044616445899
train,1969-05,1969-06,0.008740627206861973,0.008257697336375713,-0.0195736326277256,-0.019668621942400932,0.0009474228136241436,-0.012789533473551273,0.02353076823055744,0.007008325774222612
train,1969-06,1969-07,0.000714525580406189,0.0044096666388213634,-0.022122740745544434,-0.025038933381438255,-0.0005480961408466101,-0.008744659833610058,0.018231535330414772,0.007549954578280449
train,1969-07,1969-08,0.011136874556541443,0.012789216823875904,0.02068455144762993,0.013073279522359371,0.015142766758799553,0.0019647888839244843,-0.008743691258132458,-0.006240085698664188
train,1969-08,1969-09,0.0024245423264801502,0.005842105485498905,0.00012391770724207163,-0.0069075943902134895,0.010703140869736671,-0.002218489069491625,0.011888268403708935,-0.004302133806049824
train,1969-09,1969-10,-0.011717084795236588,0.00748231029137969,0.016092203557491302,0.029374301433563232,-0.00557699054479599,0.00032683229073882103,-0.019559290260076523,-0.002650268143042922
train,1969-10,1969-11,0.006805859040468931,0.003976618871092796,-0.0064820414409041405,-0.010619224980473518,0.01285493467003107,-0.00399888027459383,0.014086819253861904,-0.0005161359440535307
train,1969-11,1969-12,0.021620631217956543,0.016557514667510986,-0.019880158826708794,-0.02938123047351837,0.026209916919469833,-0.012636763975024223,0.020054219290614128,0.01451418362557888
train,1969-12,1970-01,-0.031192056834697723,-0.024165723472833633,0.0036394018679857254,0.009992312639951706,-0.02334039844572544,0.0038927276618778706,0.0016707614995539188,-0.019310012459754944
train,1970-01,1970-02,0.0003504845662973821,0.007405058015137911,-0.007171780802309513,-0.0167264211922884,-0.0016631879843771458,-0.0007445525261573493,0.004278993234038353,0.012554171495139599
train,1970-02,1970-03,-0.005822489969432354,-0.0045437077060341835,-0.019971033558249474,-0.02438662387430668,-0.009840929880738258,-0.01221894659101963,0.02130606397986412,0.009023629128932953
train,1970-03,1970-04,0.002735310699790716,-0.003715153317898512,-0.04203019663691521,-0.0497448705136776,-0.00837371964007616,-0.024494677782058716,0.03774425387382507,0.012029779143631458
train,1970-04,1970-05,-0.005569929257035255,0.0018549375236034393,-0.007499571889638901,-0.011124793440103531,-0.012549743056297302,-0.0034367917105555534,0.001303098164498806,0.006068389862775803
train,1970-05,1970-06,0.00574894156306982,-0.006054491735994816,-0.01726575568318367,-0.029172785580158234,0.011319221928715706,0.0009576776064932346,0.02306636981666088,-0.0010207800660282373
train,1970-06,1970-07,0.011708005331456661,0.009011379443109035,-0.006055217701941729,-0.020211271941661835,0.006355323363095522,-0.0059991441667079926,0.005408351309597492,0.006560805253684521
train,1970-07,1970-08,-0.003406576346606016,0.0038328366354107857,0.013711515814065933,0.012795751914381981,-0.00462927483022213,-0.0015243401285260916,-0.004728067200630903,-0.00032939703669399023
train,1970-08,1970-09,-0.02359180338680744,0.0034114904701709747,0.0432283878326416,0.06414416432380676,-0.01280936598777771,0.006885163486003876,-0.03466812148690224,-0.018271517008543015
train,1970-09,1970-10,0.014314754866063595,0.0019614798948168755,-0.0191793330013752,-0.03935939073562622,0.023754997178912163,-0.002065257867798209,0.01866251975297928,-0.001808431465178728
train,1970-10,1970-11,0.02090338245034218,0.019200719892978668,-0.026830745860934258,-0.04178590700030327,0.02109507843852043,-0.020066820085048676,0.010146981105208397,0.01873107999563217
train,1970-11,1970-12,0.0011694591958075762,-0.0021378074306994677,-0.004336643498390913,-0.00367682590149343,-0.006266864016652107,-0.012003417126834393,0.010098407045006752,-0.00727165536954999
train,1970-12,1971-01,-0.054731108248233795,-0.03413062170147896,0.04096265137195587,0.05477738007903099,-0.040442705154418945,0.010887714102864265,-0.016459356993436813,-0.03581098094582558
train,1971-01,1971-02,-0.012826431542634964,-0.014013545587658882,0.02383565530180931,0.02705756574869156,-0.00995534099638462,0.013243376277387142,-0.013744533061981201,-0.02280426025390625
train,1971-02,1971-03,-0.005823665298521519,0.00948438048362732,0.01434735395014286,0.009407084435224533,-0.0005049945320934057,-2.4571665562689304e-05,-0.003368619130924344,-0.0040364074520766735
train,1971-03,1971-04,0.0012580706970766187,0.010921310633420944,0.010959049686789513,0.003686863463371992,0.005028849933296442,-0.00803488027304411,0.003517222125083208,-0.0034452592954039574
train,1971-04,1971-05,0.005436241626739502,0.00739371869713068,-0.005977556109428406,-0.013137929141521454,0.015297268517315388,-0.006404874846339226,0.011716627515852451,-0.0033819926902651787
train,1971-05,1971-06,0.00302937556989491,0.01178687997162342,-0.009163361974060535,-0.017719915136694908,0.011518885381519794,-0.006625663489103317,0.003420863999053836,0.006310321390628815
train,1971-06,1971-07,0.0013383942423388362,-0.00047931866720318794,-0.0200950987637043,-0.021654535084962845,-0.006930377334356308,-0.011156385764479637,0.014887775294482708,0.001148599898442626
train,1971-07,1971-08,0.002839948982000351,0.001572209526784718,0.00590942520648241,0.0008916428778320551,0.00714721716940403,-0.0007474101730622351,0.002664050552994013,-0.0016774879768490791
train,1971-08,1971-09,0.002199453068897128,-0.0033291224390268326,0.006718522869050503,-0.0027509036008268595,0.008459057658910751,0.0032765136566013098,-0.0027513348031789064,-0.010416697710752487
train,1971-09,1971-10,0.001840583747252822,0.006659746635705233,-0.01799028553068638,-0.022406939417123795,-0.0034379141870886087,-0.007416556589305401,0.00020180502906441689,0.008867748081684113
train,1971-10,1971-11,0.009797141887247562,0.015641745179891586,-0.009268679656088352,-0.016755660995841026,0.011280352249741554,-0.009980592876672745,0.006171118468046188,0.00793821457773447
train,1971-11,1971-12,-0.0041631488129496574,0.0018742536194622517,0.015361377969384193,0.012825017794966698,0.002486475743353367,-0.003313882742077112,-0.00602977117523551,-0.009240809828042984
train,1971-12,1972-01,-0.051042843610048294,-0.03656098619103432,0.04108186811208725,0.05249592661857605,-0.02188059315085411,0.022528907284140587,-0.0047186799347400665,-0.030964631587266922
train,1972-01,1972-02,-0.00944364070892334,-0.0014082106063142419,0.015992462635040283,0.013070241548120975,0.00851712841540575,-0.001602361910045147,0.006123772356659174,-0.01155394222587347
train,1972-02,1972-03,0.003462725318968296,0.005730877164751291,0.0003579077892936766,-0.009129445068538189,0.009963570162653923,-0.0024803446140140295,0.00031872757244855165,-0.00838529970496893
train,1972-03,1972-04,0.003319000592455268,0.0032565041910856962,-0.002965545281767845,-0.0049538565799593925,0.008887281641364098,-0.005064838565886021,0.009417328983545303,-0.0010448410175740719
train,1972-04,1972-05,0.013169040903449059,0.009969799779355526,3.8924627006053925e-05,-0.01328238658607006,0.009300588630139828,-0.004327825270593166,0.005979534704238176,0.0016007452504709363
train,1972-05,1972-06,0.003474228084087372,0.003952482249587774,-0.0019264131551608443,-0.007378481328487396,-0.0010694772936403751,-0.0033063567243516445,0.0014805012615397573,0.005009213462471962
train,1972-06,1972-07,0.003736712969839573,0.001349181984551251,-0.01223006658256054,-0.014978008344769478,-0.0037919580936431885,-0.007251134142279625,0.007109164725989103,0.008669442497193813
train,1972-07,1972-08,0.0038067051209509373,0.008560188114643097,-0.011609544977545738,-0.021091662347316742,-0.013433425687253475,-0.011572002433240414,0.007262636907398701,0.01142064481973648
train,1972-08,1972-09,0.005104402545839548,0.003804472740739584,-0.008530588820576668,-0.01299566961824894,-0.000729585939552635,-0.0014330316334962845,0.0025068928953260183,0.006933907046914101
train,1972-09,1972-10,0.008401118218898773,0.0076288930140435696,-0.019073158502578735,-0.025494882836937904,-0.004709260538220406,-0.0055321576073765755,0.005758251994848251,0.012575126253068447
train,1972-10,1972-11,0.015004690736532211,0.006109478883445263,-0.004133839160203934,-0.007278235629200935,-0.013739585876464844,-0.008752642199397087,0.00045821256935596466,0.010223441757261753
train,1972-11,1972-12,0.012182945385575294,0.011163917370140553,-0.0069045452401041985,-0.016726979985833168,0.014936466701328754,-0.0033802278339862823,0.007221600040793419,0.005108830984681845
train,1972-12,1973-01,-0.021998684853315353,-0.015955114737153053,-0.0023878358770161867,-0.0061912499368190765,-0.012029949575662613,0.0008088746108114719,0.01052694022655487,-0.006988544017076492
train,1973-01,1973-02,0.0031608797144144773,0.003818610217422247,-0.018400266766548157,-0.022709455341100693,-0.012284709140658379,-0.004835037514567375,0.010916139930486679,0.004392536822706461
train,1973-02,1973-03,0.003171751741319895,0.0038861031644046307,-0.008044891059398651,-0.012442544102668762,-0.005213242024183273,-0.004048156552016735,0.004902757238596678,0.005950748920440674
train,1973-03,1973-04,0.004420153331011534,0.0036821491084992886,-0.024021532386541367,-0.031213609501719475,-0.014186175540089607,-0.0010058984626084566,0.01532614603638649,0.004080508835613728
train,1973-04,1973-05,0.013590944930911064,0.012304894626140594,-0.024087943136692047,-0.03273546323180199,0.0026389439590275288,-0.008560461923480034,0.014380408450961113,0.008560937829315662
train,1973-05,1973-06,-0.006604713387787342,0.005351022817194462,-0.0068217432126402855,-0.013310251757502556,-0.005199851002544165,-0.006081164348870516,0.010801972821354866,0.008492918685078621
train,1973-06,1973-07,-0.01804422400891781,0.010555306449532509,0.04736632853746414,0.0439131073653698,0.001231546513736248,-0.013063086196780205,-0.013758251443505287,0.007304573431611061
train,1973-07,1973-08,0.010130822658538818,0.005998886656016111,-0.007425867021083832,-0.01444997638463974,0.007105710916221142,7.575156632810831e-05,0.005748144816607237,-0.0016401626635342836
train,1973-08,1973-09,-0.00340813840739429,0.019557759165763855,0.008209862746298313,0.0007677512476220727,0.0023785894736647606,-0.01632690243422985,0.011577780358493328,0.02010384015738964
train,1973-09,1973-10,-0.0007601538673043251,-0.00024288496933877468,-0.000531595665961504,-0.011573641560971737,-0.004629310220479965,-0.0010674723889678717,0.008612996898591518,-0.0026709178928285837
train,1973-10,1973-11,0.009069480001926422,-0.003917708061635494,-0.034095440059900284,-0.03878838196396828,0.00390768563374877,0.0014622726012021303,0.008712896145880222,-0.005005551967769861
train,1973-11,1973-12,0.02294101007282734,0.018573835492134094,-0.018874777480959892,-0.03383398428559303,0.017934679985046387,-0.010826164856553078,0.007363196928054094,0.01592712290585041
train,1973-12,1974-01,-0.04903508722782135,-0.04012260586023331,0.040759339928627014,0.05074050650000572,-0.037508439272642136,0.004069226328283548,0.008556719869375229,-0.012729180045425892
train,1974-01,1974-02,0.0015289881266653538,-0.0009527761139906943,-0.008598938584327698,-0.011121571995317936,-0.004384042229503393,-0.0009634685702621937,0.00019419443560764194,-0.003938861656934023
train,1974-02,1974-03,-0.0036265847738832235,-0.007504905108362436,0.005332463886588812,0.005462055094540119,-0.012004857882857323,0.0031923134811222553,-0.005885341204702854,-0.015241825953125954
train,1974-03,1974-04,0.00408538430929184,0.00022710772464051843,0.003072572173550725,-0.0023581665009260178,-0.0016210030298680067,-0.002342852531000972,0.005299948155879974,-0.007087552919983864
train,1974-04,1974-05,0.006765657104551792,0.004161561839282513,-0.005223247222602367,-0.010524816811084747,-0.0011357755865901709,-0.0023669011425226927,-0.00012139137834310532,-0.0026059665251523256
train,1974-05,1974-06,0.0010664586443454027,0.005830645561218262,-0.0009304633713327348,-0.009466800838708878,0.0024764952249825,-0.007109412923455238,0.0072197094559669495,0.001699049142189324
train,1974-06,1974-07,0.0021786002907902002,-0.0053503368981182575,-0.01335209421813488,-0.01910504885017872,-0.00974341668188572,-0.004599045962095261,0.005539288744330406,0.006559822242707014
train,1974-07,1974-08,-0.002569835167378187,-0.0016711093485355377,-0.00231318362057209,-0.01042027398943901,-0.0028651149477809668,-0.0022320435382425785,0.012291926890611649,-0.002800332847982645
train,1974-08,1974-09,-0.0012287814170122147,-0.014741112478077412,-0.020021678879857063,-0.024355826899409294,-0.014380820095539093,0.010548735037446022,0.0044926805421710014,-0.004821506328880787
train,1974-09,1974-10,0.004499113652855158,0.041812580078840256,0.010248437523841858,-0.003058321075513959,0.03692591190338135,-0.03135089576244354,0.0049544526264071465,0.02370038628578186
train,1974-10,1974-11,0.007837804965674877,0.0016327742487192154,-0.016043029725551605,-0.026167482137680054,0.008098992519080639,0.0051323967054486275,0.010474576614797115,0.000482094066683203
train,1974-11,1974-12,0.015410822816193104,0.014031919650733471,-0.021128294989466667,-0.031562790274620056,0.010164052248001099,-0.006023829337209463,0.007849574089050293,0.010789233259856701
train,1974-12,1975-01,-0.07016348093748093,-0.02559458650648594,0.058711905032396317,0.08833589404821396,-0.051049791276454926,-0.029326260089874268,-0.016960810869932175,0.004068517591804266
train,1975-01,1975-02,-0.007952040061354637,0.010286493226885796,0.011711254715919495,0.008638937026262283,0.019646652042865753,0.0011629601940512657,0.013835333287715912,-0.01519803237169981
train,1975-02,1975-03,-0.02532406896352768,0.006432364694774151,0.03217293694615364,0.04384264349937439,-0.02135724015533924,-0.017833178862929344,-0.008078085258603096,0.010740979574620724
train,1975-03,1975-04,0.0078060207888484,0.023998547345399857,0.014086740091443062,0.005406031385064125,0.02359473705291748,-0.010180030018091202,0.010425867512822151,-0.00024010479683056474
train,1975-04,1975-05,-0.008534092456102371,0.005266257561743259,0.01742040365934372,0.01829107291996479,0.005249536596238613,-0.0032517584040760994,-0.009934085421264172,-0.003031510394066572
train,1975-05,1975-06,-0.008505167439579964,0.0007843354251235723,0.009117510169744492,0.00766479829326272,-0.004826460499316454,-0.01142752356827259,0.005298343487083912,0.008400365710258484
train,1975-06,1975-07,-0.016429640352725983,-0.02045970968902111,-0.004590838216245174,0.0019801296293735504,-0.006082584615796804,0.002600325969979167,0.002913561649620533,-0.024239540100097656
train,1975-07,1975-08,0.012229403480887413,0.005566001869738102,-0.011362063698470592,-0.015503423288464546,0.00036837731022387743,0.00016301247524097562,0.0035062083043158054,-0.004493969492614269
train,1975-08,1975-09,0.006449802778661251,0.0019951774738729,-0.009614022448658943,-0.00978317391127348,0.0027579707093536854,-0.005055785179138184,0.005477008875459433,0.001483552041463554
train,1975-09,1975-10,0.00432602921500802,0.019634420052170753,-0.0030599862802773714,-0.0070685106329619884,0.005546890199184418,-0.01694691926240921,0.005220198072493076,0.016294650733470917
train,1975-10,1975-11,-0.0009838615078479052,0.004861513618379831,-0.0032374951988458633,-0.005078486632555723,-0.004671032540500164,-0.01453397423028946,0.005455248989164829,0.010972200892865658
train,1975-11,1975-12,-0.0027104129549115896,0.0018409212352707982,-0.0033090098295360804,-0.0032178983092308044,-0.001967585412785411,-0.00032625184394419193,0.0008068322204053402,-0.002826279029250145
train,1975-12,1976-01,-0.04610511660575867,-0.018599029630422592,0.039335109293460846,0.03936215490102768,-0.004585365764796734,-0.028603559359908104,0.020195845514535904,0.007642469368875027
train,1976-01,1976-02,-0.05824252963066101,-0.04105830192565918,0.03870538994669914,0.03832472860813141,-0.004843963775783777,0.005796246230602264,0.01466143038123846,-0.02658478170633316
train,1976-02,1976-03,-0.007471802644431591,0.001998533960431814,0.006948364898562431,0.006708347704261541,0.002166809979826212,0.005725444760173559,0.0008814032189548016,-0.0117416400462389
train,1976-03,1976-04,0.005231980700045824,-0.0027732523158192635,-0.011162010952830315,-0.008058738894760609,-0.0023301737383008003,0.006792332045733929,-0.002196001587435603,-0.01346103847026825
train,1976-04,1976-05,0.01604030281305313,0.002363617764785886,-0.007473756559193134,-0.010657355189323425,-0.0017337807221338153,0.0017227517673745751,-0.0016282944707199931,-0.007004463579505682
train,1976-05,1976-06,0.011702100746333599,0.004746139980852604,0.0029447325505316257,-0.0048261722549796104,0.0004584945272654295,-0.007385388948023319,-0.0007715673418715596,0.011184754781425
train,1976-06,1976-07,-0.001813204144127667,-0.004355703480541706,-0.005148326046764851,-0.006780218333005905,-0.012430846691131592,0.008906351402401924,-0.002930594375357032,-0.00528675876557827
train,1976-07,1976-08,0.00313197891227901,0.0012519648298621178,-0.009434260427951813,-0.018276261165738106,-0.013284604996442795,-0.001981817651540041,-9.690562728792429e-05,-0.00012541445903480053
train,1976-08,1976-09,0.004009561613202095,0.0066899582743644714,-0.003336296183988452,-0.009266669861972332,0.0016868124948814511,-0.008321808651089668,-0.0014021758688613772,0.007912167347967625
train,1976-09,1976-10,0.0030857862439006567,-0.003774855751544237,-0.009327219799160957,-0.00902549084275961,-0.003933948464691639,0.0038775200955569744,-0.0011801617220044136,-0.0012455480173230171
train,1976-10,1976-11,0.0022506413515657187,0.005423065274953842,0.0020237124990671873,-0.004147016908973455,0.004251968581229448,-0.0013459810288622975,-0.00048465223517268896,-0.00042290426790714264
train,1976-11,1976-12,-0.02207803726196289,-0.006487883627414703,0.016802892088890076,0.013738065026700497,-0.006173433270305395,-0.002455698326230049,-0.005843501538038254,-0.011955419555306435
train,1976-12,1977-01,-0.03418866544961929,-0.024483513087034225,0.015735790133476257,0.006299096159636974,-0.001949729397892952,0.014022201299667358,0.000503316696267575,-0.02712138742208481
train,1977-01,1977-02,-0.01071963831782341,-0.012709459289908409,0.004812376108020544,-0.001035155146382749,-0.004076872020959854,0.01286290492862463,0.0016586028505116701,-0.02121748961508274
train,1977-02,1977-03,-0.006705928593873978,-0.00018903677118942142,0.00017680414021015167,-0.0005170743679627776,-0.0022928607650101185,0.0029919783119112253,-0.00041085033444687724,-0.006925368681550026
train,1977-03,1977-04,-0.006393540650606155,-0.004396461416035891,-0.001638635527342558,-0.007580616045743227,-0.001964787021279335,0.0037502457853406668,0.00010789831867441535,-0.0020753946155309677
train,1977-04,1977-05,-0.006974205374717712,-0.003574916860088706,-9.962543845176697e-05,-0.008278214372694492,-0.002030946547165513,0.0023379852063953876,0.0025983506347984076,-0.007303799968212843
train,1977-05,1977-06,-0.0023594817612320185,0.002021161140874028,0.013814088888466358,0.006898061838001013,0.003136520739644766,-0.007589079439640045,-0.002657161792740226,0.007633283734321594
train,1977-06,1977-07,-0.01436152309179306,-0.005168855655938387,0.004166648257523775,0.0021102451719343662,-0.00030738269560970366,0.009048900566995144,-0.0017561546992510557,-0.018620291724801064
train,1977-07,1977-08,-0.00332601647824049,0.0025952409487217665,0.0055457111448049545,0.00043872243259102106,0.0033216301817446947,0.008712273091077805,-0.0054231868125498295,-0.014036066830158234
train,1977-08,1977-09,-0.0036952290683984756,-0.002507071942090988,0.004252335522323847,-0.0027336308266967535,-0.0008506042649969459,0.0039252424612641335,-0.004483395721763372,-0.009768011048436165
train,1977-09,1977-10,0.00041332468390464783,-0.004582417197525501,-0.005299512296915054,-0.007261990569531918,-0.009079082868993282,0.007174939848482609,-0.00043362207361496985,-0.0068896119482815266
train,1977-10,1977-11,-0.007904594764113426,-0.0003843188751488924,0.021198295056819916,0.013674401678144932,0.007511303294450045,-0.007662543561309576,0.004589139483869076,-0.0031006878707557917
train,1977-11,1977-12,-0.0035314075648784637,0.0007427898235619068,0.003985687159001827,-0.002673609182238579,0.0069533116184175014,0.004613135475665331,-0.0053707207553088665,-0.011704342439770699
train,1977-12,1978-01,-0.025001289322972298,-0.016629766672849655,0.00639279093593359,0.006185528822243214,-0.004648617934435606,0.011707277968525887,0.00783206894993782,-0.01782093569636345
train,1978-01,1978-02,-0.013002406805753708,-0.008679886348545551,0.013058837503194809,0.004180573392659426,0.0057032303884625435,0.006780138239264488,0.002036789897829294,-0.018138300627470016
train,1978-02,1978-03,-0.015290206298232079,-0.004199343733489513,0.021153341978788376,0.015856461599469185,0.009048971347510815,-0.0014108081813901663,0.0012334056664258242,-0.009399793110787868
train,1978-03,1978-04,-0.0017223972827196121,0.009649830870330334,0.013614386320114136,0.011223819106817245,0.011593660339713097,-0.006156675051897764,0.00115849485155195,-0.006358035374432802
train,1978-04,1978-05,-0.01607966050505638,-0.0067301904782652855,0.0301223061978817,0.02412286028265953,0.012408032082021236,0.009580512531101704,0.0010861919727176428,-0.02272701822221279
train,1978-05,1978-06,-0.012795636430382729,-0.005269235000014305,0.0031330427154898643,-0.00499162869527936,0.0007347130449488759,0.009129976853728294,0.0006211885483935475,-0.014224935322999954
train,1978-06,1978-07,0.0042386967688798904,0.00522531196475029,0.012560607865452766,0.003076984314247966,0.006769537925720215,-0.0013622683472931385,-0.00471521308645606,0.0035536750219762325
train,1978-07,1978-08,-0.02126510627567768,-0.01570304110646248,0.035994406789541245,0.021854691207408905,0.023064959794282913,0.01238846592605114,-0.004434616304934025,-0.0295722633600235
train,1978-08,1978-09,-0.013594862073659897,-0.010690607130527496,-0.0002634034026414156,0.00431014085188508,-0.00833820179104805,0.010357270017266273,0.002464466728270054,-0.010870791971683502
train,1978-09,1978-10,0.01991063542664051,0.008117778226733208,-0.05646875500679016,-0.053770530968904495,-0.03461499139666557,0.0013181720860302448,5.103088915348053e-05,0.0014710305258631706
train,1978-10,1978-11,0.0036703201476484537,0.005652118008583784,0.023287782445549965,0.0171198733150959,0.022706154733896255,-0.013624755665659904,-0.00011708843521773815,0.00870644673705101
train,1978-11,1978-12,0.00476011773571372,0.005910942330956459,0.0021431143395602703,-0.0016757140401750803,0.006174199283123016,-0.0010865475051105022,-0.005612755194306374,-0.005806847475469112
train,1978-12,1979-01,-0.024338971823453903,-0.006294685415923595,0.022504465654492378,0.02568317949771881,0.0027608266100287437,-0.006024555303156376,0.0060014883056283,-0.005757052451372147
train,1979-01,1979-02,-0.0023551450576633215,-0.007386787794530392,-0.004678810480982065,-0.00566853117197752,-0.006070183590054512,0.011605488136410713,-0.00010855309665203094,-0.00941084511578083
train,1979-02,1979-03,-0.004924756940454245,0.007281395606696606,0.02615785226225853,0.02025793492794037,0.011797312647104263,-0.005864523351192474,-0.0015212155412882566,-0.0001520675141364336
train,1979-03,1979-04,-0.011109205894172192,-0.004069630987942219,0.008171086199581623,0.002180106472223997,5.1010982133448124e-05,0.004637845326215029,-0.004257042892277241,-0.009987042285501957
train,1979-04,1979-05,-0.003373735351487994,-0.006983581930398941,-0.0024697277694940567,-0.006661899853497744,-0.006050273776054382,0.004447913262993097,0.0028254366479814053,-0.004576537292450666
train,1979-05,1979-06,-0.0018099927110597491,-0.00456241425126791,0.002052963711321354,-0.0013807113282382488,0.005927240010350943,0.005489992443472147,-0.003563495120033622,0.0015033261151984334
train,1979-06,1979-07,0.00461200624704361,0.005056549329310656,-0.0064986273646354675,-0.008079437538981438,-0.0011130981147289276,-0.005810055881738663,0.001287696766667068,0.003294645342975855
train,1979-07,1979-08,0.002997057279571891,0.003882460994645953,0.018232621252536774,0.01253287773579359,0.011321445927023888,-0.004391525872051716,-0.0017149914056062698,-0.0008715748554095626
train,1979-08,1979-09,0.0011689974926412106,0.0032915091142058372,0.0007884041988290846,-0.005645564291626215,0.009951296262443066,0.006624164059758186,0.0018651110585778952,-0.0074245319701731205
train,1979-09,1979-10,0.002737518399953842,0.0011215899139642715,-0.012673783116042614,-0.01532953605055809,-0.0020597076509147882,0.0009065651101991534,0.005297117866575718,-0.0008721260819584131
train,1979-10,1979-11,-0.0005803994135931134,0.006271038204431534,0.021762942895293236,0.008609580807387829,0.019459612667560577,-0.0018259802600368857,-0.008866794407367706,0.008688866160809994
train,1979-11,1979-12,-0.015392055734992027,-0.004700656980276108,0.030896682292222977,0.021048013120889664,0.027480199933052063,0.013061698526144028,-0.005249285604804754,-0.029018770903348923
train,1979-12,1980-01,-0.03047579899430275,-0.011612208560109138,0.04177379608154297,0.03395101800560951,0.02796802669763565,0.017934313043951988,-0.007567578926682472,-0.036674655973911285
train,1980-01,1980-02,-0.008513972163200378,0.00028245674911886454,0.012192477472126484,0.00704478845000267,0.017670689150691032,0.01917261816561222,-0.006554666440933943,-0.022214319556951523
train,1980-02,1980-03,0.0205210093408823,0.007928761653602123,-0.04163637012243271,-0.04219583049416542,-0.028766710311174393,-0.017242392525076866,0.01135043241083622,0.01516319066286087
train,1980-03,1980-04,-0.008201348595321178,0.004292988684028387,0.0013727977639064193,-0.010594017803668976,-0.001023671473376453,-0.010333720594644547,0.0030104625038802624,0.009292012080550194
train,1980-04,1980-05,0.003415015060454607,0.007090093567967415,-0.0002065927255898714,0.0010076613398268819,0.001997586339712143,-0.012787844054400921,0.0023662932217121124,0.0062568108551204205
train,1980-05,1980-06,-0.004756230860948563,0.001185746630653739,-0.0008767854887992144,-0.007159938104450703,0.0005651131505146623,0.0030140674207359552,-0.0036299685016274452,-0.004244043491780758
train,1980-06,1980-07,0.010503923520445824,0.007661234587430954,0.030521173030138016,0.025944260880351067,0.012228023260831833,-0.009329655207693577,0.0009092319523915648,-0.0009040449513122439
train,1980-07,1980-08,-0.016433382406830788,0.007445267401635647,0.03143701329827309,0.027210010215640068,0.02451331354677677,5.6663149734959006e-05,-0.0024093203246593475,-0.019906997680664062
train,1980-08,1980-09,-0.0070168315432965755,0.005434887483716011,0.015119703486561775,0.01417076587677002,0.017391320317983627,0.012856886722147465,-0.0158867035061121,-0.028183994814753532
train,1980-09,1980-10,-0.008372439071536064,0.0018383028218522668,0.029483327642083168,0.02260056510567665,0.022215699777007103,0.02032291702926159,-0.01715497113764286,-0.03659132122993469
train,1980-10,1980-11,0.005254646763205528,0.019144870340824127,0.03259563446044922,0.019584432244300842,0.045249976217746735,0.0176225658506155,-0.026800017803907394,-0.02256637066602707
train,1980-11,1980-12,0.006867151707410812,-0.004353577736765146,-0.012354020029306412,-0.021308936178684235,-0.020452924072742462,-0.004704076796770096,0.0013502241345122457,0.004226498305797577
train,1980-12,1981-01,-0.014778664335608482,-0.01699167676270008,-0.00824456475675106,-0.004613047000020742,-0.019123591482639313,-0.0016001391923055053,0.011632805690169334,-0.012167290784418583
train,1981-01,1981-02,0.0027712122537195683,0.0013432600535452366,-0.012764749117195606,-0.01782270148396492,-0.015938255935907364,-0.012691635638475418,0.011738840490579605,0.015341141261160374
train,1981-02,1981-03,-0.0025483332574367523,0.004376199096441269,0.007923673838376999,0.0063791172578930855,-0.002457147464156151,-0.013443096540868282,0.008962908759713173,0.006376571487635374
train,1981-03,1981-04,-0.006011512130498886,-0.001931936712935567,0.0013390592066571116,-0.0006666521076112986,-0.001348121790215373,-0.0041940524242818356,0.0039878059178590775,-0.010429935529828072
train,1981-04,1981-05,-0.00656468141824007,0.004463047254830599,0.013240037485957146,0.010353539139032364,0.005389448255300522,-0.001916106091812253,0.00495771411806345,-0.003658835543319583
train,1981-05,1981-06,-0.00294375023804605,-0.01033963542431593,-0.02468535490334034,-0.031039956957101822,-0.02913196012377739,-0.010356644168496132,0.0139862559735775,0.016906118020415306
train,1981-06,1981-07,-0.0008640040177851915,0.004638188052922487,-0.004291146993637085,-0.012010907754302025,-0.003796020755544305,-0.0036494021769613028,0.002275694627314806,0.002200598828494549
train,1981-07,1981-08,0.009783627465367317,-0.008108236826956272,-0.030756622552871704,-0.03439592570066452,-0.025934725999832153,0.0005379568319767714,0.007330551277846098,0.015585128217935562
train,1981-08,1981-09,0.013956494629383087,-0.009413313120603561,-0.024306586012244225,-0.03416445478796959,-0.017376799136400223,-0.011166971176862717,0.018446939066052437,0.020414412021636963
train,1981-09,1981-10,-0.00040222308598458767,0.007313524838536978,0.023061150684952736,0.011410148814320564,0.020455339923501015,-0.005668116733431816,-0.007268507964909077,-0.011243054643273354
train,1981-10,1981-11,0.020501531660556793,-0.015650391578674316,-0.017568733543157578,-0.027519991621375084,-0.01911228336393833,0.0008287884993478656,0.007460756227374077,0.01110863033682108
train,1981-11,1981-12,0.00027065520407631993,-0.007357589900493622,-0.005192141514271498,-0.01240425556898117,-0.0028692700434476137,-0.002090791705995798,0.005179286934435368,-0.0040724510326981544
train,1981-12,1982-01,-0.0119482958689332,-0.005849616136401892,0.005101516377180815,-0.00026621611323207617,-0.008444145321846008,-0.0008933614008128643,0.01311508473008871,-0.005146163050085306
train,1982-01,1982-02,-0.0018717481289058924,-0.01650252565741539,-0.023556433618068695,-0.03134214133024216,-0.012964243069291115,-0.008403888903558254,0.02249785140156746,0.01038727443665266
train,1982-02,1982-03,-0.008099367842078209,-0.010197238996624947,-0.0018398804822936654,-0.012010599486529827,-0.006625959649682045,-0.00399258267134428,0.013662643730640411,-0.0003241404192522168
train,1982-03,1982-04,-0.004496848676353693,0.007296891883015633,0.011100640520453453,0.00784145388752222,0.010393020696938038,-0.004877056460827589,0.0021767381113022566,-0.0038851313292980194
train,1982-04,1982-05,-0.00032307556830346584,-0.0028872399125248194,-0.009149068966507912,-0.012986289337277412,-0.0023259222507476807,0.0001519075594842434,0.0051062703132629395,-0.002128769876435399
train,1982-05,1982-06,0.004523866809904575,-0.012883021496236324,-0.010244510136544704,-0.021276462823152542,-0.011769048869609833,-0.0065728891640901566,0.014761053025722504,0.011081701144576073
train,1982-06,1982-07,-0.00479809520766139,-0.010184448212385178,-0.0020626301411539316,-0.010748258791863918,-0.00015884096501395106,-0.0029755569994449615,0.012149468064308167,0.00026891171000897884
train,1982-07,1982-08,0.021047387272119522,-0.007773430552333593,-0.005003926809877157,-0.005665943492203951,-0.020569853484630585,-0.013224211521446705,0.0016997570637613535,0.028521500527858734
train,1982-08,1982-09,-0.0010528843849897385,-0.011463040485978127,-0.005252658389508724,-0.018189385533332825,-0.00040849842480383813,0.0028592320159077644,-0.0012179333716630936,-0.005616034846752882
train,1982-09,1982-10,0.00229873089119792,0.00267019122838974,0.02493368647992611,0.014651046134531498,0.0008816855261102319,0.0017279537860304117,-0.014766478911042213,0.0011422780808061361
train,1982-10,1982-11,-0.011848529800772667,-0.016911430284380913,0.01919735223054886,0.01327967457473278,0.004789236932992935,0.009648407809436321,-0.008082241751253605,-0.018146872520446777
train,1982-11,1982-12,-0.006607512012124062,0.0007414747960865498,0.00375094055198133,-2.9241549782454967e-05,0.002126555424183607,-0.0006249505677260458,0.0007941777585074306,-0.00715720746666193
train,1982-12,1983-01,-0.053738903254270554,0.02773883193731308,0.04236959293484688,0.0572674386203289,0.029067115858197212,0.020708473399281502,-0.010705387219786644,-0.02720523625612259
train,1983-01,1983-02,-0.009114197455346584,-0.018661009147763252,0.00632532499730587,-0.008202132768929005,0.008253293111920357,0.0010681403800845146,0.013528810814023018,-0.012175303883850574
train,1983-02,1983-03,-0.018318040296435356,-0.004873851779848337,0.0012120294850319624,-0.010992519557476044,-0.002816059160977602,-0.00519831757992506,0.007812242954969406,-0.011187329888343811
train,1983-03,1983-04,-0.014631844125688076,0.0007269025081768632,0.007210894022136927,-0.0001193387433886528,0.003727397182956338,0.006787644699215889,-0.0023236414417624474,-0.009426631964743137
train,1983-04,1983-05,-0.02145276591181755,0.0015386576997116208,0.031049620360136032,0.039112210273742676,0.009153831750154495,0.017398245632648468,-0.0037837978452444077,-0.023265114054083824
train,1983-05,1983-06,-0.008890938945114613,0.007939526811242104,0.009690960869193077,0.010013734921813011,0.016033746302127838,0.0032147725578397512,-0.001064589829184115,-0.012194816023111343
train,1983-06,1983-07,-0.013944038189947605,-0.009726278483867645,-0.018417198210954666,-0.01799909584224224,-0.0194065161049366,-0.0029175272211432457,0.0057031335309147835,0.000792094215285033
train,1983-07,1983-08,0.0065962569788098335,-0.00010242161806672812,-0.017203934490680695,-0.025519395247101784,-0.022119371220469475,-0.013590086251497269,0.0017190554644912481,0.012769350782036781
train,1983-08,1983-09,0.012909401208162308,-0.003228452056646347,-0.01851790025830269,-0.031069904565811157,-0.016324026510119438,-0.010778363794088364,-0.0002601031446829438,0.009891020134091377
train,1983-09,1983-10,0.0019332857336848974,-0.009963497519493103,-0.03226118162274361,-0.0366191528737545,-0.027048099786043167,-0.009215578436851501,0.008997774682939053,0.017086628824472427
train,1983-10,1983-11,0.014976892620325089,-0.003602738957852125,-0.0006670356960967183,-0.00905616581439972,0.0041793594136834145,-0.012092956341803074,0.004668064881116152,0.005760036874562502
train,1983-11,1983-12,0.00422192458063364,-0.009779348969459534,-0.01174152735620737,-0.02013222873210907,-0.015037357807159424,-0.003960699308663607,0.007509345188736916,0.003019144292920828
train,1983-12,1984-01,-0.026765193790197372,-0.012033233419060707,-0.004666588269174099,-0.0008396866032853723,-0.015942443162202835,-0.0016614291816949844,0.01085143256932497,-0.004999219439923763
train,1984-01,1984-02,-0.004043536260724068,-0.0031228773295879364,-0.015808086842298508,-0.018468840047717094,-0.0121112409979105,-0.002839404158294201,0.00047798315063118935,0.007585794199258089
train,1984-02,1984-03,0.0010931806173175573,-0.0006705273408442736,-0.005166417453438044,-0.00944201648235321,-0.003865323029458523,-0.004899679683148861,0.004849213175475597,0.0022979401983320713
train,1984-03,1984-04,0.008256775327026844,-0.001397442538291216,-0.003905851859599352,-0.016800828278064728,-0.003944172523915768,-0.005514797288924456,0.00765649788081646,0.0006291145109571517
train,1984-04,1984-05,-0.002769598737359047,-0.0035655200481414795,-0.011088579893112183,-0.019871018826961517,-0.0015208856202661991,-0.007548402063548565,0.005140714347362518,-0.0035285004414618015
train,1984-05,1984-06,0.0102376164868474,0.005738519132137299,0.006277277134358883,-0.0049904026091098785,0.005266099236905575,-0.011157318949699402,0.005959594622254372,0.003593818750232458
train,1984-06,1984-07,0.010694869793951511,-0.008454740047454834,-0.023252449929714203,-0.032891109585762024,-0.008637892082333565,-0.007233411073684692,0.0024495983961969614,0.0028840703889727592
train,1984-07,1984-08,0.021220078691840172,0.017313409596681595,0.015210681594908237,0.006791712716221809,-0.0008547641336917877,-0.0168207585811615,0.0008451599860563874,0.009489083662629128
train,1984-08,1984-09,-0.002165284939110279,-0.014804390259087086,-0.015789063647389412,-0.020712189376354218,-0.009739860892295837,0.00010781828314065933,0.004779578186571598,0.00013555027544498444
train,1984-09,1984-10,0.016924375668168068,-0.01072766724973917,-0.01811554655432701,-0.02990104630589485,-0.000472700921818614,-0.004397011362016201,-0.0008440172532573342,0.0015402419958263636
train,1984-10,1984-11,0.007648056373000145,-0.010179836302995682,-0.01909712329506874,-0.0339985117316246,-0.006526467390358448,-0.005142788402736187,0.008242679759860039,0.0026298898737877607
train,1984-11,1984-12,0.012442458420991898,0.002996627241373062,-0.007578661665320396,-0.017350999638438225,0.0032362588681280613,-0.006186041980981827,0.0031541800126433372,0.006082660984247923
train,1984-12,1985-01,0.012583786621689796,0.011272846721112728,0.042157381772994995,0.041257403790950775,-0.006690974347293377,0.007388023659586906,-0.022942643612623215,-0.016464687883853912
train,1985-01,1985-02,-0.03081713616847992,0.0027097270358353853,0.015473706647753716,0.014735130593180656,-0.004217550158500671,0.005374615080654621,-0.0051361192017793655,-0.019383801147341728
train,1985-02,1985-03,-0.013918769545853138,-0.004594758152961731,-0.017550721764564514,-0.02226497232913971,0.0018757013604044914,-0.006329039111733437,0.005683283321559429,-0.00026781950145959854
train,1985-03,1985-04,-0.000642354367300868,-0.007574568502604961,-0.014451580122113228,-0.020347651094198227,0.00028038473101332784,-0.0010428838431835175,0.0003202668158337474,-0.001253846101462841
train,1985-04,1985-05,0.013500863686203957,0.00600384920835495,-0.005654837004840374,-0.019875334575772285,0.006872057914733887,-0.010668586939573288,0.005695422179996967,0.0066572814248502254
train,1985-05,1985-06,0.0076493131928145885,-0.0010685279266908765,-0.01402120292186737,-0.02091735601425171,0.0016162814572453499,-0.004624493420124054,0.0002500970149412751,0.005819067358970642
train,1985-06,1985-07,0.006689727306365967,0.002464574296027422,0.008665574714541435,0.005574779585003853,0.0007441744091920555,0.005254980176687241,-0.001341229653917253,-0.0073512764647603035
train,1985-07,1985-08,-0.006570141762495041,-0.010024607181549072,-0.006651237607002258,-0.01001428347080946,-0.0010665174340829253,0.003040999174118042,0.009362684562802315,-0.0025881431065499783
train,1985-08,1985-09,-0.0018433278892189264,-0.006741344928741455,-0.013175822794437408,-0.021758224815130234,-0.006610891781747341,-0.010011143051087856,0.009954581037163734,0.0015503166941925883
train,1985-09,1985-10,0.01764603517949581,-0.00429300032556057,-0.009498661383986473,-0.023317690938711166,0.00215614540502429,-0.00626652454957366,0.0014017164940014482,0.010766178369522095
train,1985-10,1985-11,0.014312840066850185,0.0023271499667316675,0.003516951808705926,-0.007452641613781452,0.0008870122255757451,-0.005647304467856884,-0.004250816069543362,0.0028835542034357786
train,1985-11,1985-12,0.015584904700517654,-0.0020367088727653027,0.0026912475004792213,-0.008610574528574944,0.002430239226669073,-0.0009223790839314461,3.116426523774862e-05,-0.00309774256311357
train,1985-12,1986-01,-0.02352876402437687,-0.009838998317718506,0.016511347144842148,0.013410658575594425,0.005811815615743399,0.015306136570870876,0.004542871844023466,-0.021639328449964523
train,1986-01,1986-02,0.0014880768721923232,-0.0001834295690059662,-0.0033715679310262203,-0.010441395454108715,0.005236577242612839,-0.0027804230339825153,0.006679261103272438,0.00011237245053052902
train,1986-02,1986-03,0.00010534422472119331,-0.0025685583241283894,0.0010306726908311248,-0.00297587551176548,0.0028587342239916325,-0.004549715202301741,0.004113646224141121,-0.006474315654486418
train,1986-03,1986-04,-0.005252936854958534,0.002131910063326359,0.014238888397812843,0.006401036866009235,-0.0004409116809256375,0.007619874551892281,-0.0060515021905303,-0.01317578461021185
train,1986-04,1986-05,0.0008272894774563611,0.006916816346347332,0.0026367194950580597,-0.006634335033595562,0.009946463629603386,-0.0025367881171405315,-3.8005877286195755e-05,-0.0046668509021401405
train,1986-05,1986-06,-0.011062774807214737,-0.0014093642821535468,-0.009214373305439949,-0.017643336206674576,0.0073259505443274975,0.0017654085531830788,-0.0006067189387977123,-0.008649559691548347
train,1986-06,1986-07,-0.013471091166138649,-0.005645462311804295,-0.027110369876027107,-0.02603105828166008,-0.00806930847465992,-0.0063478983938694,0.005809820257127285,0.0037680843379348516
train,1986-07,1986-08,0.01516729686409235,0.004030929878354073,-0.012038273736834526,-0.021866371855139732,-0.014662000350654125,-0.015444054268300533,0.00196811743080616,0.01865253411233425
train,1986-08,1986-09,-0.00836366880685091,-0.0032118537928909063,-0.012016767635941505,-0.011373892426490784,-0.0159892775118351,-0.006375938653945923,0.00579310255125165,0.006775598041713238
train,1986-09,1986-10,0.015981635078787804,0.007348940707743168,0.006051302887499332,-0.007047634571790695,0.007059581112116575,-0.008809482678771019,0.0013843330089002848,0.0033934391103684902
train,1986-10,1986-11,0.006532483734190464,0.0017110706539824605,0.001795679097995162,-0.009225658141076565,-0.00010881887283176184,-0.008954011835157871,0.0065095326863229275,6.496906280517578e-06
train,1986-11,1986-12,0.0034241368994116783,-0.0036583999171853065,-0.0040816026739776134,-0.013177846558392048,-0.004891638644039631,-0.0073555647395551205,0.004887029062956572,0.0036274725571274757
train,1986-12,1987-01,-0.00042834156192839146,0.004786224570125341,0.018539199605584145,0.017418986186385155,-0.00023229653015732765,0.002167455619201064,0.0029737274162471294,0.0019351209048181772
train,1987-01,1987-02,-0.005976373795419931,0.018699366599321365,0.028885265812277794,0.025104083120822906,0.014078627340495586,-0.0003617720794863999,0.008436789736151695,-0.009440591558814049
train,1987-02,1987-03,-0.02011922374367714,0.0018729482544586062,0.0012187022948637605,0.0016224159626290202,0.00149592908564955,0.0009754893835633993,0.0011079023825004697,-0.005912414751946926
train,1987-03,1987-04,-0.012988397851586342,0.001671629841439426,0.005892908200621605,0.0024684839881956577,-0.0005499424878507853,0.002265187678858638,0.009441967122256756,-0.003311032196506858
train,1987-04,1987-05,-0.006508680991828442,0.004310364369302988,0.000537228537723422,-0.0027274296153336763,-0.00031580583890900016,-0.0077722384594380856,0.012144447304308414,0.0076460703276097775
train,1987-05,1987-06,0.001979845343157649,0.002994904760271311,-0.009631316177546978,-0.017540741711854935,-0.0013894863659515977,-0.012850964441895485,0.0030894086230546236,0.00761627871543169
train,1987-06,1987-07,-0.013834363780915737,-3.44226136803627e-05,-0.005382652394473553,-0.009718544781208038,0.0012054042890667915,-0.006713744252920151,0.011156214401125908,0.008284369483590126
train,1987-07,1987-08,0.014516519382596016,0.003934919368475676,-0.002778024645522237,-0.013091410510241985,-0.007530559320002794,-0.007234044838696718,-0.0028570834547281265,0.0045212991535663605
train,1987-08,1987-09,-0.006238929927349091,-0.0012374166399240494,0.00314957182854414,-0.0020640119910240173,0.005125121679157019,-0.004903764929622412,0.013206655159592628,-0.004449032247066498
train,1987-09,1987-10,-0.019787060096859932,-0.015699010342359543,-0.041457273066043854,-0.04505700618028641,-0.03013898804783821,-0.005829084664583206,0.006742785684764385,0.0024165497161448
train,1987-10,1987-11,-0.006335882935672998,-0.005654997192323208,-0.014620755799114704,-0.021335488185286522,-0.00040464289486408234,-0.0028724197763949633,0.00947266723960638,0.0005197635036893189
train,1987-11,1987-12,0.03836057707667351,0.008108900859951973,0.012857045978307724,-0.007045773323625326,0.028601912781596184,-0.016940105706453323,-0.003065636847168207,0.004112249705940485
train,1987-12,1988-01,-0.023097852244973183,-0.010733486153185368,0.009389358572661877,0.02001485601067543,-0.011352388188242912,0.009336186572909355,0.001624958822503686,-0.005778367631137371
train,1988-01,1988-02,0.015365224331617355,0.008377875201404095,0.006662964355200529,0.007121568080037832,0.00028539320919662714,-0.009871171787381172,0.0013757760170847178,0.004326509311795235
train,1988-02,1988-03,-0.008299262262880802,0.0019435809226706624,0.006253175437450409,0.006604919210076332,0.008447844535112381,0.00024631276028230786,0.0059102438390254974,-0.010420415550470352
train,1988-03,1988-04,-0.005254114046692848,0.0024493716191500425,0.007070715073496103,0.0014261472970247269,0.0005613891989924014,-0.001574506750330329,0.0058259000070393085,-0.0059860870242118835
train,1988-04,1988-05,-0.003932356368750334,-0.0030615441501140594,-0.010024314746260643,-0.017482830211520195,-0.001580690499395132,-0.004272328224033117,0.0006790729239583015,-0.0001460830681025982
train,1988-05,1988-06,0.020575378090143204,0.00749075785279274,0.005874237045645714,-0.004159883596003056,-0.003164162626489997,-0.004530753940343857,-0.005366157274693251,0.005148572847247124
train,1988-06,1988-07,-0.009759276174008846,-0.00717688724398613,0.0008640785817988217,0.005082967225462198,0.003308156505227089,0.006539506837725639,0.0009468267671763897,-0.007487455382943153
train,1988-07,1988-08,-0.0049333153292536736,-0.00759123545140028,-0.008634589612483978,-0.012703586369752884,-0.004070044495165348,-0.0016396817518398166,0.002404671162366867,-0.0052901627495884895
train,1988-08,1988-09,0.00869092345237732,-0.00020447280257940292,-0.0017466439167037606,-0.006832130253314972,0.0019155594054609537,-0.006620978470891714,0.00037710322067141533,-0.0014752480201423168
train,1988-09,1988-10,0.008610484190285206,-0.006456293165683746,-0.015034752897918224,-0.024911511689424515,-0.007728193886578083,-0.005186619237065315,-0.0033523328602313995,0.005778842139989138
train,1988-10,1988-11,0.006122881546616554,-0.009318746626377106,-0.01476025115698576,-0.020063240081071854,-0.006940072402358055,-0.002630977425724268,-1.435447484254837e-05,0.004633862059563398
train,1988-11,1988-12,0.011754127219319344,0.00970516912639141,0.009571047499775887,-0.0030888207256793976,0.008526179939508438,-0.011852143332362175,0.006342307664453983,0.002294520614668727
train,1988-12,1989-01,-0.018834397196769714,0.0005779091734439135,0.016951577737927437,0.014715862460434437,0.0028934429865330458,-0.0016106266994029284,0.005463840439915657,-0.005309824366122484
train,1989-01,1989-02,-0.007214889861643314,0.005664598196744919,0.0038275232072919607,-0.0067382678389549255,9.947159560397267e-05,-0.004169353283941746,0.003408553544431925,-0.003942130133509636
train,1989-02,1989-03,0.002718583680689335,-0.0003353122156113386,0.00010401729377917945,-0.006936004385352135,-0.0011614511022344232,-0.007571350317448378,0.002095296513289213,0.0015918421559035778
train,1989-03,1989-04,0.013107920065522194,0.0072156935930252075,0.003515844466164708,-0.009024979546666145,0.0044533745385706425,-0.007860159501433372,-0.0020006229169666767,0.0038427216932177544
train,1989-04,1989-05,0.009191140532493591,0.002066131215542555,0.003793596988543868,-0.006178622134029865,-0.00751316687092185,-0.005922144278883934,-0.0020704499911516905,0.005548535846173763
train,1989-05,1989-06,-0.007568608969449997,-0.00953599065542221,-0.008240551687777042,-0.012358512729406357,-0.010712262243032455,0.00044780049938708544,0.003920567221939564,-0.006636887788772583
train,1989-06,1989-07,0.016757316887378693,0.007620128337293863,-0.006271006539463997,-0.018101662397384644,0.0010938018094748259,-0.008180215023458004,-0.0022382382303476334,0.00916067510843277
train,1989-07,1989-08,0.0096017736941576,-0.002156196627765894,-0.00023532012710347772,-0.008568513207137585,-0.001724526984617114,0.002195024862885475,-0.001795001793652773,0.0005193245597183704
train,1989-08,1989-09,-0.004524180665612221,0.004148288629949093,0.010937945917248726,0.002309180097654462,0.0033730454742908478,-0.0003904422337654978,0.004366335459053516,-0.007416888140141964
train,1989-09,1989-10,-0.0034381395671516657,0.007634200155735016,-0.0061006504110991955,-0.00972684845328331,0.0027983877807855606,-0.00636132201179862,0.003552299225702882,-0.001699738553725183
train,1989-10,1989-11,0.008625542744994164,0.00675801420584321,-0.009767876006662846,-0.017781509086489677,0.002672150731086731,-0.009823962114751339,0.0018006220925599337,0.008081363514065742
train,1989-11,1989-12,0.013311057351529598,0.01476299948990345,-0.004741458687931299,-0.019882643595337868,0.009312900714576244,-0.017881542444229126,0.00478949211537838,0.011278766207396984
train,1989-12,1990-01,-0.03839559853076935,-0.0007891462882980704,0.009119966067373753,0.018381239846348763,0.0007075497414916754,0.0008554898668080568,0.019009418785572052,-0.017600886523723602
train,1990-01,1990-02,0.0004550616431515664,0.01025649718940258,0.008767595514655113,0.0041610244661569595,0.0029316041618585587,-0.004192918539047241,0.002426430117338896,0.0016140051884576678
train,1990-02,1990-03,0.00762444082647562,0.013850578106939793,0.013337626121938229,0.007539831101894379,0.008629849180579185,-0.013282203115522861,0.000847472925670445,-0.004462870303541422
train,1990-03,1990-04,-0.00472458079457283,0.005577743984758854,0.006061814725399017,0.007169301621615887,0.011509024538099766,0.002503792755305767,0.006981824524700642,-0.009368947707116604
train,1990-04,1990-05,0.027264531701803207,0.028216049075126648,0.012690042145550251,-0.004142216872423887,0.012390462681651115,-0.014338284730911255,-0.0019160900264978409,0.008665899746119976
train,1990-05,1990-06,-0.007179509848356247,0.011852992698550224,0.010823621414601803,0.006507696118205786,0.009575987234711647,-0.0006349615287035704,0.00811789184808731,-0.007866550236940384
train,1990-06,1990-07,-0.012159151956439018,0.0018674798775464296,-0.003676957217976451,-0.01050795242190361,0.0044511593878269196,-0.007930466905236244,0.013451753184199333,-0.004977528937160969
train,1990-07,1990-08,-0.017239877954125404,-0.003378245746716857,-0.017867328599095345,-0.02591845393180847,-0.009333967231214046,-0.0051190657541155815,0.011715786531567574,0.0005330813000909984
train,1990-08,1990-09,-0.010985944420099258,0.0020319591276347637,-0.012084821239113808,-0.018718546256422997,0.0007170781027525663,-0.005557537078857422,0.016620801761746407,-0.0016818889416754246
train,1990-09,1990-10,0.006312037818133831,0.001206269022077322,-0.008757902309298515,-0.017092140391469002,0.0033240693155676126,-0.009502053260803223,0.004998014308512211,0.009089935570955276
train,1990-10,1990-11,0.036914221942424774,0.019433682784438133,-0.006541812792420387,-0.014432420022785664,0.004813991487026215,-0.024225499480962753,-0.013103298842906952,0.016795866191387177
train,1990-11,1990-12,0.028234142810106277,0.012379101477563381,-0.015251090750098228,-0.03262370079755783,0.005896854214370251,-0.02147994190454483,-0.003091538790613413,0.012451553717255592
train,1990-12,1991-01,-0.002288175281137228,-0.010452666319906712,0.04290585219860077,0.03935901075601578,-0.012411713600158691,-0.0014986320165917277,0.012479332275688648,-0.00670296885073185
train,1991-01,1991-02,-0.025553228333592415,-0.0053052050061523914,0.03598528355360031,0.045876093208789825,-0.004789095371961594,0.008194786496460438,0.0027985284104943275,-0.013310516253113747
train,1991-02,1991-03,-0.013914734125137329,-0.0015781937399879098,0.03196405991911888,0.03166035935282707,0.004901425447314978,0.012327784672379494,0.005966822616755962,-0.020034002140164375
train,1991-03,1991-04,-0.017553487792611122,0.005160477012395859,0.013452470302581787,0.011611090041697025,0.0035510906018316746,0.005202022381126881,0.007901961915194988,-0.018486231565475464
train,1991-04,1991-05,0.004130955785512924,0.005323638673871756,-0.0005137973930686712,-0.013105858117341995,0.005162057001143694,-0.00726628303527832,0.0034644147381186485,-0.0010642976267263293
train,1991-05,1991-06,-0.01287575252354145,0.001968592870980501,-0.01595749706029892,-0.006071687676012516,-0.0015072968089953065,-0.006196188740432262,0.0046184784732759,0.00041945267003029585
train,1991-06,1991-07,-0.0019212962361052632,0.009558940306305885,0.001240681391209364,-0.008262316696345806,-0.0002797760535031557,0.0001046517863869667,-0.0030639655888080597,0.0026831384748220444
train,1991-07,1991-08,-0.0022626640275120735,0.005189211573451757,0.011400692164897919,0.008621149696409702,0.009475378319621086,-0.00023001222871243954,0.004001772962510586,-0.004892511293292046
train,1991-08,1991-09,-0.008253484964370728,0.007474716752767563,0.010255862958729267,0.011401812545955181,0.01655799150466919,0.00031760171987116337,0.0056962063536047935,-0.00920361839234829
train,1991-09,1991-10,0.004469329956918955,0.002193040680140257,0.013565781526267529,0.008220206014811993,0.008635037578642368,0.010344193316996098,0.005768172442913055,-0.007562999613583088
train,1991-10,1991-11,-0.017923355102539062,0.004629831295460463,0.0016947450349107385,0.004456366412341595,0.0036338763311505318,-0.0015005843015387654,0.008931400254368782,-0.0062800683081150055
train,1991-11,1991-12,0.03814883902668953,0.011870300397276878,-0.007194649428129196,-0.028338810428977013,0.013318829238414764,-0.013517547398805618,-0.012991474941372871,0.014995729550719261
train,1991-12,1992-01,-0.10391152650117874,-0.03532232716679573,0.07639498263597488,0.096004918217659,-0.0026345655787736177,0.03410230949521065,0.04057126119732857,-0.05391886457800865
train,1992-01,1992-02,-0.03275139257311821,-0.022019101306796074,0.01642458140850067,0.012449782341718674,-0.00739122461527586,0.0033172625117003918,0.01164800301194191,-0.015720684081315994
train,1992-02,1992-03,-0.02034447342157364,-0.005511250346899033,-0.017830809578299522,-0.015798691660165787,-0.008227716200053692,-0.005722606088966131,0.011889388784766197,-0.003992133773863316
train,1992-03,1992-04,-0.007557346485555172,-0.009431228041648865,-0.03319919854402542,-0.04306839033961296,-0.030523527413606644,-0.010894512757658958,0.000632761511951685,0.01777173951268196
train,1992-04,1992-05,-0.004535525105893612,-0.0033114522229880095,-0.00827237218618393,-0.010149043053388596,-0.010313018225133419,-0.0012641509529203176,0.005475460551679134,0.007393280044198036
train,1992-05,1992-06,-0.010020655579864979,-0.008063565008342266,-0.023073576390743256,-0.024027599021792412,-0.0215421412140131,-0.0008412788156419992,0.0009622245561331511,0.00970182754099369
train,1992-06,1992-07,0.008393766358494759,-0.006535711232572794,-0.006210452876985073,-0.015039807185530663,-0.007626325357705355,0.003387558041140437,-0.0027557597495615482,0.0030247000977396965
train,1992-07,1992-08,0.0018338984809815884,-0.008313095197081566,-0.012991019524633884,-0.014510898850858212,-0.010447319597005844,-0.0021572443656623363,-0.0074266972951591015,-0.00011500904656713828
train,1992-08,1992-09,0.004252591636031866,0.006192400120198727,-0.0028877188451588154,-0.007590863388031721,0.0019067837856709957,-0.0008528014877811074,-0.002311485121026635,0.0014447178691625595
train,1992-09,1992-10,0.009676980786025524,0.008035298436880112,0.011250783689320087,0.00013826042413711548,0.0055113304406404495,-0.0005857814685441554,-0.004701648838818073,-0.0028654870111495256
train,1992-10,1992-11,0.012388714589178562,0.009556064382195473,0.02605763077735901,0.020068680867552757,0.010031896643340588,0.007971047423779964,-0.009342283941805363,-0.015464385971426964
train,1992-11,1992-12,-0.011781712993979454,-0.01450568437576294,0.00035219290293753147,-0.007363020908087492,-0.0024369745515286922,0.006081148982048035,0.002423857804387808,-0.008260194212198257
train,1992-12,1993-01,-0.051626160740852356,-0.0277232863008976,0.023998554795980453,0.021499771624803543,-0.007540294900536537,0.015448708087205887,0.00843870174139738,-0.029285017400979996
train,1993-01,1993-02,-0.02809252217411995,-0.018512554466724396,-0.023999549448490143,-0.02914096787571907,-0.01785324700176716,-0.010725080966949463,0.016330713406205177,0.009982757270336151
train,1993-02,1993-03,-0.008395493030548096,-0.00851777195930481,-0.00498255155980587,-0.014894803985953331,-0.0025925631634891033,0.003073448780924082,0.0021384679712355137,-0.0029922607354819775
train,1993-03,1993-04,-0.017692923545837402,-0.007324607577174902,-0.0017257381696254015,-0.0007275890675373375,-0.004480953328311443,0.005573586095124483,0.007201329339295626,-0.004636314697563648
train,1993-04,1993-05,0.005305063910782337,0.0147258210927248,0.017870118841528893,0.017622636631131172,0.008227447979152203,-0.003484535263851285,0.00344397546723485,0.0013902125647291541
train,1993-05,1993-06,-0.01807469129562378,-0.0049069104716181755,0.004096807911992073,0.0015296743949875236,-0.0007130004814825952,-0.0020875269547104836,0.005749187432229519,-0.00045363540994003415
train,1993-06,1993-07,-0.017671266570687294,-0.013440258800983429,-0.005634301342070103,-0.01400515902787447,-0.007506384514272213,0.00981935951858759,0.0005316523602232337,-0.006459665484726429
train,1993-07,1993-08,0.00026339665055274963,0.0034748734906315804,0.008076541125774384,0.005541452206671238,0.011286047287285328,0.003039055736735463,0.0059643397107720375,-0.00479384558275342
train,1993-08,1993-09,-0.006660609506070614,-0.004354631062597036,0.012181968428194523,0.0065317279659211636,0.00011651689419522882,0.010712903924286366,-0.001620663795620203,-0.012909474782645702
train,1993-09,1993-10,-0.011252903379499912,-0.0029849770944565535,0.023552287369966507,0.02120720036327839,0.0019224381539970636,0.006893315352499485,0.0038266265764832497,-0.013559662736952305
train,1993-10,1993-11,-0.0039559658616781235,-0.0016839299350976944,-0.00351122347638011,-0.004335734993219376,-0.004824846982955933,-0.0087799783796072,0.00485665537416935,-0.0014716703444719315
train,1993-11,1993-12,0.008847389370203018,0.001657778862863779,-0.009919391945004463,-0.02242298610508442,-0.004511455073952675,-0.008610911667346954,-0.00356493447907269,0.0057714637368917465
train,1993-12,1994-01,-0.012886980548501015,-0.01148934755474329,0.015407105907797813,0.015560123138129711,-0.0031325076706707478,0.007567941211163998,0.004971957299858332,-0.009498938918113708
train,1994-01,1994-02,-0.004950432106852531,-0.004985022358596325,0.003897302784025669,0.0006406086031347513,-0.005135142244398594,-0.0011912814807146788,0.001670301891863346,-0.005271461792290211
train,1994-02,1994-03,-0.011492359451949596,-0.01203436404466629,-0.0071448273956775665,-0.007340509444475174,-0.008915540762245655,-3.0528230126947165e-05,0.005540128797292709,-0.005090734921395779
train,1994-03,1994-04,0.002334681572392583,-0.003202729392796755,-0.014826038852334023,-0.027887634932994843,-0.015199888497591019,-0.006313350051641464,-0.0017290081596001983,0.008340729400515556
train,1994-04,1994-05,-0.007950880564749241,-0.004136573523283005,-0.008093953132629395,-0.011854484677314758,-0.010448938235640526,-0.0014634027611464262,0.004878711886703968,-0.00010505318641662598
train,1994-05,1994-06,-0.010912908241152763,-0.013766647316515446,-0.021710049360990524,-0.0217418409883976,-0.018195845186710358,0.0016811816021800041,0.0030631674453616142,0.0022128098644316196
train,1994-06,1994-07,0.004950996488332748,0.0014974758960306644,-0.003598477691411972,-0.008704205974936485,0.0007984391413629055,-0.0019182697869837284,0.0007324372418224812,0.004897517617791891
train,1994-07,1994-08,0.011397147551178932,0.012984401546418667,0.015347791835665703,0.003960652742534876,0.004842860624194145,-0.0068266186863183975,0.004342791624367237,-0.003840639255940914
train,1994-08,1994-09,-0.007876086048781872,-0.0014989119954407215,0.01444420125335455,0.007366912439465523,-0.00036601879401132464,0.006042987108230591,0.003761849831789732,-0.013888055458664894
train,1994-09,1994-10,0.005270250141620636,0.0027297413907945156,0.010116158053278923,-3.204168751835823e-05,0.00012881576549261808,0.00016254773072432727,0.005529386457055807,-0.006967858411371708
train,1994-10,1994-11,0.0005717822350561619,0.0025396172422915697,0.0034746979363262653,-0.005392545368522406,-0.004972091875970364,-0.0079963319003582,0.009420626796782017,0.0010937091428786516
train,1994-11,1994-12,0.005072057247161865,0.0013081965735182166,-0.010520357638597488,-0.025245677679777145,-0.0032352651469409466,-0.008267678320407867,0.005863957107067108,0.004468812607228756
train,1994-12,1995-01,-0.023650402203202248,-0.008343897759914398,0.014091772958636284,0.01665494218468666,-0.003333208616822958,0.0032197237014770508,0.008459915407001972,-0.013890771195292473
train,1995-01,1995-02,0.004378135781735182,0.005418519023805857,0.0003997960011474788,-0.008065412752330303,-0.004095845855772495,-0.007472983095794916,0.0018103857291862369,0.0037700654938817024
train,1995-02,1995-03,0.0022604363039135933,0.005722162779420614,0.00624556140974164,0.0009293196490034461,0.00651819771155715,0.00026531360344961286,0.002924733329564333,-0.004289805423468351
train,1995-03,1995-04,-0.004006835166364908,-0.01090198289602995,0.005305613856762648,-0.003355903783813119,-0.007558370940387249,0.002887880429625511,0.005604394245892763,-0.0040940577164292336
train,1995-04,1995-05,-0.0029401497449725866,-0.0029319035820662975,0.0021371610928326845,-0.005105107091367245,-0.004531392827630043,-0.007647616323083639,0.007157078944146633,0.004254266154021025
train,1995-05,1995-06,0.00024448009207844734,0.008266475051641464,0.033492833375930786,0.026357609778642654,0.01959734410047531,0.010304001159965992,0.011187906377017498,-0.015861500054597855
train,1995-06,1995-07,0.002979785203933716,0.004185828380286694,0.02683102898299694,0.019833773374557495,0.011936275288462639,0.011455793865025043,0.0027166977524757385,-0.013430515304207802
train,1995-07,1995-08,-0.01756618730723858,-0.009421776980161667,0.00839674286544323,0.0014314671279862523,-0.002460935851559043,0.006625012960284948,0.011940918862819672,-0.0034691679757088423
train,1995-08,1995-09,-0.01719825714826584,-0.0013402975164353848,0.008512790314853191,0.0064137885347008705,0.004941897466778755,-0.0022242586128413677,0.012527402490377426,-0.005013926886022091
train,1995-09,1995-10,-0.010301236063241959,-0.01370607316493988,-0.02154688537120819,-0.032955046743154526,-0.017382875084877014,-0.005638021044433117,-0.00542681897059083,0.0051064747385680676
train,1995-10,1995-11,0.017115658149123192,0.00669213617220521,-0.01163442712277174,-0.023638494312763214,-0.0038788090460002422,-0.004199290182441473,-0.007572101429104805,0.010842403396964073
train,1995-11,1995-12,-0.0053962827660143375,-0.001969108823686838,-0.006844602525234222,-0.015611648559570312,-0.005708801560103893,-0.0005847636493854225,0.011357605457305908,0.008413231000304222
train,1995-12,1996-01,-0.02980097383260727,-0.0027387693990021944,0.01640983112156391,0.018256107345223427,0.0013451827690005302,-0.00029727380024269223,0.01708519272506237,-0.013692855834960938
train,1996-01,1996-02,-0.005582862533628941,0.009863504208624363,0.020324375480413437,0.01773882284760475,0.01613907888531685,0.0050125401467084885,0.009815962053835392,-0.012026751413941383
train,1996-02,1996-03,-0.006577765103429556,0.003538132179528475,0.003577211871743202,0.005354613997042179,0.0018744304543361068,-0.0019447581144049764,0.001557113486342132,-0.006047975271940231
train,1996-03,1996-04,0.013897072523832321,0.011222468689084053,0.043209273368120193,0.03454146534204483,0.012083381414413452,0.016910215839743614,0.007983616553246975,-0.02004249021410942
train,1996-04,1996-05,-0.024675700813531876,-0.0043119220063090324,0.041474707424640656,0.04689265415072441,0.013373421505093575,0.015958141535520554,0.02014514058828354,-0.030309714376926422
train,1996-05,1996-06,-0.018720105290412903,-0.018564896658062935,-0.03024459257721901,-0.03115236759185791,-0.017448460683226585,-0.014480830170214176,-0.0006108129164204001,0.006908038631081581
train,1996-06,1996-07,-0.01694999821484089,-0.013960159383714199,-0.04449967294931412,-0.052349988371133804,-0.03152928873896599,-0.029416576027870178,-0.0054527572356164455,0.016693685203790665
train,1996-07,1996-08,0.007955881766974926,0.007057045586407185,0.007439513690769672,0.00015431258361786604,0.002255030209198594,0.0034765275195240974,-0.006865615490823984,-0.003800360020250082
train,1996-08,1996-09,0.010779150761663914,0.0033457207027822733,0.0057324692606925964,-0.0028021992184221745,0.0004849985707551241,0.0023199529387056828,-0.0043442510068416595,-0.002945277141407132
train,1996-09,1996-10,-0.002541308058425784,-0.020245280116796494,-0.03172658383846283,-0.04947624355554581,-0.02489045262336731,-0.02226386032998562,-0.002569987438619137,0.016625897958874702
train,1996-10,1996-11,0.011153090745210648,-0.0017877558711916208,-0.015598336234688759,-0.025651490315794945,-0.018516553565859795,-0.01940019614994526,-0.005322194658219814,0.022453242912888527
train,1996-11,1996-12,0.008719678968191147,-0.01299767941236496,-0.013272903859615326,-0.028844615444540977,-0.014804808422923088,-0.002871612086892128,-0.003680346067994833,0.00679393857717514
train,1996-12,1997-01,-0.018615400418639183,0.00469624437391758,0.03105078637599945,0.03617078810930252,0.0034790802747011185,0.009147047996520996,0.007731336168944836,-0.018979281187057495
train,1997-01,1997-02,-0.01995275728404522,-0.02442530170083046,-0.030969994142651558,-0.03330177068710327,-0.019589439034461975,-0.012929078191518784,0.0003435405087657273,0.011006194166839123
train,1997-02,1997-03,-0.015462972223758698,-0.018614426255226135,-0.029667839407920837,-0.03767178952693939,-0.011134388856589794,-0.016800634562969208,0.003124288748949766,0.00878223218023777
train,1997-03,1997-04,0.0046932934783399105,0.00028017378645017743,-0.02399493008852005,-0.033784106373786926,-0.006788107566535473,-0.018922068178653717,-0.005633569322526455,0.015787014737725258
train,1997-04,1997-05,0.037111345678567886,0.028184907510876656,0.027576014399528503,0.018769223242998123,0.008061261847615242,0.000575410551391542,-0.01152325514703989,-0.0029128636233508587
train,1997-05,1997-06,-0.0051749530248343945,-0.010680625215172768,-0.009849230758845806,-0.017653917893767357,0.00034154392778873444,-0.002346230437979102,-0.006470224820077419,-0.004658950958400965
train,1997-06,1997-07,0.0206858329474926,-0.0011170823127031326,-0.003300449112430215,-0.010479763150215149,-0.01009366661310196,-0.0007653970969840884,-0.012546727433800697,0.010863281786441803
train,1997-07,1997-08,-0.004583866335451603,0.0012017805129289627,0.020599881187081337,0.016637448221445084,0.002366690430790186,0.010072775185108185,0.007706664502620697,-0.011466337367892265
train,1997-08,1997-09,-0.005254461895674467,0.0007834036368876696,0.011725782416760921,0.006516260094940662,-0.0006121783517301083,0.007696961518377066,-0.0012566815130412579,-0.00574290519580245
train,1997-09,1997-10,-0.028448086231946945,-0.016428859904408455,-0.01761564426124096,-0.012366514652967453,-0.0010452207643538713,-0.0042158314026892185,0.01064704917371273,0.0026398540940135717
train,1997-10,1997-11,-0.006117301527410746,-0.011466802097856998,-0.029803352430462837,-0.04263551905751228,-0.011035338044166565,-0.022239333018660545,-0.003108384320512414,0.012349906377494335
train,1997-11,1997-12,-0.0008452971233054996,-0.01934993825852871,-0.05928286164999008,-0.07536631077528,-0.025289319455623627,-0.02544567547738552,-0.018085619434714317,0.03470400348305702
train,1997-12,1998-01,-0.01721487194299698,0.004731006920337677,0.024657104164361954,0.034335654228925705,0.006041315384209156,0.007063890807330608,0.012218361720442772,-0.01962602324783802
train,1998-01,1998-02,0.011430580168962479,0.014111896976828575,0.008870808407664299,0.0005113146035000682,0.0023848428390920162,-0.004331639967858791,-0.005184824112802744,7.394738349830732e-05
train,1998-02,1998-03,-0.0028492275159806013,0.0008732761489227414,0.0021951436065137386,-0.0010845554061233997,-0.000920583144761622,0.005005326122045517,1.9307684851810336e-05,-0.004833024926483631
train,1998-03,1998-04,-0.007851039990782738,-0.008155249059200287,0.012784821912646294,0.009555226191878319,-0.001491459202952683,0.005779169965535402,0.0020529823377728462,-0.013590769842267036
train,1998-04,1998-05,-0.015782270580530167,-0.014778338372707367,-0.017927147448062897,-0.020646385848522186,-0.011544786393642426,-0.006815838627517223,0.0034164448734372854,0.0037642924580723047
train,1998-05,1998-06,0.012604566290974617,0.004954695701599121,-0.012858756817877293,-0.0239771269261837,0.008131024427711964,-0.007622811011970043,-0.007915187627077103,0.00939112901687622
train,1998-06,1998-07,-0.02254629135131836,-0.016314690932631493,-0.009359210729598999,-0.010898338630795479,-0.0024390912149101496,0.00024269847199320793,0.009535118006169796,-0.004733026493340731
train,1998-07,1998-08,-0.02338285557925701,-0.03180833160877228,-0.0474119707942009,-0.05335406959056854,-0.027399975806474686,-0.030193211510777473,0.006955767050385475,0.013897701166570187
train,1998-08,1998-09,0.0218086838722229,0.03715519234538078,0.0151151642203331,0.0026416308246552944,0.00754699157550931,-0.006827238481491804,-0.0020146549213677645,0.015018479898571968
train,1998-09,1998-10,0.03362336754798889,0.023433513939380646,0.008624396286904812,0.005139179527759552,0.00557336863130331,-0.020400505512952805,-0.006265506148338318,0.010471170768141747
train,1998-10,1998-11,-0.01384297851473093,0.02433648705482483,0.0609247088432312,0.05338073521852493,0.03184996917843819,0.025004951283335686,0.02399391680955887,-0.03799720108509064
train,1998-11,1998-12,0.013157746754586697,0.021164676174521446,0.010878749191761017,-0.00020791683346033096,0.017525697126984596,0.0023932806216180325,-0.0038746600039303303,-0.007102565374225378
train,1998-12,1999-01,-0.03390184044837952,0.009496163576841354,0.07638758420944214,0.09265559911727905,0.0014251378597691655,0.03674129396677017,0.029362255707383156,-0.04196543246507645
train,1999-01,1999-02,-0.0322030633687973,-0.021080395206809044,-0.012438285164535046,-0.01384334359318018,0.002363793086260557,-0.008075747638940811,0.009576788172125816,-0.002713628578931093
train,1999-02,1999-03,0.008191891014575958,0.010211784392595291,0.010584564879536629,0.0028708279132843018,0.014622382819652557,0.005189092364162207,0.0038059866055846214,-0.004556331317871809
train,1999-03,1999-04,0.004059361759573221,0.003691910533234477,0.012121176347136497,0.008215568028390408,0.004027538001537323,-0.0009518258739262819,0.007120212540030479,0.0009384030126966536
train,1999-04,1999-05,-0.009179733693599701,0.004164899233728647,0.01398991234600544,0.012016171589493752,-0.0074290079064667225,-0.01015489175915718,0.016806285828351974,-0.008652415126562119
train,1999-05,1999-06,0.008802013471722603,0.016459062695503235,0.01589697226881981,0.0076797232031822205,0.005366669036448002,-0.003936225548386574,0.004378503654152155,0.0011711742263287306
train,1999-06,1999-07,-0.017266957089304924,-0.004045958165079355,0.012581034563481808,0.011933638714253902,-0.0059625860303640366,0.0014099485706537962,0.019843287765979767,-0.006101271137595177
train,1999-07,1999-08,-0.006813961546868086,-0.0013434055726975203,0.003560153301805258,-0.008585650473833084,-0.007815789431333542,-0.00040369704947806895,0.013478398323059082,0.0024077054113149643
train,1999-08,1999-09,0.0006868966156616807,0.013044802471995354,0.02218158356845379,0.020351823419332504,0.016392819583415985,0.009595589712262154,0.009794528596103191,-0.011951563879847527
train,1999-09,1999-10,-0.0008060736581683159,0.013198476284742355,0.008765554055571556,-0.0005561676807701588,0.007653789594769478,0.005038031376898289,0.004082281142473221,0.003433684818446636
train,1999-10,1999-11,-0.0008361422223970294,0.03139137476682663,0.10946603119373322,0.10597235709428787,0.056626856327056885,0.05638787895441055,0.04455083981156349,-0.05536438152194023
train,1999-11,1999-12,0.010043606162071228,0.0469832718372345,0.10437684506177902,0.09413333982229233,0.0623229555785656,0.047281138598918915,0.04979057237505913,-0.04959537833929062
validation,1999-12,2000-01,-0.03983142226934433,-0.0028708111494779587,0.08040657639503479,0.09298502653837204,0.024048633873462677,0.030895506963133812,0.06637650728225708,-0.03908899798989296
validation,2000-01,2000-02,-0.00639824103564024,0.043065667152404785,0.17020326852798462,0.16418355703353882,0.09232413023710251,0.0847468227148056,0.10523371398448944,-0.05472346395254135
validation,2000-02,2000-03,-0.009376104921102524,0.015979139134287834,-0.04137001186609268,-0.05035257339477539,-0.015325811691582203,-0.061643365770578384,0.00044731522211804986,0.016130883246660233
validation,2000-03,2000-04,-0.019542954862117767,-0.008024151436984539,-0.09925509989261627,-0.10910336673259735,-0.058588914573192596,-0.0884120911359787,-0.014588430523872375,0.038284868001937866
validation,2000-04,2000-05,-0.02241549640893936,-0.0031749289482831955,-0.06110353022813797,-0.07391536235809326,-0.05206647887825966,-0.05237523466348648,-0.003593797329813242,0.033671122044324875
validation,2000-05,2000-06,0.013018938712775707,0.011064952239394188,0.09061473608016968,0.08117503672838211,0.06850188225507736,0.06265796720981598,0.010787786915898323,-0.0461389496922493
validation,2000-06,2000-07,-0.008679978549480438,-0.0127617958933115,-0.04765012115240097,-0.053001608699560165,-0.03655439242720604,-0.027430687099695206,-0.011527109891176224,0.02705772966146469
validation,2000-07,2000-08,0.013337278738617897,0.01779882423579693,0.027457207441329956,0.010263140313327312,0.019040966406464577,0.005087700672447681,0.01626463234424591,0.006201080046594143
validation,2000-08,2000-09,-0.0186457559466362,-0.031062722206115723,-0.042492493987083435,-0.05783236399292946,-0.029733382165431976,-0.02843097597360611,0.009987597353756428,0.03258753567934036
validation,2000-09,2000-10,-0.0038286764174699783,-0.013405529782176018,-0.04713232070207596,-0.06712114065885544,-0.02026727981865406,-0.04780589044094086,0.0051671769469976425,0.03421347960829735
validation,2000-10,2000-11,-0.01758490316569805,-0.05248192325234413,-0.09858928620815277,-0.12125831097364426,-0.06309754401445389,-0.05752100050449371,0.0002239529276266694,0.061706602573394775
validation,2000-11,2000-12,0.024883287027478218,-0.005512067582458258,-0.06654376536607742,-0.09451385587453842,-0.026486646384000778,-0.02923189103603363,-0.022436337545514107,0.056096047163009644
validation,2000-12,2001-01,-0.029354682192206383,0.047147706151008606,0.18418720364570618,0.22827863693237305,0.03347841277718544,0.05671387165784836,0.005345911718904972,-0.12734530866146088
validation,2001-01,2001-02,-0.033368419855833054,-0.05665750056505203,-0.08319678902626038,-0.10108991712331772,-0.022689174860715866,-0.038760580122470856,0.0177751611918211,0.03800300508737564
validation,2001-02,2001-03,-0.026071492582559586,-0.030887186527252197,-0.05830151587724686,-0.07721446454524994,-0.004845237359404564,-0.04481573775410652,0.008640177547931671,0.02171512320637703
validation,2001-03,2001-04,0.038729798048734665,0.0511544868350029,0.037763651460409164,0.03989912569522858,0.018964556977152824,-0.0011290310649201274,-0.013321280479431152,-0.007578429765999317
validation,2001-04,2001-05,-0.014598136767745018,-0.009044002741575241,0.009262706153094769,0.01149718277156353,-0.0018534474074840546,0.009446638636291027,0.004559289664030075,-0.010581566952168941
validation,2001-05,2001-06,-0.0012404759181663394,-0.005487026646733284,-0.005594800226390362,-0.01797616481781006,-0.0018779971869662404,-0.0018297515343874693,-0.002701451536267996,0.0029942370019853115
validation,2001-06,2001-07,-0.024097556248307228,-0.027376919984817505,-0.04409134387969971,-0.05622251331806183,-0.007637744303792715,-0.029206255450844765,0.005384719930589199,0.015367785468697548
validation,2001-07,2001-08,-0.022609520703554153,-0.04231121391057968,-0.03950115665793419,-0.047147803008556366,-0.011343158781528473,-0.017233893275260925,0.0008699517929926515,0.014090128242969513
validation,2001-08,2001-09,-0.03469955176115036,-0.04476363584399223,-0.04778759926557541,-0.058643124997615814,-0.0038362164050340652,-0.01649504341185093,0.009387544356286526,0.010126450099050999
validation,2001-09,2001-10,0.03992196172475815,0.06613434851169586,0.0770333930850029,0.08148697763681412,0.01459862943738699,0.02332666516304016,-0.002499696332961321,-0.031215276569128036
validation,2001-10,2001-11,0.03324479982256889,0.04044630751013756,0.042575594037771225,0.04022395610809326,-0.005428219214081764,0.011042848229408264,-0.014513305388391018,-0.01832127571105957
validation,2001-11,2001-12,0.013470645993947983,0.01631237007677555,0.020880116149783134,0.0175373163074255,-0.01200620923191309,0.014189335517585278,-0.013467669486999512,-0.010914867743849754
validation,2001-12,2002-01,-0.03520026057958603,-0.027549894526600838,0.004145570565015078,5.719892214983702e-05,-0.009552130475640297,-0.004399395547807217,0.018947504460811615,-0.025213858112692833
validation,2002-01,2002-02,-0.027966231107711792,-0.036530107259750366,-0.052403151988983154,-0.06266869604587555,0.0012920517474412918,-0.03163653612136841,0.007632302585989237,0.010621448047459126
validation,2002-02,2002-03,0.0106202382594347,0.004396430216729641,0.01119400467723608,0.011712687090039253,-0.0006850413046777248,0.0034920847974717617,-0.0006291728932410479,-0.001083586597815156
validation,2002-03,2002-04,-0.020267073065042496,-0.05198034644126892,-0.052535850554704666,-0.05655359476804733,-0.016100477427244186,-0.010574723593890667,-0.011635882779955864,0.013193404302001
validation,2002-04,2002-05,-0.02850279025733471,-0.030575085431337357,-0.02974407747387886,-0.03390823304653168,0.005123842507600784,-0.01912405528128147,0.008881223388016224,0.0006902650929987431
validation,2002-05,2002-06,-0.010774497874081135,-0.03615332767367363,-0.04703035205602646,-0.058783963322639465,-0.008114251308143139,-0.0036657073069363832,-0.013228746131062508,0.013809897005558014
validation,2002-06,2002-07,-0.021623166278004646,-0.017871825024485588,-0.029834888875484467,-0.03409917280077934,-0.008088254369795322,-0.014912910759449005,0.0021637834142893553,0.008032510988414288
validation,2002-07,2002-08,-0.0029120701365172863,-0.0017805371899157763,-0.0014184273313730955,-0.009533984586596489,-0.006830464117228985,-0.006927883252501488,-0.0038744269404560328,-0.0038111447356641293
validation,2002-08,2002-09,0.005023104138672352,-0.032143644988536835,-0.03869596868753433,-0.045412275940179825,-0.0011121665593236685,0.001690568053163588,-0.016969837248325348,0.012501725926995277
validation,2002-09,2002-10,0.0059932200238108635,0.043342482298612595,0.04317590594291687,0.037666067481040955,0.009470121003687382,-0.013000682927668095,0.02266913652420044,-0.015284571796655655
validation,2002-10,2002-11,-0.028893738985061646,0.05918674170970917,0.09115501493215561,0.10256247222423553,0.017275013029575348,-0.009521267376840115,0.05696272850036621,-0.04782507196068764
validation,2002-11,2002-12,0.0008487810846418142,-0.03804820403456688,-0.04775219410657883,-0.06513369828462601,-0.006597159896045923,-0.008150719106197357,-0.028651177883148193,0.004318604711443186
validation,2002-12,2003-01,-0.026982644572854042,-0.009818791411817074,0.016339702531695366,0.015018047764897346,-0.0012608931865543127,0.0064047700725495815,0.01782183349132538,-0.019816147163510323
validation,2003-01,2003-02,-0.005480295978486538,-0.006319266743957996,-0.006863486021757126,-0.012476695701479912,-0.0055880132131278515,-0.009183364920318127,0.0006233403692021966,0.00017241970635950565
validation,2003-02,2003-03,0.0022847887594252825,0.008034443482756615,0.008197473362088203,0.006063119508326054,0.008850280195474625,-0.001288709812797606,0.007511764764785767,-0.001357461791485548
validation,2003-03,2003-04,-0.0011594474781304598,0.02870873361825943,0.03588490188121796,0.04226203262805939,-0.0022041751071810722,0.00957886129617691,0.012667013332247734,-0.0010585859417915344
validation,2003-04,2003-05,-0.029788974672555923,0.03851346671581268,0.08892740309238434,0.10057864338159561,0.01990213245153427,0.037861429154872894,0.05607414245605469,-0.032083507627248764
validation,2003-05,2003-06,-0.02328958362340927,-0.0028563118539750576,0.0337960459291935,0.03130129352211952,0.005327908787876368,0.017103025689721107,0.00917891226708889,-0.03255274519324303
validation,2003-06,2003-07,-0.01752077043056488,0.010385888628661633,0.03214804828166962,0.03132303059101105,0.009313469752669334,0.018216624855995178,0.01571953296661377,-0.01963774673640728
validation,2003-07,2003-08,0.003138560801744461,0.010556481778621674,0.020150059834122658,0.020949287340044975,0.009867886081337929,0.006008442025631666,0.011374015361070633,-0.00796064268797636
validation,2003-08,2003-09,-0.03343937173485756,-0.0069317324087023735,0.026795657351613045,0.0240519680082798,0.004004664719104767,0.017106231302022934,0.022027751430869102,-0.0255526565015316
validation,2003-09,2003-10,5.585636245086789e-05,0.008128035813570023,0.026981810107827187,0.022433483973145485,0.007382511161267757,0.015191701240837574,0.010645780712366104,-0.014213752001523972
validation,2003-10,2003-11,0.000888531212694943,-0.0016506440006196499,0.004687181208282709,0.0003672889433801174,0.003262631129473448,0.00363819464109838,0.0020509245805442333,-0.004353984724730253
validation,2003-11,2003-12,0.00029126612935215235,-0.01013793796300888,-0.013998350128531456,-0.013530466705560684,-0.01255890354514122,-0.0016082292422652245,-0.0031891423277556896,0.0030863427091389894
validation,2003-12,2004-01,-0.03476696461439133,-0.0014627508353441954,0.05315405875444412,0.05056184157729149,0.0180414617061615,0.02818812057375908,0.04094821214675903,-0.03907366842031479
validation,2004-01,2004-02,0.004811139777302742,-0.01029987819492817,-0.017605820670723915,-0.018375009298324585,-0.012095601297914982,-0.0017578054685145617,-0.013511830940842628,0.0068080550990998745
validation,2004-02,2004-03,-0.002572633558884263,-0.006144317798316479,-0.008924467489123344,-0.010919874534010887,-0.0046280669048428535,-0.007225189823657274,-0.008470297791063786,-0.0007569459266960621
validation,2004-03,2004-04,-0.00013174308696761727,-0.012860363349318504,-0.019291909411549568,-0.01621117815375328,-0.007772921118885279,-0.005358218215405941,-0.008045010268688202,0.004747891332954168
validation,2004-04,2004-05,0.010166711173951626,0.008987313136458397,-0.0033302258234471083,-0.009412195533514023,0.0009486681083217263,-0.007300779223442078,-0.002436602022498846,0.0075008259154856205
validation,2004-05,2004-06,0.009723205119371414,-0.002180996350944042,-0.009084356017410755,-0.013297859579324722,-0.006230665370821953,-0.0016661674017086625,-0.008476238697767258,0.007702604867517948
validation,2004-06,2004-07,-0.0016584156546741724,-0.031634777784347534,-0.049798667430877686,-0.04925280436873436,-0.029780391603708267,-0.013742063194513321,-0.031236795708537102,0.01916607841849327
validation,2004-07,2004-08,-0.005629685707390308,-0.006808162201195955,-0.016224414110183716,-0.02160516008734703,-0.016995618119835854,-0.01730186492204666,-0.011609655804932117,0.010418755933642387
validation,2004-08,2004-09,0.006943631451576948,0.003629165468737483,0.00788863468915224,0.005288856104016304,0.007372647523880005,0.008771136403083801,-0.003412173595279455,-0.00538626778870821
validation,2004-09,2004-10,0.0004583344853017479,0.004572354257106781,-0.000950190587900579,-0.003182710148394108,0.00018022139556705952,-0.004209351725876331,-0.0021725394763052464,0.0015886217588558793
validation,2004-10,2004-11,-0.006879046559333801,5.7240016758441925e-05,0.01867983490228653,0.02328355610370636,0.013893593102693558,0.009117219597101212,0.010225733742117882,-0.017788387835025787
validation,2004-11,2004-12,-0.014829784631729126,0.008651481941342354,0.02406258136034012,0.032688312232494354,0.009098249487578869,0.005418872460722923,0.014054826460778713,-0.013131601735949516
validation,2004-12,2005-01,-0.0025616721250116825,-0.017578043043613434,-0.021982688456773758,-0.026967566460371017,-0.0015579749597236514,-0.008435120806097984,-0.012915114872157574,0.0010189960012212396
validation,2005-01,2005-02,0.007626998238265514,-0.0016030283877626061,-0.006819882430136204,-0.013054934330284595,0.00987003929913044,-0.00046380743151530623,-0.005276541691273451,-0.007866843603551388
validation,2005-02,2005-03,-0.0005500478437170386,-0.009317896328866482,-0.01841317117214203,-0.024602962657809258,-0.008393066003918648,-0.010442530736327171,-0.00885864906013012,0.005228419788181782
validation,2005-03,2005-04,-0.002258797874674201,-0.011516377329826355,-0.023486781865358353,-0.02332865074276924,-0.011958236806094646,-0.013993318192660809,-0.00917387381196022,0.00821335706859827
validation,2005-04,2005-05,0.013509660959243774,0.01712477020919323,0.014807169325649738,0.008615447208285332,0.005456562619656324,0.004136847332119942,-0.00018008664483204484,0.00250680441968143
validation,2005-05,2005-06,0.00443531759083271,-0.006397572811692953,0.00615692650899291,0.0005415217601694167,-0.0012327588628977537,0.005919680930674076,-0.005584188736975193,-0.006283416412770748
validation,2005-06,2005-07,0.00947476550936699,0.00431331992149353,0.013727682642638683,0.017007213085889816,0.004458390176296234,0.008818539790809155,0.006004455499351025,0.00028474052669480443
validation,2005-07,2005-08,-0.004802949260920286,-0.004741612356156111,-0.0013423742493614554,-0.007260567974299192,-0.0062417807057499886,0.0034523741342127323,0.000836665160022676,0.00046817667316645384
validation,2005-08,2005-09,0.0021178179886192083,0.0054859197698533535,0.008170981891453266,0.00021609652321785688,-0.0012579301837831736,0.006191860418766737,0.0031741121783852577,-0.004517014604061842
validation,2005-09,2005-10,0.0005106771714054048,-0.0021092472597956657,-0.00834061298519373,-0.015719376504421234,-0.011104073375463486,-0.00859789177775383,-0.008060416206717491,0.00023438187781721354
validation,2005-10,2005-11,0.015951547771692276,0.008683452382683754,0.0052164155058562756,0.0005459527601487935,0.00468678493052721,-0.00457023223862052,-0.006527736783027649,0.00035913032479584217
validation,2005-11,2005-12,6.802065763622522e-05,-0.004913203418254852,0.004833166021853685,0.00166133523453027,0.0029350826516747475,0.0071464646607637405,9.933160617947578e-05,-0.008554263040423393
validation,2005-12,2006-01,0.012744263745844364,0.009325583465397358,0.03509349748492241,0.03564543277025223,0.014888633973896503,0.020384032279253006,0.00868571549654007,-0.010377787053585052
validation,2006-01,2006-02,-0.005563150160014629,-0.0008770172134973109,0.0031709480099380016,0.004743359982967377,-0.004990058485418558,0.0001966998679563403,0.005040131974965334,0.0010342668974772096
validation,2006-02,2006-03,0.0008816737099550664,0.002287744078785181,0.014106743037700653,0.011294582858681679,0.007772351615130901,0.008027110248804092,0.005381300579756498,-0.008660973981022835
validation,2006-03,2006-04,0.0006726958672516048,-0.007653290871530771,-0.0023146080784499645,-0.0074175260961055756,0.002451944164931774,-0.0008072376949712634,-0.0034494330175220966,-0.005401175934821367
validation,2006-04,2006-05,-0.011031823232769966,-0.015272392891347408,-0.029727157205343246,-0.03528732806444168,-0.019847482442855835,-0.010114808566868305,-0.010594768449664116,0.00658345315605402
validation,2006-05,2006-06,-0.001237579621374607,-0.003703746246173978,-0.011045707389712334,-0.01517912931740284,-0.008065354079008102,-0.00553132314234972,-0.008045225404202938,0.006575093138962984
validation,2006-06,2006-07,-0.009498541243374348,-0.008984035812318325,-0.024385998025536537,-0.029637612402439117,-0.01885801926255226,-0.01531694270670414,-0.004386439453810453,0.013503266498446465
validation,2006-07,2006-08,0.0034832418896257877,0.011382760480046272,0.0094236945733428,0.004316610284149647,0.0025740168057382107,-0.00602809339761734,0.01453716866672039,0.0011157614644616842
validation,2006-08,2006-09,0.00620740931481123,-0.003774409182369709,-0.002728844992816448,-0.0049094390124082565,-0.003496333258226514,-0.0030804979614913464,-0.0011735368752852082,-0.0004022491630166769
validation,2006-09,2006-10,0.006399712525308132,0.005991659127175808,0.014895431697368622,0.00926852785050869,0.0007874382426962256,0.004927364178001881,-0.0025075068697333336,-0.005706720054149628
validation,2006-10,2006-11,0.0029629606287926435,0.002499386202543974,0.00559761980548501,0.005596453323960304,-0.004376024007797241,0.00584004633128643,-0.0010725022293627262,-0.006155145354568958
validation,2006-11,2006-12,-0.0069167278707027435,-0.008124662563204765,-0.0017271582037210464,-0.003912630956619978,-0.0060796355828642845,0.0022236406803131104,0.002265715040266514,-0.0055419327691197395
validation,2006-12,2007-01,0.0021353326737880707,0.0006403386360034347,0.008877648040652275,0.008589379489421844,0.01098901778459549,0.007053641136735678,0.007986493408679962,-0.006916140206158161
validation,2007-01,2007-02,0.001946924952790141,-0.001831411267630756,-0.002040429739281535,0.003052567830309272,0.003403067123144865,0.0020882287062704563,0.005268923472613096,-0.00277915270999074
validation,2007-02,2007-03,0.007479067426174879,0.003851477988064289,-0.0007253802032209933,-0.004029523581266403,0.004653823561966419,-0.001196712488308549,-0.0004050583520438522,-0.001337049645371735
validation,2007-03,2007-04,0.011677997186779976,0.008800807408988476,0.010101661086082458,0.007278836332261562,0.004320401698350906,0.007283908315002918,-0.0024200137704610825,-0.0006823950679972768
validation,2007-04,2007-05,0.013879414647817612,0.012729768641293049,-0.004537313245236874,-0.009775655344128609,0.0037148429546505213,-0.007738153915852308,-0.003906401805579662,0.007135195657610893
validation,2007-05,2007-06,0.0018202633364126086,-0.0017584755551069975,0.003941019997000694,0.003508533351123333,0.0016086110845208168,0.0020490065217018127,-0.001436053542420268,-0.007235236465930939
validation,2007-06,2007-07,0.003383500035852194,0.0032593482173979282,7.340911542996764e-05,0.004789120517671108,0.013591581955552101,-0.00264095701277256,0.01278359442949295,-0.0037405304610729218
validation,2007-07,2007-08,0.0059121581725776196,0.00911901518702507,-0.015138140879571438,-0.01826203614473343,-0.004109096713364124,-0.0161923598498106,-0.006986316293478012,0.017385002225637436
validation,2007-08,2007-09,0.00843243021517992,0.009872888214886189,0.00516231544315815,0.007311309687793255,0.005168797913938761,0.009578017517924309,-0.000987747684121132,0.00021461246069520712
validation,2007-09,2007-10,0.013678179122507572,0.010333348996937275,0.010569503530859947,0.00590401329100132,0.012342034839093685,0.007927297614514828,0.0075985826551914215,-0.006695070303976536
validation,2007-10,2007-11,0.004181992262601852,0.00033158360747620463,-0.029104556888341904,-0.03333545848727226,-0.007316792383790016,-0.015524516813457012,-0.0029268902726471424,0.017794324085116386
validation,2007-11,2007-12,0.00988473929464817,0.006188560277223587,0.0028985636308789253,-0.005230965092778206,0.0019334700191393495,0.003736326703801751,-0.004474033135920763,-0.00263779703527689
validation,2007-12,2008-01,-0.02836432121694088,-0.018881231546401978,-0.018380803987383842,-0.013085304759442806,-0.02824893593788147,-0.02398938126862049,-0.0049407221376895905,0.010569246485829353
validation,2008-01,2008-02,-0.0012947526993229985,-0.0036239922046661377,-0.0004396289587020874,-0.0006995167932473123,0.009616603143513203,-0.003654832486063242,0.010430827736854553,-0.0028878021985292435
validation,2008-02,2008-03,0.0009266457054764032,0.005618304945528507,-0.016381096094846725,-0.024453651160001755,-0.007960534654557705,-0.02046480029821396,-0.004797047935426235,0.018116042017936707
validation,2008-03,2008-04,0.02484198473393917,0.011766161769628525,0.002810247940942645,-0.0035108390729874372,0.015377691946923733,-0.0051594078540802,-0.0014414163306355476,0.0081986328586936
validation,2008-04,2008-05,0.01639999821782112,0.013149251230061054,0.012606230564415455,0.006780790165066719,0.015110386535525322,0.0020261784084141254,0.004442998673766851,-0.006939823739230633
validation,2008-05,2008-06,0.013586355373263359,-0.00218156143091619,-0.0011942947749048471,-0.0017158181872218847,0.019621431827545166,0.016354944556951523,0.0071178944781422615,-0.012058651074767113
validation,2008-06,2008-07,-0.0030772709287703037,0.014114725403487682,-6.285321433097124e-06,-0.00805752631276846,-0.018316831439733505,-0.019726531580090523,-0.003978252410888672,0.011286532506346703
validation,2008-07,2008-08,0.003982025198638439,0.003924365155398846,-0.010015159845352173,-0.0191982202231884,-0.01251337118446827,-0.01731172390282154,-0.007596057839691639,0.012924189679324627
validation,2008-08,2008-09,-0.011864743195474148,-0.024897843599319458,-0.039717886596918106,-0.04332077130675316,-0.040611229836940765,-0.024647196754813194,-0.017814040184020996,0.02990543656051159
validation,2008-09,2008-10,-0.026765557006001472,-0.010275139473378658,-0.029555752873420715,-0.03838462755084038,-0.013454284518957138,-0.026080738753080368,0.005310274660587311,0.011126415804028511
validation,2008-10,2008-11,-0.004249913617968559,0.002884481567889452,-0.024285687133669853,-0.039910197257995605,-0.00021976401330903172,-0.008800089359283447,-0.00055835978128016,0.006032813806086779
validation,2008-11,2008-12,0.028986066579818726,0.02697134017944336,0.01108996756374836,0.001466358546167612,0.008316186256706715,-0.009336506947875023,-0.010286632925271988,-0.00027466239407658577
validation,2008-12,2009-01,-0.0031576273031532764,0.013251415453851223,0.046392716467380524,0.07313847541809082,0.028105000033974648,0.03467634320259094,0.050954438745975494,-0.046109072864055634
validation,2009-01,2009-02,0.009352059103548527,0.01728779636323452,-0.005511807277798653,0.0015064938925206661,0.03213541954755783,0.005074219312518835,0.015440616756677628,-0.011830084025859833
validation,2009-02,2009-03,-0.008001115173101425,-0.0030782909598201513,0.03338930755853653,0.04953416436910629,-0.022113561630249023,0.01701933704316616,-0.008887499570846558,-0.0012800749391317368
validation,2009-03,2009-04,-0.01516522653400898,0.023751847445964813,0.0399022176861763,0.054848819971084595,-0.023781251162290573,-0.026232900097966194,-0.0036500468850135803,-0.016624758020043373
validation,2009-04,2009-05,-0.014483461156487465,0.006570013239979744,0.047833748161792755,0.04147135838866234,-0.01255677081644535,0.035494811832904816,0.007363077253103256,-0.030749093741178513
validation,2009-05,2009-06,0.006913040764629841,0.012517794035375118,0.029176432639360428,0.0400703139603138,0.014890728518366814,0.017995864152908325,0.018102802336215973,-0.02808673307299614
validation,2009-06,2009-07,0.005674213171005249,0.002417764626443386,0.016586465761065483,0.008599442429840565,-0.005253151524811983,-0.0009161243215203285,0.004357281140983105,0.0009306126739829779
validation,2009-07,2009-08,-0.0385923869907856,-0.016088249161839485,0.0360192209482193,0.035517800599336624,-0.013023284263908863,0.025201868265867233,0.023896927013993263,-0.01997193694114685
validation,2009-08,2009-09,0.0019679702818393707,0.027379583567380905,0.046678319573402405,0.04068321734666824,0.013196100480854511,0.012582795694470406,0.017386849969625473,-0.029452646151185036
validation,2009-09,2009-10,0.006710628047585487,0.0023590046912431717,-0.016445884481072426,-0.023127397522330284,0.005057212430983782,-0.02118067815899849,-0.005692280828952789,-0.00893478561192751
validation,2009-10,2009-11,0.018106039613485336,0.014709165319800377,0.007989819161593914,0.0010777092538774014,0.0176728256046772,-0.0015084493206813931,0.011072076857089996,-0.004088250920176506
validation,2009-11,2009-12,0.01119210571050644,0.006338872481137514,0.025810208171606064,0.01846071518957615,0.016371790319681168,0.008035477250814438,0.012360446155071259,-0.0206210445612669
development,2009-12,2010-01,-0.030103672295808792,-0.023830000311136246,-0.009033421985805035,-0.00021067698253318667,-0.02784072607755661,0.006447772495448589,-0.007614420726895332,0.00910402275621891
development,2010-01,2010-02,0.0060129608027637005,0.003857061732560396,0.007554009091109037,0.0010729432106018066,0.01205079909414053,0.0010114852339029312,0.009916102513670921,-0.005272139795124531
development,2010-02,2010-03,-0.00473830197006464,-0.0006457942654378712,0.013630740344524384,0.004050769377499819,-0.0014547096798196435,0.002288408810272813,0.004253804218024015,-0.009674230590462685
development,2010-03,2010-04,-0.032135702669620514,-0.02411787211894989,0.012171226553618908,0.014394368045032024,-0.019531352445483208,0.0148597601801157,-0.0038988066371530294,0.0040224697440862656
development,2010-04,2010-05,0.009908368811011314,0.007851771079003811,-0.011559436097741127,-0.011079508811235428,0.010324938222765923,-0.009194878861308098,-0.0008903150446712971,-0.0014711315743625164
development,2010-05,2010-06,0.012790553271770477,0.01180302258580923,-0.012984624132514,-0.017496759071946144,0.007619896903634071,-0.021478410810232162,0.004374354146420956,-0.008820561692118645
development,2010-06,2010-07,0.004560774192214012,0.008638322353363037,0.012622502632439137,-0.000655166688375175,0.010434016585350037,-0.008943988010287285,0.004793823231011629,-0.00023189513012766838
development,2010-07,2010-08,0.008649676106870174,0.0046110269613564014,-0.012260224670171738,-0.01243572123348713,-0.0007281185826286674,-0.009028567001223564,0.008044895716011524,0.005043388810008764
development,2010-08,2010-09,0.014100974425673485,0.025587748736143112,0.03370409831404686,0.023588912561535835,0.02010149322450161,0.010011152364313602,0.011895602568984032,-0.00895580556243658
development,2010-09,2010-10,0.001969679491594434,0.0019345837645232677,0.005601138342171907,0.006161353550851345,0.004418749827891588,0.0018439166015014052,0.0012004452291876078,-0.008933844976127148
development,2010-10,2010-11,0.008661429397761822,0.006866005249321461,0.001843667821958661,-0.0037574507296085358,0.009276865050196648,0.005973672494292259,0.0016501890495419502,-3.239256329834461e-05
development,2010-11,2010-12,-0.012246880680322647,0.004361637867987156,0.00911359116435051,0.014492785558104515,-0.003501846920698881,0.00832515861839056,0.0032293745316565037,0.006450824439525604
development,2010-12,2011-01,-0.013092521578073502,-0.012863298878073692,-0.0020483462139964104,0.00526758749037981,-0.005507519003003836,0.00891755148768425,0.00738330464810133,-0.002362974686548114
development,2011-01,2011-02,-0.0015333155170083046,0.012258957140147686,0.010223306715488434,-0.00040411745430901647,0.007371228188276291,-0.003227413631975651,0.008187695406377316,-0.007259895093739033
development,2011-02,2011-03,0.005552032496780157,0.011693286709487438,0.002247216645628214,-0.00329243834130466,0.015086670406162739,-0.006096633151173592,0.011773623526096344,-0.0026657069101929665
development,2011-03,2011-04,0.0105527862906456,0.010515838861465454,-0.001761820400133729,-0.008288491517305374,0.0036216010339558125,-0.006986167281866074,0.006066520698368549,0.0037337676621973515
development,2011-04,2011-05,0.006638045888394117,0.007619211450219154,-0.0063019548542797565,-0.008352518081665039,0.0032086106948554516,-0.010461786761879921,0.005587721709161997,0.0009128202218562365
development,2011-05,2011-06,-0.001670168829150498,0.001035839319229126,-0.01173657737672329,-0.015633879229426384,-0.0016089965356513858,-0.011039244942367077,0.0003006912302225828,0.002369698602706194
development,2011-06,2011-07,-0.006801840849220753,-0.0036761537194252014,0.0009003893937915564,0.004151675384491682,-0.0005192805547267199,-0.0009993498679250479,-0.0029473253525793552,-0.004989677108824253
development,2011-07,2011-08,-0.0011535341618582606,-0.0021269116550683975,-0.02920367941260338,-0.02732780948281288,-0.005513123236596584,-0.025208376348018646,0.0072386921383440495,0.014425406232476234
development,2011-08,2011-09,-0.0036360640078783035,-0.008976958692073822,-0.024750977754592896,-0.02364223636686802,-0.010734718292951584,-0.017642078921198845,0.0063085476867854595,0.0111732492223382
development,2011-09,2011-10,0.024614742025732994,0.021169643849134445,0.026270829141139984,0.01123453676700592,0.026449603959918022,-0.001034662127494812,-0.012634368613362312,-0.008610532619059086
development,2011-10,2011-11,0.0014266674406826496,-0.004558554384857416,-0.017304319888353348,-0.026378389447927475,-0.0046921768225729465,-0.009976066648960114,-0.003919422626495361,0.011989535763859749
development,2011-11,2011-12,-0.001487084897235036,-0.01082328800112009,-0.006650333292782307,-0.01712801866233349,-0.00709459837526083,-0.0007768293144181371,-0.004607641138136387,-0.00047130294842645526
development,2011-12,2012-01,-0.010008467361330986,0.01211797259747982,0.033579520881175995,0.042459242045879364,0.0043252985924482346,-0.004542208276689053,0.00556032033637166,-0.014294571243226528
development,2012-01,2012-02,-0.007857614196836948,-0.004343921784311533,7.951655425131321e-05,0.002044131513684988,0.0031352187506854534,0.008360804989933968,0.00023061060346662998,-0.0012613128637894988
development,2012-02,2012-03,-0.015673065558075905,-0.012054654769599438,0.0002912922063842416,-0.0025328658521175385,-0.005020971409976482,0.004841553047299385,0.0060408711433410645,0.0010215406073257327
development,2012-03,2012-04,-0.011549661867320538,-0.015003297477960587,-0.013623306527733803,-0.01235516369342804,-0.0024165213108062744,-0.002862997353076935,0.0005569478962570429,-0.00018849963089451194
development,2012-04,2012-05,-0.013954425230622292,-0.016353726387023926,-0.02075456641614437,-0.024166500195860863,-0.0074051422998309135,-0.004434987436980009,0.013274449855089188,0.0017977245151996613
development,2012-05,2012-06,0.0026928866282105446,0.0042928848415613174,0.005161331966519356,-9.830854833126068e-05,-0.00626989733427763,0.0010800320887938142,-0.0002696120645850897,-0.0002540629939176142
development,2012-06,2012-07,-0.008926860988140106,-0.0036555659025907516,-0.006145231891423464,-0.013798730447888374,-0.004683583974838257,-0.0042634084820747375,0.007581102196127176,0.0031658161897212267
development,2012-07,2012-08,0.008115303702652454,0.0042799548245966434,0.0013558862265199423,-0.00041458336636424065,-0.0031639165244996548,-0.001693014637567103,-0.0024866594467312098,0.00807186309248209
development,2012-08,2012-09,-0.009364808909595013,0.006173473782837391,0.010782845318317413,0.007445848546922207,0.0019991789013147354,0.006341819651424885,0.007427799515426159,-0.004669611807912588
development,2012-09,2012-10,-0.0047819041647017,-0.016501037403941154,-0.022583220154047012,-0.028716016560792923,-0.0067758709192276,-0.012181483209133148,-0.005616288632154465,0.0030719051137566566
development,2012-10,2012-11,0.01170339621603489,0.0024428805336356163,-0.004025314934551716,-0.0038944436237215996,0.008945304900407791,-0.005444767884910107,-0.0028428039513528347,0.00026334566064178944
development,2012-11,2012-12,0.002755217719823122,-0.0008012589532881975,-0.00308678625151515,-0.004316743463277817,-0.011944171041250229,-0.00570016959682107,-0.0028089117258787155,0.0006439398275688291
development,2012-12,2013-01,-0.008499826304614544,-0.010388930328190327,0.009939593262970448,0.0019230430480092764,-0.0034314964432269335,0.007923723198473454,0.006330874282866716,-0.009510504081845284
development,2013-01,2013-02,-0.0053085400722920895,-0.008872274309396744,-0.0075522190891206264,-0.010838363319635391,-0.004495034459978342,0.0009662860538810492,-0.0004307643976062536,-0.003491243114694953
development,2013-02,2013-03,0.005887995474040508,-0.0036091264337301254,0.0005395901389420033,-0.0030320461373776197,-0.0003045654157176614,0.01129013579338789,-0.008209661580622196,-0.0027058941777795553
development,2013-03,2013-04,0.002552241552621126,0.0008236158755607903,0.00042469220352359116,-0.005518644582480192,0.002470542211085558,0.0008661056635901332,0.003302335273474455,-0.0021101990714669228
development,2013-04,2013-05,0.0008581237634643912,0.003392851911485195,0.018303629010915756,0.013080939650535583,-0.001086850417777896,0.009345478378236294,-0.0006313635967671871,-0.010200736112892628
development,2013-05,2013-06,-0.002518362831324339,-0.006708256900310516,-0.005058073904365301,-0.008303175680339336,-0.004689778201282024,0.005141625180840492,-0.003791484283283353,-0.006473428104072809
development,2013-06,2013-07,-0.005631229840219021,-0.0005046590231359005,0.015236295759677887,0.00993020087480545,-0.0035789222456514835,0.008760166354477406,0.00403860118240118,1.846766099333763e-05
development,2013-07,2013-08,0.0013294108211994171,0.0006110838148742914,0.0019017970189452171,0.005228765308856964,-0.0015903895255178213,0.003434824990108609,0.00015630642883479595,-0.002702337224036455
development,2013-08,2013-09,0.0052913473919034,0.006532768718898296,0.012746788561344147,0.012073981575667858,0.003970673773437738,0.011598674580454826,-0.002001000102609396,-0.007883516140282154
development,2013-09,2013-10,-0.0010354062542319298,-0.005436996463686228,-0.014821615070104599,-0.02074202336370945,-0.011748298071324825,-0.017390625551342964,-0.005926540121436119,0.005914278794080019
development,2013-10,2013-11,0.00015276059275493026,-0.0022786809131503105,0.010007141157984734,0.006456733215600252,0.006314287893474102,0.0016986512346193194,0.004319661762565374,-0.0007997332722879946
development,2013-11,2013-12,0.0026332498528063297,-0.005912312306463718,0.010146981105208397,0.008956123143434525,0.00289470748975873,0.015766676515340805,0.0011819712817668915,-0.010194411501288414
development,2013-12,2014-01,-0.0208439901471138,-0.013539871200919151,0.02939404919743538,0.0412081778049469,0.007506085559725761,0.027398645877838135,0.02256225049495697,-0.020760459825396538
development,2014-01,2014-02,0.002660900354385376,0.0028890063986182213,0.008481329306960106,0.004989273846149445,0.005538454279303551,0.005631575360894203,0.0022830134257674217,0.0022627166472375393
development,2014-02,2014-03,-0.010158577933907509,-0.006241636350750923,-0.019170276820659637,-0.02178065851330757,-0.01319188717752695,-0.014710407704114914,-0.0009232111042365432,0.007613367401063442
development,2014-03,2014-04,0.003953874111175537,0.003860903438180685,-0.028894122689962387,-0.036202725023031235,-0.013376224786043167,-0.02563995122909546,-0.004184640012681484,0.01991363614797592
development,2014-04,2014-05,0.005395908374339342,0.006839283742010593,-0.006042397581040859,-0.01440244261175394,-0.0008941831765696406,-0.005626433528959751,-0.0021685976535081863,0.0008551045320928097
development,2014-05,2014-06,0.005818524397909641,-0.0029834045562893152,0.016604213044047356,0.015351521782577038,0.0009946348145604134,0.018510492518544197,-0.006055773701518774,-0.007701128721237183
development,2014-06,2014-07,-0.005319275893270969,0.001727960305288434,-0.01687571592628956,-0.017399828881025314,-0.0013550054281949997,-0.014267150312662125,0.0051077282987535,0.00962649006396532
development,2014-07,2014-08,0.011413232423365116,0.006802748888731003,0.004987375345081091,0.003570260712876916,0.006980787497013807,-0.0013883276842534542,0.0005835862830281258,-0.0007571247406303883
development,2014-08,2014-09,-0.0014306216035038233,-0.008696462027728558,-0.01123456284403801,-0.014103004708886147,-0.005910000763833523,-0.006019234657287598,-0.0034394175745546818,-0.0018277415074408054
development,2014-09,2014-10,0.013075803406536579,0.011355657130479813,-0.013959385454654694,-0.01639588735997677,-0.009051645174622536,-0.020999202504754066,-0.015258010476827621,0.012446577660739422
development,2014-10,2014-11,0.003939355723559856,0.0025984446983784437,-0.006538533605635166,-0.005755575839430094,0.004521885886788368,-0.0045588756911456585,0.0010906090028584003,0.0075255753472447395
development,2014-11,2014-12,0.006529473699629307,-0.0088864890858531,-0.0005823412793688476,0.0016596064670011401,-0.007928894832730293,0.012654494494199753,-0.007562793791294098,-0.0016219114186242223
development,2014-12,2015-01,-0.0003518679877743125,-0.002779433038085699,0.0041192942298948765,0.00339372712187469,0.011902712285518646,0.004869822412729263,0.009525581263005733,-0.0050861709751188755
development,2015-01,2015-02,0.008963664062321186,0.008430758491158485,0.015917420387268066,0.016752980649471283,0.0034703437704592943,0.006711283698678017,-0.0009030681103467941,-0.004004830960184336
development,2015-02,2015-03,0.005880117882043123,-0.0029643666930496693,-0.011781577952206135,-0.01541193202137947,-0.0011262279003858566,-0.0022591669112443924,-0.011895773932337761,0.0030796509236097336
development,2015-03,2015-04,-0.013558031991124153,0.006066407077014446,0.0024662900250405073,0.007205690257251263,-0.015709007158875465,-0.009698214009404182,0.006972924806177616,0.00011426000855863094
development,2015-04,2015-05,0.0031855436973273754,-0.0012697986094281077,0.006726449355483055,0.005028366111218929,0.005075732246041298,0.014116697944700718,-0.002520934445783496,-0.007197709288448095
development,2015-05,2015-06,-0.00021790876053273678,-0.006671452894806862,-0.005283455830067396,-0.006401898339390755,0.0003595381567720324,-0.0007712490623816848,-0.006724868435412645,-0.005546352826058865
development,2015-06,2015-07,0.007605866529047489,-0.0029614968225359917,-0.02370421774685383,-0.028065089136362076,0.008828290738165379,-0.009150217287242413,-0.004894428886473179,0.005900172516703606
development,2015-07,2015-08,-0.01521266158670187,-0.013632687740027905,-0.006618148647248745,-0.007861489430069923,-0.018824618309736252,-0.009714302606880665,0.004588359966874123,0.002615491859614849
development,2015-08,2015-09,-0.008365812711417675,-0.020776938647031784,-0.029093142598867416,-0.03141772001981735,-0.012116016820073128,-0.024177992716431618,0.004770792555063963,0.012082318775355816
development,2015-09,2015-10,0.007427292875945568,0.012624306604266167,0.0004251740174368024,-0.008572107180953026,-0.0021987701766192913,-0.024670090526342392,0.0005874000489711761,0.0112976199015975
development,2015-10,2015-11,-0.0036721830256283283,0.002447074744850397,0.016270089894533157,0.010803161188960075,0.00955059751868248,0.012715185061097145,0.00860979687422514,-0.007801580708473921
development,2015-11,2015-12,0.004787752404808998,-0.001919933594763279,-0.017755158245563507,-0.012331410311162472,0.010933583602309227,-0.009313063696026802,-0.0027405754663050175,0.001270175795070827
development,2015-12,2016-01,-0.010736983269453049,-0.010732671245932579,-0.03832392394542694,-0.038536105304956436,0.009466206654906273,-0.0381154827773571,0.013555863872170448,0.013896804302930832
development,2016-01,2016-02,0.004584762267768383,0.008637609891593456,-0.00657566636800766,-0.004457958973944187,0.00819051917642355,-0.017964741215109825,0.0068985335528850555,0.008906077593564987
development,2016-02,2016-03,0.00022578309290111065,-0.002112101996317506,0.011870762333273888,0.007498013786971569,-0.020727481693029404,0.002367280423641205,-0.006422026082873344,0.0031879041343927383
development,2016-03,2016-04,-0.013543856330215931,-0.005140971392393112,0.01233626902103424,0.006852865219116211,-0.025713197886943817,0.0036089341156184673,-0.005867059342563152,-0.0016787366475909948
development,2016-04,2016-05,0.005552084185183048,0.008824956603348255,-0.002701990772038698,-0.011145108379423618,0.0019099966157227755,-0.004443292506039143,0.00043729995377361774,-0.002756155328825116
development,2016-05,2016-06,-0.0063874730840325356,-0.009675521403551102,-0.009249765425920486,-0.006707764230668545,0.003740848507732153,-0.005276963114738464,0.01190652884542942,-0.004278181120753288
development,2016-06,2016-07,-0.00023554192739538848,0.004428393207490444,0.012553900480270386,0.016585571691393852,0.003316091140732169,0.0009314152412116528,0.0060465652495622635,-0.002834129612892866
development,2016-07,2016-08,-0.006942645646631718,-0.007712935097515583,0.0029996647499501705,0.0031459685415029526,-0.008017013780772686,0.005778430961072445,-0.0029651951044797897,0.0023596053943037987
development,2016-08,2016-09,0.00012431817594915628,0.011063307523727417,0.013821205124258995,0.015807248651981354,-0.0198651235550642,0.02352171763777733,-0.016242826357483864,0.0005166857736185193
development,2016-09,2016-10,0.001966761890798807,-0.010940415784716606,-0.03674549236893654,-0.04595724120736122,-0.0028964036609977484,-0.0328359454870224,-0.006136830896139145,0.008529606275260448
development,2016-10,2016-11,-0.011040962301194668,-0.016026020050048828,-0.012376688420772552,-0.026250401511788368,-0.025770781561732292,-0.008251408115029335,-0.020782630890607834,0.020098255947232246
development,2016-11,2016-12,-0.010140377096831799,-0.01872866600751877,-0.028350908309221268,-0.03292960301041603,-0.012657965533435345,-0.019529666751623154,-0.011613450944423676,0.009637553244829178
development,2016-12,2017-01,-0.002968358341604471,0.008018858730793,0.01246651727706194,0.015613510273396969,0.008930825628340244,0.00738523667678237,0.01536533609032631,-0.0037028491497039795
development,2017-01,2017-02,0.009918168187141418,0.010334745049476624,0.001099359942600131,0.004856957588344812,-0.002835230203345418,0.0006705638952553272,-0.0033122259192168713,0.0013336181873455644
development,2017-02,2017-03,0.008853216655552387,0.012660369277000427,0.009252677671611309,0.011901268735527992,0.002279455540701747,0.0018857744289562106,0.00658187922090292,-0.006767062470316887
development,2017-03,2017-04,0.00845942273736,0.008098247461020947,-0.008996387012302876,-0.009569620713591576,0.0065807076171040535,-0.016164662316441536,0.0002202015311922878,0.0011148072080686688
development,2017-04,2017-05,0.01740972138941288,0.011532720178365707,-0.011728055775165558,-0.01317035686224699,0.0076340436935424805,-0.00968240201473236,0.0024249586276710033,1.0565854609012604e-05
development,2017-05,2017-06,-0.0006791256018914282,-0.0024766097776591778,0.014853376895189285,0.01715896651148796,-0.0022758706472814083,0.006040025968104601,0.0014919859822839499,4.487135447561741e-05
development,2017-06,2017-07,0.003493855008855462,0.002014764118939638,-0.009821620769798756,-0.014680447056889534,-0.005674123764038086,-0.005051278043538332,-0.004749627783894539,0.010245012119412422
development,2017-07,2017-08,0.013403072953224182,0.012233775109052658,0.005043681710958481,0.0011582430452108383,0.0005264109349809587,0.0020216922275722027,0.002638094360008836,0.002493965905159712
development,2017-08,2017-09,-0.024118226021528244,0.008699101395905018,0.01641126349568367,0.02317027747631073,-0.00664133857935667,0.009831171482801437,0.001401534304022789,-0.006259780377149582
development,2017-09,2017-10,0.006384568754583597,0.0010568026918917894,-0.009624272584915161,-0.019288666546344757,-0.009090574458241463,-0.0057562170550227165,-0.0028129329439252615,0.006295917090028524
development,2017-10,2017-11,-9.75669827312231e-05,0.0033233261201530695,-0.00408422714099288,0.001510004629381001,-0.001130194403231144,-0.006115023046731949,-0.0018095001578330994,0.007642607670277357
development,2017-11,2017-12,-0.00417075352743268,-0.00036520790308713913,0.010177349671721458,0.011170470155775547,0.0071855876594781876,0.01504688523709774,-0.0001037402544170618,-0.008764034137129784
development,2017-12,2018-01,-0.0018993591656908393,0.00789709948003292,0.008295041508972645,0.00016237818636000156,0.01012180931866169,-0.002631131326779723,0.011519896797835827,-0.0009109018137678504
development,2018-01,2018-02,0.0038062511011958122,0.003695825347676873,0.0012670594733208418,-0.0040427460335195065,0.003383534960448742,-0.005696721840649843,0.002088137436658144,-0.0029258537106215954
development,2018-02,2018-03,0.0006252172752283514,-0.006064326502382755,-0.005513188894838095,-0.0010548565769568086,-0.007426468189805746,-0.00017494347412139177,-0.00788267981261015,-0.004302251618355513
development,2018-03,2018-04,0.0014043193077668548,0.005989422556012869,-0.002760942094027996,-0.002377890283241868,-0.004456294700503349,0.0013077198527753353,-0.005762377288192511,0.009609857574105263
development,2018-04,2018-05,0.005363586358726025,0.009829865768551826,0.02113191783428192,0.01905341073870659,0.008214745670557022,0.01541493833065033,0.0026068103034049273,-0.012747915461659431
development,2018-05,2018-06,0.009257826954126358,-0.0032095296774059534,-0.004821652080863714,-0.00295633333735168,-0.0003850803477689624,0.008137110620737076,-0.01607542857527733,-0.0054583363234996796
development,2018-06,2018-07,0.012380795553326607,0.008961837738752365,-0.014995330013334751,-0.020861277356743813,0.00037173309829086065,-0.019279956817626953,-0.0037586838006973267,0.0078021991066634655
development,2018-07,2018-08,0.01207861676812172,0.020332254469394684,0.018171656876802444,0.020632179453969002,0.015004396438598633,0.012954852543771267,-0.00031123042572289705,0.0008560820715501904
development,2018-08,2018-09,0.0007058598566800356,0.005399902351200581,0.002725541591644287,0.0014449376612901688,0.001813362119719386,0.0006163924699649215,-0.0002430618624202907,-0.001846148632466793
development,2018-09,2018-10,-0.013901622034609318,-0.011767519637942314,-0.02764354832470417,-0.028516322374343872,-0.005610032472759485,-0.026222679764032364,0.010182049125432968,0.006905579008162022
development,2018-10,2018-11,0.013107286766171455,0.009861713275313377,-0.018124056980013847,-0.017355995252728462,-0.00966098252683878,-0.018386978656053543,-0.006282161921262741,0.015160668641328812
development,2018-11,2018-12,0.0053834738209843636,-0.002926932880654931,-0.031644321978092194,-0.0299675390124321,-0.0030763570684939623,-0.018153809010982513,-0.0031790423672646284,0.01228368654847145
development,2018-12,2019-01,-0.015093276277184486,0.007520637474954128,0.04511244595050812,0.054451070725917816,0.021820440888404846,0.029003644362092018,0.006876504980027676,-0.026224426925182343
development,2019-01,2019-02,-0.0003605870879255235,0.0038616792298853397,0.011131949722766876,0.013726525008678436,0.0017832656158134341,0.0005625112680718303,0.0011755641316995025,-0.003999152220785618
development,2019-02,2019-03,-0.005094799213111401,0.012741640210151672,0.013940002769231796,0.014650668017566204,0.009849881753325462,0.009194055572152138,0.012638476677238941,-0.010178400203585625
development,2019-03,2019-04,0.007881272584199905,0.0003145095251966268,-0.015962515026330948,-0.021178901195526123,-0.007393352687358856,-0.012732026167213917,-0.012995614670217037,0.0091148242354393
development,2019-04,2019-05,-0.013427495025098324,-0.006903202272951603,-0.021452078595757484,-0.01517454069107771,0.007467437069863081,-0.0030939150601625443,0.009251067414879799,-0.0004882966168224812
development,2019-05,2019-06,0.02136996015906334,0.013948071748018265,-0.00978722795844078,-0.012304875068366528,0.005931867752224207,-0.016973935067653656,-0.010228898376226425,0.011378111317753792
development,2019-06,2019-07,0.00856489222496748,-0.0017046865541487932,-0.01785561442375183,-0.02461150288581848,0.0009908992797136307,-0.017044957727193832,0.001908768666908145,0.010814372450113297
development,2019-07,2019-08,0.0012458869023248553,-0.0039322287775576115,-0.0212363563477993,-0.005814161151647568,0.012943885289132595,-0.00522984005510807,0.0007843198254704475,0.009090960025787354
development,2019-08,2019-09,0.002874769503250718,-0.013024779036641121,-0.019304554909467697,-0.02342205122113228,-0.028103545308113098,-0.0272498931735754,-0.006482299882918596,0.010260296054184437
development,2019-09,2019-10,0.009309723973274231,0.011900586076080799,-0.01539529301226139,-0.009655957110226154,0.009673587046563625,-0.015869740396738052,-0.009837153367698193,0.015526815317571163
development,2019-10,2019-11,0.011304501444101334,0.0058308192528784275,0.006830494850873947,0.011340446770191193,0.004974089562892914,0.006614875979721546,-0.01076259184628725,0.0015994715504348278
development,2019-11,2019-12,-0.0188888069242239,-0.01073279045522213,0.025432594120502472,0.01664300449192524,-0.019306818023324013,0.017266307026147842,-0.00043210084550082684,-0.01213858276605606
