true_dimension,months,asset_count,signal,rho,spanning,geometry,evaluation,candidate_dimension,selected_count,selection_rate,selection_ci_low,selection_ci_high
1,72,25,strong,0.0,full,equal,oracle,1,3000,1.0,0.9987211512746742,1.0000000000000002
1,72,25,strong,0.0,full,equal,oracle,2,0,0.0,0.0,0.0012788487253259629
1,72,25,strong,0.0,full,equal,oracle,3,0,0.0,0.0,0.0012788487253259629
1,72,25,strong,0.0,full,equal,oracle,4,0,0.0,0.0,0.0012788487253259629
1,72,25,strong,0.0,full,equal,oracle,5,0,0.0,0.0,0.0012788487253259629
1,72,25,strong,0.0,full,equal,oracle,8,0,0.0,0.0,0.0012788487253259629
1,72,25,strong,0.0,full,equal,feasible,1,1396,0.4653333333333333,0.447540142970134,0.48321519054148854
1,72,25,strong,0.0,full,equal,feasible,2,496,0.16533333333333333,0.1524698946498182,0.17905274809699995
1,72,25,strong,0.0,full,equal,feasible,3,327,0.109,0.09834428966067715,0.12065577004252773
1,72,25,strong,0.0,full,equal,feasible,4,253,0.08433333333333333,0.0749131829751923,0.09481663326512867
1,72,25,strong,0.0,full,equal,feasible,5,262,0.08733333333333333,0.07775114040012965,0.09797100274783938
1,72,25,strong,0.0,full,equal,feasible,8,266,0.08866666666666667,0.07901360649644529,0.09937179305492286
1,72,25,strong,0.0,full,hj,oracle,1,3000,1.0,0.9987211512746742,1.0000000000000002
1,72,25,strong,0.0,full,hj,oracle,2,0,0.0,0.0,0.0012788487253259629
1,72,25,strong,0.0,full,hj,oracle,3,0,0.0,0.0,0.0012788487253259629
1,72,25,strong,0.0,full,hj,oracle,4,0,0.0,0.0,0.0012788487253259629
1,72,25,strong,0.0,full,hj,oracle,5,0,0.0,0.0,0.0012788487253259629
1,72,25,strong,0.0,full,hj,oracle,8,0,0.0,0.0,0.0012788487253259629
1,72,25,strong,0.0,full,hj,feasible,1,1501,0.5003333333333333,0.4824524137848881,0.5182134003159616
1,72,25,strong,0.0,full,hj,feasible,2,529,0.17633333333333334,0.16311232913403187,0.19038217894082912
1,72,25,strong,0.0,full,hj,feasible,3,327,0.109,0.09834428966067715,0.12065577004252773
1,72,25,strong,0.0,full,hj,feasible,4,240,0.08,0.07082054503843029,0.09025368789084352
1,72,25,strong,0.0,full,hj,feasible,5,220,0.07333333333333333,0.06454074216888286,0.08321720874339528
1,72,25,strong,0.0,full,hj,feasible,8,183,0.061,0.05298433102545966,0.07013849815537654
1,72,25,strong,0.0,weak_tail,equal,oracle,1,3000,1.0,0.9987211512746742,1.0000000000000002
1,72,25,strong,0.0,weak_tail,equal,oracle,2,0,0.0,0.0,0.0012788487253259629
1,72,25,strong,0.0,weak_tail,equal,oracle,3,0,0.0,0.0,0.0012788487253259629
1,72,25,strong,0.0,weak_tail,equal,oracle,4,0,0.0,0.0,0.0012788487253259629
1,72,25,strong,0.0,weak_tail,equal,oracle,5,0,0.0,0.0,0.0012788487253259629
1,72,25,strong,0.0,weak_tail,equal,oracle,8,0,0.0,0.0,0.0012788487253259629
1,72,25,strong,0.0,weak_tail,equal,feasible,1,1403,0.4676666666666667,0.4498648962635153,0.4855511359540558
1,72,25,strong,0.0,weak_tail,equal,feasible,2,505,0.16833333333333333,0.15537035766425142,0.18214461199021478
1,72,25,strong,0.0,weak_tail,equal,feasible,3,298,0.09933333333333333,0.08913702285967337,0.11055442791888781
1,72,25,strong,0.0,weak_tail,equal,feasible,4,258,0.086,0.07648937686404016,0.09656950988052972
1,72,25,strong,0.0,weak_tail,equal,feasible,5,267,0.089,0.07932933111699066,0.09972188253522728
1,72,25,strong,0.0,weak_tail,equal,feasible,8,269,0.08966666666666667,0.07996090854689362,0.10042193330702388
1,72,25,strong,0.0,weak_tail,hj,oracle,1,3000,1.0,0.9987211512746742,1.0000000000000002
1,72,25,strong,0.0,weak_tail,hj,oracle,2,0,0.0,0.0,0.0012788487253259629
1,72,25,strong,0.0,weak_tail,hj,oracle,3,0,0.0,0.0,0.0012788487253259629
1,72,25,strong,0.0,weak_tail,hj,oracle,4,0,0.0,0.0,0.0012788487253259629
1,72,25,strong,0.0,weak_tail,hj,oracle,5,0,0.0,0.0,0.0012788487253259629
1,72,25,strong,0.0,weak_tail,hj,oracle,8,0,0.0,0.0,0.0012788487253259629
1,72,25,strong,0.0,weak_tail,hj,feasible,1,1521,0.507,0.4891123009584909,0.5248697951593545
1,72,25,strong,0.0,weak_tail,hj,feasible,2,524,0.17466666666666666,0.16149854939223787,0.1886668881783742
1,72,25,strong,0.0,weak_tail,hj,feasible,3,303,0.101,0.09072237153681008,0.11229814974600004
1,72,25,strong,0.0,weak_tail,hj,feasible,4,245,0.08166666666666667,0.07239367990574448,0.09200962352777824
1,72,25,strong,0.0,weak_tail,hj,feasible,5,216,0.072,0.06328737179829913,0.08180732271057986
1,72,25,strong,0.0,weak_tail,hj,feasible,8,191,0.06366666666666666,0.05547551891601099,0.07297382307162345
1,72,25,strong,0.7,full,equal,oracle,1,3000,1.0,0.9987211512746742,1.0000000000000002
1,72,25,strong,0.7,full,equal,oracle,2,0,0.0,0.0,0.0012788487253259629
1,72,25,strong,0.7,full,equal,oracle,3,0,0.0,0.0,0.0012788487253259629
1,72,25,strong,0.7,full,equal,oracle,4,0,0.0,0.0,0.0012788487253259629
1,72,25,strong,0.7,full,equal,oracle,5,0,0.0,0.0,0.0012788487253259629
1,72,25,strong,0.7,full,equal,oracle,8,0,0.0,0.0,0.0012788487253259629
1,72,25,strong,0.7,full,equal,feasible,1,1374,0.458,0.4402363275196907,0.47587109577323666
1,72,25,strong,0.7,full,equal,feasible,2,423,0.141,0.12900504479605657,0.15391316858872744
1,72,25,strong,0.7,full,equal,feasible,3,311,0.10366666666666667,0.09326080066579004,0.11508623342381835
1,72,25,strong,0.7,full,equal,feasible,4,232,0.07733333333333334,0.06830611632786679,0.08744160379460875
1,72,25,strong,0.7,full,equal,feasible,5,255,0.085,0.07554352413105025,0.09551792031097028
1,72,25,strong,0.7,full,equal,feasible,8,405,0.135,0.12323749349046723,0.14769606607902072
1,72,25,strong,0.7,full,hj,oracle,1,3000,1.0,0.9987211512746742,1.0000000000000002
1,72,25,strong,0.7,full,hj,oracle,2,0,0.0,0.0,0.0012788487253259629
1,72,25,strong,0.7,full,hj,oracle,3,0,0.0,0.0,0.0012788487253259629
1,72,25,strong,0.7,full,hj,oracle,4,0,0.0,0.0,0.0012788487253259629
1,72,25,strong,0.7,full,hj,oracle,5,0,0.0,0.0,0.0012788487253259629
1,72,25,strong,0.7,full,hj,oracle,8,0,0.0,0.0,0.0012788487253259629
1,72,25,strong,0.7,full,hj,feasible,1,1501,0.5003333333333333,0.4824524137848881,0.5182134003159616
1,72,25,strong,0.7,full,hj,feasible,2,537,0.179,0.1656953054242355,0.19312571545742374
1,72,25,strong,0.7,full,hj,feasible,3,323,0.10766666666666666,0.09707261141658088,0.11926419188322487
1,72,25,strong,0.7,full,hj,feasible,4,270,0.09,0.08027676092797803,0.10077189502678924
1,72,25,strong,0.7,full,hj,feasible,5,204,0.068,0.0595328433782643,0.07757208192041733
1,72,25,strong,0.7,full,hj,feasible,8,165,0.055,0.047396448984681316,0.06374172638085879
1,72,25,strong,0.7,weak_tail,equal,oracle,1,3000,1.0,0.9987211512746742,1.0000000000000002
1,72,25,strong,0.7,weak_tail,equal,oracle,2,0,0.0,0.0,0.0012788487253259629
1,72,25,strong,0.7,weak_tail,equal,oracle,3,0,0.0,0.0,0.0012788487253259629
1,72,25,strong,0.7,weak_tail,equal,oracle,4,0,0.0,0.0,0.0012788487253259629
1,72,25,strong,0.7,weak_tail,equal,oracle,5,0,0.0,0.0,0.0012788487253259629
1,72,25,strong,0.7,weak_tail,equal,oracle,8,0,0.0,0.0,0.0012788487253259629
1,72,25,strong,0.7,weak_tail,equal,feasible,1,1353,0.451,0.43326812531684716,0.4688572018582348
1,72,25,strong,0.7,weak_tail,equal,feasible,2,408,0.136,0.12419820572712538,0.14873279614491194
1,72,25,strong,0.7,weak_tail,equal,feasible,3,283,0.09433333333333334,0.08438660427552336,0.10531763499029112
1,72,25,strong,0.7,weak_tail,equal,feasible,4,230,0.07666666666666666,0.06767802120373247,0.0867380707170435
1,72,25,strong,0.7,weak_tail,equal,feasible,5,285,0.095,0.08501949220596522,0.1060163752615488
1,72,25,strong,0.7,weak_tail,equal,feasible,8,441,0.147,0.13478020979124428,0.16012265740883586
1,72,25,strong,0.7,weak_tail,hj,oracle,1,3000,1.0,0.9987211512746742,1.0000000000000002
1,72,25,strong,0.7,weak_tail,hj,oracle,2,0,0.0,0.0,0.0012788487253259629
1,72,25,strong,0.7,weak_tail,hj,oracle,3,0,0.0,0.0,0.0012788487253259629
1,72,25,strong,0.7,weak_tail,hj,oracle,4,0,0.0,0.0,0.0012788487253259629
1,72,25,strong,0.7,weak_tail,hj,oracle,5,0,0.0,0.0,0.0012788487253259629
1,72,25,strong,0.7,weak_tail,hj,oracle,8,0,0.0,0.0,0.0012788487253259629
1,72,25,strong,0.7,weak_tail,hj,feasible,1,1502,0.5006666666666667,0.4827853327404069,0.5185462954612928
1,72,25,strong,0.7,weak_tail,hj,feasible,2,551,0.18366666666666667,0.17021821074422575,0.19792420754933046
1,72,25,strong,0.7,weak_tail,hj,feasible,3,337,0.11233333333333333,0.10152575495684299,0.12413244575485971
1,72,25,strong,0.7,weak_tail,hj,feasible,4,227,0.07566666666666666,0.06673627246331723,0.08568237715490937
1,72,25,strong,0.7,weak_tail,hj,feasible,5,191,0.06366666666666666,0.05547551891601099,0.07297382307162345
1,72,25,strong,0.7,weak_tail,hj,feasible,8,192,0.064,0.055787227577051686,0.07332792851143254
1,72,25,weak,0.0,full,equal,oracle,1,3000,1.0,0.9987211512746742,1.0000000000000002
1,72,25,weak,0.0,full,equal,oracle,2,0,0.0,0.0,0.0012788487253259629
1,72,25,weak,0.0,full,equal,oracle,3,0,0.0,0.0,0.0012788487253259629
1,72,25,weak,0.0,full,equal,oracle,4,0,0.0,0.0,0.0012788487253259629
1,72,25,weak,0.0,full,equal,oracle,5,0,0.0,0.0,0.0012788487253259629
1,72,25,weak,0.0,full,equal,oracle,8,0,0.0,0.0,0.0012788487253259629
1,72,25,weak,0.0,full,equal,feasible,1,1451,0.4836666666666667,0.4658165878733658,0.5015585211849949
1,72,25,weak,0.0,full,equal,feasible,2,498,0.166,0.15311430791425504,0.17973996303426273
1,72,25,weak,0.0,full,equal,feasible,3,317,0.10566666666666667,0.09516609321057438,0.1171758254841327
1,72,25,weak,0.0,full,equal,feasible,4,219,0.073,0.0642273151202552,0.08286482169117315
1,72,25,weak,0.0,full,equal,feasible,5,254,0.08466666666666667,0.07522833065847884,0.09516729968269191
1,72,25,weak,0.0,full,equal,feasible,8,261,0.087,0.07743563308366241,0.09762069596345682
1,72,25,weak,0.0,full,hj,oracle,1,3000,1.0,0.9987211512746742,1.0000000000000002
1,72,25,weak,0.0,full,hj,oracle,2,0,0.0,0.0,0.0012788487253259629
1,72,25,weak,0.0,full,hj,oracle,3,0,0.0,0.0,0.0012788487253259629
1,72,25,weak,0.0,full,hj,oracle,4,0,0.0,0.0,0.0012788487253259629
1,72,25,weak,0.0,full,hj,oracle,5,0,0.0,0.0,0.0012788487253259629
1,72,25,weak,0.0,full,hj,oracle,8,0,0.0,0.0,0.0012788487253259629
1,72,25,weak,0.0,full,hj,feasible,1,1561,0.5203333333333333,0.502441605220763,0.5381730549310737
1,72,25,weak,0.0,full,hj,feasible,2,522,0.174,0.1608531639130219,0.1879806454558906
1,72,25,weak,0.0,full,hj,feasible,3,317,0.10566666666666667,0.09516609321057438,0.1171758254841327
1,72,25,weak,0.0,full,hj,feasible,4,193,0.06433333333333334,0.05609900349433693,0.07368196669499709
1,72,25,weak,0.0,full,hj,feasible,5,216,0.072,0.06328737179829913,0.08180732271057986
1,72,25,weak,0.0,full,hj,feasible,8,191,0.06366666666666666,0.05547551891601099,0.07297382307162345
1,72,25,weak,0.0,weak_tail,equal,oracle,1,3000,1.0,0.9987211512746742,1.0000000000000002
1,72,25,weak,0.0,weak_tail,equal,oracle,2,0,0.0,0.0,0.0012788487253259629
1,72,25,weak,0.0,weak_tail,equal,oracle,3,0,0.0,0.0,0.0012788487253259629
1,72,25,weak,0.0,weak_tail,equal,oracle,4,0,0.0,0.0,0.0012788487253259629
1,72,25,weak,0.0,weak_tail,equal,oracle,5,0,0.0,0.0,0.0012788487253259629
1,72,25,weak,0.0,weak_tail,equal,oracle,8,0,0.0,0.0,0.0012788487253259629
1,72,25,weak,0.0,weak_tail,equal,feasible,1,1406,0.4686666666666667,0.4508613389253555,0.48655213559476496
1,72,25,weak,0.0,weak_tail,equal,feasible,2,510,0.17,0.15698239002154446,0.1838616501371707
1,72,25,weak,0.0,weak_tail,equal,feasible,3,322,0.10733333333333334,0.09675477455236149,0.1189162146465945
1,72,25,weak,0.0,weak_tail,equal,feasible,4,253,0.08433333333333333,0.0749131829751923,0.09481663326512867
1,72,25,weak,0.0,weak_tail,equal,feasible,5,255,0.085,0.07554352413105025,0.09551792031097028
1,72,25,weak,0.0,weak_tail,equal,feasible,8,254,0.08466666666666667,0.07522833065847884,0.09516729968269191
1,72,25,weak,0.0,weak_tail,hj,oracle,1,3000,1.0,0.9987211512746742,1.0000000000000002
1,72,25,weak,0.0,weak_tail,hj,oracle,2,0,0.0,0.0,0.0012788487253259629
1,72,25,weak,0.0,weak_tail,hj,oracle,3,0,0.0,0.0,0.0012788487253259629
1,72,25,weak,0.0,weak_tail,hj,oracle,4,0,0.0,0.0,0.0012788487253259629
1,72,25,weak,0.0,weak_tail,hj,oracle,5,0,0.0,0.0,0.0012788487253259629
1,72,25,weak,0.0,weak_tail,hj,oracle,8,0,0.0,0.0,0.0012788487253259629
1,72,25,weak,0.0,weak_tail,hj,feasible,1,1524,0.508,0.4901115578991594,0.5258679805212355
1,72,25,weak,0.0,weak_tail,hj,feasible,2,545,0.18166666666666667,0.16827940729540855,0.19586812639304899
1,72,25,weak,0.0,weak_tail,hj,feasible,3,314,0.10466666666666667,0.09421329180776727,0.11613118458439045
1,72,25,weak,0.0,weak_tail,hj,feasible,4,228,0.076,0.06705013576453428,0.08603432795454213
1,72,25,weak,0.0,weak_tail,hj,feasible,5,214,0.07133333333333333,0.0626610280287148,0.08110203827846464
1,72,25,weak,0.0,weak_tail,hj,feasible,8,175,0.058333333333333334,0.05049774759770786,0.06729856877633007
1,72,25,weak,0.7,full,equal,oracle,1,3000,1.0,0.9987211512746742,1.0000000000000002
1,72,25,weak,0.7,full,equal,oracle,2,0,0.0,0.0,0.0012788487253259629
1,72,25,weak,0.7,full,equal,oracle,3,0,0.0,0.0,0.0012788487253259629
1,72,25,weak,0.7,full,equal,oracle,4,0,0.0,0.0,0.0012788487253259629
1,72,25,weak,0.7,full,equal,oracle,5,0,0.0,0.0,0.0012788487253259629
1,72,25,weak,0.7,full,equal,oracle,8,0,0.0,0.0,0.0012788487253259629
1,72,25,weak,0.7,full,equal,feasible,1,1359,0.453,0.4352586784974549,0.47086153328272573
1,72,25,weak,0.7,full,equal,feasible,2,418,0.13933333333333334,0.1274021660500632,0.15218697683047192
1,72,25,weak,0.7,full,equal,feasible,3,277,0.09233333333333334,0.08248889653771861,0.10322045812299714
1,72,25,weak,0.7,full,equal,feasible,4,224,0.07466666666666667,0.06579500409098284,0.08462620322469445
1,72,25,weak,0.7,full,equal,feasible,5,305,0.10166666666666667,0.09135676509962935,0.11299538438488031
1,72,25,weak,0.7,full,equal,feasible,8,417,0.139,0.12708166153818165,0.1518416672415037
1,72,25,weak,0.7,full,hj,oracle,1,3000,1.0,0.9987211512746742,1.0000000000000002
1,72,25,weak,0.7,full,hj,oracle,2,0,0.0,0.0,0.0012788487253259629
1,72,25,weak,0.7,full,hj,oracle,3,0,0.0,0.0,0.0012788487253259629
1,72,25,weak,0.7,full,hj,oracle,4,0,0.0,0.0,0.0012788487253259629
1,72,25,weak,0.7,full,hj,oracle,5,0,0.0,0.0,0.0012788487253259629
1,72,25,weak,0.7,full,hj,oracle,8,0,0.0,0.0,0.0012788487253259629
1,72,25,weak,0.7,full,hj,feasible,1,1514,0.5046666666666667,0.4867809792879964,0.5225404181239006
1,72,25,weak,0.7,full,hj,feasible,2,508,0.16933333333333334,0.1563375207000919,0.18317489125692368
1,72,25,weak,0.7,full,hj,feasible,3,346,0.11533333333333333,0.10439176389237965,0.12725876372697112
1,72,25,weak,0.7,full,hj,feasible,4,212,0.07066666666666667,0.06203491577815216,0.08039652232732775
1,72,25,weak,0.7,full,hj,feasible,5,228,0.076,0.06705013576453428,0.08603432795454213
1,72,25,weak,0.7,full,hj,feasible,8,192,0.064,0.055787227577051686,0.07332792851143254
1,72,25,weak,0.7,weak_tail,equal,oracle,1,3000,1.0,0.9987211512746742,1.0000000000000002
1,72,25,weak,0.7,weak_tail,equal,oracle,2,0,0.0,0.0,0.0012788487253259629
1,72,25,weak,0.7,weak_tail,equal,oracle,3,0,0.0,0.0,0.0012788487253259629
1,72,25,weak,0.7,weak_tail,equal,oracle,4,0,0.0,0.0,0.0012788487253259629
1,72,25,weak,0.7,weak_tail,equal,oracle,5,0,0.0,0.0,0.0012788487253259629
1,72,25,weak,0.7,weak_tail,equal,oracle,8,0,0.0,0.0,0.0012788487253259629
1,72,25,weak,0.7,weak_tail,equal,feasible,1,1402,0.4673333333333333,0.4495327646816128,0.4852174534351085
1,72,25,weak,0.7,weak_tail,equal,feasible,2,418,0.13933333333333334,0.1274021660500632,0.15218697683047192
1,72,25,weak,0.7,weak_tail,equal,feasible,3,263,0.08766666666666667,0.0780666916239497,0.0983212656248691
1,72,25,weak,0.7,weak_tail,equal,feasible,4,228,0.076,0.06705013576453428,0.08603432795454213
1,72,25,weak,0.7,weak_tail,equal,feasible,5,287,0.09566666666666666,0.08565253698168951,0.10671495868752406
1,72,25,weak,0.7,weak_tail,equal,feasible,8,402,0.134,0.1222770045212897,0.1466591127456489
1,72,25,weak,0.7,weak_tail,hj,oracle,1,3000,1.0,0.9987211512746742,1.0000000000000002
1,72,25,weak,0.7,weak_tail,hj,oracle,2,0,0.0,0.0,0.0012788487253259629
1,72,25,weak,0.7,weak_tail,hj,oracle,3,0,0.0,0.0,0.0012788487253259629
1,72,25,weak,0.7,weak_tail,hj,oracle,4,0,0.0,0.0,0.0012788487253259629
1,72,25,weak,0.7,weak_tail,hj,oracle,5,0,0.0,0.0,0.0012788487253259629
1,72,25,weak,0.7,weak_tail,hj,oracle,8,0,0.0,0.0,0.0012788487253259629
1,72,25,weak,0.7,weak_tail,hj,feasible,1,1506,0.502,0.4841170879302668,0.519877796674832
1,72,25,weak,0.7,weak_tail,hj,feasible,2,542,0.18066666666666667,0.1673102384283093,0.1948398529575989
1,72,25,weak,0.7,weak_tail,hj,feasible,3,346,0.11533333333333333,0.10439176389237965,0.12725876372697112
1,72,25,weak,0.7,weak_tail,hj,feasible,4,206,0.06866666666666667,0.06015799866455327,0.07827855483582792
1,72,25,weak,0.7,weak_tail,hj,feasible,5,221,0.07366666666666667,0.06485422493460634,0.08356954007852159
1,72,25,weak,0.7,weak_tail,hj,feasible,8,179,0.059666666666666666,0.0517404459622769,0.06871912681516018
1,72,74,strong,0.0,full,equal,oracle,1,3000,1.0,0.9987211512746742,1.0000000000000002
1,72,74,strong,0.0,full,equal,oracle,2,0,0.0,0.0,0.0012788487253259629
1,72,74,strong,0.0,full,equal,oracle,3,0,0.0,0.0,0.0012788487253259629
1,72,74,strong,0.0,full,equal,oracle,4,0,0.0,0.0,0.0012788487253259629
1,72,74,strong,0.0,full,equal,oracle,5,0,0.0,0.0,0.0012788487253259629
1,72,74,strong,0.0,full,equal,oracle,8,0,0.0,0.0,0.0012788487253259629
1,72,74,strong,0.0,full,equal,feasible,1,1374,0.458,0.4402363275196907,0.47587109577323666
1,72,74,strong,0.0,full,equal,feasible,2,535,0.17833333333333334,0.16504945506000362,0.1924399376199561
1,72,74,strong,0.0,full,equal,feasible,3,304,0.10133333333333333,0.09103955032769631,0.11264678505596357
1,72,74,strong,0.0,full,equal,feasible,4,248,0.08266666666666667,0.07333814007810853,0.09306260565796352
1,72,74,strong,0.0,full,equal,feasible,5,267,0.089,0.07932933111699066,0.09972188253522728
1,72,74,strong,0.0,full,equal,feasible,8,272,0.09066666666666667,0.08090859196634151,0.10147169219012536
1,72,74,strong,0.0,full,hj,oracle,1,3000,1.0,0.9987211512746742,1.0000000000000002
1,72,74,strong,0.0,full,hj,oracle,2,0,0.0,0.0,0.0012788487253259629
1,72,74,strong,0.0,full,hj,oracle,3,0,0.0,0.0,0.0012788487253259629
1,72,74,strong,0.0,full,hj,oracle,4,0,0.0,0.0,0.0012788487253259629
1,72,74,strong,0.0,full,hj,oracle,5,0,0.0,0.0,0.0012788487253259629
1,72,74,strong,0.0,full,hj,oracle,8,0,0.0,0.0,0.0012788487253259629
1,72,74,strong,0.0,full,hj,feasible,1,1492,0.49733333333333335,0.47945650033969844,0.5152169868535034
1,72,74,strong,0.0,full,hj,feasible,2,567,0.189,0.17539133639121252,0.20340410751594024
1,72,74,strong,0.0,full,hj,feasible,3,303,0.101,0.09072237153681008,0.11229814974600004
1,72,74,strong,0.0,full,hj,feasible,4,230,0.07666666666666666,0.06767802120373247,0.0867380707170435
1,72,74,strong,0.0,full,hj,feasible,5,222,0.074,0.06516776307117575,0.08392181604280197
1,72,74,strong,0.0,full,hj,feasible,8,186,0.062,0.053918001831646106,0.07120226965173942
1,72,74,strong,0.0,weak_tail,equal,oracle,1,3000,1.0,0.9987211512746742,1.0000000000000002
1,72,74,strong,0.0,weak_tail,equal,oracle,2,0,0.0,0.0,0.0012788487253259629
1,72,74,strong,0.0,weak_tail,equal,oracle,3,0,0.0,0.0,0.0012788487253259629
1,72,74,strong,0.0,weak_tail,equal,oracle,4,0,0.0,0.0,0.0012788487253259629
1,72,74,strong,0.0,weak_tail,equal,oracle,5,0,0.0,0.0,0.0012788487253259629
1,72,74,strong,0.0,weak_tail,equal,oracle,8,0,0.0,0.0,0.0012788487253259629
1,72,74,strong,0.0,weak_tail,equal,feasible,1,1430,0.4766666666666667,0.4588354647967835,0.49455754814373176
1,72,74,strong,0.0,weak_tail,equal,feasible,2,531,0.177,0.1637579666024505,0.19106816967411006
1,72,74,strong,0.0,weak_tail,equal,feasible,3,289,0.09633333333333334,0.08628573714307874,0.10741338672783443
1,72,74,strong,0.0,weak_tail,equal,feasible,4,240,0.08,0.07082054503843029,0.09025368789084352
1,72,74,strong,0.0,weak_tail,equal,feasible,5,250,0.08333333333333333,0.07396801712888289,0.09376435680888874
1,72,74,strong,0.0,weak_tail,equal,feasible,8,260,0.08666666666666667,0.07712016990203277,0.09727034504423668
1,72,74,strong,0.0,weak_tail,hj,oracle,1,3000,1.0,0.9987211512746742,1.0000000000000002
1,72,74,strong,0.0,weak_tail,hj,oracle,2,0,0.0,0.0,0.0012788487253259629
1,72,74,strong,0.0,weak_tail,hj,oracle,3,0,0.0,0.0,0.0012788487253259629
1,72,74,strong,0.0,weak_tail,hj,oracle,4,0,0.0,0.0,0.0012788487253259629
1,72,74,strong,0.0,weak_tail,hj,oracle,5,0,0.0,0.0,0.0012788487253259629
1,72,74,strong,0.0,weak_tail,hj,oracle,8,0,0.0,0.0,0.0012788487253259629
1,72,74,strong,0.0,weak_tail,hj,feasible,1,1555,0.5183333333333333,0.5004413988680428,0.5361783766786951
1,72,74,strong,0.0,weak_tail,hj,feasible,2,558,0.186,0.1724809241162921,0.2003221928832126
1,72,74,strong,0.0,weak_tail,hj,feasible,3,287,0.09566666666666666,0.08565253698168951,0.10671495868752406
1,72,74,strong,0.0,weak_tail,hj,feasible,4,221,0.07366666666666667,0.06485422493460634,0.08356954007852159
1,72,74,strong,0.0,weak_tail,hj,feasible,5,211,0.07033333333333333,0.061721947412477295,0.08004367659215282
1,72,74,strong,0.0,weak_tail,hj,feasible,8,168,0.056,0.04832599678282378,0.06480962088526569
1,72,74,strong,0.7,full,equal,oracle,1,3000,1.0,0.9987211512746742,1.0000000000000002
1,72,74,strong,0.7,full,equal,oracle,2,0,0.0,0.0,0.0012788487253259629
1,72,74,strong,0.7,full,equal,oracle,3,0,0.0,0.0,0.0012788487253259629
1,72,74,strong,0.7,full,equal,oracle,4,0,0.0,0.0,0.0012788487253259629
1,72,74,strong,0.7,full,equal,oracle,5,0,0.0,0.0,0.0012788487253259629
1,72,74,strong,0.7,full,equal,oracle,8,0,0.0,0.0,0.0012788487253259629
1,72,74,strong,0.7,full,equal,feasible,1,1411,0.4703333333333333,0.45252223635500816,0.4882203086693611
1,72,74,strong,0.7,full,equal,feasible,2,398,0.13266666666666665,0.12099670351507319,0.14527615734846627
1,72,74,strong,0.7,full,equal,feasible,3,245,0.08166666666666667,0.07239367990574448,0.09200962352777824
1,72,74,strong,0.7,full,equal,feasible,4,211,0.07033333333333333,0.061721947412477295,0.08004367659215282
1,72,74,strong,0.7,full,equal,feasible,5,319,0.10633333333333334,0.0958014645991679,0.11787208229723874
1,72,74,strong,0.7,full,equal,feasible,8,416,0.13866666666666666,0.12676118093844366,0.15149633374039187
1,72,74,strong,0.7,full,hj,oracle,1,3000,1.0,0.9987211512746742,1.0000000000000002
1,72,74,strong,0.7,full,hj,oracle,2,0,0.0,0.0,0.0012788487253259629
1,72,74,strong,0.7,full,hj,oracle,3,0,0.0,0.0,0.0012788487253259629
1,72,74,strong,0.7,full,hj,oracle,4,0,0.0,0.0,0.0012788487253259629
1,72,74,strong,0.7,full,hj,oracle,5,0,0.0,0.0,0.0012788487253259629
1,72,74,strong,0.7,full,hj,oracle,8,0,0.0,0.0,0.0012788487253259629
1,72,74,strong,0.7,full,hj,feasible,1,1529,0.5096666666666667,0.49177714493271757,0.5275314639919261
1,72,74,strong,0.7,full,hj,feasible,2,540,0.18,0.1666642127723977,0.19415425041181086
1,72,74,strong,0.7,full,hj,feasible,3,308,0.10266666666666667,0.09230862374464574,0.11404096804241329
1,72,74,strong,0.7,full,hj,feasible,4,243,0.081,0.07176427979665034,0.0913073954351728
1,72,74,strong,0.7,full,hj,feasible,5,217,0.07233333333333333,0.06360062957884215,0.08215987903088666
1,72,74,strong,0.7,full,hj,feasible,8,163,0.05433333333333333,0.046777164892545124,0.06302938227129541
1,72,74,strong,0.7,weak_tail,equal,oracle,1,3000,1.0,0.9987211512746742,1.0000000000000002
1,72,74,strong,0.7,weak_tail,equal,oracle,2,0,0.0,0.0,0.0012788487253259629
1,72,74,strong,0.7,weak_tail,equal,oracle,3,0,0.0,0.0,0.0012788487253259629
1,72,74,strong,0.7,weak_tail,equal,oracle,4,0,0.0,0.0,0.0012788487253259629
1,72,74,strong,0.7,weak_tail,equal,oracle,5,0,0.0,0.0,0.0012788487253259629
1,72,74,strong,0.7,weak_tail,equal,oracle,8,0,0.0,0.0,0.0012788487253259629
1,72,74,strong,0.7,weak_tail,equal,feasible,1,1355,0.45166666666666666,0.4339316108512974,0.4695253445254841
1,72,74,strong,0.7,weak_tail,equal,feasible,2,381,0.127,0.1155600153108971,0.13939400583819606
1,72,74,strong,0.7,weak_tail,equal,feasible,3,274,0.09133333333333334,0.0815405899871373,0.10217132237102912
1,72,74,strong,0.7,weak_tail,equal,feasible,4,243,0.081,0.07176427979665034,0.0913073954351728
1,72,74,strong,0.7,weak_tail,equal,feasible,5,297,0.099,0.08882006331037884,0.11020557336733258
1,72,74,strong,0.7,weak_tail,equal,feasible,8,450,0.15,0.1376705255739948,0.16322466853373332
1,72,74,strong,0.7,weak_tail,hj,oracle,1,3000,1.0,0.9987211512746742,1.0000000000000002
1,72,74,strong,0.7,weak_tail,hj,oracle,2,0,0.0,0.0,0.0012788487253259629
1,72,74,strong,0.7,weak_tail,hj,oracle,3,0,0.0,0.0,0.0012788487253259629
1,72,74,strong,0.7,weak_tail,hj,oracle,4,0,0.0,0.0,0.0012788487253259629
1,72,74,strong,0.7,weak_tail,hj,oracle,5,0,0.0,0.0,0.0012788487253259629
1,72,74,strong,0.7,weak_tail,hj,oracle,8,0,0.0,0.0,0.0012788487253259629
1,72,74,strong,0.7,weak_tail,hj,feasible,1,1536,0.512,0.49410930031891936,0.5298600073116729
1,72,74,strong,0.7,weak_tail,hj,feasible,2,521,0.17366666666666666,0.16053049842591308,0.18763749684214967
1,72,74,strong,0.7,weak_tail,hj,feasible,3,321,0.107,0.09643697103671704,0.11856820406138914
1,72,74,strong,0.7,weak_tail,hj,feasible,4,238,0.07933333333333334,0.07019163536546923,0.089550969362105
1,72,74,strong,0.7,weak_tail,hj,feasible,5,202,0.06733333333333333,0.05890793542797179,0.07686536166901026
1,72,74,strong,0.7,weak_tail,hj,feasible,8,182,0.06066666666666667,0.052673250511886385,0.06978376456810004
1,72,74,weak,0.0,full,equal,oracle,1,3000,1.0,0.9987211512746742,1.0000000000000002
1,72,74,weak,0.0,full,equal,oracle,2,0,0.0,0.0,0.0012788487253259629
1,72,74,weak,0.0,full,equal,oracle,3,0,0.0,0.0,0.0012788487253259629
1,72,74,weak,0.0,full,equal,oracle,4,0,0.0,0.0,0.0012788487253259629
1,72,74,weak,0.0,full,equal,oracle,5,0,0.0,0.0,0.0012788487253259629
1,72,74,weak,0.0,full,equal,oracle,8,0,0.0,0.0,0.0012788487253259629
1,72,74,weak,0.0,full,equal,feasible,1,1374,0.458,0.4402363275196907,0.47587109577323666
1,72,74,weak,0.0,full,equal,feasible,2,549,0.183,0.16957187427515297,0.19723891581670366
1,72,74,weak,0.0,full,equal,feasible,3,301,0.10033333333333333,0.0900881225298914,0.11160077055121914
1,72,74,weak,0.0,full,equal,feasible,4,237,0.079,0.06987725542619352,0.08919953520053092
1,72,74,weak,0.0,full,equal,feasible,5,256,0.08533333333333333,0.07585876314969729,0.09586849539317303
1,72,74,weak,0.0,full,equal,feasible,8,283,0.09433333333333334,0.08438660427552336,0.10531763499029112
1,72,74,weak,0.0,full,hj,oracle,1,3000,1.0,0.9987211512746742,1.0000000000000002
1,72,74,weak,0.0,full,hj,oracle,2,0,0.0,0.0,0.0012788487253259629
1,72,74,weak,0.0,full,hj,oracle,3,0,0.0,0.0,0.0012788487253259629
1,72,74,weak,0.0,full,hj,oracle,4,0,0.0,0.0,0.0012788487253259629
1,72,74,weak,0.0,full,hj,oracle,5,0,0.0,0.0,0.0012788487253259629
1,72,74,weak,0.0,full,hj,oracle,8,0,0.0,0.0,0.0012788487253259629
1,72,74,weak,0.0,full,hj,feasible,1,1498,0.49933333333333335,0.4814537045387073,0.5172146672595932
1,72,74,weak,0.0,full,hj,feasible,2,583,0.19433333333333333,0.18056868994365366,0.20887977957709558
1,72,74,weak,0.0,full,hj,feasible,3,303,0.101,0.09072237153681008,0.11229814974600004
1,72,74,weak,0.0,full,hj,feasible,4,217,0.07233333333333333,0.06360062957884215,0.08215987903088666
1,72,74,weak,0.0,full,hj,feasible,5,211,0.07033333333333333,0.061721947412477295,0.08004367659215282
1,72,74,weak,0.0,full,hj,feasible,8,188,0.06266666666666666,0.054540801402863825,0.07191109828222125
1,72,74,weak,0.0,weak_tail,equal,oracle,1,3000,1.0,0.9987211512746742,1.0000000000000002
1,72,74,weak,0.0,weak_tail,equal,oracle,2,0,0.0,0.0,0.0012788487253259629
1,72,74,weak,0.0,weak_tail,equal,oracle,3,0,0.0,0.0,0.0012788487253259629
1,72,74,weak,0.0,weak_tail,equal,oracle,4,0,0.0,0.0,0.0012788487253259629
1,72,74,weak,0.0,weak_tail,equal,oracle,5,0,0.0,0.0,0.0012788487253259629
1,72,74,weak,0.0,weak_tail,equal,oracle,8,0,0.0,0.0,0.0012788487253259629
1,72,74,weak,0.0,weak_tail,equal,feasible,1,1401,0.467,0.449200641087459,0.48488376292841256
1,72,74,weak,0.0,weak_tail,equal,feasible,2,530,0.17666666666666667,0.16343513893872877,0.19072518323698204
1,72,74,weak,0.0,weak_tail,equal,feasible,3,301,0.10033333333333333,0.0900881225298914,0.11160077055121914
1,72,74,weak,0.0,weak_tail,equal,feasible,4,227,0.07566666666666666,0.06673627246331723,0.08568237715490937
1,72,74,weak,0.0,weak_tail,equal,feasible,5,290,0.09666666666666666,0.0866023950440781,0.10776254292768483
1,72,74,weak,0.0,weak_tail,equal,feasible,8,251,0.08366666666666667,0.07428302596119422,0.09411516207742719
1,72,74,weak,0.0,weak_tail,hj,oracle,1,3000,1.0,0.9987211512746742,1.0000000000000002
1,72,74,weak,0.0,weak_tail,hj,oracle,2,0,0.0,0.0,0.0012788487253259629
1,72,74,weak,0.0,weak_tail,hj,oracle,3,0,0.0,0.0,0.0012788487253259629
1,72,74,weak,0.0,weak_tail,hj,oracle,4,0,0.0,0.0,0.0012788487253259629
1,72,74,weak,0.0,weak_tail,hj,oracle,5,0,0.0,0.0,0.0012788487253259629
1,72,74,weak,0.0,weak_tail,hj,oracle,8,0,0.0,0.0,0.0012788487253259629
1,72,74,weak,0.0,weak_tail,hj,feasible,1,1528,0.5093333333333333,0.49144401164483625,0.5271987831789577
1,72,74,weak,0.0,weak_tail,hj,feasible,2,563,0.18766666666666668,0.17409765323832668,0.20203453426542697
1,72,74,weak,0.0,weak_tail,hj,feasible,3,300,0.1,0.08977105263294838,0.1112520263473124
1,72,74,weak,0.0,weak_tail,hj,feasible,4,196,0.06533333333333333,0.0570347299761277,0.07474368251575565
1,72,74,weak,0.0,weak_tail,hj,feasible,5,244,0.08133333333333333,0.072078955672542,0.09165853366013091
1,72,74,weak,0.0,weak_tail,hj,feasible,8,169,0.05633333333333333,0.048636009047360436,0.0651654227215788
1,72,74,weak,0.7,full,equal,oracle,1,3000,1.0,0.9987211512746742,1.0000000000000002
1,72,74,weak,0.7,full,equal,oracle,2,0,0.0,0.0,0.0012788487253259629
1,72,74,weak,0.7,full,equal,oracle,3,0,0.0,0.0,0.0012788487253259629
1,72,74,weak,0.7,full,equal,oracle,4,0,0.0,0.0,0.0012788487253259629
1,72,74,weak,0.7,full,equal,oracle,5,0,0.0,0.0,0.0012788487253259629
1,72,74,weak,0.7,full,equal,oracle,8,0,0.0,0.0,0.0012788487253259629
1,72,74,weak,0.7,full,equal,feasible,1,1380,0.46,0.44222789274076424,0.4778744151572619
1,72,74,weak,0.7,full,equal,feasible,2,430,0.14333333333333334,0.13125005964967884,0.1563288524410537
1,72,74,weak,0.7,full,equal,feasible,3,275,0.09166666666666666,0.08185665110327484,0.10252107535574134
1,72,74,weak,0.7,full,equal,feasible,4,224,0.07466666666666667,0.06579500409098284,0.08462620322469445
1,72,74,weak,0.7,full,equal,feasible,5,293,0.09766666666666667,0.08755259790803623,0.10880978236627604
1,72,74,weak,0.7,full,equal,feasible,8,398,0.13266666666666665,0.12099670351507319,0.14527615734846627
1,72,74,weak,0.7,full,hj,oracle,1,3000,1.0,0.9987211512746742,1.0000000000000002
1,72,74,weak,0.7,full,hj,oracle,2,0,0.0,0.0,0.0012788487253259629
1,72,74,weak,0.7,full,hj,oracle,3,0,0.0,0.0,0.0012788487253259629
1,72,74,weak,0.7,full,hj,oracle,4,0,0.0,0.0,0.0012788487253259629
1,72,74,weak,0.7,full,hj,oracle,5,0,0.0,0.0,0.0012788487253259629
1,72,74,weak,0.7,full,hj,oracle,8,0,0.0,0.0,0.0012788487253259629
1,72,74,weak,0.7,full,hj,feasible,1,1532,0.5106666666666667,0.4927765924446521,0.5285294587825411
1,72,74,weak,0.7,full,hj,feasible,2,552,0.184,0.1705414045967915,0.1982668277976145
1,72,74,weak,0.7,full,hj,feasible,3,315,0.105,0.09453085799481524,0.11647943249819225
1,72,74,weak,0.7,full,hj,feasible,4,223,0.07433333333333333,0.06548135623617912,0.08427403697864838
1,72,74,weak,0.7,full,hj,feasible,5,219,0.073,0.0642273151202552,0.08286482169117315
1,72,74,weak,0.7,full,hj,feasible,8,159,0.053,0.04553961731667641,0.061603673443764995
1,72,74,weak,0.7,weak_tail,equal,oracle,1,3000,1.0,0.9987211512746742,1.0000000000000002
1,72,74,weak,0.7,weak_tail,equal,oracle,2,0,0.0,0.0,0.0012788487253259629
1,72,74,weak,0.7,weak_tail,equal,oracle,3,0,0.0,0.0,0.0012788487253259629
1,72,74,weak,0.7,weak_tail,equal,oracle,4,0,0.0,0.0,0.0012788487253259629
1,72,74,weak,0.7,weak_tail,equal,oracle,5,0,0.0,0.0,0.0012788487253259629
1,72,74,weak,0.7,weak_tail,equal,oracle,8,0,0.0,0.0,0.0012788487253259629
1,72,74,weak,0.7,weak_tail,equal,feasible,1,1412,0.4706666666666667,0.45285443978109285,0.4885539193441263
1,72,74,weak,0.7,weak_tail,equal,feasible,2,342,0.114,0.10311767354904272,0.12586959766690892
1,72,74,weak,0.7,weak_tail,equal,feasible,3,273,0.091,0.0812245702069326,0.10182152805038402
1,72,74,weak,0.7,weak_tail,equal,feasible,4,222,0.074,0.06516776307117575,0.08392181604280197
1,72,74,weak,0.7,weak_tail,equal,feasible,5,297,0.099,0.08882006331037884,0.11020557336733258
1,72,74,weak,0.7,weak_tail,equal,feasible,8,454,0.15133333333333332,0.1389556785262004,0.1646027719849269
1,72,74,weak,0.7,weak_tail,hj,oracle,1,3000,1.0,0.9987211512746742,1.0000000000000002
1,72,74,weak,0.7,weak_tail,hj,oracle,2,0,0.0,0.0,0.0012788487253259629
1,72,74,weak,0.7,weak_tail,hj,oracle,3,0,0.0,0.0,0.0012788487253259629
1,72,74,weak,0.7,weak_tail,hj,oracle,4,0,0.0,0.0,0.0012788487253259629
1,72,74,weak,0.7,weak_tail,hj,oracle,5,0,0.0,0.0,0.0012788487253259629
1,72,74,weak,0.7,weak_tail,hj,oracle,8,0,0.0,0.0,0.0012788487253259629
1,72,74,weak,0.7,weak_tail,hj,feasible,1,1526,0.5086666666666667,0.490777768891394,0.5265333977307004
1,72,74,weak,0.7,weak_tail,hj,feasible,2,539,0.17966666666666667,0.16634122613369678,0.19381142294966203
1,72,74,weak,0.7,weak_tail,hj,feasible,3,333,0.111,0.1002527848792385,0.1227421594290651
1,72,74,weak,0.7,weak_tail,hj,feasible,4,212,0.07066666666666667,0.06203491577815216,0.08039652232732775
1,72,74,weak,0.7,weak_tail,hj,feasible,5,200,0.06666666666666667,0.058283278209758996,0.0761583906855235
1,72,74,weak,0.7,weak_tail,hj,feasible,8,190,0.06333333333333334,0.055163878001273065,0.07261964988551162
1,240,25,strong,0.0,full,equal,oracle,1,3000,1.0,0.9987211512746742,1.0000000000000002
1,240,25,strong,0.0,full,equal,oracle,2,0,0.0,0.0,0.0012788487253259629
1,240,25,strong,0.0,full,equal,oracle,3,0,0.0,0.0,0.0012788487253259629
1,240,25,strong,0.0,full,equal,oracle,4,0,0.0,0.0,0.0012788487253259629
1,240,25,strong,0.0,full,equal,oracle,5,0,0.0,0.0,0.0012788487253259629
1,240,25,strong,0.0,full,equal,oracle,8,0,0.0,0.0,0.0012788487253259629
1,240,25,strong,0.0,full,equal,feasible,1,1465,0.48833333333333334,0.4704726179061674,0.5062238885640902
1,240,25,strong,0.0,full,equal,feasible,2,469,0.15633333333333332,0.1437780383114927,0.16976762371238133
1,240,25,strong,0.0,full,equal,feasible,3,312,0.104,0.09357826299717588,0.11543458519328227
1,240,25,strong,0.0,full,equal,feasible,4,238,0.07933333333333334,0.07019163536546923,0.089550969362105
1,240,25,strong,0.0,full,equal,feasible,5,242,0.08066666666666666,0.07144965254924313,0.09095620858173023
1,240,25,strong,0.0,full,equal,feasible,8,274,0.09133333333333334,0.0815405899871373,0.10217132237102912
1,240,25,strong,0.0,full,hj,oracle,1,3000,1.0,0.9987211512746742,1.0000000000000002
1,240,25,strong,0.0,full,hj,oracle,2,0,0.0,0.0,0.0012788487253259629
1,240,25,strong,0.0,full,hj,oracle,3,0,0.0,0.0,0.0012788487253259629
1,240,25,strong,0.0,full,hj,oracle,4,0,0.0,0.0,0.0012788487253259629
1,240,25,strong,0.0,full,hj,oracle,5,0,0.0,0.0,0.0012788487253259629
1,240,25,strong,0.0,full,hj,oracle,8,0,0.0,0.0,0.0012788487253259629
1,240,25,strong,0.0,full,hj,feasible,1,1572,0.524,0.5061093942353027,0.5418292210258818
1,240,25,strong,0.0,full,hj,feasible,2,511,0.17033333333333334,0.1573048527397292,0.18420500151983574
1,240,25,strong,0.0,full,hj,feasible,3,308,0.10266666666666667,0.09230862374464574,0.11404096804241329
1,240,25,strong,0.0,full,hj,feasible,4,219,0.073,0.0642273151202552,0.08286482169117315
1,240,25,strong,0.0,full,hj,feasible,5,207,0.069,0.06047066801965484,0.07863169958157615
1,240,25,strong,0.0,full,hj,feasible,8,183,0.061,0.05298433102545966,0.07013849815537654
1,240,25,strong,0.0,weak_tail,equal,oracle,1,3000,1.0,0.9987211512746742,1.0000000000000002
1,240,25,strong,0.0,weak_tail,equal,oracle,2,0,0.0,0.0,0.0012788487253259629
1,240,25,strong,0.0,weak_tail,equal,oracle,3,0,0.0,0.0,0.0012788487253259629
1,240,25,strong,0.0,weak_tail,equal,oracle,4,0,0.0,0.0,0.0012788487253259629
1,240,25,strong,0.0,weak_tail,equal,oracle,5,0,0.0,0.0,0.0012788487253259629
1,240,25,strong,0.0,weak_tail,equal,oracle,8,0,0.0,0.0,0.0012788487253259629
1,240,25,strong,0.0,weak_tail,equal,feasible,1,1415,0.4716666666666667,0.4538510979225739,0.48955470350519464
1,240,25,strong,0.0,weak_tail,equal,feasible,2,517,0.17233333333333334,0.1592400191255968,0.1862647197390668
1,240,25,strong,0.0,weak_tail,equal,feasible,3,340,0.11333333333333333,0.10248081282558363,0.12517483018866843
1,240,25,strong,0.0,weak_tail,equal,feasible,4,245,0.08166666666666667,0.07239367990574448,0.09200962352777824
1,240,25,strong,0.0,weak_tail,equal,feasible,5,228,0.076,0.06705013576453428,0.08603432795454213
1,240,25,strong,0.0,weak_tail,equal,feasible,8,255,0.085,0.07554352413105025,0.09551792031097028
1,240,25,strong,0.0,weak_tail,hj,oracle,1,3000,1.0,0.9987211512746742,1.0000000000000002
1,240,25,strong,0.0,weak_tail,hj,oracle,2,0,0.0,0.0,0.0012788487253259629
1,240,25,strong,0.0,weak_tail,hj,oracle,3,0,0.0,0.0,0.0012788487253259629
1,240,25,strong,0.0,weak_tail,hj,oracle,4,0,0.0,0.0,0.0012788487253259629
1,240,25,strong,0.0,weak_tail,hj,oracle,5,0,0.0,0.0,0.0012788487253259629
1,240,25,strong,0.0,weak_tail,hj,oracle,8,0,0.0,0.0,0.0012788487253259629
1,240,25,strong,0.0,weak_tail,hj,feasible,1,1521,0.507,0.4891123009584909,0.5248697951593545
1,240,25,strong,0.0,weak_tail,hj,feasible,2,552,0.184,0.1705414045967915,0.1982668277976145
1,240,25,strong,0.0,weak_tail,hj,feasible,3,337,0.11233333333333333,0.10152575495684299,0.12413244575485971
1,240,25,strong,0.0,weak_tail,hj,feasible,4,224,0.07466666666666667,0.06579500409098284,0.08462620322469445
1,240,25,strong,0.0,weak_tail,hj,feasible,5,188,0.06266666666666666,0.054540801402863825,0.07191109828222125
1,240,25,strong,0.0,weak_tail,hj,feasible,8,178,0.059333333333333335,0.05142965866607647,0.06836410001051083
1,240,25,strong,0.7,full,equal,oracle,1,3000,1.0,0.9987211512746742,1.0000000000000002
1,240,25,strong,0.7,full,equal,oracle,2,0,0.0,0.0,0.0012788487253259629
1,240,25,strong,0.7,full,equal,oracle,3,0,0.0,0.0,0.0012788487253259629
1,240,25,strong,0.7,full,equal,oracle,4,0,0.0,0.0,0.0012788487253259629
1,240,25,strong,0.7,full,equal,oracle,5,0,0.0,0.0,0.0012788487253259629
1,240,25,strong,0.7,full,equal,oracle,8,0,0.0,0.0,0.0012788487253259629
1,240,25,strong,0.7,full,equal,feasible,1,1381,0.4603333333333333,0.4425598483322413,0.4782082736666345
1,240,25,strong,0.7,full,equal,feasible,2,392,0.13066666666666665,0.11907701446295671,0.14320096179548403
1,240,25,strong,0.7,full,equal,feasible,3,267,0.089,0.07932933111699066,0.09972188253522728
1,240,25,strong,0.7,full,equal,feasible,4,231,0.077,0.06799204271080748,0.08708986331081826
1,240,25,strong,0.7,full,equal,feasible,5,302,0.10066666666666667,0.0904052288845772,0.11194947829738314
1,240,25,strong,0.7,full,equal,feasible,8,427,0.14233333333333334,0.130287771007287,0.15529369878089616
1,240,25,strong,0.7,full,hj,oracle,1,3000,1.0,0.9987211512746742,1.0000000000000002
1,240,25,strong,0.7,full,hj,oracle,2,0,0.0,0.0,0.0012788487253259629
1,240,25,strong,0.7,full,hj,oracle,3,0,0.0,0.0,0.0012788487253259629
1,240,25,strong,0.7,full,hj,oracle,4,0,0.0,0.0,0.0012788487253259629
1,240,25,strong,0.7,full,hj,oracle,5,0,0.0,0.0,0.0012788487253259629
1,240,25,strong,0.7,full,hj,oracle,8,0,0.0,0.0,0.0012788487253259629
1,240,25,strong,0.7,full,hj,feasible,1,1478,0.49266666666666664,0.47479746844732185,0.5105546213339829
1,240,25,strong,0.7,full,hj,feasible,2,530,0.17666666666666667,0.16343513893872877,0.19072518323698204
1,240,25,strong,0.7,full,hj,feasible,3,346,0.11533333333333333,0.10439176389237965,0.12725876372697112
1,240,25,strong,0.7,full,hj,feasible,4,224,0.07466666666666667,0.06579500409098284,0.08462620322469445
1,240,25,strong,0.7,full,hj,feasible,5,239,0.07966666666666666,0.07050606533134567,0.08990235349707835
1,240,25,strong,0.7,full,hj,feasible,8,183,0.061,0.05298433102545966,0.07013849815537654
1,240,25,strong,0.7,weak_tail,equal,oracle,1,3000,1.0,0.9987211512746742,1.0000000000000002
1,240,25,strong,0.7,weak_tail,equal,oracle,2,0,0.0,0.0,0.0012788487253259629
1,240,25,strong,0.7,weak_tail,equal,oracle,3,0,0.0,0.0,0.0012788487253259629
1,240,25,strong,0.7,weak_tail,equal,oracle,4,0,0.0,0.0,0.0012788487253259629
1,240,25,strong,0.7,weak_tail,equal,oracle,5,0,0.0,0.0,0.0012788487253259629
1,240,25,strong,0.7,weak_tail,equal,oracle,8,0,0.0,0.0,0.0012788487253259629
1,240,25,strong,0.7,weak_tail,equal,feasible,1,1383,0.461,0.4432237835503742,0.47887596665020127
1,240,25,strong,0.7,weak_tail,equal,feasible,2,393,0.131,0.119396898488012,0.14354689187127856
1,240,25,strong,0.7,weak_tail,equal,feasible,3,284,0.09466666666666666,0.08470302854287072,0.10566702482379352
1,240,25,strong,0.7,weak_tail,equal,feasible,4,234,0.078,0.0689344186666951,0.08814492965748001
1,240,25,strong,0.7,weak_tail,equal,feasible,5,286,0.09533333333333334,0.0853359950799826,0.10636568648838121
1,240,25,strong,0.7,weak_tail,equal,feasible,8,420,0.14,0.12804324652378668,0.15287752455844805
1,240,25,strong,0.7,weak_tail,hj,oracle,1,3000,1.0,0.9987211512746742,1.0000000000000002
1,240,25,strong,0.7,weak_tail,hj,oracle,2,0,0.0,0.0,0.0012788487253259629
1,240,25,strong,0.7,weak_tail,hj,oracle,3,0,0.0,0.0,0.0012788487253259629
1,240,25,strong,0.7,weak_tail,hj,oracle,4,0,0.0,0.0,0.0012788487253259629
1,240,25,strong,0.7,weak_tail,hj,oracle,5,0,0.0,0.0,0.0012788487253259629
1,240,25,strong,0.7,weak_tail,hj,oracle,8,0,0.0,0.0,0.0012788487253259629
1,240,25,strong,0.7,weak_tail,hj,feasible,1,1500,0.5,0.48211950276610044,0.5178804972338996
1,240,25,strong,0.7,weak_tail,hj,feasible,2,564,0.188,0.17442104914071704,0.20237695246388637
1,240,25,strong,0.7,weak_tail,hj,feasible,3,325,0.10833333333333334,0.09770838464898784,0.11996004685251749
1,240,25,strong,0.7,weak_tail,hj,feasible,4,231,0.077,0.06799204271080748,0.08708986331081826
1,240,25,strong,0.7,weak_tail,hj,feasible,5,191,0.06366666666666666,0.05547551891601099,0.07297382307162345
1,240,25,strong,0.7,weak_tail,hj,feasible,8,189,0.063,0.05485230532925785,0.07226540845667705
1,240,25,weak,0.0,full,equal,oracle,1,3000,1.0,0.9987211512746742,1.0000000000000002
1,240,25,weak,0.0,full,equal,oracle,2,0,0.0,0.0,0.0012788487253259629
1,240,25,weak,0.0,full,equal,oracle,3,0,0.0,0.0,0.0012788487253259629
1,240,25,weak,0.0,full,equal,oracle,4,0,0.0,0.0,0.0012788487253259629
1,240,25,weak,0.0,full,equal,oracle,5,0,0.0,0.0,0.0012788487253259629
1,240,25,weak,0.0,full,equal,oracle,8,0,0.0,0.0,0.0012788487253259629
1,240,25,weak,0.0,full,equal,feasible,1,1389,0.463,0.4452157813959999,0.48087885340967423
1,240,25,weak,0.0,full,equal,feasible,2,498,0.166,0.15311430791425504,0.17973996303426273
1,240,25,weak,0.0,full,equal,feasible,3,310,0.10333333333333333,0.09294337324704591,0.11473784674171267
1,240,25,weak,0.0,full,equal,feasible,4,252,0.084,0.07459808132677005,0.09446592081270115
1,240,25,weak,0.0,full,equal,feasible,5,271,0.09033333333333333,0.08059265547089096,0.10112181458472609
1,240,25,weak,0.0,full,equal,feasible,8,280,0.09333333333333334,0.08343756972048183,0.10426922724278329
1,240,25,weak,0.0,full,hj,oracle,1,3000,1.0,0.9987211512746742,1.0000000000000002
1,240,25,weak,0.0,full,hj,oracle,2,0,0.0,0.0,0.0012788487253259629
1,240,25,weak,0.0,full,hj,oracle,3,0,0.0,0.0,0.0012788487253259629
1,240,25,weak,0.0,full,hj,oracle,4,0,0.0,0.0,0.0012788487253259629
1,240,25,weak,0.0,full,hj,oracle,5,0,0.0,0.0,0.0012788487253259629
1,240,25,weak,0.0,full,hj,oracle,8,0,0.0,0.0,0.0012788487253259629
1,240,25,weak,0.0,full,hj,feasible,1,1510,0.5033333333333333,0.4854489701109927,0.5212091708975052
1,240,25,weak,0.0,full,hj,feasible,2,539,0.17966666666666667,0.16634122613369678,0.19381142294966203
1,240,25,weak,0.0,full,hj,feasible,3,303,0.101,0.09072237153681008,0.11229814974600004
1,240,25,weak,0.0,full,hj,feasible,4,230,0.07666666666666666,0.06767802120373247,0.0867380707170435
1,240,25,weak,0.0,full,hj,feasible,5,218,0.07266666666666667,0.0639139441388719,0.0825123785717067
1,240,25,weak,0.0,full,hj,feasible,8,200,0.06666666666666667,0.058283278209758996,0.0761583906855235
1,240,25,weak,0.0,weak_tail,equal,oracle,1,3000,1.0,0.9987211512746742,1.0000000000000002
1,240,25,weak,0.0,weak_tail,equal,oracle,2,0,0.0,0.0,0.0012788487253259629
1,240,25,weak,0.0,weak_tail,equal,oracle,3,0,0.0,0.0,0.0012788487253259629
1,240,25,weak,0.0,weak_tail,equal,oracle,4,0,0.0,0.0,0.0012788487253259629
1,240,25,weak,0.0,weak_tail,equal,oracle,5,0,0.0,0.0,0.0012788487253259629
1,240,25,weak,0.0,weak_tail,equal,oracle,8,0,0.0,0.0,0.0012788487253259629
1,240,25,weak,0.0,weak_tail,equal,feasible,1,1388,0.46266666666666667,0.44488376174232175,0.4805450589625026
1,240,25,weak,0.0,weak_tail,equal,feasible,2,533,0.17766666666666667,0.16440367534908137,0.19175408912917877
1,240,25,weak,0.0,weak_tail,equal,feasible,3,346,0.11533333333333333,0.10439176389237965,0.12725876372697112
1,240,25,weak,0.0,weak_tail,equal,feasible,4,252,0.084,0.07459808132677005,0.09446592081270115
1,240,25,weak,0.0,weak_tail,equal,feasible,5,230,0.07666666666666666,0.06767802120373247,0.0867380707170435
1,240,25,weak,0.0,weak_tail,equal,feasible,8,251,0.08366666666666667,0.07428302596119422,0.09411516207742719
1,240,25,weak,0.0,weak_tail,hj,oracle,1,3000,1.0,0.9987211512746742,1.0000000000000002
1,240,25,weak,0.0,weak_tail,hj,oracle,2,0,0.0,0.0,0.0012788487253259629
1,240,25,weak,0.0,weak_tail,hj,oracle,3,0,0.0,0.0,0.0012788487253259629
1,240,25,weak,0.0,weak_tail,hj,oracle,4,0,0.0,0.0,0.0012788487253259629
1,240,25,weak,0.0,weak_tail,hj,oracle,5,0,0.0,0.0,0.0012788487253259629
1,240,25,weak,0.0,weak_tail,hj,oracle,8,0,0.0,0.0,0.0012788487253259629
1,240,25,weak,0.0,weak_tail,hj,feasible,1,1513,0.5043333333333333,0.48644796508744664,0.5222076182236004
1,240,25,weak,0.0,weak_tail,hj,feasible,2,556,0.18533333333333332,0.17183434995932456,0.19963713883848055
1,240,25,weak,0.0,weak_tail,hj,feasible,3,347,0.11566666666666667,0.10471036265529521,0.12760597906490534
1,240,25,weak,0.0,weak_tail,hj,feasible,4,230,0.07666666666666666,0.06767802120373247,0.0867380707170435
1,240,25,weak,0.0,weak_tail,hj,feasible,5,192,0.064,0.055787227577051686,0.07332792851143254
1,240,25,weak,0.0,weak_tail,hj,feasible,8,162,0.054,0.046467649316585216,0.06267308374640554
1,240,25,weak,0.7,full,equal,oracle,1,3000,1.0,0.9987211512746742,1.0000000000000002
1,240,25,weak,0.7,full,equal,oracle,2,0,0.0,0.0,0.0012788487253259629
1,240,25,weak,0.7,full,equal,oracle,3,0,0.0,0.0,0.0012788487253259629
1,240,25,weak,0.7,full,equal,oracle,4,0,0.0,0.0,0.0012788487253259629
1,240,25,weak,0.7,full,equal,oracle,5,0,0.0,0.0,0.0012788487253259629
1,240,25,weak,0.7,full,equal,oracle,8,0,0.0,0.0,0.0012788487253259629
1,240,25,weak,0.7,full,equal,feasible,1,1383,0.461,0.4432237835503742,0.47887596665020127
1,240,25,weak,0.7,full,equal,feasible,2,389,0.12966666666666668,0.11811751784795636,0.1421630161079351
1,240,25,weak,0.7,full,equal,feasible,3,292,0.09733333333333333,0.08723582560137695,0.10846074057208553
1,240,25,weak,0.7,full,equal,feasible,4,227,0.07566666666666666,0.06673627246331723,0.08568237715490937
1,240,25,weak,0.7,full,equal,feasible,5,295,0.09833333333333333,0.08818625571427151,0.10950775276174034
1,240,25,weak,0.7,full,equal,feasible,8,414,0.138,0.1261202917644312,0.1508055947127048
1,240,25,weak,0.7,full,hj,oracle,1,3000,1.0,0.9987211512746742,1.0000000000000002
1,240,25,weak,0.7,full,hj,oracle,2,0,0.0,0.0,0.0012788487253259629
1,240,25,weak,0.7,full,hj,oracle,3,0,0.0,0.0,0.0012788487253259629
1,240,25,weak,0.7,full,hj,oracle,4,0,0.0,0.0,0.0012788487253259629
1,240,25,weak,0.7,full,hj,oracle,5,0,0.0,0.0,0.0012788487253259629
1,240,25,weak,0.7,full,hj,oracle,8,0,0.0,0.0,0.0012788487253259629
1,240,25,weak,0.7,full,hj,feasible,1,1499,0.49966666666666665,0.48178659968403836,0.5175475862151119
1,240,25,weak,0.7,full,hj,feasible,2,535,0.17833333333333334,0.16504945506000362,0.1924399376199561
1,240,25,weak,0.7,full,hj,feasible,3,342,0.114,0.10311767354904272,0.12586959766690892
1,240,25,weak,0.7,full,hj,feasible,4,226,0.07533333333333334,0.0664224625339994,0.08533037298337744
1,240,25,weak,0.7,full,hj,feasible,5,220,0.07333333333333333,0.06454074216888286,0.08321720874339528
1,240,25,weak,0.7,full,hj,feasible,8,178,0.059333333333333335,0.05142965866607647,0.06836410001051083
1,240,25,weak,0.7,weak_tail,equal,oracle,1,3000,1.0,0.9987211512746742,1.0000000000000002
1,240,25,weak,0.7,weak_tail,equal,oracle,2,0,0.0,0.0,0.0012788487253259629
1,240,25,weak,0.7,weak_tail,equal,oracle,3,0,0.0,0.0,0.0012788487253259629
1,240,25,weak,0.7,weak_tail,equal,oracle,4,0,0.0,0.0,0.0012788487253259629
1,240,25,weak,0.7,weak_tail,equal,oracle,5,0,0.0,0.0,0.0012788487253259629
1,240,25,weak,0.7,weak_tail,equal,oracle,8,0,0.0,0.0,0.0012788487253259629
1,240,25,weak,0.7,weak_tail,equal,feasible,1,1401,0.467,0.449200641087459,0.48488376292841256
1,240,25,weak,0.7,weak_tail,equal,feasible,2,392,0.13066666666666665,0.11907701446295671,0.14320096179548403
1,240,25,weak,0.7,weak_tail,equal,feasible,3,259,0.08633333333333333,0.07680475108488266,0.096919949760537
1,240,25,weak,0.7,weak_tail,equal,feasible,4,234,0.078,0.0689344186666951,0.08814492965748001
1,240,25,weak,0.7,weak_tail,equal,feasible,5,299,0.09966666666666667,0.08945401935526073,0.11090324552415023
1,240,25,weak,0.7,weak_tail,equal,feasible,8,415,0.13833333333333334,0.12644072432299977,0.151150976254986
1,240,25,weak,0.7,weak_tail,hj,oracle,1,3000,1.0,0.9987211512746742,1.0000000000000002
1,240,25,weak,0.7,weak_tail,hj,oracle,2,0,0.0,0.0,0.0012788487253259629
1,240,25,weak,0.7,weak_tail,hj,oracle,3,0,0.0,0.0,0.0012788487253259629
1,240,25,weak,0.7,weak_tail,hj,oracle,4,0,0.0,0.0,0.0012788487253259629
1,240,25,weak,0.7,weak_tail,hj,oracle,5,0,0.0,0.0,0.0012788487253259629
1,240,25,weak,0.7,weak_tail,hj,oracle,8,0,0.0,0.0,0.0012788487253259629
1,240,25,weak,0.7,weak_tail,hj,feasible,1,1523,0.5076666666666667,0.4897784643128273,0.5255352600067178
1,240,25,weak,0.7,weak_tail,hj,feasible,2,548,0.18266666666666667,0.16924873173083738,0.1968962442601695
1,240,25,weak,0.7,weak_tail,hj,feasible,3,315,0.105,0.09453085799481524,0.11647943249819225
1,240,25,weak,0.7,weak_tail,hj,feasible,4,230,0.07666666666666666,0.06767802120373247,0.0867380707170435
1,240,25,weak,0.7,weak_tail,hj,feasible,5,195,0.065,0.056722755168535435,0.07438984322249816
1,240,25,weak,0.7,weak_tail,hj,feasible,8,189,0.063,0.05485230532925785,0.07226540845667705
1,240,74,strong,0.0,full,equal,oracle,1,3000,1.0,0.9987211512746742,1.0000000000000002
1,240,74,strong,0.0,full,equal,oracle,2,0,0.0,0.0,0.0012788487253259629
1,240,74,strong,0.0,full,equal,oracle,3,0,0.0,0.0,0.0012788487253259629
1,240,74,strong,0.0,full,equal,oracle,4,0,0.0,0.0,0.0012788487253259629
1,240,74,strong,0.0,full,equal,oracle,5,0,0.0,0.0,0.0012788487253259629
1,240,74,strong,0.0,full,equal,oracle,8,0,0.0,0.0,0.0012788487253259629
1,240,74,strong,0.0,full,equal,feasible,1,1385,0.46166666666666667,0.44388775080698595,0.479543627595289
1,240,74,strong,0.0,full,equal,feasible,2,507,0.169,0.1560151141844806,0.18283148367168517
1,240,74,strong,0.0,full,equal,feasible,3,319,0.10633333333333334,0.0958014645991679,0.11787208229723874
1,240,74,strong,0.0,full,equal,feasible,4,245,0.08166666666666667,0.07239367990574448,0.09200962352777824
1,240,74,strong,0.0,full,equal,feasible,5,268,0.08933333333333333,0.07964509853884702,0.1000719292142207
1,240,74,strong,0.0,full,equal,feasible,8,276,0.092,0.0821727533534877,0.10287078720637827
1,240,74,strong,0.0,full,hj,oracle,1,3000,1.0,0.9987211512746742,1.0000000000000002
1,240,74,strong,0.0,full,hj,oracle,2,0,0.0,0.0,0.0012788487253259629
1,240,74,strong,0.0,full,hj,oracle,3,0,0.0,0.0,0.0012788487253259629
1,240,74,strong,0.0,full,hj,oracle,4,0,0.0,0.0,0.0012788487253259629
1,240,74,strong,0.0,full,hj,oracle,5,0,0.0,0.0,0.0012788487253259629
1,240,74,strong,0.0,full,hj,oracle,8,0,0.0,0.0,0.0012788487253259629
1,240,74,strong,0.0,full,hj,feasible,1,1503,0.501,0.4831182596326723,0.518879182669877
1,240,74,strong,0.0,full,hj,feasible,2,531,0.177,0.1637579666024505,0.19106816967411006
1,240,74,strong,0.0,full,hj,feasible,3,317,0.10566666666666667,0.09516609321057438,0.1171758254841327
1,240,74,strong,0.0,full,hj,feasible,4,234,0.078,0.0689344186666951,0.08814492965748001
1,240,74,strong,0.0,full,hj,feasible,5,212,0.07066666666666667,0.06203491577815216,0.08039652232732775
1,240,74,strong,0.0,full,hj,feasible,8,203,0.06766666666666667,0.05922035827579508,0.07721875292203675
1,240,74,strong,0.0,weak_tail,equal,oracle,1,3000,1.0,0.9987211512746742,1.0000000000000002
1,240,74,strong,0.0,weak_tail,equal,oracle,2,0,0.0,0.0,0.0012788487253259629
1,240,74,strong,0.0,weak_tail,equal,oracle,3,0,0.0,0.0,0.0012788487253259629
1,240,74,strong,0.0,weak_tail,equal,oracle,4,0,0.0,0.0,0.0012788487253259629
1,240,74,strong,0.0,weak_tail,equal,oracle,5,0,0.0,0.0,0.0012788487253259629
1,240,74,strong,0.0,weak_tail,equal,oracle,8,0,0.0,0.0,0.0012788487253259629
1,240,74,strong,0.0,weak_tail,equal,feasible,1,1349,0.44966666666666666,0.4319412508884104,0.46752081988327243
1,240,74,strong,0.0,weak_tail,equal,feasible,2,528,0.176,0.16278953722806536,0.19003915674594582
1,240,74,strong,0.0,weak_tail,equal,feasible,3,322,0.10733333333333334,0.09675477455236149,0.1189162146465945
1,240,74,strong,0.0,weak_tail,equal,feasible,4,276,0.092,0.0821727533534877,0.10287078720637827
1,240,74,strong,0.0,weak_tail,equal,feasible,5,258,0.086,0.07648937686404016,0.09656950988052972
1,240,74,strong,0.0,weak_tail,equal,feasible,8,267,0.089,0.07932933111699066,0.09972188253522728
1,240,74,strong,0.0,weak_tail,hj,oracle,1,3000,1.0,0.9987211512746742,1.0000000000000002
1,240,74,strong,0.0,weak_tail,hj,oracle,2,0,0.0,0.0,0.0012788487253259629
1,240,74,strong,0.0,weak_tail,hj,oracle,3,0,0.0,0.0,0.0012788487253259629
1,240,74,strong,0.0,weak_tail,hj,oracle,4,0,0.0,0.0,0.0012788487253259629
1,240,74,strong,0.0,weak_tail,hj,oracle,5,0,0.0,0.0,0.0012788487253259629
1,240,74,strong,0.0,weak_tail,hj,oracle,8,0,0.0,0.0,0.0012788487253259629
1,240,74,strong,0.0,weak_tail,hj,feasible,1,1480,0.49333333333333335,0.4754629491730258,0.5112207688099786
1,240,74,strong,0.0,weak_tail,hj,feasible,2,558,0.186,0.1724809241162921,0.2003221928832126
1,240,74,strong,0.0,weak_tail,hj,feasible,3,312,0.104,0.09357826299717588,0.11543458519328227
1,240,74,strong,0.0,weak_tail,hj,feasible,4,249,0.083,0.07365305508272373,0.09341350475419812
1,240,74,strong,0.0,weak_tail,hj,feasible,5,207,0.069,0.06047066801965484,0.07863169958157615
1,240,74,strong,0.0,weak_tail,hj,feasible,8,194,0.06466666666666666,0.05641084618405623,0.07403593810612755
1,240,74,strong,0.7,full,equal,oracle,1,3000,1.0,0.9987211512746742,1.0000000000000002
1,240,74,strong,0.7,full,equal,oracle,2,0,0.0,0.0,0.0012788487253259629
1,240,74,strong,0.7,full,equal,oracle,3,0,0.0,0.0,0.0012788487253259629
1,240,74,strong,0.7,full,equal,oracle,4,0,0.0,0.0,0.0012788487253259629
1,240,74,strong,0.7,full,equal,oracle,5,0,0.0,0.0,0.0012788487253259629
1,240,74,strong,0.7,full,equal,oracle,8,0,0.0,0.0,0.0012788487253259629
1,240,74,strong,0.7,full,equal,feasible,1,1367,0.45566666666666666,0.43791319975624365,0.4735335248307353
1,240,74,strong,0.7,full,equal,feasible,2,424,0.14133333333333334,0.12932569128931212,0.1542583361963217
1,240,74,strong,0.7,full,equal,feasible,3,267,0.089,0.07932933111699066,0.09972188253522728
1,240,74,strong,0.7,full,equal,feasible,4,220,0.07333333333333333,0.06454074216888286,0.08321720874339528
1,240,74,strong,0.7,full,equal,feasible,5,282,0.094,0.08407021959035776,0.1049682055746069
1,240,74,strong,0.7,full,equal,feasible,8,440,0.14666666666666667,0.13445917427378748,0.15977787882544284
1,240,74,strong,0.7,full,hj,oracle,1,3000,1.0,0.9987211512746742,1.0000000000000002
1,240,74,strong,0.7,full,hj,oracle,2,0,0.0,0.0,0.0012788487253259629
1,240,74,strong,0.7,full,hj,oracle,3,0,0.0,0.0,0.0012788487253259629
1,240,74,strong,0.7,full,hj,oracle,4,0,0.0,0.0,0.0012788487253259629
1,240,74,strong,0.7,full,hj,oracle,5,0,0.0,0.0,0.0012788487253259629
1,240,74,strong,0.7,full,hj,oracle,8,0,0.0,0.0,0.0012788487253259629
1,240,74,strong,0.7,full,hj,feasible,1,1481,0.49366666666666664,0.47579570144424593,0.5115538306396081
1,240,74,strong,0.7,full,hj,feasible,2,586,0.19533333333333333,0.18153990352891367,0.20990600829438497
1,240,74,strong,0.7,full,hj,feasible,3,312,0.104,0.09357826299717588,0.11543458519328227
1,240,74,strong,0.7,full,hj,feasible,4,210,0.07,0.061409038063304944,0.07969077184047538
1,240,74,strong,0.7,full,hj,feasible,5,206,0.06866666666666667,0.06015799866455327,0.07827855483582792
1,240,74,strong,0.7,full,hj,feasible,8,205,0.06833333333333333,0.059845390313466564,0.07792534908606481
1,240,74,strong,0.7,weak_tail,equal,oracle,1,3000,1.0,0.9987211512746742,1.0000000000000002
1,240,74,strong,0.7,weak_tail,equal,oracle,2,0,0.0,0.0,0.0012788487253259629
1,240,74,strong,0.7,weak_tail,equal,oracle,3,0,0.0,0.0,0.0012788487253259629
1,240,74,strong,0.7,weak_tail,equal,oracle,4,0,0.0,0.0,0.0012788487253259629
1,240,74,strong,0.7,weak_tail,equal,oracle,5,0,0.0,0.0,0.0012788487253259629
1,240,74,strong,0.7,weak_tail,equal,oracle,8,0,0.0,0.0,0.0012788487253259629
1,240,74,strong,0.7,weak_tail,equal,feasible,1,1374,0.458,0.4402363275196907,0.47587109577323666
1,240,74,strong,0.7,weak_tail,equal,feasible,2,389,0.12966666666666668,0.11811751784795636,0.1421630161079351
1,240,74,strong,0.7,weak_tail,equal,feasible,3,280,0.09333333333333334,0.08343756972048183,0.10426922724278329
1,240,74,strong,0.7,weak_tail,equal,feasible,4,244,0.08133333333333333,0.072078955672542,0.09165853366013091
1,240,74,strong,0.7,weak_tail,equal,feasible,5,279,0.093,0.08312130491687247,0.10391967794554285
1,240,74,strong,0.7,weak_tail,equal,feasible,8,434,0.14466666666666667,0.13253343303246803,0.1577087354616636
1,240,74,strong,0.7,weak_tail,hj,oracle,1,3000,1.0,0.9987211512746742,1.0000000000000002
1,240,74,strong,0.7,weak_tail,hj,oracle,2,0,0.0,0.0,0.0012788487253259629
1,240,74,strong,0.7,weak_tail,hj,oracle,3,0,0.0,0.0,0.0012788487253259629
1,240,74,strong,0.7,weak_tail,hj,oracle,4,0,0.0,0.0,0.0012788487253259629
1,240,74,strong,0.7,weak_tail,hj,oracle,5,0,0.0,0.0,0.0012788487253259629
1,240,74,strong,0.7,weak_tail,hj,oracle,8,0,0.0,0.0,0.0012788487253259629
1,240,74,strong,0.7,weak_tail,hj,feasible,1,1540,0.5133333333333333,0.49544213529066555,0.5311904287433258
1,240,74,strong,0.7,weak_tail,hj,feasible,2,532,0.17733333333333334,0.16408081208567882,0.19141113829173156
1,240,74,strong,0.7,weak_tail,hj,feasible,3,304,0.10133333333333333,0.09103955032769631,0.11264678505596357
1,240,74,strong,0.7,weak_tail,hj,feasible,4,234,0.078,0.0689344186666951,0.08814492965748001
1,240,74,strong,0.7,weak_tail,hj,feasible,5,213,0.071,0.06234794277664777,0.08074930942968189
1,240,74,strong,0.7,weak_tail,hj,feasible,8,177,0.059,0.051118946111304464,0.06800899846443303
1,240,74,weak,0.0,full,equal,oracle,1,3000,1.0,0.9987211512746742,1.0000000000000002
1,240,74,weak,0.0,full,equal,oracle,2,0,0.0,0.0,0.0012788487253259629
1,240,74,weak,0.0,full,equal,oracle,3,0,0.0,0.0,0.0012788487253259629
1,240,74,weak,0.0,full,equal,oracle,4,0,0.0,0.0,0.0012788487253259629
1,240,74,weak,0.0,full,equal,oracle,5,0,0.0,0.0,0.0012788487253259629
1,240,74,weak,0.0,full,equal,oracle,8,0,0.0,0.0,0.0012788487253259629
1,240,74,weak,0.0,full,equal,feasible,1,1354,0.4513333333333333,0.43359986405871487,0.46919127721721676
1,240,74,weak,0.0,full,equal,feasible,2,485,0.16166666666666665,0.1489270134352054,0.1752716742022651
1,240,74,weak,0.0,full,equal,feasible,3,309,0.103,0.09262598088993688,0.1143894249979719
1,240,74,weak,0.0,full,equal,feasible,4,274,0.09133333333333334,0.0815405899871373,0.10217132237102912
1,240,74,weak,0.0,full,equal,feasible,5,254,0.08466666666666667,0.07522833065847884,0.09516729968269191
1,240,74,weak,0.0,full,equal,feasible,8,324,0.108,0.09739048149367811,0.11961213590697743
1,240,74,weak,0.0,full,hj,oracle,1,3000,1.0,0.9987211512746742,1.0000000000000002
1,240,74,weak,0.0,full,hj,oracle,2,0,0.0,0.0,0.0012788487253259629
1,240,74,weak,0.0,full,hj,oracle,3,0,0.0,0.0,0.0012788487253259629
1,240,74,weak,0.0,full,hj,oracle,4,0,0.0,0.0,0.0012788487253259629
1,240,74,weak,0.0,full,hj,oracle,5,0,0.0,0.0,0.0012788487253259629
1,240,74,weak,0.0,full,hj,oracle,8,0,0.0,0.0,0.0012788487253259629
1,240,74,weak,0.0,full,hj,feasible,1,1487,0.49566666666666664,0.4777923817763995,0.5135520349125533
1,240,74,weak,0.0,full,hj,feasible,2,534,0.178,0.16472655635351086,0.19209702222559905
1,240,74,weak,0.0,full,hj,feasible,3,312,0.104,0.09357826299717588,0.11543458519328227
1,240,74,weak,0.0,full,hj,feasible,4,249,0.083,0.07365305508272373,0.09341350475419812
1,240,74,weak,0.0,full,hj,feasible,5,208,0.06933333333333333,0.06078339797179763,0.07898478373028311
1,240,74,weak,0.0,full,hj,feasible,8,210,0.07,0.061409038063304944,0.07969077184047538
1,240,74,weak,0.0,weak_tail,equal,oracle,1,3000,1.0,0.9987211512746742,1.0000000000000002
1,240,74,weak,0.0,weak_tail,equal,oracle,2,0,0.0,0.0,0.0012788487253259629
1,240,74,weak,0.0,weak_tail,equal,oracle,3,0,0.0,0.0,0.0012788487253259629
1,240,74,weak,0.0,weak_tail,equal,oracle,4,0,0.0,0.0,0.0012788487253259629
1,240,74,weak,0.0,weak_tail,equal,oracle,5,0,0.0,0.0,0.0012788487253259629
1,240,74,weak,0.0,weak_tail,equal,oracle,8,0,0.0,0.0,0.0012788487253259629
1,240,74,weak,0.0,weak_tail,equal,feasible,1,1388,0.46266666666666667,0.44488376174232175,0.4805450589625026
1,240,74,weak,0.0,weak_tail,equal,feasible,2,518,0.17266666666666666,0.15956261147016343,0.18660794149534993
1,240,74,weak,0.0,weak_tail,equal,feasible,3,335,0.11166666666666666,0.10088920659365967,0.12343736591634348
1,240,74,weak,0.0,weak_tail,equal,feasible,4,252,0.084,0.07459808132677005,0.09446592081270115
1,240,74,weak,0.0,weak_tail,equal,feasible,5,256,0.08533333333333333,0.07585876314969729,0.09586849539317303
1,240,74,weak,0.0,weak_tail,equal,feasible,8,251,0.08366666666666667,0.07428302596119422,0.09411516207742719
1,240,74,weak,0.0,weak_tail,hj,oracle,1,3000,1.0,0.9987211512746742,1.0000000000000002
1,240,74,weak,0.0,weak_tail,hj,oracle,2,0,0.0,0.0,0.0012788487253259629
1,240,74,weak,0.0,weak_tail,hj,oracle,3,0,0.0,0.0,0.0012788487253259629
1,240,74,weak,0.0,weak_tail,hj,oracle,4,0,0.0,0.0,0.0012788487253259629
1,240,74,weak,0.0,weak_tail,hj,oracle,5,0,0.0,0.0,0.0012788487253259629
1,240,74,weak,0.0,weak_tail,hj,oracle,8,0,0.0,0.0,0.0012788487253259629
1,240,74,weak,0.0,weak_tail,hj,feasible,1,1512,0.504,0.48611495882451583,0.5218748103856815
1,240,74,weak,0.0,weak_tail,hj,feasible,2,555,0.185,0.1715110881969003,0.19929458650005505
1,240,74,weak,0.0,weak_tail,hj,feasible,3,339,0.113,0.10216242898759076,0.12482739992581154
1,240,74,weak,0.0,weak_tail,hj,feasible,4,230,0.07666666666666666,0.06767802120373247,0.0867380707170435
1,240,74,weak,0.0,weak_tail,hj,feasible,5,199,0.06633333333333333,0.057971044709308375,0.07580481008512431
1,240,74,weak,0.0,weak_tail,hj,feasible,8,165,0.055,0.047396448984681316,0.06374172638085879
1,240,74,weak,0.7,full,equal,oracle,1,3000,1.0,0.9987211512746742,1.0000000000000002
1,240,74,weak,0.7,full,equal,oracle,2,0,0.0,0.0,0.0012788487253259629
1,240,74,weak,0.7,full,equal,oracle,3,0,0.0,0.0,0.0012788487253259629
1,240,74,weak,0.7,full,equal,oracle,4,0,0.0,0.0,0.0012788487253259629
1,240,74,weak,0.7,full,equal,oracle,5,0,0.0,0.0,0.0012788487253259629
1,240,74,weak,0.7,full,equal,oracle,8,0,0.0,0.0,0.0012788487253259629
1,240,74,weak,0.7,full,equal,feasible,1,1409,0.4696666666666667,0.4518578534400973,0.4875530633825724
1,240,74,weak,0.7,full,equal,feasible,2,400,0.13333333333333333,0.12163680361831758,0.14596768544692146
1,240,74,weak,0.7,full,equal,feasible,3,263,0.08766666666666667,0.0780666916239497,0.0983212656248691
1,240,74,weak,0.7,full,equal,feasible,4,219,0.073,0.0642273151202552,0.08286482169117315
1,240,74,weak,0.7,full,equal,feasible,5,286,0.09533333333333334,0.0853359950799826,0.10636568648838121
1,240,74,weak,0.7,full,equal,feasible,8,423,0.141,0.12900504479605657,0.15391316858872744
1,240,74,weak,0.7,full,hj,oracle,1,3000,1.0,0.9987211512746742,1.0000000000000002
1,240,74,weak,0.7,full,hj,oracle,2,0,0.0,0.0,0.0012788487253259629
1,240,74,weak,0.7,full,hj,oracle,3,0,0.0,0.0,0.0012788487253259629
1,240,74,weak,0.7,full,hj,oracle,4,0,0.0,0.0,0.0012788487253259629
1,240,74,weak,0.7,full,hj,oracle,5,0,0.0,0.0,0.0012788487253259629
1,240,74,weak,0.7,full,hj,oracle,8,0,0.0,0.0,0.0012788487253259629
1,240,74,weak,0.7,full,hj,feasible,1,1532,0.5106666666666667,0.4927765924446521,0.5285294587825411
1,240,74,weak,0.7,full,hj,feasible,2,549,0.183,0.16957187427515297,0.19723891581670366
1,240,74,weak,0.7,full,hj,feasible,3,314,0.10466666666666667,0.09421329180776727,0.11613118458439045
1,240,74,weak,0.7,full,hj,feasible,4,215,0.07166666666666667,0.0629741711594646,0.08145470924856463
1,240,74,weak,0.7,full,hj,feasible,5,216,0.072,0.06328737179829913,0.08180732271057986
1,240,74,weak,0.7,full,hj,feasible,8,174,0.058,0.05018726284558232,0.06694323942760584
1,240,74,weak,0.7,weak_tail,equal,oracle,1,3000,1.0,0.9987211512746742,1.0000000000000002
1,240,74,weak,0.7,weak_tail,equal,oracle,2,0,0.0,0.0,0.0012788487253259629
1,240,74,weak,0.7,weak_tail,equal,oracle,3,0,0.0,0.0,0.0012788487253259629
1,240,74,weak,0.7,weak_tail,equal,oracle,4,0,0.0,0.0,0.0012788487253259629
1,240,74,weak,0.7,weak_tail,equal,oracle,5,0,0.0,0.0,0.0012788487253259629
1,240,74,weak,0.7,weak_tail,equal,oracle,8,0,0.0,0.0,0.0012788487253259629
1,240,74,weak,0.7,weak_tail,equal,feasible,1,1341,0.447,0.42928788895880854,0.464847669006076
1,240,74,weak,0.7,weak_tail,equal,feasible,2,386,0.12866666666666668,0.11715825620598928,0.14112483544735283
1,240,74,weak,0.7,weak_tail,equal,feasible,3,265,0.08833333333333333,0.0786979248943257,0.09902166055619266
1,240,74,weak,0.7,weak_tail,equal,feasible,4,220,0.07333333333333333,0.06454074216888286,0.08321720874339528
1,240,74,weak,0.7,weak_tail,equal,feasible,5,304,0.10133333333333333,0.09103955032769631,0.11264678505596357
1,240,74,weak,0.7,weak_tail,equal,feasible,8,484,0.16133333333333333,0.1486050514585751,0.17492782207804564
1,240,74,weak,0.7,weak_tail,hj,oracle,1,3000,1.0,0.9987211512746742,1.0000000000000002
1,240,74,weak,0.7,weak_tail,hj,oracle,2,0,0.0,0.0,0.0012788487253259629
1,240,74,weak,0.7,weak_tail,hj,oracle,3,0,0.0,0.0,0.0012788487253259629
1,240,74,weak,0.7,weak_tail,hj,oracle,4,0,0.0,0.0,0.0012788487253259629
1,240,74,weak,0.7,weak_tail,hj,oracle,5,0,0.0,0.0,0.0012788487253259629
1,240,74,weak,0.7,weak_tail,hj,oracle,8,0,0.0,0.0,0.0012788487253259629
1,240,74,weak,0.7,weak_tail,hj,feasible,1,1513,0.5043333333333333,0.48644796508744664,0.5222076182236004
1,240,74,weak,0.7,weak_tail,hj,feasible,2,535,0.17833333333333334,0.16504945506000362,0.1924399376199561
1,240,74,weak,0.7,weak_tail,hj,feasible,3,299,0.09966666666666667,0.08945401935526073,0.11090324552415023
1,240,74,weak,0.7,weak_tail,hj,feasible,4,235,0.07833333333333334,0.06924864678390356,0.08849651564112133
1,240,74,weak,0.7,weak_tail,hj,feasible,5,230,0.07666666666666666,0.06767802120373247,0.0867380707170435
1,240,74,weak,0.7,weak_tail,hj,feasible,8,188,0.06266666666666666,0.054540801402863825,0.07191109828222125
1,600,25,strong,0.0,full,equal,oracle,1,3000,1.0,0.9987211512746742,1.0000000000000002
1,600,25,strong,0.0,full,equal,oracle,2,0,0.0,0.0,0.0012788487253259629
1,600,25,strong,0.0,full,equal,oracle,3,0,0.0,0.0,0.0012788487253259629
1,600,25,strong,0.0,full,equal,oracle,4,0,0.0,0.0,0.0012788487253259629
1,600,25,strong,0.0,full,equal,oracle,5,0,0.0,0.0,0.0012788487253259629
1,600,25,strong,0.0,full,equal,oracle,8,0,0.0,0.0,0.0012788487253259629
1,600,25,strong,0.0,full,equal,feasible,1,1418,0.4726666666666667,0.4548478278396507,0.4905554158906671
1,600,25,strong,0.0,full,equal,feasible,2,508,0.16933333333333334,0.1563375207000919,0.18317489125692368
1,600,25,strong,0.0,full,equal,feasible,3,338,0.11266666666666666,0.10184407632453579,0.1244799384880167
1,600,25,strong,0.0,full,equal,feasible,4,226,0.07533333333333334,0.0664224625339994,0.08533037298337744
1,600,25,strong,0.0,full,equal,feasible,5,242,0.08066666666666666,0.07144965254924313,0.09095620858173023
1,600,25,strong,0.0,full,equal,feasible,8,268,0.08933333333333333,0.07964509853884702,0.1000719292142207
1,600,25,strong,0.0,full,hj,oracle,1,3000,1.0,0.9987211512746742,1.0000000000000002
1,600,25,strong,0.0,full,hj,oracle,2,0,0.0,0.0,0.0012788487253259629
1,600,25,strong,0.0,full,hj,oracle,3,0,0.0,0.0,0.0012788487253259629
1,600,25,strong,0.0,full,hj,oracle,4,0,0.0,0.0,0.0012788487253259629
1,600,25,strong,0.0,full,hj,oracle,5,0,0.0,0.0,0.0012788487253259629
1,600,25,strong,0.0,full,hj,oracle,8,0,0.0,0.0,0.0012788487253259629
1,600,25,strong,0.0,full,hj,feasible,1,1540,0.5133333333333333,0.49544213529066555,0.5311904287433258
1,600,25,strong,0.0,full,hj,feasible,2,538,0.17933333333333334,0.16601825700495518,0.19346857797755387
1,600,25,strong,0.0,full,hj,feasible,3,332,0.11066666666666666,0.09993462182590945,0.12239450838154434
1,600,25,strong,0.0,full,hj,feasible,4,204,0.068,0.0595328433782643,0.07757208192041733
1,600,25,strong,0.0,full,hj,feasible,5,204,0.068,0.0595328433782643,0.07757208192041733
1,600,25,strong,0.0,full,hj,feasible,8,182,0.06066666666666667,0.052673250511886385,0.06978376456810004
1,600,25,strong,0.0,weak_tail,equal,oracle,1,3000,1.0,0.9987211512746742,1.0000000000000002
1,600,25,strong,0.0,weak_tail,equal,oracle,2,0,0.0,0.0,0.0012788487253259629
1,600,25,strong,0.0,weak_tail,equal,oracle,3,0,0.0,0.0,0.0012788487253259629
1,600,25,strong,0.0,weak_tail,equal,oracle,4,0,0.0,0.0,0.0012788487253259629
1,600,25,strong,0.0,weak_tail,equal,oracle,5,0,0.0,0.0,0.0012788487253259629
1,600,25,strong,0.0,weak_tail,equal,oracle,8,0,0.0,0.0,0.0012788487253259629
1,600,25,strong,0.0,weak_tail,equal,feasible,1,1365,0.455,0.43724952122564575,0.47286557515963357
1,600,25,strong,0.0,weak_tail,equal,feasible,2,539,0.17966666666666667,0.16634122613369678,0.19381142294966203
1,600,25,strong,0.0,weak_tail,equal,feasible,3,293,0.09766666666666667,0.08755259790803623,0.10880978236627604
1,600,25,strong,0.0,weak_tail,equal,feasible,4,279,0.093,0.08312130491687247,0.10391967794554285
1,600,25,strong,0.0,weak_tail,equal,feasible,5,254,0.08466666666666667,0.07522833065847884,0.09516729968269191
1,600,25,strong,0.0,weak_tail,equal,feasible,8,270,0.09,0.08027676092797803,0.10077189502678924
1,600,25,strong,0.0,weak_tail,hj,oracle,1,3000,1.0,0.9987211512746742,1.0000000000000002
1,600,25,strong,0.0,weak_tail,hj,oracle,2,0,0.0,0.0,0.0012788487253259629
1,600,25,strong,0.0,weak_tail,hj,oracle,3,0,0.0,0.0,0.0012788487253259629
1,600,25,strong,0.0,weak_tail,hj,oracle,4,0,0.0,0.0,0.0012788487253259629
1,600,25,strong,0.0,weak_tail,hj,oracle,5,0,0.0,0.0,0.0012788487253259629
1,600,25,strong,0.0,weak_tail,hj,oracle,8,0,0.0,0.0,0.0012788487253259629
1,600,25,strong,0.0,weak_tail,hj,feasible,1,1510,0.5033333333333333,0.4854489701109927,0.5212091708975052
1,600,25,strong,0.0,weak_tail,hj,feasible,2,566,0.18866666666666668,0.17506789075089216,0.20306173905541083
1,600,25,strong,0.0,weak_tail,hj,feasible,3,290,0.09666666666666666,0.0866023950440781,0.10776254292768483
1,600,25,strong,0.0,weak_tail,hj,feasible,4,252,0.084,0.07459808132677005,0.09446592081270115
1,600,25,strong,0.0,weak_tail,hj,feasible,5,197,0.06566666666666666,0.05734677014110726,0.07509745645162587
1,600,25,strong,0.0,weak_tail,hj,feasible,8,185,0.06166666666666667,0.05360670722610212,0.07084775015643364
1,600,25,strong,0.7,full,equal,oracle,1,3000,1.0,0.9987211512746742,1.0000000000000002
1,600,25,strong,0.7,full,equal,oracle,2,0,0.0,0.0,0.0012788487253259629
1,600,25,strong,0.7,full,equal,oracle,3,0,0.0,0.0,0.0012788487253259629
1,600,25,strong,0.7,full,equal,oracle,4,0,0.0,0.0,0.0012788487253259629
1,600,25,strong,0.7,full,equal,oracle,5,0,0.0,0.0,0.0012788487253259629
1,600,25,strong,0.7,full,equal,oracle,8,0,0.0,0.0,0.0012788487253259629
1,600,25,strong,0.7,full,equal,feasible,1,1384,0.4613333333333333,0.4435557631744966,0.4792098011269286
1,600,25,strong,0.7,full,equal,feasible,2,401,0.13366666666666666,0.1219568915096465,0.1463134116564423
1,600,25,strong,0.7,full,equal,feasible,3,292,0.09733333333333333,0.08723582560137695,0.10846074057208553
1,600,25,strong,0.7,full,equal,feasible,4,221,0.07366666666666667,0.06485422493460634,0.08356954007852159
1,600,25,strong,0.7,full,equal,feasible,5,282,0.094,0.08407021959035776,0.1049682055746069
1,600,25,strong,0.7,full,equal,feasible,8,420,0.14,0.12804324652378668,0.15287752455844805
1,600,25,strong,0.7,full,hj,oracle,1,3000,1.0,0.9987211512746742,1.0000000000000002
1,600,25,strong,0.7,full,hj,oracle,2,0,0.0,0.0,0.0012788487253259629
1,600,25,strong,0.7,full,hj,oracle,3,0,0.0,0.0,0.0012788487253259629
1,600,25,strong,0.7,full,hj,oracle,4,0,0.0,0.0,0.0012788487253259629
1,600,25,strong,0.7,full,hj,oracle,5,0,0.0,0.0,0.0012788487253259629
1,600,25,strong,0.7,full,hj,oracle,8,0,0.0,0.0,0.0012788487253259629
1,600,25,strong,0.7,full,hj,feasible,1,1482,0.494,0.47612846165409983,0.511886884530604
1,600,25,strong,0.7,full,hj,feasible,2,540,0.18,0.1666642127723977,0.19415425041181086
1,600,25,strong,0.7,full,hj,feasible,3,330,0.11,0.09929839195629818,0.12169911004945606
1,600,25,strong,0.7,full,hj,feasible,4,218,0.07266666666666667,0.0639139441388719,0.0825123785717067
1,600,25,strong,0.7,full,hj,feasible,5,240,0.08,0.07082054503843029,0.09025368789084352
1,600,25,strong,0.7,full,hj,feasible,8,190,0.06333333333333334,0.055163878001273065,0.07261964988551162
1,600,25,strong,0.7,weak_tail,equal,oracle,1,3000,1.0,0.9987211512746742,1.0000000000000002
1,600,25,strong,0.7,weak_tail,equal,oracle,2,0,0.0,0.0,0.0012788487253259629
1,600,25,strong,0.7,weak_tail,equal,oracle,3,0,0.0,0.0,0.0012788487253259629
1,600,25,strong,0.7,weak_tail,equal,oracle,4,0,0.0,0.0,0.0012788487253259629
1,600,25,strong,0.7,weak_tail,equal,oracle,5,0,0.0,0.0,0.0012788487253259629
1,600,25,strong,0.7,weak_tail,equal,oracle,8,0,0.0,0.0,0.0012788487253259629
1,600,25,strong,0.7,weak_tail,equal,feasible,1,1395,0.465,0.44720806732495355,0.48288145208581934
1,600,25,strong,0.7,weak_tail,equal,feasible,2,410,0.13666666666666666,0.12483880356580958,0.14942382650792727
1,600,25,strong,0.7,weak_tail,equal,feasible,3,288,0.096,0.08596911772942444,0.10706419204063893
1,600,25,strong,0.7,weak_tail,equal,feasible,4,228,0.076,0.06705013576453428,0.08603432795454213
1,600,25,strong,0.7,weak_tail,equal,feasible,5,269,0.08966666666666667,0.07996090854689362,0.10042193330702388
1,600,25,strong,0.7,weak_tail,equal,feasible,8,410,0.13666666666666666,0.12483880356580958,0.14942382650792727
1,600,25,strong,0.7,weak_tail,hj,oracle,1,3000,1.0,0.9987211512746742,1.0000000000000002
1,600,25,strong,0.7,weak_tail,hj,oracle,2,0,0.0,0.0,0.0012788487253259629
1,600,25,strong,0.7,weak_tail,hj,oracle,3,0,0.0,0.0,0.0012788487253259629
1,600,25,strong,0.7,weak_tail,hj,oracle,4,0,0.0,0.0,0.0012788487253259629
1,600,25,strong,0.7,weak_tail,hj,oracle,5,0,0.0,0.0,0.0012788487253259629
1,600,25,strong,0.7,weak_tail,hj,oracle,8,0,0.0,0.0,0.0012788487253259629
1,600,25,strong,0.7,weak_tail,hj,feasible,1,1478,0.49266666666666664,0.47479746844732185,0.5105546213339829
1,600,25,strong,0.7,weak_tail,hj,feasible,2,562,0.18733333333333332,0.17377427398296236,0.20169209941994143
1,600,25,strong,0.7,weak_tail,hj,feasible,3,296,0.09866666666666667,0.08850314087293311,0.10985668170392852
1,600,25,strong,0.7,weak_tail,hj,feasible,4,245,0.08166666666666667,0.07239367990574448,0.09200962352777824
1,600,25,strong,0.7,weak_tail,hj,feasible,5,235,0.07833333333333334,0.06924864678390356,0.08849651564112133
1,600,25,strong,0.7,weak_tail,hj,feasible,8,184,0.06133333333333333,0.05329548344499248,0.07049315983669349
1,600,25,weak,0.0,full,equal,oracle,1,3000,1.0,0.9987211512746742,1.0000000000000002
1,600,25,weak,0.0,full,equal,oracle,2,0,0.0,0.0,0.0012788487253259629
1,600,25,weak,0.0,full,equal,oracle,3,0,0.0,0.0,0.0012788487253259629
1,600,25,weak,0.0,full,equal,oracle,4,0,0.0,0.0,0.0012788487253259629
1,600,25,weak,0.0,full,equal,oracle,5,0,0.0,0.0,0.0012788487253259629
1,600,25,weak,0.0,full,equal,oracle,8,0,0.0,0.0,0.0012788487253259629
1,600,25,weak,0.0,full,equal,feasible,1,1352,0.45066666666666666,0.43293639462727995,0.46852311844695216
1,600,25,weak,0.0,full,equal,feasible,2,497,0.16566666666666666,0.15279209164405017,0.1793963652036178
1,600,25,weak,0.0,full,equal,feasible,3,354,0.118,0.10694139451290101,0.130035645913248
1,600,25,weak,0.0,full,equal,feasible,4,239,0.07966666666666666,0.07050606533134567,0.08990235349707835
1,600,25,weak,0.0,full,equal,feasible,5,270,0.09,0.08027676092797803,0.10077189502678924
1,600,25,weak,0.0,full,equal,feasible,8,288,0.096,0.08596911772942444,0.10706419204063893
1,600,25,weak,0.0,full,hj,oracle,1,3000,1.0,0.9987211512746742,1.0000000000000002
1,600,25,weak,0.0,full,hj,oracle,2,0,0.0,0.0,0.0012788487253259629
1,600,25,weak,0.0,full,hj,oracle,3,0,0.0,0.0,0.0012788487253259629
1,600,25,weak,0.0,full,hj,oracle,4,0,0.0,0.0,0.0012788487253259629
1,600,25,weak,0.0,full,hj,oracle,5,0,0.0,0.0,0.0012788487253259629
1,600,25,weak,0.0,full,hj,oracle,8,0,0.0,0.0,0.0012788487253259629
1,600,25,weak,0.0,full,hj,feasible,1,1468,0.48933333333333334,0.471470541217459,0.507223407555348
1,600,25,weak,0.0,full,hj,feasible,2,533,0.17766666666666667,0.16440367534908137,0.19175408912917877
1,600,25,weak,0.0,full,hj,feasible,3,346,0.11533333333333333,0.10439176389237965,0.12725876372697112
1,600,25,weak,0.0,full,hj,feasible,4,221,0.07366666666666667,0.06485422493460634,0.08356954007852159
1,600,25,weak,0.0,full,hj,feasible,5,230,0.07666666666666666,0.06767802120373247,0.0867380707170435
1,600,25,weak,0.0,full,hj,feasible,8,202,0.06733333333333333,0.05890793542797179,0.07686536166901026
1,600,25,weak,0.0,weak_tail,equal,oracle,1,3000,1.0,0.9987211512746742,1.0000000000000002
1,600,25,weak,0.0,weak_tail,equal,oracle,2,0,0.0,0.0,0.0012788487253259629
1,600,25,weak,0.0,weak_tail,equal,oracle,3,0,0.0,0.0,0.0012788487253259629
1,600,25,weak,0.0,weak_tail,equal,oracle,4,0,0.0,0.0,0.0012788487253259629
1,600,25,weak,0.0,weak_tail,equal,oracle,5,0,0.0,0.0,0.0012788487253259629
1,600,25,weak,0.0,weak_tail,equal,oracle,8,0,0.0,0.0,0.0012788487253259629
1,600,25,weak,0.0,weak_tail,equal,feasible,1,1398,0.466,0.4482043182420676,0.4838826434712546
1,600,25,weak,0.0,weak_tail,equal,feasible,2,509,0.16966666666666666,0.15665994599375843,0.18351828006410692
1,600,25,weak,0.0,weak_tail,equal,feasible,3,319,0.10633333333333334,0.0958014645991679,0.11787208229723874
1,600,25,weak,0.0,weak_tail,equal,feasible,4,240,0.08,0.07082054503843029,0.09025368789084352
1,600,25,weak,0.0,weak_tail,equal,feasible,5,254,0.08466666666666667,0.07522833065847884,0.09516729968269191
1,600,25,weak,0.0,weak_tail,equal,feasible,8,280,0.09333333333333334,0.08343756972048183,0.10426922724278329
1,600,25,weak,0.0,weak_tail,hj,oracle,1,3000,1.0,0.9987211512746742,1.0000000000000002
1,600,25,weak,0.0,weak_tail,hj,oracle,2,0,0.0,0.0,0.0012788487253259629
1,600,25,weak,0.0,weak_tail,hj,oracle,3,0,0.0,0.0,0.0012788487253259629
1,600,25,weak,0.0,weak_tail,hj,oracle,4,0,0.0,0.0,0.0012788487253259629
1,600,25,weak,0.0,weak_tail,hj,oracle,5,0,0.0,0.0,0.0012788487253259629
1,600,25,weak,0.0,weak_tail,hj,oracle,8,0,0.0,0.0,0.0012788487253259629
1,600,25,weak,0.0,weak_tail,hj,feasible,1,1520,0.5066666666666667,0.4887792311900214,0.5245370508269742
1,600,25,weak,0.0,weak_tail,hj,feasible,2,533,0.17766666666666667,0.16440367534908137,0.19175408912917877
1,600,25,weak,0.0,weak_tail,hj,feasible,3,320,0.10666666666666667,0.09611920100638773,0.1182201599908687
1,600,25,weak,0.0,weak_tail,hj,feasible,4,225,0.075,0.0661087063006732,0.08497831511585385
1,600,25,weak,0.0,weak_tail,hj,feasible,5,210,0.07,0.061409038063304944,0.07969077184047538
1,600,25,weak,0.0,weak_tail,hj,feasible,8,192,0.064,0.055787227577051686,0.07332792851143254
1,600,25,weak,0.7,full,equal,oracle,1,3000,1.0,0.9987211512746742,1.0000000000000002
1,600,25,weak,0.7,full,equal,oracle,2,0,0.0,0.0,0.0012788487253259629
1,600,25,weak,0.7,full,equal,oracle,3,0,0.0,0.0,0.0012788487253259629
1,600,25,weak,0.7,full,equal,oracle,4,0,0.0,0.0,0.0012788487253259629
1,600,25,weak,0.7,full,equal,oracle,5,0,0.0,0.0,0.0012788487253259629
1,600,25,weak,0.7,full,equal,oracle,8,0,0.0,0.0,0.0012788487253259629
1,600,25,weak,0.7,full,equal,feasible,1,1376,0.45866666666666667,0.44090015052218756,0.47653890097243934
1,600,25,weak,0.7,full,equal,feasible,2,408,0.136,0.12419820572712538,0.14873279614491194
1,600,25,weak,0.7,full,equal,feasible,3,271,0.09033333333333333,0.08059265547089096,0.10112181458472609
1,600,25,weak,0.7,full,equal,feasible,4,242,0.08066666666666666,0.07144965254924313,0.09095620858173023
1,600,25,weak,0.7,full,equal,feasible,5,275,0.09166666666666666,0.08185665110327484,0.10252107535574134
1,600,25,weak,0.7,full,equal,feasible,8,428,0.14266666666666666,0.1306085107645784,0.1556387731244545
1,600,25,weak,0.7,full,hj,oracle,1,3000,1.0,0.9987211512746742,1.0000000000000002
1,600,25,weak,0.7,full,hj,oracle,2,0,0.0,0.0,0.0012788487253259629
1,600,25,weak,0.7,full,hj,oracle,3,0,0.0,0.0,0.0012788487253259629
1,600,25,weak,0.7,full,hj,oracle,4,0,0.0,0.0,0.0012788487253259629
1,600,25,weak,0.7,full,hj,oracle,5,0,0.0,0.0,0.0012788487253259629
1,600,25,weak,0.7,full,hj,oracle,8,0,0.0,0.0,0.0012788487253259629
1,600,25,weak,0.7,full,hj,feasible,1,1475,0.49166666666666664,0.4737993069040172,0.5095553405747381
1,600,25,weak,0.7,full,hj,feasible,2,551,0.18366666666666667,0.17021821074422575,0.19792420754933046
1,600,25,weak,0.7,full,hj,feasible,3,331,0.11033333333333334,0.09961649080933166,0.12204682529727237
1,600,25,weak,0.7,full,hj,feasible,4,236,0.07866666666666666,0.06956292580188018,0.08884805072399447
1,600,25,weak,0.7,full,hj,feasible,5,228,0.076,0.06705013576453428,0.08603432795454213
1,600,25,weak,0.7,full,hj,feasible,8,179,0.059666666666666666,0.0517404459622769,0.06871912681516018
1,600,25,weak,0.7,weak_tail,equal,oracle,1,3000,1.0,0.9987211512746742,1.0000000000000002
1,600,25,weak,0.7,weak_tail,equal,oracle,2,0,0.0,0.0,0.0012788487253259629
1,600,25,weak,0.7,weak_tail,equal,oracle,3,0,0.0,0.0,0.0012788487253259629
1,600,25,weak,0.7,weak_tail,equal,oracle,4,0,0.0,0.0,0.0012788487253259629
1,600,25,weak,0.7,weak_tail,equal,oracle,5,0,0.0,0.0,0.0012788487253259629
1,600,25,weak,0.7,weak_tail,equal,oracle,8,0,0.0,0.0,0.0012788487253259629
1,600,25,weak,0.7,weak_tail,equal,feasible,1,1366,0.4553333333333333,0.4375813564746615,0.47319955401146757
1,600,25,weak,0.7,weak_tail,equal,feasible,2,385,0.12833333333333333,0.11683855494280439,0.14077872260968788
1,600,25,weak,0.7,weak_tail,equal,feasible,3,291,0.097,0.08691909125536426,0.10811166081724846
1,600,25,weak,0.7,weak_tail,equal,feasible,4,230,0.07666666666666666,0.06767802120373247,0.0867380707170435
1,600,25,weak,0.7,weak_tail,equal,feasible,5,294,0.098,0.08786940800272493,0.10915878637243713
1,600,25,weak,0.7,weak_tail,equal,feasible,8,434,0.14466666666666667,0.13253343303246803,0.1577087354616636
1,600,25,weak,0.7,weak_tail,hj,oracle,1,3000,1.0,0.9987211512746742,1.0000000000000002
1,600,25,weak,0.7,weak_tail,hj,oracle,2,0,0.0,0.0,0.0012788487253259629
1,600,25,weak,0.7,weak_tail,hj,oracle,3,0,0.0,0.0,0.0012788487253259629
1,600,25,weak,0.7,weak_tail,hj,oracle,4,0,0.0,0.0,0.0012788487253259629
1,600,25,weak,0.7,weak_tail,hj,oracle,5,0,0.0,0.0,0.0012788487253259629
1,600,25,weak,0.7,weak_tail,hj,oracle,8,0,0.0,0.0,0.0012788487253259629
1,600,25,weak,0.7,weak_tail,hj,feasible,1,1524,0.508,0.4901115578991594,0.5258679805212355
1,600,25,weak,0.7,weak_tail,hj,feasible,2,538,0.17933333333333334,0.16601825700495518,0.19346857797755387
1,600,25,weak,0.7,weak_tail,hj,feasible,3,306,0.102,0.09167401569627516,0.11334394788908429
1,600,25,weak,0.7,weak_tail,hj,feasible,4,231,0.077,0.06799204271080748,0.08708986331081826
1,600,25,weak,0.7,weak_tail,hj,feasible,5,210,0.07,0.061409038063304944,0.07969077184047538
1,600,25,weak,0.7,weak_tail,hj,feasible,8,191,0.06366666666666666,0.05547551891601099,0.07297382307162345
1,600,74,strong,0.0,full,equal,oracle,1,3000,1.0,0.9987211512746742,1.0000000000000002
1,600,74,strong,0.0,full,equal,oracle,2,0,0.0,0.0,0.0012788487253259629
1,600,74,strong,0.0,full,equal,oracle,3,0,0.0,0.0,0.0012788487253259629
1,600,74,strong,0.0,full,equal,oracle,4,0,0.0,0.0,0.0012788487253259629
1,600,74,strong,0.0,full,equal,oracle,5,0,0.0,0.0,0.0012788487253259629
1,600,74,strong,0.0,full,equal,oracle,8,0,0.0,0.0,0.0012788487253259629
1,600,74,strong,0.0,full,equal,feasible,1,1371,0.457,0.43924065317961863,0.47486932781075947
1,600,74,strong,0.0,full,equal,feasible,2,522,0.174,0.1608531639130219,0.1879806454558906
1,600,74,strong,0.0,full,equal,feasible,3,337,0.11233333333333333,0.10152575495684299,0.12413244575485971
1,600,74,strong,0.0,full,equal,feasible,4,260,0.08666666666666667,0.07712016990203277,0.09727034504423668
1,600,74,strong,0.0,full,equal,feasible,5,281,0.09366666666666666,0.08375387467543888,0.104618736388676
1,600,74,strong,0.0,full,equal,feasible,8,229,0.07633333333333334,0.06736405211705591,0.08638622570287029
1,600,74,strong,0.0,full,hj,oracle,1,3000,1.0,0.9987211512746742,1.0000000000000002
1,600,74,strong,0.0,full,hj,oracle,2,0,0.0,0.0,0.0012788487253259629
1,600,74,strong,0.0,full,hj,oracle,3,0,0.0,0.0,0.0012788487253259629
1,600,74,strong,0.0,full,hj,oracle,4,0,0.0,0.0,0.0012788487253259629
1,600,74,strong,0.0,full,hj,oracle,5,0,0.0,0.0,0.0012788487253259629
1,600,74,strong,0.0,full,hj,oracle,8,0,0.0,0.0,0.0012788487253259629
1,600,74,strong,0.0,full,hj,feasible,1,1489,0.49633333333333335,0.4784580053897241,0.5142180395009283
1,600,74,strong,0.0,full,hj,feasible,2,553,0.18433333333333332,0.17086461548018977,0.198609431015066
1,600,74,strong,0.0,full,hj,feasible,3,331,0.11033333333333334,0.09961649080933166,0.12204682529727237
1,600,74,strong,0.0,full,hj,feasible,4,234,0.078,0.0689344186666951,0.08814492965748001
1,600,74,strong,0.0,full,hj,feasible,5,223,0.07433333333333333,0.06548135623617912,0.08427403697864838
1,600,74,strong,0.0,full,hj,feasible,8,170,0.056666666666666664,0.04894610168340463,0.06552114418638438
1,600,74,strong,0.0,weak_tail,equal,oracle,1,3000,1.0,0.9987211512746742,1.0000000000000002
1,600,74,strong,0.0,weak_tail,equal,oracle,2,0,0.0,0.0,0.0012788487253259629
1,600,74,strong,0.0,weak_tail,equal,oracle,3,0,0.0,0.0,0.0012788487253259629
1,600,74,strong,0.0,weak_tail,equal,oracle,4,0,0.0,0.0,0.0012788487253259629
1,600,74,strong,0.0,weak_tail,equal,oracle,5,0,0.0,0.0,0.0012788487253259629
1,600,74,strong,0.0,weak_tail,equal,oracle,8,0,0.0,0.0,0.0012788487253259629
1,600,74,strong,0.0,weak_tail,equal,feasible,1,1367,0.45566666666666666,0.43791319975624365,0.4735335248307353
1,600,74,strong,0.0,weak_tail,equal,feasible,2,515,0.17166666666666666,0.1585948896494907,0.18557822101347332
1,600,74,strong,0.0,weak_tail,equal,feasible,3,314,0.10466666666666667,0.09421329180776727,0.11613118458439045
1,600,74,strong,0.0,weak_tail,equal,feasible,4,267,0.089,0.07932933111699066,0.09972188253522728
1,600,74,strong,0.0,weak_tail,equal,feasible,5,265,0.08833333333333333,0.0786979248943257,0.09902166055619266
1,600,74,strong,0.0,weak_tail,equal,feasible,8,272,0.09066666666666667,0.08090859196634151,0.10147169219012536
1,600,74,strong,0.0,weak_tail,hj,oracle,1,3000,1.0,0.9987211512746742,1.0000000000000002
1,600,74,strong,0.0,weak_tail,hj,oracle,2,0,0.0,0.0,0.0012788487253259629
1,600,74,strong,0.0,weak_tail,hj,oracle,3,0,0.0,0.0,0.0012788487253259629
1,600,74,strong,0.0,weak_tail,hj,oracle,4,0,0.0,0.0,0.0012788487253259629
1,600,74,strong,0.0,weak_tail,hj,oracle,5,0,0.0,0.0,0.0012788487253259629
1,600,74,strong,0.0,weak_tail,hj,oracle,8,0,0.0,0.0,0.0012788487253259629
1,600,74,strong,0.0,weak_tail,hj,feasible,1,1488,0.496,0.47812518961431844,0.5138850411754841
1,600,74,strong,0.0,weak_tail,hj,feasible,2,539,0.17966666666666667,0.16634122613369678,0.19381142294966203
1,600,74,strong,0.0,weak_tail,hj,feasible,3,307,0.10233333333333333,0.09199130196255789,0.11369247572365135
1,600,74,strong,0.0,weak_tail,hj,feasible,4,252,0.084,0.07459808132677005,0.09446592081270115
1,600,74,strong,0.0,weak_tail,hj,feasible,5,216,0.072,0.06328737179829913,0.08180732271057986
1,600,74,strong,0.0,weak_tail,hj,feasible,8,198,0.066,0.057658875203565316,0.07545116549001761
1,600,74,strong,0.7,full,equal,oracle,1,3000,1.0,0.9987211512746742,1.0000000000000002
1,600,74,strong,0.7,full,equal,oracle,2,0,0.0,0.0,0.0012788487253259629
1,600,74,strong,0.7,full,equal,oracle,3,0,0.0,0.0,0.0012788487253259629
1,600,74,strong,0.7,full,equal,oracle,4,0,0.0,0.0,0.0012788487253259629
1,600,74,strong,0.7,full,equal,oracle,5,0,0.0,0.0,0.0012788487253259629
1,600,74,strong,0.7,full,equal,oracle,8,0,0.0,0.0,0.0012788487253259629
1,600,74,strong,0.7,full,equal,feasible,1,1398,0.466,0.4482043182420676,0.4838826434712546
1,600,74,strong,0.7,full,equal,feasible,2,406,0.13533333333333333,0.12355770619813657,0.14804166747220115
1,600,74,strong,0.7,full,equal,feasible,3,244,0.08133333333333333,0.072078955672542,0.09165853366013091
1,600,74,strong,0.7,full,equal,feasible,4,216,0.072,0.06328737179829913,0.08180732271057986
1,600,74,strong,0.7,full,equal,feasible,5,292,0.09733333333333333,0.08723582560137695,0.10846074057208553
1,600,74,strong,0.7,full,equal,feasible,8,444,0.148,0.13574344990037743,0.16115685960225204
1,600,74,strong,0.7,full,hj,oracle,1,3000,1.0,0.9987211512746742,1.0000000000000002
1,600,74,strong,0.7,full,hj,oracle,2,0,0.0,0.0,0.0012788487253259629
1,600,74,strong,0.7,full,hj,oracle,3,0,0.0,0.0,0.0012788487253259629
1,600,74,strong,0.7,full,hj,oracle,4,0,0.0,0.0,0.0012788487253259629
1,600,74,strong,0.7,full,hj,oracle,5,0,0.0,0.0,0.0012788487253259629
1,600,74,strong,0.7,full,hj,oracle,8,0,0.0,0.0,0.0012788487253259629
1,600,74,strong,0.7,full,hj,feasible,1,1501,0.5003333333333333,0.4824524137848881,0.5182134003159616
1,600,74,strong,0.7,full,hj,feasible,2,548,0.18266666666666667,0.16924873173083738,0.1968962442601695
1,600,74,strong,0.7,full,hj,feasible,3,300,0.1,0.08977105263294838,0.1112520263473124
1,600,74,strong,0.7,full,hj,feasible,4,247,0.08233333333333333,0.07302327237296811,0.09271165926225415
1,600,74,strong,0.7,full,hj,feasible,5,208,0.06933333333333333,0.06078339797179763,0.07898478373028311
1,600,74,strong,0.7,full,hj,feasible,8,196,0.06533333333333333,0.0570347299761277,0.07474368251575565
1,600,74,strong,0.7,weak_tail,equal,oracle,1,3000,1.0,0.9987211512746742,1.0000000000000002
1,600,74,strong,0.7,weak_tail,equal,oracle,2,0,0.0,0.0,0.0012788487253259629
1,600,74,strong,0.7,weak_tail,equal,oracle,3,0,0.0,0.0,0.0012788487253259629
1,600,74,strong,0.7,weak_tail,equal,oracle,4,0,0.0,0.0,0.0012788487253259629
1,600,74,strong,0.7,weak_tail,equal,oracle,5,0,0.0,0.0,0.0012788487253259629
1,600,74,strong,0.7,weak_tail,equal,oracle,8,0,0.0,0.0,0.0012788487253259629
1,600,74,strong,0.7,weak_tail,equal,feasible,1,1394,0.4646666666666667,0.4468759996751175,0.48254770563480553
1,600,74,strong,0.7,weak_tail,equal,feasible,2,382,0.12733333333333333,0.11587961022876217,0.13974022502118075
1,600,74,strong,0.7,weak_tail,equal,feasible,3,241,0.08033333333333334,0.07113507420425678,0.09060497282586681
1,600,74,strong,0.7,weak_tail,equal,feasible,4,246,0.082,0.07270845222780796,0.09236066530656455
1,600,74,strong,0.7,weak_tail,equal,feasible,5,282,0.094,0.08407021959035776,0.1049682055746069
1,600,74,strong,0.7,weak_tail,equal,feasible,8,455,0.15166666666666667,0.13927702070005177,0.16494724391192533
1,600,74,strong,0.7,weak_tail,hj,oracle,1,3000,1.0,0.9987211512746742,1.0000000000000002
1,600,74,strong,0.7,weak_tail,hj,oracle,2,0,0.0,0.0,0.0012788487253259629
1,600,74,strong,0.7,weak_tail,hj,oracle,3,0,0.0,0.0,0.0012788487253259629
1,600,74,strong,0.7,weak_tail,hj,oracle,4,0,0.0,0.0,0.0012788487253259629
1,600,74,strong,0.7,weak_tail,hj,oracle,5,0,0.0,0.0,0.0012788487253259629
1,600,74,strong,0.7,weak_tail,hj,oracle,8,0,0.0,0.0,0.0012788487253259629
1,600,74,strong,0.7,weak_tail,hj,feasible,1,1473,0.491,0.47313390557488116,0.5088891137021746
1,600,74,strong,0.7,weak_tail,hj,feasible,2,551,0.18366666666666667,0.17021821074422575,0.19792420754933046
1,600,74,strong,0.7,weak_tail,hj,feasible,3,308,0.10266666666666667,0.09230862374464574,0.11404096804241329
1,600,74,strong,0.7,weak_tail,hj,feasible,4,249,0.083,0.07365305508272373,0.09341350475419812
1,600,74,strong,0.7,weak_tail,hj,feasible,5,233,0.07766666666666666,0.06862024174778868,0.08779329247553662
1,600,74,strong,0.7,weak_tail,hj,feasible,8,186,0.062,0.053918001831646106,0.07120226965173942
1,600,74,weak,0.0,full,equal,oracle,1,3000,1.0,0.9987211512746742,1.0000000000000002
1,600,74,weak,0.0,full,equal,oracle,2,0,0.0,0.0,0.0012788487253259629
1,600,74,weak,0.0,full,equal,oracle,3,0,0.0,0.0,0.0012788487253259629
1,600,74,weak,0.0,full,equal,oracle,4,0,0.0,0.0,0.0012788487253259629
1,600,74,weak,0.0,full,equal,oracle,5,0,0.0,0.0,0.0012788487253259629
1,600,74,weak,0.0,full,equal,oracle,8,0,0.0,0.0,0.0012788487253259629
1,600,74,weak,0.0,full,equal,feasible,1,1428,0.476,0.4581707789741183,0.49389060576469734
1,600,74,weak,0.0,full,equal,feasible,2,471,0.157,0.14442137515397485,0.17045591507159874
1,600,74,weak,0.0,full,equal,feasible,3,319,0.10633333333333334,0.0958014645991679,0.11787208229723874
1,600,74,weak,0.0,full,equal,feasible,4,265,0.08833333333333333,0.0786979248943257,0.09902166055619266
1,600,74,weak,0.0,full,equal,feasible,5,250,0.08333333333333333,0.07396801712888289,0.09376435680888874
1,600,74,weak,0.0,full,equal,feasible,8,267,0.089,0.07932933111699066,0.09972188253522728
1,600,74,weak,0.0,full,hj,oracle,1,3000,1.0,0.9987211512746742,1.0000000000000002
1,600,74,weak,0.0,full,hj,oracle,2,0,0.0,0.0,0.0012788487253259629
1,600,74,weak,0.0,full,hj,oracle,3,0,0.0,0.0,0.0012788487253259629
1,600,74,weak,0.0,full,hj,oracle,4,0,0.0,0.0,0.0012788487253259629
1,600,74,weak,0.0,full,hj,oracle,5,0,0.0,0.0,0.0012788487253259629
1,600,74,weak,0.0,full,hj,oracle,8,0,0.0,0.0,0.0012788487253259629
1,600,74,weak,0.0,full,hj,feasible,1,1555,0.5183333333333333,0.5004413988680428,0.5361783766786951
1,600,74,weak,0.0,full,hj,feasible,2,505,0.16833333333333333,0.15537035766425142,0.18214461199021478
1,600,74,weak,0.0,full,hj,feasible,3,308,0.10266666666666667,0.09230862374464574,0.11404096804241329
1,600,74,weak,0.0,full,hj,feasible,4,241,0.08033333333333334,0.07113507420425678,0.09060497282586681
1,600,74,weak,0.0,full,hj,feasible,5,209,0.06966666666666667,0.06109618811882249,0.07933780768410804
1,600,74,weak,0.0,full,hj,feasible,8,182,0.06066666666666667,0.052673250511886385,0.06978376456810004
1,600,74,weak,0.0,weak_tail,equal,oracle,1,3000,1.0,0.9987211512746742,1.0000000000000002
1,600,74,weak,0.0,weak_tail,equal,oracle,2,0,0.0,0.0,0.0012788487253259629
1,600,74,weak,0.0,weak_tail,equal,oracle,3,0,0.0,0.0,0.0012788487253259629
1,600,74,weak,0.0,weak_tail,equal,oracle,4,0,0.0,0.0,0.0012788487253259629
1,600,74,weak,0.0,weak_tail,equal,oracle,5,0,0.0,0.0,0.0012788487253259629
1,600,74,weak,0.0,weak_tail,equal,oracle,8,0,0.0,0.0,0.0012788487253259629
1,600,74,weak,0.0,weak_tail,equal,feasible,1,1374,0.458,0.4402363275196907,0.47587109577323666
1,600,74,weak,0.0,weak_tail,equal,feasible,2,550,0.18333333333333332,0.16989503395834182,0.19758157023436457
1,600,74,weak,0.0,weak_tail,equal,feasible,3,306,0.102,0.09167401569627516,0.11334394788908429
1,600,74,weak,0.0,weak_tail,equal,feasible,4,255,0.085,0.07554352413105025,0.09551792031097028
1,600,74,weak,0.0,weak_tail,equal,feasible,5,247,0.08233333333333333,0.07302327237296811,0.09271165926225415
1,600,74,weak,0.0,weak_tail,equal,feasible,8,268,0.08933333333333333,0.07964509853884702,0.1000719292142207
1,600,74,weak,0.0,weak_tail,hj,oracle,1,3000,1.0,0.9987211512746742,1.0000000000000002
1,600,74,weak,0.0,weak_tail,hj,oracle,2,0,0.0,0.0,0.0012788487253259629
1,600,74,weak,0.0,weak_tail,hj,oracle,3,0,0.0,0.0,0.0012788487253259629
1,600,74,weak,0.0,weak_tail,hj,oracle,4,0,0.0,0.0,0.0012788487253259629
1,600,74,weak,0.0,weak_tail,hj,oracle,5,0,0.0,0.0,0.0012788487253259629
1,600,74,weak,0.0,weak_tail,hj,oracle,8,0,0.0,0.0,0.0012788487253259629
1,600,74,weak,0.0,weak_tail,hj,feasible,1,1490,0.49666666666666665,0.4787908291024949,0.5145510298890074
1,600,74,weak,0.0,weak_tail,hj,feasible,2,590,0.19666666666666666,0.1828350774722357,0.21127409075446202
1,600,74,weak,0.0,weak_tail,hj,feasible,3,305,0.10166666666666667,0.09135676509962935,0.11299538438488031
1,600,74,weak,0.0,weak_tail,hj,feasible,4,228,0.076,0.06705013576453428,0.08603432795454213
1,600,74,weak,0.0,weak_tail,hj,feasible,5,203,0.06766666666666667,0.05922035827579508,0.07721875292203675
1,600,74,weak,0.0,weak_tail,hj,feasible,8,184,0.06133333333333333,0.05329548344499248,0.07049315983669349
1,600,74,weak,0.7,full,equal,oracle,1,3000,1.0,0.9987211512746742,1.0000000000000002
1,600,74,weak,0.7,full,equal,oracle,2,0,0.0,0.0,0.0012788487253259629
1,600,74,weak,0.7,full,equal,oracle,3,0,0.0,0.0,0.0012788487253259629
1,600,74,weak,0.7,full,equal,oracle,4,0,0.0,0.0,0.0012788487253259629
1,600,74,weak,0.7,full,equal,oracle,5,0,0.0,0.0,0.0012788487253259629
1,600,74,weak,0.7,full,equal,oracle,8,0,0.0,0.0,0.0012788487253259629
1,600,74,weak,0.7,full,equal,feasible,1,1432,0.47733333333333333,0.45950018247021834,0.49522445867199644
1,600,74,weak,0.7,full,equal,feasible,2,384,0.128,0.11651888013349412,0.14043258331814837
1,600,74,weak,0.7,full,equal,feasible,3,250,0.08333333333333333,0.07396801712888289,0.09376435680888874
1,600,74,weak,0.7,full,equal,feasible,4,202,0.06733333333333333,0.05890793542797179,0.07686536166901026
1,600,74,weak,0.7,full,equal,feasible,5,286,0.09533333333333334,0.0853359950799826,0.10636568648838121
1,600,74,weak,0.7,full,equal,feasible,8,446,0.14866666666666667,0.13638572065032373,0.16184621705400531
1,600,74,weak,0.7,full,hj,oracle,1,3000,1.0,0.9987211512746742,1.0000000000000002
1,600,74,weak,0.7,full,hj,oracle,2,0,0.0,0.0,0.0012788487253259629
1,600,74,weak,0.7,full,hj,oracle,3,0,0.0,0.0,0.0012788487253259629
1,600,74,weak,0.7,full,hj,oracle,4,0,0.0,0.0,0.0012788487253259629
1,600,74,weak,0.7,full,hj,oracle,5,0,0.0,0.0,0.0012788487253259629
1,600,74,weak,0.7,full,hj,oracle,8,0,0.0,0.0,0.0012788487253259629
1,600,74,weak,0.7,full,hj,feasible,1,1517,0.5056666666666667,0.4877800695168382,0.5235387701976082
1,600,74,weak,0.7,full,hj,feasible,2,559,0.18633333333333332,0.1728042364409041,0.20066469465945036
1,600,74,weak,0.7,full,hj,feasible,3,295,0.09833333333333333,0.08818625571427151,0.10950775276174034
1,600,74,weak,0.7,full,hj,feasible,4,217,0.07233333333333333,0.06360062957884215,0.08215987903088666
1,600,74,weak,0.7,full,hj,feasible,5,217,0.07233333333333333,0.06360062957884215,0.08215987903088666
1,600,74,weak,0.7,full,hj,feasible,8,195,0.065,0.056722755168535435,0.07438984322249816
1,600,74,weak,0.7,weak_tail,equal,oracle,1,3000,1.0,0.9987211512746742,1.0000000000000002
1,600,74,weak,0.7,weak_tail,equal,oracle,2,0,0.0,0.0,0.0012788487253259629
1,600,74,weak,0.7,weak_tail,equal,oracle,3,0,0.0,0.0,0.0012788487253259629
1,600,74,weak,0.7,weak_tail,equal,oracle,4,0,0.0,0.0,0.0012788487253259629
1,600,74,weak,0.7,weak_tail,equal,oracle,5,0,0.0,0.0,0.0012788487253259629
1,600,74,weak,0.7,weak_tail,equal,oracle,8,0,0.0,0.0,0.0012788487253259629
1,600,74,weak,0.7,weak_tail,equal,feasible,1,1436,0.4786666666666667,0.4608297133461093,0.49655818419950465
1,600,74,weak,0.7,weak_tail,equal,feasible,2,371,0.12366666666666666,0.11236555571111981,0.1359303244294755
1,600,74,weak,0.7,weak_tail,equal,feasible,3,253,0.08433333333333333,0.0749131829751923,0.09481663326512867
1,600,74,weak,0.7,weak_tail,equal,feasible,4,232,0.07733333333333334,0.06830611632786679,0.08744160379460875
1,600,74,weak,0.7,weak_tail,equal,feasible,5,289,0.09633333333333334,0.08628573714307874,0.10741338672783443
1,600,74,weak,0.7,weak_tail,equal,feasible,8,419,0.13966666666666666,0.1277226944023648,0.1525322625790201
1,600,74,weak,0.7,weak_tail,hj,oracle,1,3000,1.0,0.9987211512746742,1.0000000000000002
1,600,74,weak,0.7,weak_tail,hj,oracle,2,0,0.0,0.0,0.0012788487253259629
1,600,74,weak,0.7,weak_tail,hj,oracle,3,0,0.0,0.0,0.0012788487253259629
1,600,74,weak,0.7,weak_tail,hj,oracle,4,0,0.0,0.0,0.0012788487253259629
1,600,74,weak,0.7,weak_tail,hj,oracle,5,0,0.0,0.0,0.0012788487253259629
1,600,74,weak,0.7,weak_tail,hj,oracle,8,0,0.0,0.0,0.0012788487253259629
1,600,74,weak,0.7,weak_tail,hj,feasible,1,1492,0.49733333333333335,0.47945650033969844,0.5152169868535034
1,600,74,weak,0.7,weak_tail,hj,feasible,2,556,0.18533333333333332,0.17183434995932456,0.19963713883848055
1,600,74,weak,0.7,weak_tail,hj,feasible,3,328,0.10933333333333334,0.09866229125278743,0.12100358255126727
1,600,74,weak,0.7,weak_tail,hj,feasible,4,230,0.07666666666666666,0.06767802120373247,0.0867380707170435
1,600,74,weak,0.7,weak_tail,hj,feasible,5,228,0.076,0.06705013576453428,0.08603432795454213
1,600,74,weak,0.7,weak_tail,hj,feasible,8,166,0.05533333333333333,0.04770621606483646,0.06409777340155344
3,72,25,strong,0.0,full,equal,oracle,1,491,0.16366666666666665,0.1508592004587268,0.17733437178384243
3,72,25,strong,0.0,full,equal,oracle,2,627,0.209,0.19482716356596347,0.2239171263921762
3,72,25,strong,0.0,full,equal,oracle,3,1882,0.6273333333333333,0.6098787689649345,0.6444622175596824
3,72,25,strong,0.0,full,equal,oracle,4,0,0.0,0.0,0.0012788487253259629
3,72,25,strong,0.0,full,equal,oracle,5,0,0.0,0.0,0.0012788487253259629
3,72,25,strong,0.0,full,equal,oracle,8,0,0.0,0.0,0.0012788487253259629
3,72,25,strong,0.0,full,equal,feasible,1,722,0.24066666666666667,0.22570731206159705,0.256289317477272
3,72,25,strong,0.0,full,equal,feasible,2,527,0.17566666666666667,0.16246676326072335,0.18969611661243807
3,72,25,strong,0.0,full,equal,feasible,3,759,0.253,0.23776625580491645,0.26886549546539457
3,72,25,strong,0.0,full,equal,feasible,4,356,0.11866666666666667,0.1075790990429635,0.1307295695848851
3,72,25,strong,0.0,full,equal,feasible,5,348,0.116,0.1050289916604557,0.12795316416059463
3,72,25,strong,0.0,full,equal,feasible,8,288,0.096,0.08596911772942444,0.10706419204063893
3,72,25,strong,0.0,full,hj,oracle,1,523,0.17433333333333334,0.16117584758214723,0.1883237758876151
3,72,25,strong,0.0,full,hj,oracle,2,627,0.209,0.19482716356596347,0.2239171263921762
3,72,25,strong,0.0,full,hj,oracle,3,1850,0.6166666666666667,0.5991298890483508,0.6339050462490731
3,72,25,strong,0.0,full,hj,oracle,4,0,0.0,0.0,0.0012788487253259629
3,72,25,strong,0.0,full,hj,oracle,5,0,0.0,0.0,0.0012788487253259629
3,72,25,strong,0.0,full,hj,oracle,8,0,0.0,0.0,0.0012788487253259629
3,72,25,strong,0.0,full,hj,feasible,1,803,0.26766666666666666,0.25212807399782355,0.2837994977098779
3,72,25,strong,0.0,full,hj,feasible,2,556,0.18533333333333332,0.17183434995932456,0.19963713883848055
3,72,25,strong,0.0,full,hj,feasible,3,768,0.256,0.2407020419072522,0.2719220362707069
3,72,25,strong,0.0,full,hj,feasible,4,345,0.115,0.10407319548539026,0.12691151803311074
3,72,25,strong,0.0,full,hj,feasible,5,313,0.10433333333333333,0.0938957600933863,0.11578290219792164
3,72,25,strong,0.0,full,hj,feasible,8,215,0.07166666666666667,0.0629741711594646,0.08145470924856463
3,72,25,strong,0.0,weak_tail,equal,oracle,1,706,0.23533333333333334,0.22049796334297023,0.2508456405823023
3,72,25,strong,0.0,weak_tail,equal,oracle,2,1519,0.5063333333333333,0.4884461693603918,0.524204298555754
3,72,25,strong,0.0,weak_tail,equal,oracle,3,775,0.25833333333333336,0.24298609965836757,0.2742986772255401
3,72,25,strong,0.0,weak_tail,equal,oracle,4,0,0.0,0.0,0.0012788487253259629
3,72,25,strong,0.0,weak_tail,equal,oracle,5,0,0.0,0.0,0.0012788487253259629
3,72,25,strong,0.0,weak_tail,equal,oracle,8,0,0.0,0.0,0.0012788487253259629
3,72,25,strong,0.0,weak_tail,equal,feasible,1,878,0.2926666666666667,0.2766588778224963,0.3092047514489389
3,72,25,strong,0.0,weak_tail,equal,feasible,2,610,0.20333333333333334,0.1893146967081466,0.21811075353554682
3,72,25,strong,0.0,weak_tail,equal,feasible,3,381,0.127,0.1155600153108971,0.13939400583819606
3,72,25,strong,0.0,weak_tail,equal,feasible,4,410,0.13666666666666666,0.12483880356580958,0.14942382650792727
3,72,25,strong,0.0,weak_tail,equal,feasible,5,354,0.118,0.10694139451290101,0.130035645913248
3,72,25,strong,0.0,weak_tail,equal,feasible,8,367,0.12233333333333334,0.11108854327811075,0.13454408045908545
3,72,25,strong,0.0,weak_tail,hj,oracle,1,690,0.23,0.21529193956658157,0.24539863874509446
3,72,25,strong,0.0,weak_tail,hj,oracle,2,1519,0.5063333333333333,0.4884461693603918,0.524204298555754
3,72,25,strong,0.0,weak_tail,hj,oracle,3,791,0.26366666666666666,0.24820897038465062,0.2797288321128535
3,72,25,strong,0.0,weak_tail,hj,oracle,4,0,0.0,0.0,0.0012788487253259629
3,72,25,strong,0.0,weak_tail,hj,oracle,5,0,0.0,0.0,0.0012788487253259629
3,72,25,strong,0.0,weak_tail,hj,oracle,8,0,0.0,0.0,0.0012788487253259629
3,72,25,strong,0.0,weak_tail,hj,feasible,1,912,0.304,0.28779930922878777,0.32070199947153993
3,72,25,strong,0.0,weak_tail,hj,feasible,2,859,0.28633333333333333,0.2704386186475016,0.3027745427077877
3,72,25,strong,0.0,weak_tail,hj,feasible,3,455,0.15166666666666667,0.13927702070005177,0.16494724391192533
3,72,25,strong,0.0,weak_tail,hj,feasible,4,298,0.09933333333333333,0.08913702285967337,0.11055442791888781
3,72,25,strong,0.0,weak_tail,hj,feasible,5,241,0.08033333333333334,0.07113507420425678,0.09060497282586681
3,72,25,strong,0.0,weak_tail,hj,feasible,8,235,0.07833333333333334,0.06924864678390356,0.08849651564112133
3,72,25,strong,0.7,full,equal,oracle,1,512,0.17066666666666666,0.1576273341048057,0.184548334255609
3,72,25,strong,0.7,full,equal,oracle,2,504,0.168,0.15504800774859392,0.18180114780502252
3,72,25,strong,0.7,full,equal,oracle,3,1984,0.6613333333333333,0.6442016377670553,0.6780523870442395
3,72,25,strong,0.7,full,equal,oracle,4,0,0.0,0.0,0.0012788487253259629
3,72,25,strong,0.7,full,equal,oracle,5,0,0.0,0.0,0.0012788487253259629
3,72,25,strong,0.7,full,equal,oracle,8,0,0.0,0.0,0.0012788487253259629
3,72,25,strong,0.7,full,equal,feasible,1,594,0.198,0.18413050390967073,0.21264192072042615
3,72,25,strong,0.7,full,equal,feasible,2,606,0.202,0.18801827916073136,0.21674391467956292
3,72,25,strong,0.7,full,equal,feasible,3,686,0.22866666666666666,0.21399096247151933,0.24403635943675756
3,72,25,strong,0.7,full,equal,feasible,4,286,0.09533333333333334,0.0853359950799826,0.10636568648838121
3,72,25,strong,0.7,full,equal,feasible,5,366,0.122,0.11076936024423338,0.13419744939211303
3,72,25,strong,0.7,full,equal,feasible,8,462,0.154,0.14152701351611613,0.1673579498018094
3,72,25,strong,0.7,full,hj,oracle,1,46,0.015333333333333332,0.011515523944774946,0.020390773419641017
3,72,25,strong,0.7,full,hj,oracle,2,496,0.16533333333333333,0.1524698946498182,0.17905274809699995
3,72,25,strong,0.7,full,hj,oracle,3,2458,0.8193333333333334,0.8051601470424011,0.8326897615716907
3,72,25,strong,0.7,full,hj,oracle,4,0,0.0,0.0,0.0012788487253259629
3,72,25,strong,0.7,full,hj,oracle,5,0,0.0,0.0,0.0012788487253259629
3,72,25,strong,0.7,full,hj,oracle,8,0,0.0,0.0,0.0012788487253259629
3,72,25,strong,0.7,full,hj,feasible,1,314,0.10466666666666667,0.09421329180776727,0.11613118458439045
3,72,25,strong,0.7,full,hj,feasible,2,696,0.232,0.217243803836326,0.2474416590804487
3,72,25,strong,0.7,full,hj,feasible,3,990,0.33,0.3134007245339622,0.3470340840326486
3,72,25,strong,0.7,full,hj,feasible,4,412,0.13733333333333334,0.12547949911041975,0.15011475916501668
3,72,25,strong,0.7,full,hj,feasible,5,352,0.11733333333333333,0.10630380785794563,0.12934160436650383
3,72,25,strong,0.7,full,hj,feasible,8,236,0.07866666666666666,0.06956292580188018,0.08884805072399447
3,72,25,strong,0.7,weak_tail,equal,oracle,1,752,0.25066666666666665,0.235483541829078,0.2664875107352845
3,72,25,strong,0.7,weak_tail,equal,oracle,2,1444,0.48133333333333334,0.46348915706056826,0.49922525329184386
3,72,25,strong,0.7,weak_tail,equal,oracle,3,804,0.268,0.2524547405555595,0.2841386452529918
3,72,25,strong,0.7,weak_tail,equal,oracle,4,0,0.0,0.0,0.0012788487253259629
3,72,25,strong,0.7,weak_tail,equal,oracle,5,0,0.0,0.0,0.0012788487253259629
3,72,25,strong,0.7,weak_tail,equal,oracle,8,0,0.0,0.0,0.0012788487253259629
3,72,25,strong,0.7,weak_tail,equal,feasible,1,899,0.2996666666666667,0.2835383207887608,0.3163074046005198
3,72,25,strong,0.7,weak_tail,equal,feasible,2,605,0.20166666666666666,0.18769421298614117,0.2164021667533033
3,72,25,strong,0.7,weak_tail,equal,feasible,3,354,0.118,0.10694139451290101,0.130035645913248
3,72,25,strong,0.7,weak_tail,equal,feasible,4,302,0.10066666666666667,0.0904052288845772,0.11194947829738314
3,72,25,strong,0.7,weak_tail,equal,feasible,5,346,0.11533333333333333,0.10439176389237965,0.12725876372697112
3,72,25,strong,0.7,weak_tail,equal,feasible,8,494,0.16466666666666666,0.15182555867604663,0.17836545586907193
3,72,25,strong,0.7,weak_tail,hj,oracle,1,517,0.17233333333333334,0.1592400191255968,0.1862647197390668
3,72,25,strong,0.7,weak_tail,hj,oracle,2,1573,0.5243333333333333,0.5064428773707382,0.5421615519912958
3,72,25,strong,0.7,weak_tail,hj,oracle,3,910,0.30333333333333334,0.28714365993126134,0.32002602056736684
3,72,25,strong,0.7,weak_tail,hj,oracle,4,0,0.0,0.0,0.0012788487253259629
3,72,25,strong,0.7,weak_tail,hj,oracle,5,0,0.0,0.0,0.0012788487253259629
3,72,25,strong,0.7,weak_tail,hj,oracle,8,0,0.0,0.0,0.0012788487253259629
3,72,25,strong,0.7,weak_tail,hj,feasible,1,782,0.26066666666666666,0.24527073672808422,0.2766747388617718
3,72,25,strong,0.7,weak_tail,hj,feasible,2,940,0.31333333333333335,0.2969826456709063,0.33016145785321543
3,72,25,strong,0.7,weak_tail,hj,feasible,3,470,0.15666666666666668,0.14409969642139211,0.17011177970333172
3,72,25,strong,0.7,weak_tail,hj,feasible,4,309,0.103,0.09262598088993688,0.1143894249979719
3,72,25,strong,0.7,weak_tail,hj,feasible,5,270,0.09,0.08027676092797803,0.10077189502678924
3,72,25,strong,0.7,weak_tail,hj,feasible,8,229,0.07633333333333334,0.06736405211705591,0.08638622570287029
3,72,25,weak,0.0,full,equal,oracle,1,2049,0.683,0.666124468765165,0.6994074726013658
3,72,25,weak,0.0,full,equal,oracle,2,662,0.22066666666666668,0.20618964354923927,0.23585813993864282
3,72,25,weak,0.0,full,equal,oracle,3,289,0.09633333333333334,0.08628573714307874,0.10741338672783443
3,72,25,weak,0.0,full,equal,oracle,4,0,0.0,0.0,0.0012788487253259629
3,72,25,weak,0.0,full,equal,oracle,5,0,0.0,0.0,0.0012788487253259629
3,72,25,weak,0.0,full,equal,oracle,8,0,0.0,0.0,0.0012788487253259629
3,72,25,weak,0.0,full,equal,feasible,1,1317,0.439,0.4213309066072458,0.4568251129372439
3,72,25,weak,0.0,full,equal,feasible,2,530,0.17666666666666667,0.16343513893872877,0.19072518323698204
3,72,25,weak,0.0,full,equal,feasible,3,340,0.11333333333333333,0.10248081282558363,0.12517483018866843
3,72,25,weak,0.0,full,equal,feasible,4,268,0.08933333333333333,0.07964509853884702,0.1000719292142207
3,72,25,weak,0.0,full,equal,feasible,5,280,0.09333333333333334,0.08343756972048183,0.10426922724278329
3,72,25,weak,0.0,full,equal,feasible,8,265,0.08833333333333333,0.0786979248943257,0.09902166055619266
3,72,25,weak,0.0,full,hj,oracle,1,2059,0.6863333333333334,0.6695008495940491,0.7026892327809795
3,72,25,weak,0.0,full,hj,oracle,2,662,0.22066666666666668,0.20618964354923927,0.23585813993864282
3,72,25,weak,0.0,full,hj,oracle,3,279,0.093,0.08312130491687247,0.10391967794554285
3,72,25,weak,0.0,full,hj,oracle,4,0,0.0,0.0,0.0012788487253259629
3,72,25,weak,0.0,full,hj,oracle,5,0,0.0,0.0,0.0012788487253259629
3,72,25,weak,0.0,full,hj,oracle,8,0,0.0,0.0,0.0012788487253259629
3,72,25,weak,0.0,full,hj,feasible,1,1425,0.475,0.4571738099735662,0.4928901324627
3,72,25,weak,0.0,full,hj,feasible,2,553,0.18433333333333332,0.17086461548018977,0.198609431015066
3,72,25,weak,0.0,full,hj,feasible,3,343,0.11433333333333333,0.10343615019799042,0.126216935118811
3,72,25,weak,0.0,full,hj,feasible,4,248,0.08266666666666667,0.07333814007810853,0.09306260565796352
3,72,25,weak,0.0,full,hj,feasible,5,233,0.07766666666666666,0.06862024174778868,0.08779329247553662
3,72,25,weak,0.0,full,hj,feasible,8,198,0.066,0.057658875203565316,0.07545116549001761
3,72,25,weak,0.0,weak_tail,equal,oracle,1,2055,0.685,0.6681501785890307,0.7013766473825989
3,72,25,weak,0.0,weak_tail,equal,oracle,2,831,0.277,0.2612790081272326,0.2932913584042628
3,72,25,weak,0.0,weak_tail,equal,oracle,3,114,0.038,0.03172798089876353,0.04545367532343766
3,72,25,weak,0.0,weak_tail,equal,oracle,4,0,0.0,0.0,0.0012788487253259629
3,72,25,weak,0.0,weak_tail,equal,oracle,5,0,0.0,0.0,0.0012788487253259629
3,72,25,weak,0.0,weak_tail,equal,oracle,8,0,0.0,0.0,0.0012788487253259629
3,72,25,weak,0.0,weak_tail,equal,feasible,1,1320,0.44,0.42232527426343275,0.4578281875836064
3,72,25,weak,0.0,weak_tail,equal,feasible,2,457,0.15233333333333332,0.13991976936284334,0.16563612345083328
3,72,25,weak,0.0,weak_tail,equal,feasible,3,279,0.093,0.08312130491687247,0.10391967794554285
3,72,25,weak,0.0,weak_tail,equal,feasible,4,317,0.10566666666666667,0.09516609321057438,0.1171758254841327
3,72,25,weak,0.0,weak_tail,equal,feasible,5,319,0.10633333333333334,0.0958014645991679,0.11787208229723874
3,72,25,weak,0.0,weak_tail,equal,feasible,8,308,0.10266666666666667,0.09230862374464574,0.11404096804241329
3,72,25,weak,0.0,weak_tail,hj,oracle,1,2043,0.681,0.6640991133534386,0.6974379434079934
3,72,25,weak,0.0,weak_tail,hj,oracle,2,831,0.277,0.2612790081272326,0.2932913584042628
3,72,25,weak,0.0,weak_tail,hj,oracle,3,126,0.042,0.03538857323595209,0.04978285219644649
3,72,25,weak,0.0,weak_tail,hj,oracle,4,0,0.0,0.0,0.0012788487253259629
3,72,25,weak,0.0,weak_tail,hj,oracle,5,0,0.0,0.0,0.0012788487253259629
3,72,25,weak,0.0,weak_tail,hj,oracle,8,0,0.0,0.0,0.0012788487253259629
3,72,25,weak,0.0,weak_tail,hj,feasible,1,1419,0.473,0.45518008709129987,0.4908889707398677
3,72,25,weak,0.0,weak_tail,hj,feasible,2,594,0.198,0.18413050390967073,0.21264192072042615
3,72,25,weak,0.0,weak_tail,hj,feasible,3,356,0.11866666666666667,0.1075790990429635,0.1307295695848851
3,72,25,weak,0.0,weak_tail,hj,feasible,4,234,0.078,0.0689344186666951,0.08814492965748001
3,72,25,weak,0.0,weak_tail,hj,feasible,5,217,0.07233333333333333,0.06360062957884215,0.08215987903088666
3,72,25,weak,0.0,weak_tail,hj,feasible,8,180,0.06,0.05205130741718206,0.06907407946110479
3,72,25,weak,0.7,full,equal,oracle,1,2015,0.6716666666666666,0.6546520895639794,0.6882421723736587
3,72,25,weak,0.7,full,equal,oracle,2,601,0.20033333333333334,0.18639810198621942,0.21503502134982594
3,72,25,weak,0.7,full,equal,oracle,3,384,0.128,0.11651888013349412,0.14043258331814837
3,72,25,weak,0.7,full,equal,oracle,4,0,0.0,0.0,0.0012788487253259629
3,72,25,weak,0.7,full,equal,oracle,5,0,0.0,0.0,0.0012788487253259629
3,72,25,weak,0.7,full,equal,oracle,8,0,0.0,0.0,0.0012788487253259629
3,72,25,weak,0.7,full,equal,feasible,1,1204,0.4013333333333333,0.38393015574935707,0.41898887039910726
3,72,25,weak,0.7,full,equal,feasible,2,482,0.16066666666666668,0.1479611872582543,0.17424005807666693
3,72,25,weak,0.7,full,equal,feasible,3,326,0.10866666666666666,0.09802632074886564,0.12030792485348946
3,72,25,weak,0.7,full,equal,feasible,4,254,0.08466666666666667,0.07522833065847884,0.09516729968269191
3,72,25,weak,0.7,full,equal,feasible,5,312,0.104,0.09357826299717588,0.11543458519328227
3,72,25,weak,0.7,full,equal,feasible,8,422,0.14066666666666666,0.12868442179088896,0.1535679774930453
3,72,25,weak,0.7,full,hj,oracle,1,1278,0.426,0.40841079581471823,0.44377847379663
3,72,25,weak,0.7,full,hj,oracle,2,1076,0.3586666666666667,0.3416951599125653,0.37599966132712687
3,72,25,weak,0.7,full,hj,oracle,3,646,0.21533333333333332,0.20099319375121522,0.23040156412307033
3,72,25,weak,0.7,full,hj,oracle,4,0,0.0,0.0,0.0012788487253259629
3,72,25,weak,0.7,full,hj,oracle,5,0,0.0,0.0,0.0012788487253259629
3,72,25,weak,0.7,full,hj,oracle,8,0,0.0,0.0,0.0012788487253259629
3,72,25,weak,0.7,full,hj,feasible,1,1132,0.37733333333333335,0.360155448124133,0.39482496276314694
3,72,25,weak,0.7,full,hj,feasible,2,709,0.23633333333333334,0.22147446530931397,0.25186658091850794
3,72,25,weak,0.7,full,hj,feasible,3,460,0.15333333333333332,0.14088405228258669,0.16666928283363927
3,72,25,weak,0.7,full,hj,feasible,4,259,0.08633333333333333,0.07680475108488266,0.096919949760537
3,72,25,weak,0.7,full,hj,feasible,5,247,0.08233333333333333,0.07302327237296811,0.09271165926225415
3,72,25,weak,0.7,full,hj,feasible,8,193,0.06433333333333334,0.05609900349433693,0.07368196669499709
3,72,25,weak,0.7,weak_tail,equal,oracle,1,2037,0.679,0.6620741105763901,0.6954680615799433
3,72,25,weak,0.7,weak_tail,equal,oracle,2,840,0.28,0.26422223531817945,0.296340458120964
3,72,25,weak,0.7,weak_tail,equal,oracle,3,123,0.041,0.03447168327024165,0.048702299859607584
3,72,25,weak,0.7,weak_tail,equal,oracle,4,0,0.0,0.0,0.0012788487253259629
3,72,25,weak,0.7,weak_tail,equal,oracle,5,0,0.0,0.0,0.0012788487253259629
3,72,25,weak,0.7,weak_tail,equal,oracle,8,0,0.0,0.0,0.0012788487253259629
3,72,25,weak,0.7,weak_tail,equal,feasible,1,1321,0.44033333333333335,0.42265674637361056,0.45816252957427833
3,72,25,weak,0.7,weak_tail,equal,feasible,2,426,0.142,0.12996705446355725,0.1549486012237761
3,72,25,weak,0.7,weak_tail,equal,feasible,3,237,0.079,0.06987725542619352,0.08919953520053092
3,72,25,weak,0.7,weak_tail,equal,feasible,4,217,0.07233333333333333,0.06360062957884215,0.08215987903088666
3,72,25,weak,0.7,weak_tail,equal,feasible,5,340,0.11333333333333333,0.10248081282558363,0.12517483018866843
3,72,25,weak,0.7,weak_tail,equal,feasible,8,459,0.153,0.1405626033953825,0.16632491761999368
3,72,25,weak,0.7,weak_tail,hj,oracle,1,1891,0.6303333333333333,0.6129035039531605,0.6474298094791044
3,72,25,weak,0.7,weak_tail,hj,oracle,2,958,0.31933333333333336,0.3028903457889959,0.336238411550422
3,72,25,weak,0.7,weak_tail,hj,oracle,3,151,0.050333333333333334,0.04306877699858018,0.05874800095506297
3,72,25,weak,0.7,weak_tail,hj,oracle,4,0,0.0,0.0,0.0012788487253259629
3,72,25,weak,0.7,weak_tail,hj,oracle,5,0,0.0,0.0,0.0012788487253259629
3,72,25,weak,0.7,weak_tail,hj,oracle,8,0,0.0,0.0,0.0012788487253259629
3,72,25,weak,0.7,weak_tail,hj,feasible,1,1374,0.458,0.4402363275196907,0.47587109577323666
3,72,25,weak,0.7,weak_tail,hj,feasible,2,611,0.20366666666666666,0.18963883916717608,0.2184524251773671
3,72,25,weak,0.7,weak_tail,hj,feasible,3,378,0.126,0.11460139177278211,0.1383551870737617
3,72,25,weak,0.7,weak_tail,hj,feasible,4,230,0.07666666666666666,0.06767802120373247,0.0867380707170435
3,72,25,weak,0.7,weak_tail,hj,feasible,5,212,0.07066666666666667,0.06203491577815216,0.08039652232732775
3,72,25,weak,0.7,weak_tail,hj,feasible,8,195,0.065,0.056722755168535435,0.07438984322249816
3,72,74,strong,0.0,full,equal,oracle,1,412,0.13733333333333334,0.12547949911041975,0.15011475916501668
3,72,74,strong,0.0,full,equal,oracle,2,622,0.20733333333333334,0.19320540163231922,0.2222098178215716
3,72,74,strong,0.0,full,equal,oracle,3,1966,0.6553333333333333,0.6381377736646074,0.6721315973313913
3,72,74,strong,0.0,full,equal,oracle,4,0,0.0,0.0,0.0012788487253259629
3,72,74,strong,0.0,full,equal,oracle,5,0,0.0,0.0,0.0012788487253259629
3,72,74,strong,0.0,full,equal,oracle,8,0,0.0,0.0,0.0012788487253259629
3,72,74,strong,0.0,full,equal,feasible,1,619,0.20633333333333334,0.19223252277119052,0.22118525438015096
3,72,74,strong,0.0,full,equal,feasible,2,620,0.20666666666666667,0.1925568008049528,0.22152679044723844
3,72,74,strong,0.0,full,equal,feasible,3,757,0.25233333333333335,0.23711399123610555,0.26818613183250595
3,72,74,strong,0.0,full,equal,feasible,4,364,0.12133333333333333,0.11013107895627218,0.1335041024783747
3,72,74,strong,0.0,full,equal,feasible,5,337,0.11233333333333333,0.10152575495684299,0.12413244575485971
3,72,74,strong,0.0,full,equal,feasible,8,303,0.101,0.09072237153681008,0.11229814974600004
3,72,74,strong,0.0,full,hj,oracle,1,446,0.14866666666666667,0.13638572065032373,0.16184621705400531
3,72,74,strong,0.0,full,hj,oracle,2,622,0.20733333333333334,0.19320540163231922,0.2222098178215716
3,72,74,strong,0.0,full,hj,oracle,3,1932,0.644,0.626691947660212,0.6609397439068943
3,72,74,strong,0.0,full,hj,oracle,4,0,0.0,0.0,0.0012788487253259629
3,72,74,strong,0.0,full,hj,oracle,5,0,0.0,0.0,0.0012788487253259629
3,72,74,strong,0.0,full,hj,oracle,8,0,0.0,0.0,0.0012788487253259629
3,72,74,strong,0.0,full,hj,feasible,1,686,0.22866666666666666,0.21399096247151933,0.24403635943675756
3,72,74,strong,0.0,full,hj,feasible,2,652,0.21733333333333332,0.2029414394813569,0.23244820299802738
3,72,74,strong,0.0,full,hj,feasible,3,763,0.25433333333333336,0.2390709296283971,0.27022407804531307
3,72,74,strong,0.0,full,hj,feasible,4,365,0.12166666666666667,0.11045020543707107,0.13385079009842557
3,72,74,strong,0.0,full,hj,feasible,5,319,0.10633333333333334,0.0958014645991679,0.11787208229723874
3,72,74,strong,0.0,full,hj,feasible,8,215,0.07166666666666667,0.0629741711594646,0.08145470924856463
3,72,74,strong,0.0,weak_tail,equal,oracle,1,644,0.21466666666666667,0.20034389242236128,0.22971923725022475
3,72,74,strong,0.0,weak_tail,equal,oracle,2,1186,0.3953333333333333,0.3779823307759264,0.4129520415572418
3,72,74,strong,0.0,weak_tail,equal,oracle,3,1170,0.39,0.3726976833423261,0.4075836633772456
3,72,74,strong,0.0,weak_tail,equal,oracle,4,0,0.0,0.0,0.0012788487253259629
3,72,74,strong,0.0,weak_tail,equal,oracle,5,0,0.0,0.0,0.0012788487253259629
3,72,74,strong,0.0,weak_tail,equal,oracle,8,0,0.0,0.0,0.0012788487253259629
3,72,74,strong,0.0,weak_tail,equal,feasible,1,863,0.2876666666666667,0.2717478273722202,0.3041285903864683
3,72,74,strong,0.0,weak_tail,equal,feasible,2,553,0.18433333333333332,0.17086461548018977,0.198609431015066
3,72,74,strong,0.0,weak_tail,equal,feasible,3,435,0.145,0.13285433341243352,0.15805364918254788
3,72,74,strong,0.0,weak_tail,equal,feasible,4,410,0.13666666666666666,0.12483880356580958,0.14942382650792727
3,72,74,strong,0.0,weak_tail,equal,feasible,5,426,0.142,0.12996705446355725,0.1549486012237761
3,72,74,strong,0.0,weak_tail,equal,feasible,8,313,0.10433333333333333,0.0938957600933863,0.11578290219792164
3,72,74,strong,0.0,weak_tail,hj,oracle,1,591,0.197,0.18315891048578475,0.2116160718417628
3,72,74,strong,0.0,weak_tail,hj,oracle,2,1186,0.3953333333333333,0.3779823307759264,0.4129520415572418
3,72,74,strong,0.0,weak_tail,hj,oracle,3,1223,0.4076666666666667,0.39021137596857275,0.42535811809603746
3,72,74,strong,0.0,weak_tail,hj,oracle,4,0,0.0,0.0,0.0012788487253259629
3,72,74,strong,0.0,weak_tail,hj,oracle,5,0,0.0,0.0,0.0012788487253259629
3,72,74,strong,0.0,weak_tail,hj,oracle,8,0,0.0,0.0,0.0012788487253259629
3,72,74,strong,0.0,weak_tail,hj,feasible,1,866,0.2886666666666667,0.27272984620793556,0.3051440138533022
3,72,74,strong,0.0,weak_tail,hj,feasible,2,826,0.2753333333333333,0.2596442685879877,0.29159702743925875
3,72,74,strong,0.0,weak_tail,hj,feasible,3,543,0.181,0.16763327737027398,0.19518262811648399
3,72,74,strong,0.0,weak_tail,hj,feasible,4,297,0.099,0.08882006331037884,0.11020557336733258
3,72,74,strong,0.0,weak_tail,hj,feasible,5,284,0.09466666666666666,0.08470302854287072,0.10566702482379352
3,72,74,strong,0.0,weak_tail,hj,feasible,8,184,0.06133333333333333,0.05329548344499248,0.07049315983669349
3,72,74,strong,0.7,full,equal,oracle,1,448,0.14933333333333335,0.1370280793696852,0.16253548653634342
3,72,74,strong,0.7,full,equal,oracle,2,469,0.15633333333333332,0.1437780383114927,0.16976762371238133
3,72,74,strong,0.7,full,equal,oracle,3,2083,0.6943333333333334,0.6776082314296166,0.7105613893658067
3,72,74,strong,0.7,full,equal,oracle,4,0,0.0,0.0,0.0012788487253259629
3,72,74,strong,0.7,full,equal,oracle,5,0,0.0,0.0,0.0012788487253259629
3,72,74,strong,0.7,full,equal,oracle,8,0,0.0,0.0,0.0012788487253259629
3,72,74,strong,0.7,full,equal,feasible,1,491,0.16366666666666665,0.1508592004587268,0.17733437178384243
3,72,74,strong,0.7,full,equal,feasible,2,646,0.21533333333333332,0.20099319375121522,0.23040156412307033
3,72,74,strong,0.7,full,equal,feasible,3,690,0.23,0.21529193956658157,0.24539863874509446
3,72,74,strong,0.7,full,equal,feasible,4,312,0.104,0.09357826299717588,0.11543458519328227
3,72,74,strong,0.7,full,equal,feasible,5,341,0.11366666666666667,0.10279922771896328,0.12552222939613855
3,72,74,strong,0.7,full,equal,feasible,8,520,0.17333333333333334,0.1602078511620691,0.1872943300051439
3,72,74,strong,0.7,full,hj,oracle,1,13,0.004333333333333333,0.0025342196904608112,0.007400212345912326
3,72,74,strong,0.7,full,hj,oracle,2,376,0.12533333333333332,0.11396244466991899,0.13766250597492527
3,72,74,strong,0.7,full,hj,oracle,3,2611,0.8703333333333333,0.8578369838920649,0.8818824821520436
3,72,74,strong,0.7,full,hj,oracle,4,0,0.0,0.0,0.0012788487253259629
3,72,74,strong,0.7,full,hj,oracle,5,0,0.0,0.0,0.0012788487253259629
3,72,74,strong,0.7,full,hj,oracle,8,0,0.0,0.0,0.0012788487253259629
3,72,74,strong,0.7,full,hj,feasible,1,209,0.06966666666666667,0.06109618811882249,0.07933780768410804
3,72,74,strong,0.7,full,hj,feasible,2,651,0.217,0.20261669640012445,0.23210713197841001
3,72,74,strong,0.7,full,hj,feasible,3,1057,0.35233333333333333,0.33543820820297404,0.36960614512057227
3,72,74,strong,0.7,full,hj,feasible,4,458,0.15266666666666667,0.14024117573651607,0.16598053117801037
3,72,74,strong,0.7,full,hj,feasible,5,344,0.11466666666666667,0.10375465754882172,0.1265642418688295
3,72,74,strong,0.7,full,hj,feasible,8,281,0.09366666666666666,0.08375387467543888,0.104618736388676
3,72,74,strong,0.7,weak_tail,equal,oracle,1,645,0.215,0.20066853593921535,0.23006040783422044
3,72,74,strong,0.7,weak_tail,equal,oracle,2,1145,0.38166666666666665,0.36444480948954056,0.3991911847087865
3,72,74,strong,0.7,weak_tail,equal,oracle,3,1210,0.4033333333333333,0.38591337156746647,0.42100053918609653
3,72,74,strong,0.7,weak_tail,equal,oracle,4,0,0.0,0.0,0.0012788487253259629
3,72,74,strong,0.7,weak_tail,equal,oracle,5,0,0.0,0.0,0.0012788487253259629
3,72,74,strong,0.7,weak_tail,equal,oracle,8,0,0.0,0.0,0.0012788487253259629
3,72,74,strong,0.7,weak_tail,equal,feasible,1,834,0.278,0.262259984719566,0.29430782411447876
3,72,74,strong,0.7,weak_tail,equal,feasible,2,580,0.19333333333333333,0.17959762031963797,0.20785340689856194
3,72,74,strong,0.7,weak_tail,equal,feasible,3,389,0.12966666666666668,0.11811751784795636,0.1421630161079351
3,72,74,strong,0.7,weak_tail,equal,feasible,4,301,0.10033333333333333,0.0900881225298914,0.11160077055121914
3,72,74,strong,0.7,weak_tail,equal,feasible,5,378,0.126,0.11460139177278211,0.1383551870737617
3,72,74,strong,0.7,weak_tail,equal,feasible,8,518,0.17266666666666666,0.15956261147016343,0.18660794149534993
3,72,74,strong,0.7,weak_tail,hj,oracle,1,270,0.09,0.08027676092797803,0.10077189502678924
3,72,74,strong,0.7,weak_tail,hj,oracle,2,1267,0.42233333333333334,0.40476891220736244,0.4400964022946382
3,72,74,strong,0.7,weak_tail,hj,oracle,3,1463,0.4876666666666667,0.4698073754140661,0.505557502854492
3,72,74,strong,0.7,weak_tail,hj,oracle,4,0,0.0,0.0,0.0012788487253259629
3,72,74,strong,0.7,weak_tail,hj,oracle,5,0,0.0,0.0,0.0012788487253259629
3,72,74,strong,0.7,weak_tail,hj,oracle,8,0,0.0,0.0,0.0012788487253259629
3,72,74,strong,0.7,weak_tail,hj,feasible,1,678,0.226,0.2113896519701337,0.24131115713134493
3,72,74,strong,0.7,weak_tail,hj,feasible,2,865,0.28833333333333333,0.2724024959236405,0.3048055500367475
3,72,74,strong,0.7,weak_tail,hj,feasible,3,606,0.202,0.18801827916073136,0.21674391467956292
3,72,74,strong,0.7,weak_tail,hj,feasible,4,339,0.113,0.10216242898759076,0.12482739992581154
3,72,74,strong,0.7,weak_tail,hj,feasible,5,291,0.097,0.08691909125536426,0.10811166081724846
3,72,74,strong,0.7,weak_tail,hj,feasible,8,221,0.07366666666666667,0.06485422493460634,0.08356954007852159
3,72,74,weak,0.0,full,equal,oracle,1,1929,0.643,0.6256825266752961,0.6599517225892606
3,72,74,weak,0.0,full,equal,oracle,2,687,0.229,0.21431618672275238,0.24437694928637432
3,72,74,weak,0.0,full,equal,oracle,3,384,0.128,0.11651888013349412,0.14043258331814837
3,72,74,weak,0.0,full,equal,oracle,4,0,0.0,0.0,0.0012788487253259629
3,72,74,weak,0.0,full,equal,oracle,5,0,0.0,0.0,0.0012788487253259629
3,72,74,weak,0.0,full,equal,oracle,8,0,0.0,0.0,0.0012788487253259629
3,72,74,weak,0.0,full,equal,feasible,1,1243,0.41433333333333333,0.39682644694281555,0.4320593291387903
3,72,74,weak,0.0,full,equal,feasible,2,551,0.18366666666666667,0.17021821074422575,0.19792420754933046
3,72,74,weak,0.0,full,equal,feasible,3,398,0.13266666666666665,0.12099670351507319,0.14527615734846627
3,72,74,weak,0.0,full,equal,feasible,4,263,0.08766666666666667,0.0780666916239497,0.0983212656248691
3,72,74,weak,0.0,full,equal,feasible,5,277,0.09233333333333334,0.08248889653771861,0.10322045812299714
3,72,74,weak,0.0,full,equal,feasible,8,268,0.08933333333333333,0.07964509853884702,0.1000719292142207
3,72,74,weak,0.0,full,hj,oracle,1,1944,0.648,0.6307304463793699,0.6648910143979336
3,72,74,weak,0.0,full,hj,oracle,2,687,0.229,0.21431618672275238,0.24437694928637432
3,72,74,weak,0.0,full,hj,oracle,3,369,0.123,0.11172699363076054,0.13523725830813524
3,72,74,weak,0.0,full,hj,oracle,4,0,0.0,0.0,0.0012788487253259629
3,72,74,weak,0.0,full,hj,oracle,5,0,0.0,0.0,0.0012788487253259629
3,72,74,weak,0.0,full,hj,oracle,8,0,0.0,0.0,0.0012788487253259629
3,72,74,weak,0.0,full,hj,feasible,1,1345,0.4483333333333333,0.43061450540032126,0.4661843089679624
3,72,74,weak,0.0,full,hj,feasible,2,582,0.194,0.18024498403168987,0.2085376713882096
3,72,74,weak,0.0,full,hj,feasible,3,396,0.132,0.1203567048534542,0.14458452780838568
3,72,74,weak,0.0,full,hj,feasible,4,245,0.08166666666666667,0.07239367990574448,0.09200962352777824
3,72,74,weak,0.0,full,hj,feasible,5,235,0.07833333333333334,0.06924864678390356,0.08849651564112133
3,72,74,weak,0.0,full,hj,feasible,8,197,0.06566666666666666,0.05734677014110726,0.07509745645162587
3,72,74,weak,0.0,weak_tail,equal,oracle,1,2044,0.6813333333333333,0.6644366480526301,0.6977662228096516
3,72,74,weak,0.0,weak_tail,equal,oracle,2,788,0.26266666666666666,0.247229454336305,0.2787109058586497
3,72,74,weak,0.0,weak_tail,equal,oracle,3,168,0.056,0.04832599678282378,0.06480962088526569
3,72,74,weak,0.0,weak_tail,equal,oracle,4,0,0.0,0.0,0.0012788487253259629
3,72,74,weak,0.0,weak_tail,equal,oracle,5,0,0.0,0.0,0.0012788487253259629
3,72,74,weak,0.0,weak_tail,equal,oracle,8,0,0.0,0.0,0.0012788487253259629
3,72,74,weak,0.0,weak_tail,equal,feasible,1,1314,0.438,0.4203366120044968,0.45582196523744367
3,72,74,weak,0.0,weak_tail,equal,feasible,2,419,0.13966666666666666,0.1277226944023648,0.1525322625790201
3,72,74,weak,0.0,weak_tail,equal,feasible,3,250,0.08333333333333333,0.07396801712888289,0.09376435680888874
3,72,74,weak,0.0,weak_tail,equal,feasible,4,367,0.12233333333333334,0.11108854327811075,0.13454408045908545
3,72,74,weak,0.0,weak_tail,equal,feasible,5,330,0.11,0.09929839195629818,0.12169911004945606
3,72,74,weak,0.0,weak_tail,equal,feasible,8,320,0.10666666666666667,0.09611920100638773,0.1182201599908687
3,72,74,weak,0.0,weak_tail,hj,oracle,1,2033,0.6776666666666666,0.6607243037708744,0.6941546119820597
3,72,74,weak,0.0,weak_tail,hj,oracle,2,788,0.26266666666666666,0.247229454336305,0.2787109058586497
3,72,74,weak,0.0,weak_tail,hj,oracle,3,179,0.059666666666666666,0.0517404459622769,0.06871912681516018
3,72,74,weak,0.0,weak_tail,hj,oracle,4,0,0.0,0.0,0.0012788487253259629
3,72,74,weak,0.0,weak_tail,hj,oracle,5,0,0.0,0.0,0.0012788487253259629
3,72,74,weak,0.0,weak_tail,hj,oracle,8,0,0.0,0.0,0.0012788487253259629
3,72,74,weak,0.0,weak_tail,hj,feasible,1,1407,0.469,0.45119350244794776,0.48688578617302236
3,72,74,weak,0.0,weak_tail,hj,feasible,2,584,0.19466666666666665,0.18089241185122115,0.20922187177037785
3,72,74,weak,0.0,weak_tail,hj,feasible,3,349,0.11633333333333333,0.10534765079498533,0.12830031912691475
3,72,74,weak,0.0,weak_tail,hj,feasible,4,253,0.08433333333333333,0.0749131829751923,0.09481663326512867
3,72,74,weak,0.0,weak_tail,hj,feasible,5,218,0.07266666666666667,0.0639139441388719,0.0825123785717067
3,72,74,weak,0.0,weak_tail,hj,feasible,8,189,0.063,0.05485230532925785,0.07226540845667705
3,72,74,weak,0.7,full,equal,oracle,1,1939,0.6463333333333333,0.6290475798152921,0.6632448104577624
3,72,74,weak,0.7,full,equal,oracle,2,588,0.196,0.18218745881759935,0.21059008120739886
3,72,74,weak,0.7,full,equal,oracle,3,473,0.15766666666666668,0.1450647942741924,0.17114412415308078
3,72,74,weak,0.7,full,equal,oracle,4,0,0.0,0.0,0.0012788487253259629
3,72,74,weak,0.7,full,equal,oracle,5,0,0.0,0.0,0.0012788487253259629
3,72,74,weak,0.7,full,equal,oracle,8,0,0.0,0.0,0.0012788487253259629
3,72,74,weak,0.7,full,equal,feasible,1,1184,0.39466666666666667,0.37732163070110786,0.41228111343036083
3,72,74,weak,0.7,full,equal,feasible,2,449,0.14966666666666667,0.13734929156629117,0.1628800884405872
3,72,74,weak,0.7,full,equal,feasible,3,338,0.11266666666666666,0.10184407632453579,0.1244799384880167
3,72,74,weak,0.7,full,equal,feasible,4,240,0.08,0.07082054503843029,0.09025368789084352
3,72,74,weak,0.7,full,equal,feasible,5,322,0.10733333333333334,0.09675477455236149,0.1189162146465945
3,72,74,weak,0.7,full,equal,feasible,8,467,0.15566666666666668,0.14313478417443903,0.16907924964773546
3,72,74,weak,0.7,full,hj,oracle,1,1044,0.348,0.3311590263099316,0.3652297437025674
3,72,74,weak,0.7,full,hj,oracle,2,1146,0.382,0.3647748210540685,0.39952698724510843
3,72,74,weak,0.7,full,hj,oracle,3,810,0.27,0.2544149790805807,0.2861732913330693
3,72,74,weak,0.7,full,hj,oracle,4,0,0.0,0.0,0.0012788487253259629
3,72,74,weak,0.7,full,hj,oracle,5,0,0.0,0.0,0.0012788487253259629
3,72,74,weak,0.7,full,hj,oracle,8,0,0.0,0.0,0.0012788487253259629
3,72,74,weak,0.7,full,hj,feasible,1,1095,0.365,0.3479553576411595,0.3823899315146785
3,72,74,weak,0.7,full,hj,feasible,2,710,0.23666666666666666,0.22179999184931518,0.25220686847935647
3,72,74,weak,0.7,full,hj,feasible,3,442,0.14733333333333334,0.13510126760973423,0.16046741369119571
3,72,74,weak,0.7,full,hj,feasible,4,273,0.091,0.0812245702069326,0.10182152805038402
3,72,74,weak,0.7,full,hj,feasible,5,257,0.08566666666666667,0.07617404747354878,0.09621902517017134
3,72,74,weak,0.7,full,hj,feasible,8,223,0.07433333333333333,0.06548135623617912,0.08427403697864838
3,72,74,weak,0.7,weak_tail,equal,oracle,1,2065,0.6883333333333334,0.671527154149459,0.7046578128306682
3,72,74,weak,0.7,weak_tail,equal,oracle,2,778,0.25933333333333336,0.24396515919111392,0.27531705999534295
3,72,74,weak,0.7,weak_tail,equal,oracle,3,157,0.052333333333333336,0.04492136585872146,0.0608902967000204
3,72,74,weak,0.7,weak_tail,equal,oracle,4,0,0.0,0.0,0.0012788487253259629
3,72,74,weak,0.7,weak_tail,equal,oracle,5,0,0.0,0.0,0.0012788487253259629
3,72,74,weak,0.7,weak_tail,equal,oracle,8,0,0.0,0.0,0.0012788487253259629
3,72,74,weak,0.7,weak_tail,equal,feasible,1,1288,0.42933333333333334,0.4117224606621597,0.44712494995768637
3,72,74,weak,0.7,weak_tail,equal,feasible,2,422,0.14066666666666666,0.12868442179088896,0.1535679774930453
3,72,74,weak,0.7,weak_tail,equal,feasible,3,215,0.07166666666666667,0.0629741711594646,0.08145470924856463
3,72,74,weak,0.7,weak_tail,equal,feasible,4,240,0.08,0.07082054503843029,0.09025368789084352
3,72,74,weak,0.7,weak_tail,equal,feasible,5,300,0.1,0.08977105263294838,0.1112520263473124
3,72,74,weak,0.7,weak_tail,equal,feasible,8,535,0.17833333333333334,0.16504945506000362,0.1924399376199561
3,72,74,weak,0.7,weak_tail,hj,oracle,1,1755,0.585,0.5672707327298785,0.602511862986816
3,72,74,weak,0.7,weak_tail,hj,oracle,2,1008,0.336,0.3193171217658948,0.3531023406160122
3,72,74,weak,0.7,weak_tail,hj,oracle,3,237,0.079,0.06987725542619352,0.08919953520053092
3,72,74,weak,0.7,weak_tail,hj,oracle,4,0,0.0,0.0,0.0012788487253259629
3,72,74,weak,0.7,weak_tail,hj,oracle,5,0,0.0,0.0,0.0012788487253259629
3,72,74,weak,0.7,weak_tail,hj,oracle,8,0,0.0,0.0,0.0012788487253259629
3,72,74,weak,0.7,weak_tail,hj,feasible,1,1360,0.4533333333333333,0.4355904655202203,0.4711955603608101
3,72,74,weak,0.7,weak_tail,hj,feasible,2,615,0.205,0.19093556046018786,0.2198189602877544
3,72,74,weak,0.7,weak_tail,hj,feasible,3,382,0.12733333333333333,0.11587961022876217,0.13974022502118075
3,72,74,weak,0.7,weak_tail,hj,feasible,4,247,0.08233333333333333,0.07302327237296811,0.09271165926225415
3,72,74,weak,0.7,weak_tail,hj,feasible,5,203,0.06766666666666667,0.05922035827579508,0.07721875292203675
3,72,74,weak,0.7,weak_tail,hj,feasible,8,193,0.06433333333333334,0.05609900349433693,0.07368196669499709
3,240,25,strong,0.0,full,equal,oracle,1,14,0.004666666666666667,0.0027819139335313083,0.007818332203691613
3,240,25,strong,0.0,full,equal,oracle,2,154,0.051333333333333335,0.043994659229371014,0.05981956102682148
3,240,25,strong,0.0,full,equal,oracle,3,2832,0.944,0.9351903791147342,0.9516740032171762
3,240,25,strong,0.0,full,equal,oracle,4,0,0.0,0.0,0.0012788487253259629
3,240,25,strong,0.0,full,equal,oracle,5,0,0.0,0.0,0.0012788487253259629
3,240,25,strong,0.0,full,equal,oracle,8,0,0.0,0.0,0.0012788487253259629
3,240,25,strong,0.0,full,equal,feasible,1,190,0.06333333333333334,0.055163878001273065,0.07261964988551162
3,240,25,strong,0.0,full,equal,feasible,2,424,0.14133333333333334,0.12932569128931212,0.1542583361963217
3,240,25,strong,0.0,full,equal,feasible,3,1166,0.38866666666666666,0.3713768628242076,0.40624122749196495
3,240,25,strong,0.0,full,equal,feasible,4,463,0.15433333333333332,0.14184852575025464,0.16770225166852065
3,240,25,strong,0.0,full,equal,feasible,5,415,0.13833333333333334,0.12644072432299977,0.151150976254986
3,240,25,strong,0.0,full,equal,feasible,8,342,0.114,0.10311767354904272,0.12586959766690892
3,240,25,strong,0.0,full,hj,oracle,1,17,0.005666666666666667,0.0035410565832478284,0.00905663185652444
3,240,25,strong,0.0,full,hj,oracle,2,154,0.051333333333333335,0.043994659229371014,0.05981956102682148
3,240,25,strong,0.0,full,hj,oracle,3,2829,0.943,0.9341232140583781,0.9507437259709831
3,240,25,strong,0.0,full,hj,oracle,4,0,0.0,0.0,0.0012788487253259629
3,240,25,strong,0.0,full,hj,oracle,5,0,0.0,0.0,0.0012788487253259629
3,240,25,strong,0.0,full,hj,oracle,8,0,0.0,0.0,0.0012788487253259629
3,240,25,strong,0.0,full,hj,feasible,1,220,0.07333333333333333,0.06454074216888286,0.08321720874339528
3,240,25,strong,0.0,full,hj,feasible,2,445,0.14833333333333334,0.13606457424868373,0.16150154935479555
3,240,25,strong,0.0,full,hj,feasible,3,1193,0.39766666666666667,0.3802950482094007,0.41530002282971606
3,240,25,strong,0.0,full,hj,feasible,4,454,0.15133333333333332,0.1389556785262004,0.1646027719849269
3,240,25,strong,0.0,full,hj,feasible,5,399,0.133,0.12131674092679731,0.14562193403759197
3,240,25,strong,0.0,full,hj,feasible,8,289,0.09633333333333334,0.08628573714307874,0.10741338672783443
3,240,25,strong,0.0,weak_tail,equal,oracle,1,97,0.03233333333333333,0.026577655785116974,0.03928516072263791
3,240,25,strong,0.0,weak_tail,equal,oracle,2,1240,0.41333333333333333,0.39583397408710713,0.43105435969194933
3,240,25,strong,0.0,weak_tail,equal,oracle,3,1663,0.5543333333333333,0.5364891001115446,0.57203859832697
3,240,25,strong,0.0,weak_tail,equal,oracle,4,0,0.0,0.0,0.0012788487253259629
3,240,25,strong,0.0,weak_tail,equal,oracle,5,0,0.0,0.0,0.0012788487253259629
3,240,25,strong,0.0,weak_tail,equal,oracle,8,0,0.0,0.0,0.0012788487253259629
3,240,25,strong,0.0,weak_tail,equal,feasible,1,473,0.15766666666666668,0.1450647942741924,0.17114412415308078
3,240,25,strong,0.0,weak_tail,equal,feasible,2,754,0.25133333333333335,0.2361356851667563,0.26716699559930585
3,240,25,strong,0.0,weak_tail,equal,feasible,3,603,0.201,0.18704612668944987,0.21571862484829507
3,240,25,strong,0.0,weak_tail,equal,feasible,4,465,0.155,0.14249161317506642,0.1683907924454085
3,240,25,strong,0.0,weak_tail,equal,feasible,5,379,0.12633333333333333,0.11492090599238701,0.1387014869550066
3,240,25,strong,0.0,weak_tail,equal,feasible,8,326,0.10866666666666666,0.09802632074886564,0.12030792485348946
3,240,25,strong,0.0,weak_tail,hj,oracle,1,85,0.028333333333333332,0.022972359462877675,0.03490068783467981
3,240,25,strong,0.0,weak_tail,hj,oracle,2,1240,0.41333333333333333,0.39583397408710713,0.43105435969194933
3,240,25,strong,0.0,weak_tail,hj,oracle,3,1675,0.5583333333333333,0.5405001835345786,0.5760172841141333
3,240,25,strong,0.0,weak_tail,hj,oracle,4,0,0.0,0.0,0.0012788487253259629
3,240,25,strong,0.0,weak_tail,hj,oracle,5,0,0.0,0.0,0.0012788487253259629
3,240,25,strong,0.0,weak_tail,hj,oracle,8,0,0.0,0.0,0.0012788487253259629
3,240,25,strong,0.0,weak_tail,hj,feasible,1,453,0.151,0.13863435786808256,0.16425827854219496
3,240,25,strong,0.0,weak_tail,hj,feasible,2,1031,0.3436666666666667,0.3268813954693582,0.3608517912320937
3,240,25,strong,0.0,weak_tail,hj,feasible,3,669,0.223,0.20846421476246246,0.23824426743136812
3,240,25,strong,0.0,weak_tail,hj,feasible,4,360,0.12,0.10885485831348496,0.13211706671776274
3,240,25,strong,0.0,weak_tail,hj,feasible,5,289,0.09633333333333334,0.08628573714307874,0.10741338672783443
3,240,25,strong,0.0,weak_tail,hj,feasible,8,198,0.066,0.057658875203565316,0.07545116549001761
3,240,25,strong,0.7,full,equal,oracle,1,48,0.016,0.012089359129497938,0.0211485664366176
3,240,25,strong,0.7,full,equal,oracle,2,120,0.04,0.0335559270537099,0.04762061377358999
3,240,25,strong,0.7,full,equal,oracle,3,2832,0.944,0.9351903791147342,0.9516740032171762
3,240,25,strong,0.7,full,equal,oracle,4,0,0.0,0.0,0.0012788487253259629
3,240,25,strong,0.7,full,equal,oracle,5,0,0.0,0.0,0.0012788487253259629
3,240,25,strong,0.7,full,equal,oracle,8,0,0.0,0.0,0.0012788487253259629
3,240,25,strong,0.7,full,equal,feasible,1,149,0.049666666666666665,0.042451991585445485,0.0580331581664981
3,240,25,strong,0.7,full,equal,feasible,2,499,0.16633333333333333,0.15343654341403168,0.18008354163533585
3,240,25,strong,0.7,full,equal,feasible,3,1099,0.36633333333333334,0.3492737041401629,0.3837348414190742
3,240,25,strong,0.7,full,equal,feasible,4,397,0.13233333333333333,0.12067669146363003,0.14493035529905968
3,240,25,strong,0.7,full,equal,feasible,5,389,0.12966666666666668,0.11811751784795636,0.1421630161079351
3,240,25,strong,0.7,full,equal,feasible,8,467,0.15566666666666668,0.14313478417443903,0.16907924964773546
3,240,25,strong,0.7,full,hj,oracle,1,0,0.0,0.0,0.0012788487253259629
3,240,25,strong,0.7,full,hj,oracle,2,37,0.012333333333333333,0.008961127098019293,0.01695284335874863
3,240,25,strong,0.7,full,hj,oracle,3,2963,0.9876666666666667,0.9830471566412514,0.9910388729019807
3,240,25,strong,0.7,full,hj,oracle,4,0,0.0,0.0,0.0012788487253259629
3,240,25,strong,0.7,full,hj,oracle,5,0,0.0,0.0,0.0012788487253259629
3,240,25,strong,0.7,full,hj,oracle,8,0,0.0,0.0,0.0012788487253259629
3,240,25,strong,0.7,full,hj,feasible,1,39,0.013,0.009524410987561932,0.017721187670905556
3,240,25,strong,0.7,full,hj,feasible,2,365,0.12166666666666667,0.11045020543707107,0.13385079009842557
3,240,25,strong,0.7,full,hj,feasible,3,1341,0.447,0.42928788895880854,0.464847669006076
3,240,25,strong,0.7,full,hj,feasible,4,580,0.19333333333333333,0.17959762031963797,0.20785340689856194
3,240,25,strong,0.7,full,hj,feasible,5,394,0.13133333333333333,0.11971680828338488,0.14389279617675543
3,240,25,strong,0.7,full,hj,feasible,8,281,0.09366666666666666,0.08375387467543888,0.104618736388676
3,240,25,strong,0.7,weak_tail,equal,oracle,1,92,0.030666666666666665,0.025072069611626467,0.03746167639187949
3,240,25,strong,0.7,weak_tail,equal,oracle,2,1249,0.41633333333333333,0.3988116166489258,0.43406904403777874
3,240,25,strong,0.7,weak_tail,equal,oracle,3,1659,0.553,0.535152330993924,0.5707121110411916
3,240,25,strong,0.7,weak_tail,equal,oracle,4,0,0.0,0.0,0.0012788487253259629
3,240,25,strong,0.7,weak_tail,equal,oracle,5,0,0.0,0.0,0.0012788487253259629
3,240,25,strong,0.7,weak_tail,equal,oracle,8,0,0.0,0.0,0.0012788487253259629
3,240,25,strong,0.7,weak_tail,equal,feasible,1,404,0.13466666666666666,0.1229173055899808,0.1473504398786573
3,240,25,strong,0.7,weak_tail,equal,feasible,2,770,0.25666666666666665,0.24135457042294223,0.27260113595671637
3,240,25,strong,0.7,weak_tail,equal,feasible,3,601,0.20033333333333334,0.18639810198621942,0.21503502134982594
3,240,25,strong,0.7,weak_tail,equal,feasible,4,356,0.11866666666666667,0.1075790990429635,0.1307295695848851
3,240,25,strong,0.7,weak_tail,equal,feasible,5,371,0.12366666666666666,0.11236555571111981,0.1359303244294755
3,240,25,strong,0.7,weak_tail,equal,feasible,8,498,0.166,0.15311430791425504,0.17973996303426273
3,240,25,strong,0.7,weak_tail,hj,oracle,1,19,0.006333333333333333,0.004058346146037406,0.009870970495434426
3,240,25,strong,0.7,weak_tail,hj,oracle,2,1264,0.42133333333333334,0.40377584396159905,0.4390920282378522
3,240,25,strong,0.7,weak_tail,hj,oracle,3,1717,0.5723333333333334,0.5545481857197102,0.5899334741646928
3,240,25,strong,0.7,weak_tail,hj,oracle,4,0,0.0,0.0,0.0012788487253259629
3,240,25,strong,0.7,weak_tail,hj,oracle,5,0,0.0,0.0,0.0012788487253259629
3,240,25,strong,0.7,weak_tail,hj,oracle,8,0,0.0,0.0,0.0012788487253259629
3,240,25,strong,0.7,weak_tail,hj,feasible,1,276,0.092,0.0821727533534877,0.10287078720637827
3,240,25,strong,0.7,weak_tail,hj,feasible,2,1082,0.3606666666666667,0.3436717155646396,0.37801799028015126
3,240,25,strong,0.7,weak_tail,hj,feasible,3,711,0.237,0.22212553130016657,0.25254714312935483
3,240,25,strong,0.7,weak_tail,hj,feasible,4,357,0.119,0.10789799524298385,0.13107648748571452
3,240,25,strong,0.7,weak_tail,hj,feasible,5,319,0.10633333333333334,0.0958014645991679,0.11787208229723874
3,240,25,strong,0.7,weak_tail,hj,feasible,8,255,0.085,0.07554352413105025,0.09551792031097028
3,240,25,weak,0.0,full,equal,oracle,1,1220,0.4066666666666667,0.3892194031375169,0.4243526486245439
3,240,25,weak,0.0,full,equal,oracle,2,839,0.2796666666666667,0.26389516609405866,0.296001713244235
3,240,25,weak,0.0,full,equal,oracle,3,941,0.31366666666666665,0.29731076721902056,0.33049915040595085
3,240,25,weak,0.0,full,equal,oracle,4,0,0.0,0.0,0.0012788487253259629
3,240,25,weak,0.0,full,equal,oracle,5,0,0.0,0.0,0.0012788487253259629
3,240,25,weak,0.0,full,equal,oracle,8,0,0.0,0.0,0.0012788487253259629
3,240,25,weak,0.0,full,equal,feasible,1,1091,0.3636666666666667,0.3466371533773554,0.3810448793750835
3,240,25,weak,0.0,full,equal,feasible,2,579,0.193,0.179273962582423,0.20751125053492714
3,240,25,weak,0.0,full,equal,feasible,3,492,0.164,0.1511813003688483,0.17767808597457074
3,240,25,weak,0.0,full,equal,feasible,4,278,0.09266666666666666,0.08280508045768813,0.10357008830387741
3,240,25,weak,0.0,full,equal,feasible,5,301,0.10033333333333333,0.0900881225298914,0.11160077055121914
3,240,25,weak,0.0,full,equal,feasible,8,259,0.08633333333333333,0.07680475108488266,0.096919949760537
3,240,25,weak,0.0,full,hj,oracle,1,1244,0.4146666666666667,0.39715728782996074,0.4323943023524949
3,240,25,weak,0.0,full,hj,oracle,2,839,0.2796666666666667,0.26389516609405866,0.296001713244235
3,240,25,weak,0.0,full,hj,oracle,3,917,0.30566666666666664,0.2894386106341932,0.32239176857038343
3,240,25,weak,0.0,full,hj,oracle,4,0,0.0,0.0,0.0012788487253259629
3,240,25,weak,0.0,full,hj,oracle,5,0,0.0,0.0,0.0012788487253259629
3,240,25,weak,0.0,full,hj,oracle,8,0,0.0,0.0,0.0012788487253259629
3,240,25,weak,0.0,full,hj,feasible,1,1180,0.3933333333333333,0.376000332524318,0.4109391552037515
3,240,25,weak,0.0,full,hj,feasible,2,606,0.202,0.18801827916073136,0.21674391467956292
3,240,25,weak,0.0,full,hj,feasible,3,490,0.16333333333333333,0.15053712010794537,0.1769906380337741
3,240,25,weak,0.0,full,hj,feasible,4,263,0.08766666666666667,0.0780666916239497,0.0983212656248691
3,240,25,weak,0.0,full,hj,feasible,5,265,0.08833333333333333,0.0786979248943257,0.09902166055619266
3,240,25,weak,0.0,full,hj,feasible,8,196,0.06533333333333333,0.0570347299761277,0.07474368251575565
3,240,25,weak,0.0,weak_tail,equal,oracle,1,1431,0.477,0.45916781965252523,0.4948910073888397
3,240,25,weak,0.0,weak_tail,equal,oracle,2,1213,0.4043333333333333,0.386905092960542,0.4220062600955704
3,240,25,weak,0.0,weak_tail,equal,oracle,3,356,0.11866666666666667,0.1075790990429635,0.1307295695848851
3,240,25,weak,0.0,weak_tail,equal,oracle,4,0,0.0,0.0,0.0012788487253259629
3,240,25,weak,0.0,weak_tail,equal,oracle,5,0,0.0,0.0,0.0012788487253259629
3,240,25,weak,0.0,weak_tail,equal,oracle,8,0,0.0,0.0,0.0012788487253259629
3,240,25,weak,0.0,weak_tail,equal,feasible,1,1215,0.405,0.38756628252537345,0.42267669873243857
3,240,25,weak,0.0,weak_tail,equal,feasible,2,525,0.175,0.16182126930243879,0.18900998236902306
3,240,25,weak,0.0,weak_tail,equal,feasible,3,288,0.096,0.08596911772942444,0.10706419204063893
3,240,25,weak,0.0,weak_tail,equal,feasible,4,322,0.10733333333333334,0.09675477455236149,0.1189162146465945
3,240,25,weak,0.0,weak_tail,equal,feasible,5,331,0.11033333333333334,0.09961649080933166,0.12204682529727237
3,240,25,weak,0.0,weak_tail,equal,feasible,8,319,0.10633333333333334,0.0958014645991679,0.11787208229723874
3,240,25,weak,0.0,weak_tail,hj,oracle,1,1425,0.475,0.4571738099735662,0.4928901324627
3,240,25,weak,0.0,weak_tail,hj,oracle,2,1213,0.4043333333333333,0.386905092960542,0.4220062600955704
3,240,25,weak,0.0,weak_tail,hj,oracle,3,362,0.12066666666666667,0.10949291137574615,0.13281064185720115
3,240,25,weak,0.0,weak_tail,hj,oracle,4,0,0.0,0.0,0.0012788487253259629
3,240,25,weak,0.0,weak_tail,hj,oracle,5,0,0.0,0.0,0.0012788487253259629
3,240,25,weak,0.0,weak_tail,hj,oracle,8,0,0.0,0.0,0.0012788487253259629
3,240,25,weak,0.0,weak_tail,hj,feasible,1,1275,0.425,0.40741745623638265,0.4427743710724162
3,240,25,weak,0.0,weak_tail,hj,feasible,2,691,0.23033333333333333,0.21561721714337959,0.2457391752691462
3,240,25,weak,0.0,weak_tail,hj,feasible,3,378,0.126,0.11460139177278211,0.1383551870737617
3,240,25,weak,0.0,weak_tail,hj,feasible,4,240,0.08,0.07082054503843029,0.09025368789084352
3,240,25,weak,0.0,weak_tail,hj,feasible,5,228,0.076,0.06705013576453428,0.08603432795454213
3,240,25,weak,0.0,weak_tail,hj,feasible,8,188,0.06266666666666666,0.054540801402863825,0.07191109828222125
3,240,25,weak,0.7,full,equal,oracle,1,1265,0.4216666666666667,0.4041068584733047,0.43942682782699644
3,240,25,weak,0.7,full,equal,oracle,2,653,0.21766666666666667,0.20326619669139961,0.23278925988883448
3,240,25,weak,0.7,full,equal,oracle,3,1082,0.3606666666666667,0.3436717155646396,0.37801799028015126
3,240,25,weak,0.7,full,equal,oracle,4,0,0.0,0.0,0.0012788487253259629
3,240,25,weak,0.7,full,equal,oracle,5,0,0.0,0.0,0.0012788487253259629
3,240,25,weak,0.7,full,equal,oracle,8,0,0.0,0.0,0.0012788487253259629
3,240,25,weak,0.7,full,equal,feasible,1,985,0.3283333333333333,0.31175782762634124,0.3453479104360206
3,240,25,weak,0.7,full,equal,feasible,2,567,0.189,0.17539133639121252,0.20340410751594024
3,240,25,weak,0.7,full,equal,feasible,3,418,0.13933333333333334,0.1274021660500632,0.15218697683047192
3,240,25,weak,0.7,full,equal,feasible,4,275,0.09166666666666666,0.08185665110327484,0.10252107535574134
3,240,25,weak,0.7,full,equal,feasible,5,308,0.10266666666666667,0.09230862374464574,0.11404096804241329
3,240,25,weak,0.7,full,equal,feasible,8,447,0.149,0.1367068890442328,0.162190862760946
3,240,25,weak,0.7,full,hj,oracle,1,436,0.14533333333333334,0.13317525647560452,0.1583985402202267
3,240,25,weak,0.7,full,hj,oracle,2,1015,0.3383333333333333,0.3216187687342258,0.3554613923536296
3,240,25,weak,0.7,full,hj,oracle,3,1549,0.5163333333333333,0.4984414788150051,0.5341834121266342
3,240,25,weak,0.7,full,hj,oracle,4,0,0.0,0.0,0.0012788487253259629
3,240,25,weak,0.7,full,hj,oracle,5,0,0.0,0.0,0.0012788487253259629
3,240,25,weak,0.7,full,hj,oracle,8,0,0.0,0.0,0.0012788487253259629
3,240,25,weak,0.7,full,hj,feasible,1,762,0.254,0.23874474312598443,0.269884450446876
3,240,25,weak,0.7,full,hj,feasible,2,788,0.26266666666666666,0.247229454336305,0.2787109058586497
3,240,25,weak,0.7,full,hj,feasible,3,631,0.21033333333333334,0.19612483867907354,0.22528270768246533
3,240,25,weak,0.7,full,hj,feasible,4,349,0.11633333333333333,0.10534765079498533,0.12830031912691475
3,240,25,weak,0.7,full,hj,feasible,5,260,0.08666666666666667,0.07712016990203277,0.09727034504423668
3,240,25,weak,0.7,full,hj,feasible,8,210,0.07,0.061409038063304944,0.07969077184047538
3,240,25,weak,0.7,weak_tail,equal,oracle,1,1471,0.49033333333333334,0.47246853600807387,0.5082228550672824
3,240,25,weak,0.7,weak_tail,equal,oracle,2,1214,0.4046666666666667,0.3872356835482324,0.42234148360872975
3,240,25,weak,0.7,weak_tail,equal,oracle,3,315,0.105,0.09453085799481524,0.11647943249819225
3,240,25,weak,0.7,weak_tail,equal,oracle,4,0,0.0,0.0,0.0012788487253259629
3,240,25,weak,0.7,weak_tail,equal,oracle,5,0,0.0,0.0,0.0012788487253259629
3,240,25,weak,0.7,weak_tail,equal,oracle,8,0,0.0,0.0,0.0012788487253259629
3,240,25,weak,0.7,weak_tail,equal,feasible,1,1198,0.3993333333333333,0.38194724317145573,0.4169768983719098
3,240,25,weak,0.7,weak_tail,equal,feasible,2,473,0.15766666666666668,0.1450647942741924,0.17114412415308078
3,240,25,weak,0.7,weak_tail,equal,feasible,3,252,0.084,0.07459808132677005,0.09446592081270115
3,240,25,weak,0.7,weak_tail,equal,feasible,4,265,0.08833333333333333,0.0786979248943257,0.09902166055619266
3,240,25,weak,0.7,weak_tail,equal,feasible,5,302,0.10066666666666667,0.0904052288845772,0.11194947829738314
3,240,25,weak,0.7,weak_tail,equal,feasible,8,510,0.17,0.15698239002154446,0.1838616501371707
3,240,25,weak,0.7,weak_tail,hj,oracle,1,1197,0.399,0.3816167872762597,0.4166415401662562
3,240,25,weak,0.7,weak_tail,hj,oracle,2,1431,0.477,0.45916781965252523,0.4948910073888397
3,240,25,weak,0.7,weak_tail,hj,oracle,3,372,0.124,0.1126848784070766,0.13627681583436854
3,240,25,weak,0.7,weak_tail,hj,oracle,4,0,0.0,0.0,0.0012788487253259629
3,240,25,weak,0.7,weak_tail,hj,oracle,5,0,0.0,0.0,0.0012788487253259629
3,240,25,weak,0.7,weak_tail,hj,oracle,8,0,0.0,0.0,0.0012788487253259629
3,240,25,weak,0.7,weak_tail,hj,feasible,1,1166,0.38866666666666666,0.3713768628242076,0.40624122749196495
3,240,25,weak,0.7,weak_tail,hj,feasible,2,762,0.254,0.23874474312598443,0.269884450446876
3,240,25,weak,0.7,weak_tail,hj,feasible,3,388,0.12933333333333333,0.11779773774509318,0.14181698210994845
3,240,25,weak,0.7,weak_tail,hj,feasible,4,237,0.079,0.06987725542619352,0.08919953520053092
3,240,25,weak,0.7,weak_tail,hj,feasible,5,215,0.07166666666666667,0.0629741711594646,0.08145470924856463
3,240,25,weak,0.7,weak_tail,hj,feasible,8,232,0.07733333333333334,0.06830611632786679,0.08744160379460875
3,240,74,strong,0.0,full,equal,oracle,1,10,0.0033333333333333335,0.0018116337615376185,0.006125355972286172
3,240,74,strong,0.0,full,equal,oracle,2,122,0.04066666666666666,0.03416630327106453,0.04834186575793492
3,240,74,strong,0.0,full,equal,oracle,3,2868,0.956,0.9480592935843528,0.9627743963781499
3,240,74,strong,0.0,full,equal,oracle,4,0,0.0,0.0,0.0012788487253259629
3,240,74,strong,0.0,full,equal,oracle,5,0,0.0,0.0,0.0012788487253259629
3,240,74,strong,0.0,full,equal,oracle,8,0,0.0,0.0,0.0012788487253259629
3,240,74,strong,0.0,full,equal,feasible,1,203,0.06766666666666667,0.05922035827579508,0.07721875292203675
3,240,74,strong,0.0,full,equal,feasible,2,407,0.13566666666666666,0.12387794363589708,0.1483872441352904
3,240,74,strong,0.0,full,equal,feasible,3,1145,0.38166666666666665,0.36444480948954056,0.3991911847087865
3,240,74,strong,0.0,full,equal,feasible,4,478,0.15933333333333333,0.14667369927346297,0.1728642896580591
3,240,74,strong,0.0,full,equal,feasible,5,401,0.13366666666666666,0.1219568915096465,0.1463134116564423
3,240,74,strong,0.0,full,equal,feasible,8,366,0.122,0.11076936024423338,0.13419744939211303
3,240,74,strong,0.0,full,hj,oracle,1,12,0.004,0.0022896808121085216,0.006978937123414833
3,240,74,strong,0.0,full,hj,oracle,2,122,0.04066666666666666,0.03416630327106453,0.04834186575793492
3,240,74,strong,0.0,full,hj,oracle,3,2866,0.9553333333333334,0.9473409336761411,0.962161128084662
3,240,74,strong,0.0,full,hj,oracle,4,0,0.0,0.0,0.0012788487253259629
3,240,74,strong,0.0,full,hj,oracle,5,0,0.0,0.0,0.0012788487253259629
3,240,74,strong,0.0,full,hj,oracle,8,0,0.0,0.0,0.0012788487253259629
3,240,74,strong,0.0,full,hj,feasible,1,239,0.07966666666666666,0.07050606533134567,0.08990235349707835
3,240,74,strong,0.0,full,hj,feasible,2,432,0.144,0.13189170058240915,0.15701883971002292
3,240,74,strong,0.0,full,hj,feasible,3,1186,0.3953333333333333,0.3779823307759264,0.4129520415572418
3,240,74,strong,0.0,full,hj,feasible,4,476,0.15866666666666668,0.14603007630073594,0.1721762844290866
3,240,74,strong,0.0,full,hj,feasible,5,377,0.12566666666666668,0.11428190463462361,0.13800886011107044
3,240,74,strong,0.0,full,hj,feasible,8,290,0.09666666666666666,0.0866023950440781,0.10776254292768483
3,240,74,strong,0.0,weak_tail,equal,oracle,1,61,0.02033333333333333,0.01586238525779264,0.026031123619370065
3,240,74,strong,0.0,weak_tail,equal,oracle,2,707,0.23566666666666666,0.2208234510372158,0.2511859669889065
3,240,74,strong,0.0,weak_tail,equal,oracle,3,2232,0.744,0.7280779637292932,0.7592979580927478
3,240,74,strong,0.0,weak_tail,equal,oracle,4,0,0.0,0.0,0.0012788487253259629
3,240,74,strong,0.0,weak_tail,equal,oracle,5,0,0.0,0.0,0.0012788487253259629
3,240,74,strong,0.0,weak_tail,equal,oracle,8,0,0.0,0.0,0.0012788487253259629
3,240,74,strong,0.0,weak_tail,equal,feasible,1,403,0.13433333333333333,0.12259714257424147,0.1470047887935469
3,240,74,strong,0.0,weak_tail,equal,feasible,2,538,0.17933333333333334,0.16601825700495518,0.19346857797755387
3,240,74,strong,0.0,weak_tail,equal,feasible,3,798,0.266,0.2504949128601385,0.28210358834331406
3,240,74,strong,0.0,weak_tail,equal,feasible,4,479,0.15966666666666668,0.1469955410913387,0.1732082619410332
3,240,74,strong,0.0,weak_tail,equal,feasible,5,418,0.13933333333333334,0.1274021660500632,0.15218697683047192
3,240,74,strong,0.0,weak_tail,equal,feasible,8,364,0.12133333333333333,0.11013107895627218,0.1335041024783747
3,240,74,strong,0.0,weak_tail,hj,oracle,1,43,0.014333333333333333,0.01065870981448653,0.019250145247380092
3,240,74,strong,0.0,weak_tail,hj,oracle,2,707,0.23566666666666666,0.2208234510372158,0.2511859669889065
3,240,74,strong,0.0,weak_tail,hj,oracle,3,2250,0.75,0.7341920228455506,0.7651685527917863
3,240,74,strong,0.0,weak_tail,hj,oracle,4,0,0.0,0.0,0.0012788487253259629
3,240,74,strong,0.0,weak_tail,hj,oracle,5,0,0.0,0.0,0.0012788487253259629
3,240,74,strong,0.0,weak_tail,hj,oracle,8,0,0.0,0.0,0.0012788487253259629
3,240,74,strong,0.0,weak_tail,hj,feasible,1,361,0.12033333333333333,0.10917387047872315,0.13246386865337437
3,240,74,strong,0.0,weak_tail,hj,feasible,2,800,0.26666666666666666,0.25114814293061083,0.2827819864745412
3,240,74,strong,0.0,weak_tail,hj,feasible,3,885,0.295,0.2789515142895954,0.3115728136877882
3,240,74,strong,0.0,weak_tail,hj,feasible,4,387,0.129,0.11747798383568694,0.14147092191850494
3,240,74,strong,0.0,weak_tail,hj,feasible,5,326,0.10866666666666666,0.09802632074886564,0.12030792485348946
3,240,74,strong,0.0,weak_tail,hj,feasible,8,241,0.08033333333333334,0.07113507420425678,0.09060497282586681
3,240,74,strong,0.7,full,equal,oracle,1,26,0.008666666666666666,0.005921269051362266,0.012668746296058048
3,240,74,strong,0.7,full,equal,oracle,2,98,0.03266666666666666,0.02687931450264561,0.03964931610595905
3,240,74,strong,0.7,full,equal,oracle,3,2876,0.9586666666666667,0.9509373919913736,0.9652228107779274
3,240,74,strong,0.7,full,equal,oracle,4,0,0.0,0.0,0.0012788487253259629
3,240,74,strong,0.7,full,equal,oracle,5,0,0.0,0.0,0.0012788487253259629
3,240,74,strong,0.7,full,equal,oracle,8,0,0.0,0.0,0.0012788487253259629
3,240,74,strong,0.7,full,equal,feasible,1,90,0.03,0.02447115109496187,0.03673096670684454
3,240,74,strong,0.7,full,equal,feasible,2,423,0.141,0.12900504479605657,0.15391316858872744
3,240,74,strong,0.7,full,equal,feasible,3,1096,0.36533333333333334,0.34828493094427626,0.38272617231241157
3,240,74,strong,0.7,full,equal,feasible,4,389,0.12966666666666668,0.11811751784795636,0.1421630161079351
3,240,74,strong,0.7,full,equal,feasible,5,451,0.15033333333333335,0.13799178133307122,0.16356922687550673
3,240,74,strong,0.7,full,equal,feasible,8,551,0.18366666666666667,0.17021821074422575,0.19792420754933046
3,240,74,strong,0.7,full,hj,oracle,1,0,0.0,0.0,0.0012788487253259629
3,240,74,strong,0.7,full,hj,oracle,2,15,0.005,0.0030324533483749197,0.008233606889697783
3,240,74,strong,0.7,full,hj,oracle,3,2985,0.995,0.9917663931103022,0.996967546651625
3,240,74,strong,0.7,full,hj,oracle,4,0,0.0,0.0,0.0012788487253259629
3,240,74,strong,0.7,full,hj,oracle,5,0,0.0,0.0,0.0012788487253259629
3,240,74,strong,0.7,full,hj,oracle,8,0,0.0,0.0,0.0012788487253259629
3,240,74,strong,0.7,full,hj,feasible,1,14,0.004666666666666667,0.0027819139335313083,0.007818332203691613
3,240,74,strong,0.7,full,hj,feasible,2,280,0.09333333333333334,0.08343756972048183,0.10426922724278329
3,240,74,strong,0.7,full,hj,feasible,3,1423,0.47433333333333333,0.4565092038046127,0.49222311042995404
3,240,74,strong,0.7,full,hj,feasible,4,550,0.18333333333333332,0.16989503395834182,0.19758157023436457
3,240,74,strong,0.7,full,hj,feasible,5,410,0.13666666666666666,0.12483880356580958,0.14942382650792727
3,240,74,strong,0.7,full,hj,feasible,8,323,0.10766666666666666,0.09707261141658088,0.11926419188322487
3,240,74,strong,0.7,weak_tail,equal,oracle,1,61,0.02033333333333333,0.01586238525779264,0.026031123619370065
3,240,74,strong,0.7,weak_tail,equal,oracle,2,628,0.20933333333333334,0.19515156029143926,0.22425854376755022
3,240,74,strong,0.7,weak_tail,equal,oracle,3,2311,0.7703333333333333,0.7549419110798522,0.7850333247093216
3,240,74,strong,0.7,weak_tail,equal,oracle,4,0,0.0,0.0,0.0012788487253259629
3,240,74,strong,0.7,weak_tail,equal,oracle,5,0,0.0,0.0,0.0012788487253259629
3,240,74,strong,0.7,weak_tail,equal,oracle,8,0,0.0,0.0,0.0012788487253259629
3,240,74,strong,0.7,weak_tail,equal,feasible,1,334,0.11133333333333334,0.10057097984346397,0.12308977856568942
3,240,74,strong,0.7,weak_tail,equal,feasible,2,581,0.19366666666666665,0.17992129414656188,0.20819554717248778
3,240,74,strong,0.7,weak_tail,equal,feasible,3,717,0.239,0.22407903808784832,0.2545885209467718
3,240,74,strong,0.7,weak_tail,equal,feasible,4,393,0.131,0.119396898488012,0.14354689187127856
3,240,74,strong,0.7,weak_tail,equal,feasible,5,480,0.16,0.1473174030619614,0.17355221407126026
3,240,74,strong,0.7,weak_tail,equal,feasible,8,495,0.165,0.1521477169781938,0.1787091116677746
3,240,74,strong,0.7,weak_tail,hj,oracle,1,0,0.0,0.0,0.0012788487253259629
3,240,74,strong,0.7,weak_tail,hj,oracle,2,549,0.183,0.16957187427515297,0.19723891581670366
3,240,74,strong,0.7,weak_tail,hj,oracle,3,2451,0.817,0.8027610841832963,0.830428125724847
3,240,74,strong,0.7,weak_tail,hj,oracle,4,0,0.0,0.0,0.0012788487253259629
3,240,74,strong,0.7,weak_tail,hj,oracle,5,0,0.0,0.0,0.0012788487253259629
3,240,74,strong,0.7,weak_tail,hj,oracle,8,0,0.0,0.0,0.0012788487253259629
3,240,74,strong,0.7,weak_tail,hj,feasible,1,172,0.05733333333333333,0.049566525431781604,0.06623234863970698
3,240,74,strong,0.7,weak_tail,hj,feasible,2,794,0.26466666666666666,0.2491885907514262,0.2807466540486272
3,240,74,strong,0.7,weak_tail,hj,feasible,3,958,0.31933333333333336,0.3028903457889959,0.336238411550422
3,240,74,strong,0.7,weak_tail,hj,feasible,4,460,0.15333333333333332,0.14088405228258669,0.16666928283363927
3,240,74,strong,0.7,weak_tail,hj,feasible,5,367,0.12233333333333334,0.11108854327811075,0.13454408045908545
3,240,74,strong,0.7,weak_tail,hj,feasible,8,249,0.083,0.07365305508272373,0.09341350475419812
3,240,74,weak,0.0,full,equal,oracle,1,1185,0.395,0.37765197649276866,0.4126165817395498
3,240,74,weak,0.0,full,equal,oracle,2,806,0.26866666666666666,0.253108107892979,0.28481690611727184
3,240,74,weak,0.0,full,equal,oracle,3,1009,0.3363333333333333,0.31964590029409035,0.3534393761886663
3,240,74,weak,0.0,full,equal,oracle,4,0,0.0,0.0,0.0012788487253259629
3,240,74,weak,0.0,full,equal,oracle,5,0,0.0,0.0,0.0012788487253259629
3,240,74,weak,0.0,full,equal,oracle,8,0,0.0,0.0,0.0012788487253259629
3,240,74,weak,0.0,full,equal,feasible,1,1016,0.33866666666666667,0.32194761295576046,0.3557983622329447
3,240,74,weak,0.0,full,equal,feasible,2,600,0.2,0.18607411280390726,0.21469319643128834
3,240,74,weak,0.0,full,equal,feasible,3,505,0.16833333333333333,0.15537035766425142,0.18214461199021478
3,240,74,weak,0.0,full,equal,feasible,4,306,0.102,0.09167401569627516,0.11334394788908429
3,240,74,weak,0.0,full,equal,feasible,5,299,0.09966666666666667,0.08945401935526073,0.11090324552415023
3,240,74,weak,0.0,full,equal,feasible,8,274,0.09133333333333334,0.0815405899871373,0.10217132237102912
3,240,74,weak,0.0,full,hj,oracle,1,1217,0.4056666666666667,0.3882275056347864,0.4233471038247251
3,240,74,weak,0.0,full,hj,oracle,2,806,0.26866666666666666,0.253108107892979,0.28481690611727184
3,240,74,weak,0.0,full,hj,oracle,3,977,0.32566666666666666,0.3091296909788403,0.34264953427672334
3,240,74,weak,0.0,full,hj,oracle,4,0,0.0,0.0,0.0012788487253259629
3,240,74,weak,0.0,full,hj,oracle,5,0,0.0,0.0,0.0012788487253259629
3,240,74,weak,0.0,full,hj,oracle,8,0,0.0,0.0,0.0012788487253259629
3,240,74,weak,0.0,full,hj,feasible,1,1125,0.375,0.3578464010926593,0.3924733110886722
3,240,74,weak,0.0,full,hj,feasible,2,644,0.21466666666666667,0.20034389242236128,0.22971923725022475
3,240,74,weak,0.0,full,hj,feasible,3,513,0.171,0.1579498340734792,0.1848916483877853
3,240,74,weak,0.0,full,hj,feasible,4,272,0.09066666666666667,0.08090859196634151,0.10147169219012536
3,240,74,weak,0.0,full,hj,feasible,5,256,0.08533333333333333,0.07585876314969729,0.09586849539317303
3,240,74,weak,0.0,full,hj,feasible,8,190,0.06333333333333334,0.055163878001273065,0.07261964988551162
3,240,74,weak,0.0,weak_tail,equal,oracle,1,1343,0.44766666666666666,0.4299511810419892,0.46551600512459484
3,240,74,weak,0.0,weak_tail,equal,oracle,2,1138,0.37933333333333336,0.3621349710520436,0.3968403244403351
3,240,74,weak,0.0,weak_tail,equal,oracle,3,519,0.173,0.1598852221629369,0.18695114490342626
3,240,74,weak,0.0,weak_tail,equal,oracle,4,0,0.0,0.0,0.0012788487253259629
3,240,74,weak,0.0,weak_tail,equal,oracle,5,0,0.0,0.0,0.0012788487253259629
3,240,74,weak,0.0,weak_tail,equal,oracle,8,0,0.0,0.0,0.0012788487253259629
3,240,74,weak,0.0,weak_tail,equal,feasible,1,1110,0.37,0.3528998877455149,0.3874326129230698
3,240,74,weak,0.0,weak_tail,equal,feasible,2,482,0.16066666666666668,0.1479611872582543,0.17424005807666693
3,240,74,weak,0.0,weak_tail,equal,feasible,3,329,0.10966666666666666,0.0989803253945503,0.12135136251035415
3,240,74,weak,0.0,weak_tail,equal,feasible,4,397,0.13233333333333333,0.12067669146363003,0.14493035529905968
3,240,74,weak,0.0,weak_tail,equal,feasible,5,344,0.11466666666666667,0.10375465754882172,0.1265642418688295
3,240,74,weak,0.0,weak_tail,equal,feasible,8,338,0.11266666666666666,0.10184407632453579,0.1244799384880167
3,240,74,weak,0.0,weak_tail,hj,oracle,1,1309,0.43633333333333335,0.41867961682319954,0.454149889914492
3,240,74,weak,0.0,weak_tail,hj,oracle,2,1138,0.37933333333333336,0.3621349710520436,0.3968403244403351
3,240,74,weak,0.0,weak_tail,hj,oracle,3,553,0.18433333333333332,0.17086461548018977,0.198609431015066
3,240,74,weak,0.0,weak_tail,hj,oracle,4,0,0.0,0.0,0.0012788487253259629
3,240,74,weak,0.0,weak_tail,hj,oracle,5,0,0.0,0.0,0.0012788487253259629
3,240,74,weak,0.0,weak_tail,hj,oracle,8,0,0.0,0.0,0.0012788487253259629
3,240,74,weak,0.0,weak_tail,hj,feasible,1,1195,0.3983333333333333,0.38095590083290276,0.4159707984079135
3,240,74,weak,0.0,weak_tail,hj,feasible,2,686,0.22866666666666666,0.21399096247151933,0.24403635943675756
3,240,74,weak,0.0,weak_tail,hj,feasible,3,422,0.14066666666666666,0.12868442179088896,0.1535679774930453
3,240,74,weak,0.0,weak_tail,hj,feasible,4,267,0.089,0.07932933111699066,0.09972188253522728
3,240,74,weak,0.0,weak_tail,hj,feasible,5,225,0.075,0.0661087063006732,0.08497831511585385
3,240,74,weak,0.0,weak_tail,hj,feasible,8,205,0.06833333333333333,0.059845390313466564,0.07792534908606481
3,240,74,weak,0.7,full,equal,oracle,1,1138,0.37933333333333336,0.3621349710520436,0.3968403244403351
3,240,74,weak,0.7,full,equal,oracle,2,645,0.215,0.20066853593921535,0.23006040783422044
3,240,74,weak,0.7,full,equal,oracle,3,1217,0.4056666666666667,0.3882275056347864,0.4233471038247251
3,240,74,weak,0.7,full,equal,oracle,4,0,0.0,0.0,0.0012788487253259629
3,240,74,weak,0.7,full,equal,oracle,5,0,0.0,0.0,0.0012788487253259629
3,240,74,weak,0.7,full,equal,oracle,8,0,0.0,0.0,0.0012788487253259629
3,240,74,weak,0.7,full,equal,feasible,1,927,0.309,0.2927179730467492,0.32577054716632536
3,240,74,weak,0.7,full,equal,feasible,2,561,0.187,0.17345091140873525,0.20134964789331877
3,240,74,weak,0.7,full,equal,feasible,3,436,0.14533333333333334,0.13317525647560452,0.1583985402202267
3,240,74,weak,0.7,full,equal,feasible,4,274,0.09133333333333334,0.0815405899871373,0.10217132237102912
3,240,74,weak,0.7,full,equal,feasible,5,333,0.111,0.1002527848792385,0.1227421594290651
3,240,74,weak,0.7,full,equal,feasible,8,469,0.15633333333333332,0.1437780383114927,0.16976762371238133
3,240,74,weak,0.7,full,hj,oracle,1,256,0.08533333333333333,0.07585876314969729,0.09586849539317303
3,240,74,weak,0.7,full,hj,oracle,2,1019,0.3396666666666667,0.3229342017392144,0.35680921575204017
3,240,74,weak,0.7,full,hj,oracle,3,1725,0.575,0.5572256289275838,0.5925825437636173
3,240,74,weak,0.7,full,hj,oracle,4,0,0.0,0.0,0.0012788487253259629
3,240,74,weak,0.7,full,hj,oracle,5,0,0.0,0.0,0.0012788487253259629
3,240,74,weak,0.7,full,hj,oracle,8,0,0.0,0.0,0.0012788487253259629
3,240,74,weak,0.7,full,hj,feasible,1,635,0.21166666666666667,0.19742274806764876,0.22664805469728921
3,240,74,weak,0.7,full,hj,feasible,2,830,0.27666666666666667,0.26095203804170264,0.292952514388943
3,240,74,weak,0.7,full,hj,feasible,3,678,0.226,0.2113896519701337,0.24131115713134493
3,240,74,weak,0.7,full,hj,feasible,4,343,0.11433333333333333,0.10343615019799042,0.126216935118811
3,240,74,weak,0.7,full,hj,feasible,5,274,0.09133333333333334,0.0815405899871373,0.10217132237102912
3,240,74,weak,0.7,full,hj,feasible,8,240,0.08,0.07082054503843029,0.09025368789084352
3,240,74,weak,0.7,weak_tail,equal,oracle,1,1353,0.451,0.43326812531684716,0.4688572018582348
3,240,74,weak,0.7,weak_tail,equal,oracle,2,1070,0.3566666666666667,0.3397189279450279,0.37398100868956563
3,240,74,weak,0.7,weak_tail,equal,oracle,3,577,0.19233333333333333,0.1786266955038284,0.20682688941182217
3,240,74,weak,0.7,weak_tail,equal,oracle,4,0,0.0,0.0,0.0012788487253259629
3,240,74,weak,0.7,weak_tail,equal,oracle,5,0,0.0,0.0,0.0012788487253259629
3,240,74,weak,0.7,weak_tail,equal,oracle,8,0,0.0,0.0,0.0012788487253259629
3,240,74,weak,0.7,weak_tail,equal,feasible,1,1083,0.361,0.34400117289280335,0.37835434705283727
3,240,74,weak,0.7,weak_tail,equal,feasible,2,484,0.16133333333333333,0.1486050514585751,0.17492782207804564
3,240,74,weak,0.7,weak_tail,equal,feasible,3,280,0.09333333333333334,0.08343756972048183,0.10426922724278329
3,240,74,weak,0.7,weak_tail,equal,feasible,4,280,0.09333333333333334,0.08343756972048183,0.10426922724278329
3,240,74,weak,0.7,weak_tail,equal,feasible,5,369,0.123,0.11172699363076054,0.13523725830813524
3,240,74,weak,0.7,weak_tail,equal,feasible,8,504,0.168,0.15504800774859392,0.18180114780502252
3,240,74,weak,0.7,weak_tail,hj,oracle,1,937,0.31233333333333335,0.29599834068753056,0.3291483205340418
3,240,74,weak,0.7,weak_tail,hj,oracle,2,1314,0.438,0.4203366120044968,0.45582196523744367
3,240,74,weak,0.7,weak_tail,hj,oracle,3,749,0.24966666666666668,0.23450541820704285,0.2654681920547704
3,240,74,weak,0.7,weak_tail,hj,oracle,4,0,0.0,0.0,0.0012788487253259629
3,240,74,weak,0.7,weak_tail,hj,oracle,5,0,0.0,0.0,0.0012788487253259629
3,240,74,weak,0.7,weak_tail,hj,oracle,8,0,0.0,0.0,0.0012788487253259629
3,240,74,weak,0.7,weak_tail,hj,feasible,1,1043,0.3476666666666667,0.3308299225447216,0.36489303336692774
3,240,74,weak,0.7,weak_tail,hj,feasible,2,778,0.25933333333333336,0.24396515919111392,0.27531705999534295
3,240,74,weak,0.7,weak_tail,hj,feasible,3,426,0.142,0.12996705446355725,0.1549486012237761
3,240,74,weak,0.7,weak_tail,hj,feasible,4,286,0.09533333333333334,0.0853359950799826,0.10636568648838121
3,240,74,weak,0.7,weak_tail,hj,feasible,5,245,0.08166666666666667,0.07239367990574448,0.09200962352777824
3,240,74,weak,0.7,weak_tail,hj,feasible,8,222,0.074,0.06516776307117575,0.08392181604280197
3,600,25,strong,0.0,full,equal,oracle,1,0,0.0,0.0,0.0012788487253259629
3,600,25,strong,0.0,full,equal,oracle,2,10,0.0033333333333333335,0.0018116337615376185,0.006125355972286172
3,600,25,strong,0.0,full,equal,oracle,3,2990,0.9966666666666667,0.9938746440277139,0.9981883662384624
3,600,25,strong,0.0,full,equal,oracle,4,0,0.0,0.0,0.0012788487253259629
3,600,25,strong,0.0,full,equal,oracle,5,0,0.0,0.0,0.0012788487253259629
3,600,25,strong,0.0,full,equal,oracle,8,0,0.0,0.0,0.0012788487253259629
3,600,25,strong,0.0,full,equal,feasible,1,44,0.014666666666666666,0.010943766686006835,0.019630902476709566
3,600,25,strong,0.0,full,equal,feasible,2,196,0.06533333333333333,0.0570347299761277,0.07474368251575565
3,600,25,strong,0.0,full,equal,feasible,3,1393,0.4643333333333333,0.44654394002175485,0.4822139511873184
3,600,25,strong,0.0,full,equal,feasible,4,567,0.189,0.17539133639121252,0.20340410751594024
3,600,25,strong,0.0,full,equal,feasible,5,436,0.14533333333333334,0.13317525647560452,0.1583985402202267
3,600,25,strong,0.0,full,equal,feasible,8,364,0.12133333333333333,0.11013107895627218,0.1335041024783747
3,600,25,strong,0.0,full,hj,oracle,1,0,0.0,0.0,0.0012788487253259629
3,600,25,strong,0.0,full,hj,oracle,2,10,0.0033333333333333335,0.0018116337615376185,0.006125355972286172
3,600,25,strong,0.0,full,hj,oracle,3,2990,0.9966666666666667,0.9938746440277139,0.9981883662384624
3,600,25,strong,0.0,full,hj,oracle,4,0,0.0,0.0,0.0012788487253259629
3,600,25,strong,0.0,full,hj,oracle,5,0,0.0,0.0,0.0012788487253259629
3,600,25,strong,0.0,full,hj,oracle,8,0,0.0,0.0,0.0012788487253259629
3,600,25,strong,0.0,full,hj,feasible,1,57,0.019,0.014694268417491864,0.024535984056271713
3,600,25,strong,0.0,full,hj,feasible,2,210,0.07,0.061409038063304944,0.07969077184047538
3,600,25,strong,0.0,full,hj,feasible,3,1441,0.48033333333333333,0.46249180600072437,0.49822516204913847
3,600,25,strong,0.0,full,hj,feasible,4,571,0.19033333333333333,0.17668528374059891,0.20477341656995293
3,600,25,strong,0.0,full,hj,feasible,5,420,0.14,0.12804324652378668,0.15287752455844805
3,600,25,strong,0.0,full,hj,feasible,8,301,0.10033333333333333,0.0900881225298914,0.11160077055121914
3,600,25,strong,0.0,weak_tail,equal,oracle,1,1,0.0003333333333333333,5.8843941871566355e-05,0.0018858188843041794
3,600,25,strong,0.0,weak_tail,equal,oracle,2,619,0.20633333333333334,0.19223252277119052,0.22118525438015096
3,600,25,strong,0.0,weak_tail,equal,oracle,3,2380,0.7933333333333333,0.7784732095527616,0.8074431991950473
3,600,25,strong,0.0,weak_tail,equal,oracle,4,0,0.0,0.0,0.0012788487253259629
3,600,25,strong,0.0,weak_tail,equal,oracle,5,0,0.0,0.0,0.0012788487253259629
3,600,25,strong,0.0,weak_tail,equal,oracle,8,0,0.0,0.0,0.0012788487253259629
3,600,25,strong,0.0,weak_tail,equal,feasible,1,166,0.05533333333333333,0.04770621606483646,0.06409777340155344
3,600,25,strong,0.0,weak_tail,equal,feasible,2,638,0.21266666666666667,0.1983963328780061,0.2276719121894812
3,600,25,strong,0.0,weak_tail,equal,feasible,3,947,0.31566666666666665,0.2992797047208759,0.3325250975091943
3,600,25,strong,0.0,weak_tail,equal,feasible,4,491,0.16366666666666665,0.1508592004587268,0.17733437178384243
3,600,25,strong,0.0,weak_tail,equal,feasible,5,434,0.14466666666666667,0.13253343303246803,0.1577087354616636
3,600,25,strong,0.0,weak_tail,equal,feasible,8,324,0.108,0.09739048149367811,0.11961213590697743
3,600,25,strong,0.0,weak_tail,hj,oracle,1,0,0.0,0.0,0.0012788487253259629
3,600,25,strong,0.0,weak_tail,hj,oracle,2,619,0.20633333333333334,0.19223252277119052,0.22118525438015096
3,600,25,strong,0.0,weak_tail,hj,oracle,3,2381,0.7936666666666666,0.7788147456198491,0.8077674772288095
3,600,25,strong,0.0,weak_tail,hj,oracle,4,0,0.0,0.0,0.0012788487253259629
3,600,25,strong,0.0,weak_tail,hj,oracle,5,0,0.0,0.0,0.0012788487253259629
3,600,25,strong,0.0,weak_tail,hj,oracle,8,0,0.0,0.0,0.0012788487253259629
3,600,25,strong,0.0,weak_tail,hj,feasible,1,139,0.04633333333333333,0.03937397396973145,0.054453034773714305
3,600,25,strong,0.0,weak_tail,hj,feasible,2,870,0.29,0.2740393538134703,0.3064977626511666
3,600,25,strong,0.0,weak_tail,hj,feasible,3,1007,0.33566666666666667,0.3189883526498734,0.3527652956311837
3,600,25,strong,0.0,weak_tail,hj,feasible,4,403,0.13433333333333333,0.12259714257424147,0.1470047887935469
3,600,25,strong,0.0,weak_tail,hj,feasible,5,347,0.11566666666666667,0.10471036265529521,0.12760597906490534
3,600,25,strong,0.0,weak_tail,hj,feasible,8,234,0.078,0.0689344186666951,0.08814492965748001
3,600,25,strong,0.7,full,equal,oracle,1,1,0.0003333333333333333,5.8843941871566355e-05,0.0018858188843041794
3,600,25,strong,0.7,full,equal,oracle,2,7,0.0023333333333333335,0.0011307320906370835,0.004808815340637359
3,600,25,strong,0.7,full,equal,oracle,3,2992,0.9973333333333333,0.9947465032080693,0.9986481352598064
3,600,25,strong,0.7,full,equal,oracle,4,0,0.0,0.0,0.0012788487253259629
3,600,25,strong,0.7,full,equal,oracle,5,0,0.0,0.0,0.0012788487253259629
3,600,25,strong,0.7,full,equal,oracle,8,0,0.0,0.0,0.0012788487253259629
3,600,25,strong,0.7,full,equal,feasible,1,11,0.0036666666666666666,0.0020486685952001804,0.006554135239473392
3,600,25,strong,0.7,full,equal,feasible,2,213,0.071,0.06234794277664777,0.08074930942968189
3,600,25,strong,0.7,full,equal,feasible,3,1357,0.4523333333333333,0.43459512858231997,0.47019345499616105
3,600,25,strong,0.7,full,equal,feasible,4,458,0.15266666666666667,0.14024117573651607,0.16598053117801037
3,600,25,strong,0.7,full,equal,feasible,5,414,0.138,0.1261202917644312,0.1508055947127048
3,600,25,strong,0.7,full,equal,feasible,8,547,0.18233333333333332,0.16892560636173928,0.19655355552841777
3,600,25,strong,0.7,full,hj,oracle,1,0,0.0,0.0,0.0012788487253259629
3,600,25,strong,0.7,full,hj,oracle,2,0,0.0,0.0,0.0012788487253259629
3,600,25,strong,0.7,full,hj,oracle,3,3000,1.0,0.9987211512746742,1.0000000000000002
3,600,25,strong,0.7,full,hj,oracle,4,0,0.0,0.0,0.0012788487253259629
3,600,25,strong,0.7,full,hj,oracle,5,0,0.0,0.0,0.0012788487253259629
3,600,25,strong,0.7,full,hj,oracle,8,0,0.0,0.0,0.0012788487253259629
3,600,25,strong,0.7,full,hj,feasible,1,1,0.0003333333333333333,5.8843941871566355e-05,0.0018858188843041794
3,600,25,strong,0.7,full,hj,feasible,2,110,0.03666666666666667,0.030512135769472128,0.04400626404932994
3,600,25,strong,0.7,full,hj,feasible,3,1536,0.512,0.49410930031891936,0.5298600073116729
3,600,25,strong,0.7,full,hj,feasible,4,573,0.191,0.17733235582473614,0.20545797268751528
3,600,25,strong,0.7,full,hj,feasible,5,433,0.14433333333333334,0.1322125554006789,0.157363798992603
3,600,25,strong,0.7,full,hj,feasible,8,347,0.11566666666666667,0.10471036265529521,0.12760597906490534
3,600,25,strong,0.7,weak_tail,equal,oracle,1,2,0.0006666666666666666,0.00018284308780954395,0.0024276338392159843
3,600,25,strong,0.7,weak_tail,equal,oracle,2,557,0.18566666666666667,0.1721576286108034,0.19997967428785154
3,600,25,strong,0.7,weak_tail,equal,oracle,3,2441,0.8136666666666666,0.7993353053405496,0.8271957635590959
3,600,25,strong,0.7,weak_tail,equal,oracle,4,0,0.0,0.0,0.0012788487253259629
3,600,25,strong,0.7,weak_tail,equal,oracle,5,0,0.0,0.0,0.0012788487253259629
3,600,25,strong,0.7,weak_tail,equal,oracle,8,0,0.0,0.0,0.0012788487253259629
3,600,25,strong,0.7,weak_tail,equal,feasible,1,139,0.04633333333333333,0.03937397396973145,0.054453034773714305
3,600,25,strong,0.7,weak_tail,equal,feasible,2,616,0.20533333333333334,0.1912597785104649,0.22016055633832718
3,600,25,strong,0.7,weak_tail,equal,feasible,3,888,0.296,0.2799342298231362,0.3125875404567967
3,600,25,strong,0.7,weak_tail,equal,feasible,4,415,0.13833333333333334,0.12644072432299977,0.151150976254986
3,600,25,strong,0.7,weak_tail,equal,feasible,5,402,0.134,0.1222770045212897,0.1466591127456489
3,600,25,strong,0.7,weak_tail,equal,feasible,8,540,0.18,0.1666642127723977,0.19415425041181086
3,600,25,strong,0.7,weak_tail,hj,oracle,1,1,0.0003333333333333333,5.8843941871566355e-05,0.0018858188843041794
3,600,25,strong,0.7,weak_tail,hj,oracle,2,538,0.17933333333333334,0.16601825700495518,0.19346857797755387
3,600,25,strong,0.7,weak_tail,hj,oracle,3,2461,0.8203333333333334,0.806188577050338,0.8336587738663032
3,600,25,strong,0.7,weak_tail,hj,oracle,4,0,0.0,0.0,0.0012788487253259629
3,600,25,strong,0.7,weak_tail,hj,oracle,5,0,0.0,0.0,0.0012788487253259629
3,600,25,strong,0.7,weak_tail,hj,oracle,8,0,0.0,0.0,0.0012788487253259629
3,600,25,strong,0.7,weak_tail,hj,feasible,1,71,0.023666666666666666,0.018805828331833658,0.029745821553826875
3,600,25,strong,0.7,weak_tail,hj,feasible,2,837,0.279,0.26324106055893154,0.2953241905776626
3,600,25,strong,0.7,weak_tail,hj,feasible,3,1009,0.3363333333333333,0.31964590029409035,0.3534393761886663
3,600,25,strong,0.7,weak_tail,hj,feasible,4,452,0.15066666666666667,0.1383130587841239,0.16391376352530382
3,600,25,strong,0.7,weak_tail,hj,feasible,5,339,0.113,0.10216242898759076,0.12482739992581154
3,600,25,strong,0.7,weak_tail,hj,feasible,8,292,0.09733333333333333,0.08723582560137695,0.10846074057208553
3,600,25,weak,0.0,full,equal,oracle,1,514,0.17133333333333334,0.1582723526026657,0.18523494395944856
3,600,25,weak,0.0,full,equal,oracle,2,718,0.23933333333333334,0.22440466739344644,0.2549287057420235
3,600,25,weak,0.0,full,equal,oracle,3,1768,0.5893333333333334,0.5716259245974478,0.6068122544302941
3,600,25,weak,0.0,full,equal,oracle,4,0,0.0,0.0,0.0012788487253259629
3,600,25,weak,0.0,full,equal,oracle,5,0,0.0,0.0,0.0012788487253259629
3,600,25,weak,0.0,full,equal,oracle,8,0,0.0,0.0,0.0012788487253259629
3,600,25,weak,0.0,full,equal,feasible,1,770,0.25666666666666665,0.24135457042294223,0.27260113595671637
3,600,25,weak,0.0,full,equal,feasible,2,582,0.194,0.18024498403168987,0.2085376713882096
3,600,25,weak,0.0,full,equal,feasible,3,689,0.22966666666666666,0.21496667529067842,0.2450580889201478
3,600,25,weak,0.0,full,equal,feasible,4,337,0.11233333333333333,0.10152575495684299,0.12413244575485971
3,600,25,weak,0.0,full,equal,feasible,5,313,0.10433333333333333,0.0938957600933863,0.11578290219792164
3,600,25,weak,0.0,full,equal,feasible,8,309,0.103,0.09262598088993688,0.1143894249979719
3,600,25,weak,0.0,full,hj,oracle,1,538,0.17933333333333334,0.16601825700495518,0.19346857797755387
3,600,25,weak,0.0,full,hj,oracle,2,718,0.23933333333333334,0.22440466739344644,0.2549287057420235
3,600,25,weak,0.0,full,hj,oracle,3,1744,0.5813333333333334,0.5635866653552398,0.5988719752521073
3,600,25,weak,0.0,full,hj,oracle,4,0,0.0,0.0,0.0012788487253259629
3,600,25,weak,0.0,full,hj,oracle,5,0,0.0,0.0,0.0012788487253259629
3,600,25,weak,0.0,full,hj,oracle,8,0,0.0,0.0,0.0012788487253259629
3,600,25,weak,0.0,full,hj,feasible,1,839,0.2796666666666667,0.26389516609405866,0.296001713244235
3,600,25,weak,0.0,full,hj,feasible,2,617,0.20566666666666666,0.19158401159706884,0.220502137352573
3,600,25,weak,0.0,full,hj,feasible,3,697,0.23233333333333334,0.21756916079686828,0.24778211622075624
3,600,25,weak,0.0,full,hj,feasible,4,328,0.10933333333333334,0.09866229125278743,0.12100358255126727
3,600,25,weak,0.0,full,hj,feasible,5,285,0.095,0.08501949220596522,0.1060163752615488
3,600,25,weak,0.0,full,hj,feasible,8,234,0.078,0.0689344186666951,0.08814492965748001
3,600,25,weak,0.0,weak_tail,equal,oracle,1,805,0.2683333333333333,0.25278141852509484,0.2844777813843061
3,600,25,weak,0.0,weak_tail,equal,oracle,2,1455,0.485,0.4671467232374174,0.5028916422243424
3,600,25,weak,0.0,weak_tail,equal,oracle,3,740,0.24666666666666667,0.2315717094237292,0.26240957393043596
3,600,25,weak,0.0,weak_tail,equal,oracle,4,0,0.0,0.0,0.0012788487253259629
3,600,25,weak,0.0,weak_tail,equal,oracle,5,0,0.0,0.0,0.0012788487253259629
3,600,25,weak,0.0,weak_tail,equal,oracle,8,0,0.0,0.0,0.0012788487253259629
3,600,25,weak,0.0,weak_tail,equal,feasible,1,932,0.31066666666666665,0.2943580317725332,0.3274595589447901
3,600,25,weak,0.0,weak_tail,equal,feasible,2,603,0.201,0.18704612668944987,0.21571862484829507
3,600,25,weak,0.0,weak_tail,equal,feasible,3,364,0.12133333333333333,0.11013107895627218,0.1335041024783747
3,600,25,weak,0.0,weak_tail,equal,feasible,4,376,0.12533333333333332,0.11396244466991899,0.13766250597492527
3,600,25,weak,0.0,weak_tail,equal,feasible,5,368,0.12266666666666666,0.11140775443972471,0.13489068339832125
3,600,25,weak,0.0,weak_tail,equal,feasible,8,357,0.119,0.10789799524298385,0.13107648748571452
3,600,25,weak,0.0,weak_tail,hj,oracle,1,783,0.261,0.24559716044794405,0.27701412924276175
3,600,25,weak,0.0,weak_tail,hj,oracle,2,1455,0.485,0.4671467232374174,0.5028916422243424
3,600,25,weak,0.0,weak_tail,hj,oracle,3,762,0.254,0.23874474312598443,0.269884450446876
3,600,25,weak,0.0,weak_tail,hj,oracle,4,0,0.0,0.0,0.0012788487253259629
3,600,25,weak,0.0,weak_tail,hj,oracle,5,0,0.0,0.0,0.0012788487253259629
3,600,25,weak,0.0,weak_tail,hj,oracle,8,0,0.0,0.0,0.0012788487253259629
3,600,25,weak,0.0,weak_tail,hj,feasible,1,972,0.324,0.30748741854770817,0.34096273620360656
3,600,25,weak,0.0,weak_tail,hj,feasible,2,830,0.27666666666666667,0.26095203804170264,0.292952514388943
3,600,25,weak,0.0,weak_tail,hj,feasible,3,444,0.148,0.13574344990037743,0.16115685960225204
3,600,25,weak,0.0,weak_tail,hj,feasible,4,279,0.093,0.08312130491687247,0.10391967794554285
3,600,25,weak,0.0,weak_tail,hj,feasible,5,244,0.08133333333333333,0.072078955672542,0.09165853366013091
3,600,25,weak,0.0,weak_tail,hj,feasible,8,231,0.077,0.06799204271080748,0.08708986331081826
3,600,25,weak,0.7,full,equal,oracle,1,540,0.18,0.1666642127723977,0.19415425041181086
3,600,25,weak,0.7,full,equal,oracle,2,545,0.18166666666666667,0.16827940729540855,0.19586812639304899
3,600,25,weak,0.7,full,equal,oracle,3,1915,0.6383333333333333,0.6209729662554719,0.6553398855971879
3,600,25,weak,0.7,full,equal,oracle,4,0,0.0,0.0,0.0012788487253259629
3,600,25,weak,0.7,full,equal,oracle,5,0,0.0,0.0,0.0012788487253259629
3,600,25,weak,0.7,full,equal,oracle,8,0,0.0,0.0,0.0012788487253259629
3,600,25,weak,0.7,full,equal,feasible,1,615,0.205,0.19093556046018786,0.2198189602877544
3,600,25,weak,0.7,full,equal,feasible,2,641,0.21366666666666667,0.19937004788457274,0.22869563948546395
3,600,25,weak,0.7,full,equal,feasible,3,630,0.21,0.19580039787368875,0.2249413343870003
3,600,25,weak,0.7,full,equal,feasible,4,318,0.106,0.09548376195391767,0.11752397084163918
3,600,25,weak,0.7,full,equal,feasible,5,343,0.11433333333333333,0.10343615019799042,0.126216935118811
3,600,25,weak,0.7,full,equal,feasible,8,453,0.151,0.13863435786808256,0.16425827854219496
3,600,25,weak,0.7,full,hj,oracle,1,52,0.017333333333333333,0.013242778833405518,0.022658403136109142
3,600,25,weak,0.7,full,hj,oracle,2,540,0.18,0.1666642127723977,0.19415425041181086
3,600,25,weak,0.7,full,hj,oracle,3,2408,0.8026666666666666,0.7880419628214838,0.8165172407501188
3,600,25,weak,0.7,full,hj,oracle,4,0,0.0,0.0,0.0012788487253259629
3,600,25,weak,0.7,full,hj,oracle,5,0,0.0,0.0,0.0012788487253259629
3,600,25,weak,0.7,full,hj,oracle,8,0,0.0,0.0,0.0012788487253259629
3,600,25,weak,0.7,full,hj,feasible,1,363,0.121,0.10981198090216138,0.1331573864316357
3,600,25,weak,0.7,full,hj,feasible,2,726,0.242,0.22701015977609199,0.25764972616617615
3,600,25,weak,0.7,full,hj,feasible,3,901,0.30033333333333334,0.28419374453972296,0.31698360905125716
3,600,25,weak,0.7,full,hj,feasible,4,402,0.134,0.1222770045212897,0.1466591127456489
3,600,25,weak,0.7,full,hj,feasible,5,373,0.12433333333333334,0.11300422874570978,0.13662327959658513
3,600,25,weak,0.7,full,hj,feasible,8,235,0.07833333333333334,0.06924864678390356,0.08849651564112133
3,600,25,weak,0.7,weak_tail,equal,oracle,1,719,0.23966666666666667,0.2247303094617957,0.255268877774524
3,600,25,weak,0.7,weak_tail,equal,oracle,2,1562,0.5206666666666667,0.5027750007900371,0.5385054734626495
3,600,25,weak,0.7,weak_tail,equal,oracle,3,719,0.23966666666666667,0.2247303094617957,0.255268877774524
3,600,25,weak,0.7,weak_tail,equal,oracle,4,0,0.0,0.0,0.0012788487253259629
3,600,25,weak,0.7,weak_tail,equal,oracle,5,0,0.0,0.0,0.0012788487253259629
3,600,25,weak,0.7,weak_tail,equal,oracle,8,0,0.0,0.0,0.0012788487253259629
3,600,25,weak,0.7,weak_tail,equal,feasible,1,857,0.2856666666666667,0.26978407865234455,0.30209745450124526
3,600,25,weak,0.7,weak_tail,equal,feasible,2,637,0.21233333333333335,0.19807179010857176,0.22733064085806579
3,600,25,weak,0.7,weak_tail,equal,feasible,3,341,0.11366666666666667,0.10279922771896328,0.12552222939613855
3,600,25,weak,0.7,weak_tail,equal,feasible,4,304,0.10133333333333333,0.09103955032769631,0.11264678505596357
3,600,25,weak,0.7,weak_tail,equal,feasible,5,350,0.11666666666666667,0.10566633994680576,0.12864744407594417
3,600,25,weak,0.7,weak_tail,equal,feasible,8,511,0.17033333333333334,0.1573048527397292,0.18420500151983574
3,600,25,weak,0.7,weak_tail,hj,oracle,1,493,0.16433333333333333,0.1515034197904832,0.1780217806537856
3,600,25,weak,0.7,weak_tail,hj,oracle,2,1688,0.5626666666666666,0.5448468405079683,0.5803262104517908
3,600,25,weak,0.7,weak_tail,hj,oracle,3,819,0.273,0.2573561008874148,0.28922449643388326
3,600,25,weak,0.7,weak_tail,hj,oracle,4,0,0.0,0.0,0.0012788487253259629
3,600,25,weak,0.7,weak_tail,hj,oracle,5,0,0.0,0.0,0.0012788487253259629
3,600,25,weak,0.7,weak_tail,hj,oracle,8,0,0.0,0.0,0.0012788487253259629
3,600,25,weak,0.7,weak_tail,hj,feasible,1,791,0.26366666666666666,0.24820897038465062,0.2797288321128535
3,600,25,weak,0.7,weak_tail,hj,feasible,2,975,0.325,0.30847275304018584,0.3419748440136783
3,600,25,weak,0.7,weak_tail,hj,feasible,3,475,0.15833333333333333,0.14570829524894569,0.17183225138002706
3,600,25,weak,0.7,weak_tail,hj,feasible,4,284,0.09466666666666666,0.08470302854287072,0.10566702482379352
3,600,25,weak,0.7,weak_tail,hj,feasible,5,262,0.08733333333333333,0.07775114040012965,0.09797100274783938
3,600,25,weak,0.7,weak_tail,hj,feasible,8,213,0.071,0.06234794277664777,0.08074930942968189
3,600,74,strong,0.0,full,equal,oracle,1,0,0.0,0.0,0.0012788487253259629
3,600,74,strong,0.0,full,equal,oracle,2,1,0.0003333333333333333,5.8843941871566355e-05,0.0018858188843041794
3,600,74,strong,0.0,full,equal,oracle,3,2999,0.9996666666666667,0.9981141811156959,0.9999411560581286
3,600,74,strong,0.0,full,equal,oracle,4,0,0.0,0.0,0.0012788487253259629
3,600,74,strong,0.0,full,equal,oracle,5,0,0.0,0.0,0.0012788487253259629
3,600,74,strong,0.0,full,equal,oracle,8,0,0.0,0.0,0.0012788487253259629
3,600,74,strong,0.0,full,equal,feasible,1,24,0.008,0.005381913474637302,0.011876473671083446
3,600,74,strong,0.0,full,equal,feasible,2,182,0.06066666666666667,0.052673250511886385,0.06978376456810004
3,600,74,strong,0.0,full,equal,feasible,3,1393,0.4643333333333333,0.44654394002175485,0.4822139511873184
3,600,74,strong,0.0,full,equal,feasible,4,564,0.188,0.17442104914071704,0.20237695246388637
3,600,74,strong,0.0,full,equal,feasible,5,462,0.154,0.14152701351611613,0.1673579498018094
3,600,74,strong,0.0,full,equal,feasible,8,375,0.125,0.11364301197128066,0.13731612457271383
3,600,74,strong,0.0,full,hj,oracle,1,0,0.0,0.0,0.0012788487253259629
3,600,74,strong,0.0,full,hj,oracle,2,1,0.0003333333333333333,5.8843941871566355e-05,0.0018858188843041794
3,600,74,strong,0.0,full,hj,oracle,3,2999,0.9996666666666667,0.9981141811156959,0.9999411560581286
3,600,74,strong,0.0,full,hj,oracle,4,0,0.0,0.0,0.0012788487253259629
3,600,74,strong,0.0,full,hj,oracle,5,0,0.0,0.0,0.0012788487253259629
3,600,74,strong,0.0,full,hj,oracle,8,0,0.0,0.0,0.0012788487253259629
3,600,74,strong,0.0,full,hj,feasible,1,31,0.010333333333333333,0.007289344567375226,0.014629741284294003
3,600,74,strong,0.0,full,hj,feasible,2,194,0.06466666666666666,0.05641084618405623,0.07403593810612755
3,600,74,strong,0.0,full,hj,feasible,3,1449,0.483,0.46515156788590395,0.5008919129707571
3,600,74,strong,0.0,full,hj,feasible,4,570,0.19,0.1763617722514591,0.20443111395824298
3,600,74,strong,0.0,full,hj,feasible,5,438,0.146,0.13381717039352256,0.15908825450400818
3,600,74,strong,0.0,full,hj,feasible,8,318,0.106,0.09548376195391767,0.11752397084163918
3,600,74,strong,0.0,weak_tail,equal,oracle,1,2,0.0006666666666666666,0.00018284308780954395,0.0024276338392159843
3,600,74,strong,0.0,weak_tail,equal,oracle,2,172,0.05733333333333333,0.049566525431781604,0.06623234863970698
3,600,74,strong,0.0,weak_tail,equal,oracle,3,2826,0.942,0.9330567605723941,0.9498127371544176
3,600,74,strong,0.0,weak_tail,equal,oracle,4,0,0.0,0.0,0.0012788487253259629
3,600,74,strong,0.0,weak_tail,equal,oracle,5,0,0.0,0.0,0.0012788487253259629
3,600,74,strong,0.0,weak_tail,equal,oracle,8,0,0.0,0.0,0.0012788487253259629
3,600,74,strong,0.0,weak_tail,equal,feasible,1,135,0.045,0.0381456739237067,0.05301807841633993
3,600,74,strong,0.0,weak_tail,equal,feasible,2,358,0.11933333333333333,0.10821692059145281,0.13142337623809533
3,600,74,strong,0.0,weak_tail,equal,feasible,3,1141,0.38033333333333336,0.3631248497999193,0.3978478879950087
3,600,74,strong,0.0,weak_tail,equal,feasible,4,531,0.177,0.1637579666024505,0.19106816967411006
3,600,74,strong,0.0,weak_tail,equal,feasible,5,463,0.15433333333333332,0.14184852575025464,0.16770225166852065
3,600,74,strong,0.0,weak_tail,equal,feasible,8,372,0.124,0.1126848784070766,0.13627681583436854
3,600,74,strong,0.0,weak_tail,hj,oracle,1,1,0.0003333333333333333,5.8843941871566355e-05,0.0018858188843041794
3,600,74,strong,0.0,weak_tail,hj,oracle,2,172,0.05733333333333333,0.049566525431781604,0.06623234863970698
3,600,74,strong,0.0,weak_tail,hj,oracle,3,2827,0.9423333333333334,0.9334121670762775,0.9501231447513842
3,600,74,strong,0.0,weak_tail,hj,oracle,4,0,0.0,0.0,0.0012788487253259629
3,600,74,strong,0.0,weak_tail,hj,oracle,5,0,0.0,0.0,0.0012788487253259629
3,600,74,strong,0.0,weak_tail,hj,oracle,8,0,0.0,0.0,0.0012788487253259629
3,600,74,strong,0.0,weak_tail,hj,feasible,1,89,0.029666666666666668,0.024170985762442646,0.03636531793851398
3,600,74,strong,0.0,weak_tail,hj,feasible,2,534,0.178,0.16472655635351086,0.19209702222559905
3,600,74,strong,0.0,weak_tail,hj,feasible,3,1221,0.407,0.38955005238236134,0.42468781348054924
3,600,74,strong,0.0,weak_tail,hj,feasible,4,484,0.16133333333333333,0.1486050514585751,0.17492782207804564
3,600,74,strong,0.0,weak_tail,hj,feasible,5,396,0.132,0.1203567048534542,0.14458452780838568
3,600,74,strong,0.0,weak_tail,hj,feasible,8,276,0.092,0.0821727533534877,0.10287078720637827
3,600,74,strong,0.7,full,equal,oracle,1,0,0.0,0.0,0.0012788487253259629
3,600,74,strong,0.7,full,equal,oracle,2,6,0.002,0.000916930269583324,0.004356803060841335
3,600,74,strong,0.7,full,equal,oracle,3,2994,0.998,0.9956431969391587,0.9990830697304166
3,600,74,strong,0.7,full,equal,oracle,4,0,0.0,0.0,0.0012788487253259629
3,600,74,strong,0.7,full,equal,oracle,5,0,0.0,0.0,0.0012788487253259629
3,600,74,strong,0.7,full,equal,oracle,8,0,0.0,0.0,0.0012788487253259629
3,600,74,strong,0.7,full,equal,feasible,1,11,0.0036666666666666666,0.0020486685952001804,0.006554135239473392
3,600,74,strong,0.7,full,equal,feasible,2,163,0.05433333333333333,0.046777164892545124,0.06302938227129541
3,600,74,strong,0.7,full,equal,feasible,3,1384,0.4613333333333333,0.4435557631744966,0.4792098011269286
3,600,74,strong,0.7,full,equal,feasible,4,446,0.14866666666666667,0.13638572065032373,0.16184621705400531
3,600,74,strong,0.7,full,equal,feasible,5,438,0.146,0.13381717039352256,0.15908825450400818
3,600,74,strong,0.7,full,equal,feasible,8,558,0.186,0.1724809241162921,0.2003221928832126
3,600,74,strong,0.7,full,hj,oracle,1,0,0.0,0.0,0.0012788487253259629
3,600,74,strong,0.7,full,hj,oracle,2,0,0.0,0.0,0.0012788487253259629
3,600,74,strong,0.7,full,hj,oracle,3,3000,1.0,0.9987211512746742,1.0000000000000002
3,600,74,strong,0.7,full,hj,oracle,4,0,0.0,0.0,0.0012788487253259629
3,600,74,strong,0.7,full,hj,oracle,5,0,0.0,0.0,0.0012788487253259629
3,600,74,strong,0.7,full,hj,oracle,8,0,0.0,0.0,0.0012788487253259629
3,600,74,strong,0.7,full,hj,feasible,1,0,0.0,0.0,0.0012788487253259629
3,600,74,strong,0.7,full,hj,feasible,2,59,0.019666666666666666,0.015277602104816938,0.0252842785706462
3,600,74,strong,0.7,full,hj,feasible,3,1577,0.5256666666666666,0.5077768895700459,0.5434907961953872
3,600,74,strong,0.7,full,hj,feasible,4,570,0.19,0.1763617722514591,0.20443111395824298
3,600,74,strong,0.7,full,hj,feasible,5,471,0.157,0.14442137515397485,0.17045591507159874
3,600,74,strong,0.7,full,hj,feasible,8,323,0.10766666666666666,0.09707261141658088,0.11926419188322487
3,600,74,strong,0.7,weak_tail,equal,oracle,1,1,0.0003333333333333333,5.8843941871566355e-05,0.0018858188843041794
3,600,74,strong,0.7,weak_tail,equal,oracle,2,173,0.057666666666666665,0.04987685524861582,0.06658783292372254
3,600,74,strong,0.7,weak_tail,equal,oracle,3,2826,0.942,0.9330567605723941,0.9498127371544176
3,600,74,strong,0.7,weak_tail,equal,oracle,4,0,0.0,0.0,0.0012788487253259629
3,600,74,strong,0.7,weak_tail,equal,oracle,5,0,0.0,0.0,0.0012788487253259629
3,600,74,strong,0.7,weak_tail,equal,oracle,8,0,0.0,0.0,0.0012788487253259629
3,600,74,strong,0.7,weak_tail,equal,feasible,1,132,0.044,0.037225603621850144,0.05194070641564714
3,600,74,strong,0.7,weak_tail,equal,feasible,2,390,0.13,0.11843732405857244,0.14250902399816878
3,600,74,strong,0.7,weak_tail,equal,feasible,3,1069,0.35633333333333334,0.33938958750393694,0.3736445350298067
3,600,74,strong,0.7,weak_tail,equal,feasible,4,445,0.14833333333333334,0.13606457424868373,0.16150154935479555
3,600,74,strong,0.7,weak_tail,equal,feasible,5,435,0.145,0.13285433341243352,0.15805364918254788
3,600,74,strong,0.7,weak_tail,equal,feasible,8,529,0.17633333333333334,0.16311232913403187,0.19038217894082912
3,600,74,strong,0.7,weak_tail,hj,oracle,1,1,0.0003333333333333333,5.8843941871566355e-05,0.0018858188843041794
3,600,74,strong,0.7,weak_tail,hj,oracle,2,109,0.036333333333333336,0.030208539096929325,0.043644046621022954
3,600,74,strong,0.7,weak_tail,hj,oracle,3,2890,0.9633333333333334,0.9559937359506702,0.9694878642305279
3,600,74,strong,0.7,weak_tail,hj,oracle,4,0,0.0,0.0,0.0012788487253259629
3,600,74,strong,0.7,weak_tail,hj,oracle,5,0,0.0,0.0,0.0012788487253259629
3,600,74,strong,0.7,weak_tail,hj,oracle,8,0,0.0,0.0,0.0012788487253259629
3,600,74,strong,0.7,weak_tail,hj,feasible,1,34,0.011333333333333334,0.008121612371847138,0.015794915782371438
3,600,74,strong,0.7,weak_tail,hj,feasible,2,489,0.163,0.15021505936457397,0.17664688467629575
3,600,74,strong,0.7,weak_tail,hj,feasible,3,1279,0.42633333333333334,0.4087419254197541,0.44411315829244397
3,600,74,strong,0.7,weak_tail,hj,feasible,4,534,0.178,0.16472655635351086,0.19209702222559905
3,600,74,strong,0.7,weak_tail,hj,feasible,5,395,0.13166666666666665,0.12003674376603819,0.14423867479495187
3,600,74,strong,0.7,weak_tail,hj,feasible,8,269,0.08966666666666667,0.07996090854689362,0.10042193330702388
3,600,74,weak,0.0,full,equal,oracle,1,448,0.14933333333333335,0.1370280793696852,0.16253548653634342
3,600,74,weak,0.0,full,equal,oracle,2,656,0.21866666666666668,0.2042405528609618,0.23381234602182163
3,600,74,weak,0.0,full,equal,oracle,3,1896,0.632,0.6145842207184117,0.6490781632181023
3,600,74,weak,0.0,full,equal,oracle,4,0,0.0,0.0,0.0012788487253259629
3,600,74,weak,0.0,full,equal,oracle,5,0,0.0,0.0,0.0012788487253259629
3,600,74,weak,0.0,full,equal,oracle,8,0,0.0,0.0,0.0012788487253259629
3,600,74,weak,0.0,full,equal,feasible,1,716,0.23866666666666667,0.2237534215632767,0.25424832337049363
3,600,74,weak,0.0,full,equal,feasible,2,592,0.19733333333333333,0.18348275924988117,0.21195803717851613
3,600,74,weak,0.0,full,equal,feasible,3,701,0.23366666666666666,0.2188707200531464,0.24914381336787722
3,600,74,weak,0.0,full,equal,feasible,4,344,0.11466666666666667,0.10375465754882172,0.1265642418688295
3,600,74,weak,0.0,full,equal,feasible,5,337,0.11233333333333333,0.10152575495684299,0.12413244575485971
3,600,74,weak,0.0,full,equal,feasible,8,310,0.10333333333333333,0.09294337324704591,0.11473784674171267
3,600,74,weak,0.0,full,hj,oracle,1,486,0.162,0.1492489952633077,0.17561550647501267
3,600,74,weak,0.0,full,hj,oracle,2,656,0.21866666666666668,0.2042405528609618,0.23381234602182163
3,600,74,weak,0.0,full,hj,oracle,3,1858,0.6193333333333333,0.6018162748325605,0.6365451732716617
3,600,74,weak,0.0,full,hj,oracle,4,0,0.0,0.0,0.0012788487253259629
3,600,74,weak,0.0,full,hj,oracle,5,0,0.0,0.0,0.0012788487253259629
3,600,74,weak,0.0,full,hj,oracle,8,0,0.0,0.0,0.0012788487253259629
3,600,74,weak,0.0,full,hj,feasible,1,789,0.263,0.24755594807129913,0.2790502262245053
3,600,74,weak,0.0,full,hj,feasible,2,630,0.21,0.19580039787368875,0.2249413343870003
3,600,74,weak,0.0,full,hj,feasible,3,719,0.23966666666666667,0.2247303094617957,0.255268877774524
3,600,74,weak,0.0,full,hj,feasible,4,331,0.11033333333333334,0.09961649080933166,0.12204682529727237
3,600,74,weak,0.0,full,hj,feasible,5,305,0.10166666666666667,0.09135676509962935,0.11299538438488031
3,600,74,weak,0.0,full,hj,feasible,8,226,0.07533333333333334,0.0664224625339994,0.08533037298337744
3,600,74,weak,0.0,weak_tail,equal,oracle,1,726,0.242,0.22701015977609199,0.25764972616617615
3,600,74,weak,0.0,weak_tail,equal,oracle,2,1163,0.38766666666666666,0.37038633735373516,0.405234310659888
3,600,74,weak,0.0,weak_tail,equal,oracle,3,1111,0.37033333333333335,0.35322959378422664,0.3877687209852079
3,600,74,weak,0.0,weak_tail,equal,oracle,4,0,0.0,0.0,0.0012788487253259629
3,600,74,weak,0.0,weak_tail,equal,oracle,5,0,0.0,0.0,0.0012788487253259629
3,600,74,weak,0.0,weak_tail,equal,oracle,8,0,0.0,0.0,0.0012788487253259629
3,600,74,weak,0.0,weak_tail,equal,feasible,1,890,0.2966666666666667,0.28058942565572803,0.3132639728259045
3,600,74,weak,0.0,weak_tail,equal,feasible,2,583,0.19433333333333333,0.18056868994365366,0.20887977957709558
3,600,74,weak,0.0,weak_tail,equal,feasible,3,407,0.13566666666666666,0.12387794363589708,0.1483872441352904
3,600,74,weak,0.0,weak_tail,equal,feasible,4,445,0.14833333333333334,0.13606457424868373,0.16150154935479555
3,600,74,weak,0.0,weak_tail,equal,feasible,5,365,0.12166666666666667,0.11045020543707107,0.13385079009842557
3,600,74,weak,0.0,weak_tail,equal,feasible,8,310,0.10333333333333333,0.09294337324704591,0.11473784674171267
3,600,74,weak,0.0,weak_tail,hj,oracle,1,664,0.22133333333333333,0.206839451879322,0.23653995981025966
3,600,74,weak,0.0,weak_tail,hj,oracle,2,1163,0.38766666666666666,0.37038633735373516,0.405234310659888
3,600,74,weak,0.0,weak_tail,hj,oracle,3,1173,0.391,0.3736883885098122,0.40859040051230894
3,600,74,weak,0.0,weak_tail,hj,oracle,4,0,0.0,0.0,0.0012788487253259629
3,600,74,weak,0.0,weak_tail,hj,oracle,5,0,0.0,0.0,0.0012788487253259629
3,600,74,weak,0.0,weak_tail,hj,oracle,8,0,0.0,0.0,0.0012788487253259629
3,600,74,weak,0.0,weak_tail,hj,feasible,1,864,0.288,0.27207515630806667,0.30446707555147146
3,600,74,weak,0.0,weak_tail,hj,feasible,2,814,0.2713333333333333,0.2557220315774947,0.28752949523955434
3,600,74,weak,0.0,weak_tail,hj,feasible,3,525,0.175,0.16182126930243879,0.18900998236902306
3,600,74,weak,0.0,weak_tail,hj,feasible,4,351,0.117,0.10598505900462818,0.12899453911897152
3,600,74,weak,0.0,weak_tail,hj,feasible,5,253,0.08433333333333333,0.0749131829751923,0.09481663326512867
3,600,74,weak,0.0,weak_tail,hj,feasible,8,193,0.06433333333333334,0.05609900349433693,0.07368196669499709
3,600,74,weak,0.7,full,equal,oracle,1,519,0.173,0.1598852221629369,0.18695114490342626
3,600,74,weak,0.7,full,equal,oracle,2,529,0.17633333333333334,0.16311232913403187,0.19038217894082912
3,600,74,weak,0.7,full,equal,oracle,3,1952,0.6506666666666666,0.6334235066690905,0.6675244669150111
3,600,74,weak,0.7,full,equal,oracle,4,0,0.0,0.0,0.0012788487253259629
3,600,74,weak,0.7,full,equal,oracle,5,0,0.0,0.0,0.0012788487253259629
3,600,74,weak,0.7,full,equal,oracle,8,0,0.0,0.0,0.0012788487253259629
3,600,74,weak,0.7,full,equal,feasible,1,585,0.195,0.18121614972329536,0.20956394799915345
3,600,74,weak,0.7,full,equal,feasible,2,637,0.21233333333333335,0.19807179010857176,0.22733064085806579
3,600,74,weak,0.7,full,equal,feasible,3,599,0.19966666666666666,0.18575013910630944,0.21435135602803634
3,600,74,weak,0.7,full,equal,feasible,4,332,0.11066666666666666,0.09993462182590945,0.12239450838154434
3,600,74,weak,0.7,full,equal,feasible,5,337,0.11233333333333333,0.10152575495684299,0.12413244575485971
3,600,74,weak,0.7,full,equal,feasible,8,510,0.17,0.15698239002154446,0.1838616501371707
3,600,74,weak,0.7,full,hj,oracle,1,22,0.007333333333333333,0.004847868521937734,0.011078890422083449
3,600,74,weak,0.7,full,hj,oracle,2,443,0.14766666666666667,0.13542234766681088,0.16081214773496882
3,600,74,weak,0.7,full,hj,oracle,3,2535,0.845,0.8316092075545916,0.8575083868249336
3,600,74,weak,0.7,full,hj,oracle,4,0,0.0,0.0,0.0012788487253259629
3,600,74,weak,0.7,full,hj,oracle,5,0,0.0,0.0,0.0012788487253259629
3,600,74,weak,0.7,full,hj,oracle,8,0,0.0,0.0,0.0012788487253259629
3,600,74,weak,0.7,full,hj,feasible,1,269,0.08966666666666667,0.07996090854689362,0.10042193330702388
3,600,74,weak,0.7,full,hj,feasible,2,711,0.237,0.22212553130016657,0.25254714312935483
3,600,74,weak,0.7,full,hj,feasible,3,953,0.31766666666666665,0.30124899783911646,0.3345506889960524
3,600,74,weak,0.7,full,hj,feasible,4,472,0.15733333333333333,0.1447430744559212,0.17080002987050216
3,600,74,weak,0.7,full,hj,feasible,5,337,0.11233333333333333,0.10152575495684299,0.12413244575485971
3,600,74,weak,0.7,full,hj,feasible,8,258,0.086,0.07648937686404016,0.09656950988052972
3,600,74,weak,0.7,weak_tail,equal,oracle,1,693,0.231,0.21626781211892285,0.24642020849530252
3,600,74,weak,0.7,weak_tail,equal,oracle,2,1174,0.3913333333333333,0.37401864064538914,0.4089259624775816
3,600,74,weak,0.7,weak_tail,equal,oracle,3,1133,0.37766666666666665,0.3604853468630302,0.39516087812509954
3,600,74,weak,0.7,weak_tail,equal,oracle,4,0,0.0,0.0,0.0012788487253259629
3,600,74,weak,0.7,weak_tail,equal,oracle,5,0,0.0,0.0,0.0012788487253259629
3,600,74,weak,0.7,weak_tail,equal,oracle,8,0,0.0,0.0,0.0012788487253259629
3,600,74,weak,0.7,weak_tail,equal,feasible,1,843,0.281,0.26520350867341824,0.2973566270682746
3,600,74,weak,0.7,weak_tail,equal,feasible,2,560,0.18666666666666668,0.17312756554990968,0.20100717965129458
3,600,74,weak,0.7,weak_tail,equal,feasible,3,352,0.11733333333333333,0.10630380785794563,0.12934160436650383
3,600,74,weak,0.7,weak_tail,equal,feasible,4,345,0.115,0.10407319548539026,0.12691151803311074
3,600,74,weak,0.7,weak_tail,equal,feasible,5,387,0.129,0.11747798383568694,0.14147092191850494
3,600,74,weak,0.7,weak_tail,equal,feasible,8,513,0.171,0.1579498340734792,0.1848916483877853
3,600,74,weak,0.7,weak_tail,hj,oracle,1,308,0.10266666666666667,0.09230862374464574,0.11404096804241329
3,600,74,weak,0.7,weak_tail,hj,oracle,2,1292,0.43066666666666664,0.41304735578337987,0.4484633112398653
3,600,74,weak,0.7,weak_tail,hj,oracle,3,1400,0.4666666666666667,0.44886852548210615,0.48455006443291554
3,600,74,weak,0.7,weak_tail,hj,oracle,4,0,0.0,0.0,0.0012788487253259629
3,600,74,weak,0.7,weak_tail,hj,oracle,5,0,0.0,0.0,0.0012788487253259629
3,600,74,weak,0.7,weak_tail,hj,oracle,8,0,0.0,0.0,0.0012788487253259629
3,600,74,weak,0.7,weak_tail,hj,feasible,1,662,0.22066666666666668,0.20618964354923927,0.23585813993864282
3,600,74,weak,0.7,weak_tail,hj,feasible,2,928,0.30933333333333335,0.2930459647235896,0.3261083695903347
3,600,74,weak,0.7,weak_tail,hj,feasible,3,575,0.19166666666666668,0.17797949316558398,0.20614246354836707
3,600,74,weak,0.7,weak_tail,hj,feasible,4,320,0.10666666666666667,0.09611920100638773,0.1182201599908687
3,600,74,weak,0.7,weak_tail,hj,feasible,5,266,0.08866666666666667,0.07901360649644529,0.09937179305492286
3,600,74,weak,0.7,weak_tail,hj,feasible,8,249,0.083,0.07365305508272373,0.09341350475419812
5,72,25,strong,0.0,full,equal,oracle,1,329,0.10966666666666666,0.0989803253945503,0.12135136251035415
5,72,25,strong,0.0,full,equal,oracle,2,407,0.13566666666666666,0.12387794363589708,0.1483872441352904
5,72,25,strong,0.0,full,equal,oracle,3,482,0.16066666666666668,0.1479611872582543,0.17424005807666693
5,72,25,strong,0.0,full,equal,oracle,4,534,0.178,0.16472655635351086,0.19209702222559905
5,72,25,strong,0.0,full,equal,oracle,5,1248,0.416,0.3984807343103234,0.4337341122755314
5,72,25,strong,0.0,full,equal,oracle,8,0,0.0,0.0,0.0012788487253259629
5,72,25,strong,0.0,full,equal,feasible,1,558,0.186,0.1724809241162921,0.2003221928832126
5,72,25,strong,0.0,full,equal,feasible,2,440,0.14666666666666667,0.13445917427378748,0.15977787882544284
5,72,25,strong,0.0,full,equal,feasible,3,428,0.14266666666666666,0.1306085107645784,0.1556387731244545
5,72,25,strong,0.0,full,equal,feasible,4,472,0.15733333333333333,0.1447430744559212,0.17080002987050216
5,72,25,strong,0.0,full,equal,feasible,5,739,0.24633333333333332,0.23124580344362103,0.2620696658096943
5,72,25,strong,0.0,full,equal,feasible,8,363,0.121,0.10981198090216138,0.1331573864316357
5,72,25,strong,0.0,full,hj,oracle,1,383,0.12766666666666668,0.11619923186598276,0.14008641748481
5,72,25,strong,0.0,full,hj,oracle,2,441,0.147,0.13478020979124428,0.16012265740883586
5,72,25,strong,0.0,full,hj,oracle,3,487,0.16233333333333333,0.1495709968935688,0.17595931894560135
5,72,25,strong,0.0,full,hj,oracle,4,515,0.17166666666666666,0.1585948896494907,0.18557822101347332
5,72,25,strong,0.0,full,hj,oracle,5,1174,0.3913333333333333,0.37401864064538914,0.4089259624775816
5,72,25,strong,0.0,full,hj,oracle,8,0,0.0,0.0,0.0012788487253259629
5,72,25,strong,0.0,full,hj,feasible,1,627,0.209,0.19482716356596347,0.2239171263921762
5,72,25,strong,0.0,full,hj,feasible,2,482,0.16066666666666668,0.1479611872582543,0.17424005807666693
5,72,25,strong,0.0,full,hj,feasible,3,438,0.146,0.13381717039352256,0.15908825450400818
5,72,25,strong,0.0,full,hj,feasible,4,456,0.152,0.13959838433152963,0.16529169438129723
5,72,25,strong,0.0,full,hj,feasible,5,684,0.228,0.2133405541370684,0.2433551395695089
5,72,25,strong,0.0,full,hj,feasible,8,313,0.10433333333333333,0.0938957600933863,0.11578290219792164
5,72,25,strong,0.0,weak_tail,equal,oracle,1,453,0.151,0.13863435786808256,0.16425827854219496
5,72,25,strong,0.0,weak_tail,equal,oracle,2,669,0.223,0.20846421476246246,0.23824426743136812
5,72,25,strong,0.0,weak_tail,equal,oracle,3,1243,0.41433333333333333,0.39682644694281555,0.4320593291387903
5,72,25,strong,0.0,weak_tail,equal,oracle,4,382,0.12733333333333333,0.11587961022876217,0.13974022502118075
5,72,25,strong,0.0,weak_tail,equal,oracle,5,253,0.08433333333333333,0.0749131829751923,0.09481663326512867
5,72,25,strong,0.0,weak_tail,equal,oracle,8,0,0.0,0.0,0.0012788487253259629
5,72,25,strong,0.0,weak_tail,equal,feasible,1,711,0.237,0.22212553130016657,0.25254714312935483
5,72,25,strong,0.0,weak_tail,equal,feasible,2,629,0.20966666666666667,0.1954759717359299,0.22459994642390935
5,72,25,strong,0.0,weak_tail,equal,feasible,3,640,0.21333333333333335,0.1990454617906847,0.2283544114785022
5,72,25,strong,0.0,weak_tail,equal,feasible,4,268,0.08933333333333333,0.07964509853884702,0.1000719292142207
5,72,25,strong,0.0,weak_tail,equal,feasible,5,284,0.09466666666666666,0.08470302854287072,0.10566702482379352
5,72,25,strong,0.0,weak_tail,equal,feasible,8,468,0.156,0.14345640087787917,0.1694234470451451
5,72,25,strong,0.0,weak_tail,hj,oracle,1,471,0.157,0.14442137515397485,0.17045591507159874
5,72,25,strong,0.0,weak_tail,hj,oracle,2,640,0.21333333333333335,0.1990454617906847,0.2283544114785022
5,72,25,strong,0.0,weak_tail,hj,oracle,3,1222,0.4073333333333333,0.38988070999378427,0.42502296996997607
5,72,25,strong,0.0,weak_tail,hj,oracle,4,396,0.132,0.1203567048534542,0.14458452780838568
5,72,25,strong,0.0,weak_tail,hj,oracle,5,271,0.09033333333333333,0.08059265547089096,0.10112181458472609
5,72,25,strong,0.0,weak_tail,hj,oracle,8,0,0.0,0.0,0.0012788487253259629
5,72,25,strong,0.0,weak_tail,hj,feasible,1,717,0.239,0.22407903808784832,0.2545885209467718
5,72,25,strong,0.0,weak_tail,hj,feasible,2,598,0.19933333333333333,0.18542618092246332,0.2140095001110327
5,72,25,strong,0.0,weak_tail,hj,feasible,3,708,0.236,0.22114895169898394,0.25152628042798814
5,72,25,strong,0.0,weak_tail,hj,feasible,4,370,0.12333333333333334,0.1120462607535609,0.13558380528618466
5,72,25,strong,0.0,weak_tail,hj,feasible,5,353,0.11766666666666667,0.10662258639702532,0.12968863992827392
5,72,25,strong,0.0,weak_tail,hj,feasible,8,254,0.08466666666666667,0.07522833065847884,0.09516729968269191
5,72,25,strong,0.7,full,equal,oracle,1,407,0.13566666666666666,0.12387794363589708,0.1483872441352904
5,72,25,strong,0.7,full,equal,oracle,2,300,0.1,0.08977105263294838,0.1112520263473124
5,72,25,strong,0.7,full,equal,oracle,3,349,0.11633333333333333,0.10534765079498533,0.12830031912691475
5,72,25,strong,0.7,full,equal,oracle,4,478,0.15933333333333333,0.14667369927346297,0.1728642896580591
5,72,25,strong,0.7,full,equal,oracle,5,1466,0.4886666666666667,0.4708052510672111,0.5065570695038963
5,72,25,strong,0.7,full,equal,oracle,8,0,0.0,0.0,0.0012788487253259629
5,72,25,strong,0.7,full,equal,feasible,1,461,0.15366666666666667,0.14120552234157943,0.16701362687549634
5,72,25,strong,0.7,full,equal,feasible,2,336,0.112,0.10120746500581854,0.1237849216050344
5,72,25,strong,0.7,full,equal,feasible,3,360,0.12,0.10885485831348496,0.13211706671776274
5,72,25,strong,0.7,full,equal,feasible,4,534,0.178,0.16472655635351086,0.19209702222559905
5,72,25,strong,0.7,full,equal,feasible,5,734,0.24466666666666667,0.22961645979168055,0.2603699389573859
5,72,25,strong,0.7,full,equal,feasible,8,575,0.19166666666666668,0.17797949316558398,0.20614246354836707
5,72,25,strong,0.7,full,hj,oracle,1,3,0.001,0.00034014721903916404,0.002936143808836147
5,72,25,strong,0.7,full,hj,oracle,2,20,0.006666666666666667,0.004319839120639022,0.010275291621682595
5,72,25,strong,0.7,full,hj,oracle,3,87,0.029,0.023571258905749824,0.035633416593507244
5,72,25,strong,0.7,full,hj,oracle,4,689,0.22966666666666666,0.21496667529067842,0.2450580889201478
5,72,25,strong,0.7,full,hj,oracle,5,2201,0.7336666666666667,0.7175572068511996,0.7491784778444982
5,72,25,strong,0.7,full,hj,oracle,8,0,0.0,0.0,0.0012788487253259629
5,72,25,strong,0.7,full,hj,feasible,1,100,0.03333333333333333,0.027483152333113072,0.04037710647719116
5,72,25,strong,0.7,full,hj,feasible,2,203,0.06766666666666667,0.05922035827579508,0.07721875292203675
5,72,25,strong,0.7,full,hj,feasible,3,353,0.11766666666666667,0.10662258639702532,0.12968863992827392
5,72,25,strong,0.7,full,hj,feasible,4,775,0.25833333333333336,0.24298609965836757,0.2742986772255401
5,72,25,strong,0.7,full,hj,feasible,5,1130,0.37666666666666665,0.3594956767814122,0.39415310590416813
5,72,25,strong,0.7,full,hj,feasible,8,439,0.14633333333333334,0.1341381611201624,0.15943307787821814
5,72,25,strong,0.7,weak_tail,equal,oracle,1,527,0.17566666666666667,0.16246676326072335,0.18969611661243807
5,72,25,strong,0.7,weak_tail,equal,oracle,2,488,0.16266666666666665,0.14989301827692775,0.17630311166309215
5,72,25,strong,0.7,weak_tail,equal,oracle,3,1298,0.43266666666666664,0.4150349435487747,0.4504706080795692
5,72,25,strong,0.7,weak_tail,equal,oracle,4,429,0.143,0.13092927366779203,0.15598382432209065
5,72,25,strong,0.7,weak_tail,equal,oracle,5,258,0.086,0.07648937686404016,0.09656950988052972
5,72,25,strong,0.7,weak_tail,equal,oracle,8,0,0.0,0.0,0.0012788487253259629
5,72,25,strong,0.7,weak_tail,equal,feasible,1,610,0.20333333333333334,0.1893146967081466,0.21811075353554682
5,72,25,strong,0.7,weak_tail,equal,feasible,2,670,0.22333333333333333,0.20878920865741274,0.2385850876372676
5,72,25,strong,0.7,weak_tail,equal,feasible,3,556,0.18533333333333332,0.17183434995932456,0.19963713883848055
5,72,25,strong,0.7,weak_tail,equal,feasible,4,280,0.09333333333333334,0.08343756972048183,0.10426922724278329
5,72,25,strong,0.7,weak_tail,equal,feasible,5,320,0.10666666666666667,0.09611920100638773,0.1182201599908687
5,72,25,strong,0.7,weak_tail,equal,feasible,8,564,0.188,0.17442104914071704,0.20237695246388637
5,72,25,strong,0.7,weak_tail,hj,oracle,1,48,0.016,0.012089359129497938,0.0211485664366176
5,72,25,strong,0.7,weak_tail,hj,oracle,2,623,0.20766666666666667,0.19352972437282745,0.22255130918191313
5,72,25,strong,0.7,weak_tail,hj,oracle,3,1437,0.479,0.46116211596285706,0.49689159568360663
5,72,25,strong,0.7,weak_tail,hj,oracle,4,558,0.186,0.1724809241162921,0.2003221928832126
5,72,25,strong,0.7,weak_tail,hj,oracle,5,334,0.11133333333333334,0.10057097984346397,0.12308977856568942
5,72,25,strong,0.7,weak_tail,hj,oracle,8,0,0.0,0.0,0.0012788487253259629
5,72,25,strong,0.7,weak_tail,hj,feasible,1,315,0.105,0.09453085799481524,0.11647943249819225
5,72,25,strong,0.7,weak_tail,hj,feasible,2,739,0.24633333333333332,0.23124580344362103,0.2620696658096943
5,72,25,strong,0.7,weak_tail,hj,feasible,3,803,0.26766666666666666,0.25212807399782355,0.2837994977098779
5,72,25,strong,0.7,weak_tail,hj,feasible,4,442,0.14733333333333334,0.13510126760973423,0.16046741369119571
5,72,25,strong,0.7,weak_tail,hj,feasible,5,444,0.148,0.13574344990037743,0.16115685960225204
5,72,25,strong,0.7,weak_tail,hj,feasible,8,257,0.08566666666666667,0.07617404747354878,0.09621902517017134
5,72,25,weak,0.0,full,equal,oracle,1,2003,0.6676666666666666,0.650605673420325,0.6842988193071157
5,72,25,weak,0.0,full,equal,oracle,2,633,0.211,0.19677376419067036,0.22596541037256804
5,72,25,weak,0.0,full,equal,oracle,3,244,0.08133333333333333,0.072078955672542,0.09165853366013091
5,72,25,weak,0.0,full,equal,oracle,4,90,0.03,0.02447115109496187,0.03673096670684454
5,72,25,weak,0.0,full,equal,oracle,5,30,0.01,0.007013704253986818,0.014239567496832629
5,72,25,weak,0.0,full,equal,oracle,8,0,0.0,0.0,0.0012788487253259629
5,72,25,weak,0.0,full,equal,feasible,1,1214,0.4046666666666667,0.3872356835482324,0.42234148360872975
5,72,25,weak,0.0,full,equal,feasible,2,512,0.17066666666666666,0.1576273341048057,0.184548334255609
5,72,25,weak,0.0,full,equal,feasible,3,354,0.118,0.10694139451290101,0.130035645913248
5,72,25,weak,0.0,full,equal,feasible,4,299,0.09966666666666667,0.08945401935526073,0.11090324552415023
5,72,25,weak,0.0,full,equal,feasible,5,329,0.10966666666666666,0.0989803253945503,0.12135136251035415
5,72,25,weak,0.0,full,equal,feasible,8,292,0.09733333333333333,0.08723582560137695,0.10846074057208553
5,72,25,weak,0.0,full,hj,oracle,1,2018,0.6726666666666666,0.6556639085888096,0.6892277956513777
5,72,25,weak,0.0,full,hj,oracle,2,639,0.213,0.1987208901136196,0.22801316905471747
5,72,25,weak,0.0,full,hj,oracle,3,235,0.07833333333333334,0.06924864678390356,0.08849651564112133
5,72,25,weak,0.0,full,hj,oracle,4,82,0.027333333333333334,0.022075623775343264,0.03379998121966488
5,72,25,weak,0.0,full,hj,oracle,5,26,0.008666666666666666,0.005921269051362266,0.012668746296058048
5,72,25,weak,0.0,full,hj,oracle,8,0,0.0,0.0,0.0012788487253259629
5,72,25,weak,0.0,full,hj,feasible,1,1326,0.442,0.42431422852213024,0.45983411793000756
5,72,25,weak,0.0,full,hj,feasible,2,548,0.18266666666666667,0.16924873173083738,0.1968962442601695
5,72,25,weak,0.0,full,hj,feasible,3,352,0.11733333333333333,0.10630380785794563,0.12934160436650383
5,72,25,weak,0.0,full,hj,feasible,4,285,0.095,0.08501949220596522,0.1060163752615488
5,72,25,weak,0.0,full,hj,feasible,5,282,0.094,0.08407021959035776,0.1049682055746069
5,72,25,weak,0.0,full,hj,feasible,8,207,0.069,0.06047066801965484,0.07863169958157615
5,72,25,weak,0.0,weak_tail,equal,oracle,1,2001,0.667,0.6499314039208827,0.6836414606048585
5,72,25,weak,0.0,weak_tail,equal,oracle,2,706,0.23533333333333334,0.22049796334297023,0.2508456405823023
5,72,25,weak,0.0,weak_tail,equal,oracle,3,251,0.08366666666666667,0.07428302596119422,0.09411516207742719
5,72,25,weak,0.0,weak_tail,equal,oracle,4,39,0.013,0.009524410987561932,0.017721187670905556
5,72,25,weak,0.0,weak_tail,equal,oracle,5,3,0.001,0.00034014721903916404,0.002936143808836147
5,72,25,weak,0.0,weak_tail,equal,oracle,8,0,0.0,0.0,0.0012788487253259629
5,72,25,weak,0.0,weak_tail,equal,feasible,1,1313,0.43766666666666665,0.42000519671376957,0.455487566427321
5,72,25,weak,0.0,weak_tail,equal,feasible,2,617,0.20566666666666666,0.19158401159706884,0.220502137352573
5,72,25,weak,0.0,weak_tail,equal,feasible,3,341,0.11366666666666667,0.10279922771896328,0.12552222939613855
5,72,25,weak,0.0,weak_tail,equal,feasible,4,170,0.056666666666666664,0.04894610168340463,0.06552114418638438
5,72,25,weak,0.0,weak_tail,equal,feasible,5,144,0.048,0.04091172361423537,0.05624435563345931
5,72,25,weak,0.0,weak_tail,equal,feasible,8,415,0.13833333333333334,0.12644072432299977,0.151150976254986
5,72,25,weak,0.0,weak_tail,hj,oracle,1,2008,0.6693333333333333,0.6522915133619224,0.6859420498697671
5,72,25,weak,0.0,weak_tail,hj,oracle,2,705,0.235,0.2201724886352782,0.2505053011891445
5,72,25,weak,0.0,weak_tail,hj,oracle,3,244,0.08133333333333333,0.072078955672542,0.09165853366013091
5,72,25,weak,0.0,weak_tail,hj,oracle,4,39,0.013,0.009524410987561932,0.017721187670905556
5,72,25,weak,0.0,weak_tail,hj,oracle,5,4,0.0013333333333333333,0.0005186256496617009,0.0034234794790633924
5,72,25,weak,0.0,weak_tail,hj,oracle,8,0,0.0,0.0,0.0012788487253259629
5,72,25,weak,0.0,weak_tail,hj,feasible,1,1350,0.45,0.43227295741144733,0.46785492746108526
5,72,25,weak,0.0,weak_tail,hj,feasible,2,590,0.19666666666666666,0.1828350774722357,0.21127409075446202
5,72,25,weak,0.0,weak_tail,hj,feasible,3,375,0.125,0.11364301197128066,0.13731612457271383
5,72,25,weak,0.0,weak_tail,hj,feasible,4,261,0.087,0.07743563308366241,0.09762069596345682
5,72,25,weak,0.0,weak_tail,hj,feasible,5,228,0.076,0.06705013576453428,0.08603432795454213
5,72,25,weak,0.0,weak_tail,hj,feasible,8,196,0.06533333333333333,0.0570347299761277,0.07474368251575565
5,72,25,weak,0.7,full,equal,oracle,1,1965,0.655,0.6378009804519102,0.6718025764432387
5,72,25,weak,0.7,full,equal,oracle,2,560,0.18666666666666668,0.17312756554990968,0.20100717965129458
5,72,25,weak,0.7,full,equal,oracle,3,255,0.085,0.07554352413105025,0.09551792031097028
5,72,25,weak,0.7,full,equal,oracle,4,135,0.045,0.0381456739237067,0.05301807841633993
5,72,25,weak,0.7,full,equal,oracle,5,85,0.028333333333333332,0.022972359462877675,0.03490068783467981
5,72,25,weak,0.7,full,equal,oracle,8,0,0.0,0.0,0.0012788487253259629
5,72,25,weak,0.7,full,equal,feasible,1,1193,0.39766666666666667,0.3802950482094007,0.41530002282971606
5,72,25,weak,0.7,full,equal,feasible,2,410,0.13666666666666666,0.12483880356580958,0.14942382650792727
5,72,25,weak,0.7,full,equal,feasible,3,306,0.102,0.09167401569627516,0.11334394788908429
5,72,25,weak,0.7,full,equal,feasible,4,277,0.09233333333333334,0.08248889653771861,0.10322045812299714
5,72,25,weak,0.7,full,equal,feasible,5,361,0.12033333333333333,0.10917387047872315,0.13246386865337437
5,72,25,weak,0.7,full,equal,feasible,8,453,0.151,0.13863435786808256,0.16425827854219496
5,72,25,weak,0.7,full,hj,oracle,1,1168,0.3893333333333333,0.3720372559693283,0.4069124625485438
5,72,25,weak,0.7,full,hj,oracle,2,738,0.246,0.23091990985744434,0.26172974529502124
5,72,25,weak,0.7,full,hj,oracle,3,462,0.154,0.14152701351611613,0.1673579498018094
5,72,25,weak,0.7,full,hj,oracle,4,422,0.14066666666666666,0.12868442179088896,0.1535679774930453
5,72,25,weak,0.7,full,hj,oracle,5,210,0.07,0.061409038063304944,0.07969077184047538
5,72,25,weak,0.7,full,hj,oracle,8,0,0.0,0.0,0.0012788487253259629
5,72,25,weak,0.7,full,hj,feasible,1,1063,0.35433333333333333,0.33741373469154323,0.37162550323710175
5,72,25,weak,0.7,full,hj,feasible,2,554,0.18466666666666667,0.17118784335873422,0.19895201723737138
5,72,25,weak,0.7,full,hj,feasible,3,424,0.14133333333333334,0.12932569128931212,0.1542583361963217
5,72,25,weak,0.7,full,hj,feasible,4,371,0.12366666666666666,0.11236555571111981,0.1359303244294755
5,72,25,weak,0.7,full,hj,feasible,5,359,0.11966666666666667,0.10853587498312671,0.13177023594727122
5,72,25,weak,0.7,full,hj,feasible,8,229,0.07633333333333334,0.06736405211705591,0.08638622570287029
5,72,25,weak,0.7,weak_tail,equal,oracle,1,2037,0.679,0.6620741105763901,0.6954680615799433
5,72,25,weak,0.7,weak_tail,equal,oracle,2,590,0.19666666666666666,0.1828350774722357,0.21127409075446202
5,72,25,weak,0.7,weak_tail,equal,oracle,3,318,0.106,0.09548376195391767,0.11752397084163918
5,72,25,weak,0.7,weak_tail,equal,oracle,4,44,0.014666666666666666,0.010943766686006835,0.019630902476709566
5,72,25,weak,0.7,weak_tail,equal,oracle,5,11,0.0036666666666666666,0.0020486685952001804,0.006554135239473392
5,72,25,weak,0.7,weak_tail,equal,oracle,8,0,0.0,0.0,0.0012788487253259629
5,72,25,weak,0.7,weak_tail,equal,feasible,1,1361,0.45366666666666666,0.4359222605844231,0.47152957939745704
5,72,25,weak,0.7,weak_tail,equal,feasible,2,509,0.16966666666666666,0.15665994599375843,0.18351828006410692
5,72,25,weak,0.7,weak_tail,equal,feasible,3,289,0.09633333333333334,0.08628573714307874,0.10741338672783443
5,72,25,weak,0.7,weak_tail,equal,feasible,4,157,0.052333333333333336,0.04492136585872146,0.0608902967000204
5,72,25,weak,0.7,weak_tail,equal,feasible,5,181,0.060333333333333336,0.05236224245603363,0.069428958523103
5,72,25,weak,0.7,weak_tail,equal,feasible,8,503,0.16766666666666666,0.15472567678891538,0.18145766466385124
5,72,25,weak,0.7,weak_tail,hj,oracle,1,1308,0.436,0.4183482421790364,0.4538154504578053
5,72,25,weak,0.7,weak_tail,hj,oracle,2,1164,0.388,0.37071650393890593,0.4055699581755671
5,72,25,weak,0.7,weak_tail,hj,oracle,3,447,0.149,0.1367068890442328,0.162190862760946
5,72,25,weak,0.7,weak_tail,hj,oracle,4,68,0.02266666666666667,0.017919601836232955,0.028634605746878237
5,72,25,weak,0.7,weak_tail,hj,oracle,5,13,0.004333333333333333,0.0025342196904608112,0.007400212345912326
5,72,25,weak,0.7,weak_tail,hj,oracle,8,0,0.0,0.0,0.0012788487253259629
5,72,25,weak,0.7,weak_tail,hj,feasible,1,1204,0.4013333333333333,0.38393015574935707,0.41898887039910726
5,72,25,weak,0.7,weak_tail,hj,feasible,2,672,0.224,0.20943923759001998,0.23926668690635994
5,72,25,weak,0.7,weak_tail,hj,feasible,3,382,0.12733333333333333,0.11587961022876217,0.13974022502118075
5,72,25,weak,0.7,weak_tail,hj,feasible,4,261,0.087,0.07743563308366241,0.09762069596345682
5,72,25,weak,0.7,weak_tail,hj,feasible,5,274,0.09133333333333334,0.0815405899871373,0.10217132237102912
5,72,25,weak,0.7,weak_tail,hj,feasible,8,207,0.069,0.06047066801965484,0.07863169958157615
5,72,74,strong,0.0,full,equal,oracle,1,265,0.08833333333333333,0.0786979248943257,0.09902166055619266
5,72,74,strong,0.0,full,equal,oracle,2,401,0.13366666666666666,0.1219568915096465,0.1463134116564423
5,72,74,strong,0.0,full,equal,oracle,3,445,0.14833333333333334,0.13606457424868373,0.16150154935479555
5,72,74,strong,0.0,full,equal,oracle,4,576,0.192,0.17830308622614985,0.20648468458865096
5,72,74,strong,0.0,full,equal,oracle,5,1313,0.43766666666666665,0.42000519671376957,0.455487566427321
5,72,74,strong,0.0,full,equal,oracle,8,0,0.0,0.0,0.0012788487253259629
5,72,74,strong,0.0,full,equal,feasible,1,479,0.15966666666666668,0.1469955410913387,0.1732082619410332
5,72,74,strong,0.0,full,equal,feasible,2,432,0.144,0.13189170058240915,0.15701883971002292
5,72,74,strong,0.0,full,equal,feasible,3,436,0.14533333333333334,0.13317525647560452,0.1583985402202267
5,72,74,strong,0.0,full,equal,feasible,4,500,0.16666666666666666,0.15375879809721082,0.18042710105300647
5,72,74,strong,0.0,full,equal,feasible,5,747,0.249,0.23385339690464071,0.26478858515547293
5,72,74,strong,0.0,full,equal,feasible,8,406,0.13533333333333333,0.12355770619813657,0.14804166747220115
5,72,74,strong,0.0,full,hj,oracle,1,314,0.10466666666666667,0.09421329180776727,0.11613118458439045
5,72,74,strong,0.0,full,hj,oracle,2,438,0.146,0.13381717039352256,0.15908825450400818
5,72,74,strong,0.0,full,hj,oracle,3,460,0.15333333333333332,0.14088405228258669,0.16666928283363927
5,72,74,strong,0.0,full,hj,oracle,4,558,0.186,0.1724809241162921,0.2003221928832126
5,72,74,strong,0.0,full,hj,oracle,5,1230,0.41,0.39252627169929605,0.4277039210712626
5,72,74,strong,0.0,full,hj,oracle,8,0,0.0,0.0,0.0012788487253259629
5,72,74,strong,0.0,full,hj,feasible,1,582,0.194,0.18024498403168987,0.2085376713882096
5,72,74,strong,0.0,full,hj,feasible,2,480,0.16,0.1473174030619614,0.17355221407126026
5,72,74,strong,0.0,full,hj,feasible,3,450,0.15,0.1376705255739948,0.16322466853373332
5,72,74,strong,0.0,full,hj,feasible,4,478,0.15933333333333333,0.14667369927346297,0.1728642896580591
5,72,74,strong,0.0,full,hj,feasible,5,677,0.22566666666666665,0.21106454890899545,0.24097044609163337
5,72,74,strong,0.0,full,hj,feasible,8,333,0.111,0.1002527848792385,0.1227421594290651
5,72,74,strong,0.0,weak_tail,equal,oracle,1,390,0.13,0.11843732405857244,0.14250902399816878
5,72,74,strong,0.0,weak_tail,equal,oracle,2,599,0.19966666666666666,0.18575013910630944,0.21435135602803634
5,72,74,strong,0.0,weak_tail,equal,oracle,3,923,0.30766666666666664,0.2914061069498897,0.32441915685978556
5,72,74,strong,0.0,weak_tail,equal,oracle,4,534,0.178,0.16472655635351086,0.19209702222559905
5,72,74,strong,0.0,weak_tail,equal,oracle,5,554,0.18466666666666667,0.17118784335873422,0.19895201723737138
5,72,74,strong,0.0,weak_tail,equal,oracle,8,0,0.0,0.0,0.0012788487253259629
5,72,74,strong,0.0,weak_tail,equal,feasible,1,672,0.224,0.20943923759001998,0.23926668690635994
5,72,74,strong,0.0,weak_tail,equal,feasible,2,618,0.206,0.19190825969295508,0.22084370335753653
5,72,74,strong,0.0,weak_tail,equal,feasible,3,510,0.17,0.15698239002154446,0.1838616501371707
5,72,74,strong,0.0,weak_tail,equal,feasible,4,298,0.09933333333333333,0.08913702285967337,0.11055442791888781
5,72,74,strong,0.0,weak_tail,equal,feasible,5,374,0.12466666666666666,0.1133236066319313,0.13696971581121337
5,72,74,strong,0.0,weak_tail,equal,feasible,8,528,0.176,0.16278953722806536,0.19003915674594582
5,72,74,strong,0.0,weak_tail,hj,oracle,1,386,0.12866666666666668,0.11715825620598928,0.14112483544735283
5,72,74,strong,0.0,weak_tail,hj,oracle,2,538,0.17933333333333334,0.16601825700495518,0.19346857797755387
5,72,74,strong,0.0,weak_tail,hj,oracle,3,913,0.30433333333333334,0.288127149167334,0.32103997363384357
5,72,74,strong,0.0,weak_tail,hj,oracle,4,558,0.186,0.1724809241162921,0.2003221928832126
5,72,74,strong,0.0,weak_tail,hj,oracle,5,605,0.20166666666666666,0.18769421298614117,0.2164021667533033
5,72,74,strong,0.0,weak_tail,hj,oracle,8,0,0.0,0.0,0.0012788487253259629
5,72,74,strong,0.0,weak_tail,hj,feasible,1,658,0.21933333333333332,0.20489019385837173,0.2344943332261112
5,72,74,strong,0.0,weak_tail,hj,feasible,2,535,0.17833333333333334,0.16504945506000362,0.1924399376199561
5,72,74,strong,0.0,weak_tail,hj,feasible,3,615,0.205,0.19093556046018786,0.2198189602877544
5,72,74,strong,0.0,weak_tail,hj,feasible,4,427,0.14233333333333334,0.130287771007287,0.15529369878089616
5,72,74,strong,0.0,weak_tail,hj,feasible,5,486,0.162,0.1492489952633077,0.17561550647501267
5,72,74,strong,0.0,weak_tail,hj,feasible,8,279,0.093,0.08312130491687247,0.10391967794554285
5,72,74,strong,0.7,full,equal,oracle,1,339,0.113,0.10216242898759076,0.12482739992581154
5,72,74,strong,0.7,full,equal,oracle,2,290,0.09666666666666666,0.0866023950440781,0.10776254292768483
5,72,74,strong,0.7,full,equal,oracle,3,365,0.12166666666666667,0.11045020543707107,0.13385079009842557
5,72,74,strong,0.7,full,equal,oracle,4,462,0.154,0.14152701351611613,0.1673579498018094
5,72,74,strong,0.7,full,equal,oracle,5,1544,0.5146666666666667,0.4967750973856356,0.532520723051755
5,72,74,strong,0.7,full,equal,oracle,8,0,0.0,0.0,0.0012788487253259629
5,72,74,strong,0.7,full,equal,feasible,1,398,0.13266666666666665,0.12099670351507319,0.14527615734846627
5,72,74,strong,0.7,full,equal,feasible,2,355,0.11833333333333333,0.10726023209736554,0.13038262242963325
5,72,74,strong,0.7,full,equal,feasible,3,328,0.10933333333333334,0.09866229125278743,0.12100358255126727
5,72,74,strong,0.7,full,equal,feasible,4,522,0.174,0.1608531639130219,0.1879806454558906
5,72,74,strong,0.7,full,equal,feasible,5,816,0.272,0.2563756255542408,0.28820752946450784
5,72,74,strong,0.7,full,equal,feasible,8,581,0.19366666666666665,0.17992129414656188,0.20819554717248778
5,72,74,strong,0.7,full,hj,oracle,1,0,0.0,0.0,0.0012788487253259629
5,72,74,strong,0.7,full,hj,oracle,2,8,0.0026666666666666666,0.0013518647401935516,0.005253496791930672
5,72,74,strong,0.7,full,hj,oracle,3,53,0.017666666666666667,0.013532252704955044,0.023034743365409404
5,72,74,strong,0.7,full,hj,oracle,4,614,0.20466666666666666,0.19061135747339442,0.2194773491736981
5,72,74,strong,0.7,full,hj,oracle,5,2325,0.775,0.7597110167209663,0.7895856164801044
5,72,74,strong,0.7,full,hj,oracle,8,0,0.0,0.0,0.0012788487253259629
5,72,74,strong,0.7,full,hj,feasible,1,72,0.024,0.019101799345977936,0.030115664640532384
5,72,74,strong,0.7,full,hj,feasible,2,135,0.045,0.0381456739237067,0.05301807841633993
5,72,74,strong,0.7,full,hj,feasible,3,269,0.08966666666666667,0.07996090854689362,0.10042193330702388
5,72,74,strong,0.7,full,hj,feasible,4,804,0.268,0.2524547405555595,0.2841386452529918
5,72,74,strong,0.7,full,hj,feasible,5,1255,0.41833333333333333,0.40079708449676493,0.43607846079503826
5,72,74,strong,0.7,full,hj,feasible,8,465,0.155,0.14249161317506642,0.1683907924454085
5,72,74,strong,0.7,weak_tail,equal,oracle,1,509,0.16966666666666666,0.15665994599375843,0.18351828006410692
5,72,74,strong,0.7,weak_tail,equal,oracle,2,428,0.14266666666666666,0.1306085107645784,0.1556387731244545
5,72,74,strong,0.7,weak_tail,equal,oracle,3,895,0.29833333333333334,0.282227597148141,0.31495487183774046
5,72,74,strong,0.7,weak_tail,equal,oracle,4,539,0.17966666666666667,0.16634122613369678,0.19381142294966203
5,72,74,strong,0.7,weak_tail,equal,oracle,5,629,0.20966666666666667,0.1954759717359299,0.22459994642390935
5,72,74,strong,0.7,weak_tail,equal,oracle,8,0,0.0,0.0,0.0012788487253259629
5,72,74,strong,0.7,weak_tail,equal,feasible,1,556,0.18533333333333332,0.17183434995932456,0.19963713883848055
5,72,74,strong,0.7,weak_tail,equal,feasible,2,682,0.22733333333333333,0.212690199497621,0.24267386600725674
5,72,74,strong,0.7,weak_tail,equal,feasible,3,511,0.17033333333333334,0.1573048527397292,0.18420500151983574
5,72,74,strong,0.7,weak_tail,equal,feasible,4,268,0.08933333333333333,0.07964509853884702,0.1000719292142207
5,72,74,strong,0.7,weak_tail,equal,feasible,5,353,0.11766666666666667,0.10662258639702532,0.12968863992827392
5,72,74,strong,0.7,weak_tail,equal,feasible,8,630,0.21,0.19580039787368875,0.2249413343870003
5,72,74,strong,0.7,weak_tail,hj,oracle,1,17,0.005666666666666667,0.0035410565832478284,0.00905663185652444
5,72,74,strong,0.7,weak_tail,hj,oracle,2,359,0.11966666666666667,0.10853587498312671,0.13177023594727122
5,72,74,strong,0.7,weak_tail,hj,oracle,3,934,0.31133333333333335,0.2950141253775689,0.3281350935414541
5,72,74,strong,0.7,weak_tail,hj,oracle,4,765,0.255,0.2397233386329114,0.2709032972424983
5,72,74,strong,0.7,weak_tail,hj,oracle,5,925,0.30833333333333335,0.2920620198581893,0.3250948721531857
5,72,74,strong,0.7,weak_tail,hj,oracle,8,0,0.0,0.0,0.0012788487253259629
5,72,74,strong,0.7,weak_tail,hj,feasible,1,205,0.06833333333333333,0.059845390313466564,0.07792534908606481
5,72,74,strong,0.7,weak_tail,hj,feasible,2,593,0.19766666666666666,0.1838066237344815,0.21229998679476556
5,72,74,strong,0.7,weak_tail,hj,feasible,3,741,0.247,0.23189762778089384,0.2627494696741211
5,72,74,strong,0.7,weak_tail,hj,feasible,4,544,0.18133333333333335,0.1679563336717037,0.19552538591590407
5,72,74,strong,0.7,weak_tail,hj,feasible,5,589,0.19633333333333333,0.1825112602394065,0.21093209388644146
5,72,74,strong,0.7,weak_tail,hj,feasible,8,328,0.10933333333333334,0.09866229125278743,0.12100358255126727
5,72,74,weak,0.0,full,equal,oracle,1,1921,0.6403333333333333,0.6229911338100824,0.657316602647676
5,72,74,weak,0.0,full,equal,oracle,2,682,0.22733333333333333,0.212690199497621,0.24267386600725674
5,72,74,weak,0.0,full,equal,oracle,3,246,0.082,0.07270845222780796,0.09236066530656455
5,72,74,weak,0.0,full,equal,oracle,4,100,0.03333333333333333,0.027483152333113072,0.04037710647719116
5,72,74,weak,0.0,full,equal,oracle,5,51,0.017,0.012953739842509025,0.02228162802615586
5,72,74,weak,0.0,full,equal,oracle,8,0,0.0,0.0,0.0012788487253259629
5,72,74,weak,0.0,full,equal,feasible,1,1226,0.4086666666666667,0.3912034240412069,0.4263635123259527
5,72,74,weak,0.0,full,equal,feasible,2,541,0.18033333333333335,0.166987216883172,0.19449706040188644
5,72,74,weak,0.0,full,equal,feasible,3,364,0.12133333333333333,0.11013107895627218,0.1335041024783747
5,72,74,weak,0.0,full,equal,feasible,4,316,0.10533333333333333,0.09484845851016444,0.11682764608369284
5,72,74,weak,0.0,full,equal,feasible,5,271,0.09033333333333333,0.08059265547089096,0.10112181458472609
5,72,74,weak,0.0,full,equal,feasible,8,282,0.094,0.08407021959035776,0.1049682055746069
5,72,74,weak,0.0,full,hj,oracle,1,1939,0.6463333333333333,0.6290475798152921,0.6632448104577624
5,72,74,weak,0.0,full,hj,oracle,2,688,0.22933333333333333,0.21464142433594988,0.24471752577402658
5,72,74,weak,0.0,full,hj,oracle,3,237,0.079,0.06987725542619352,0.08919953520053092
5,72,74,weak,0.0,full,hj,oracle,4,89,0.029666666666666668,0.024170985762442646,0.03636531793851398
5,72,74,weak,0.0,full,hj,oracle,5,47,0.015666666666666666,0.011802189856305195,0.020769921608960556
5,72,74,weak,0.0,full,hj,oracle,8,0,0.0,0.0,0.0012788487253259629
5,72,74,weak,0.0,full,hj,feasible,1,1349,0.44966666666666666,0.4319412508884104,0.46752081988327243
5,72,74,weak,0.0,full,hj,feasible,2,580,0.19333333333333333,0.17959762031963797,0.20785340689856194
5,72,74,weak,0.0,full,hj,feasible,3,372,0.124,0.1126848784070766,0.13627681583436854
5,72,74,weak,0.0,full,hj,feasible,4,288,0.096,0.08596911772942444,0.10706419204063893
5,72,74,weak,0.0,full,hj,feasible,5,231,0.077,0.06799204271080748,0.08708986331081826
5,72,74,weak,0.0,full,hj,feasible,8,180,0.06,0.05205130741718206,0.06907407946110479
5,72,74,weak,0.0,weak_tail,equal,oracle,1,1961,0.6536666666666666,0.6364538998743389,0.6704864006174108
5,72,74,weak,0.0,weak_tail,equal,oracle,2,677,0.22566666666666665,0.21106454890899545,0.24097044609163337
5,72,74,weak,0.0,weak_tail,equal,oracle,3,307,0.10233333333333333,0.09199130196255789,0.11369247572365135
5,72,74,weak,0.0,weak_tail,equal,oracle,4,41,0.013666666666666667,0.010090333246530282,0.018486893613636774
5,72,74,weak,0.0,weak_tail,equal,oracle,5,14,0.004666666666666667,0.0027819139335313083,0.007818332203691613
5,72,74,weak,0.0,weak_tail,equal,oracle,8,0,0.0,0.0,0.0012788487253259629
5,72,74,weak,0.0,weak_tail,equal,feasible,1,1347,0.449,0.4312778620202516,0.4668525805497317
5,72,74,weak,0.0,weak_tail,equal,feasible,2,615,0.205,0.19093556046018786,0.2198189602877544
5,72,74,weak,0.0,weak_tail,equal,feasible,3,311,0.10366666666666667,0.09326080066579004,0.11508623342381835
5,72,74,weak,0.0,weak_tail,equal,feasible,4,136,0.04533333333333334,0.038452586272197074,0.053376980168699344
5,72,74,weak,0.0,weak_tail,equal,feasible,5,148,0.04933333333333333,0.04214374236315084,0.05767559328794296
5,72,74,weak,0.0,weak_tail,equal,feasible,8,443,0.14766666666666667,0.13542234766681088,0.16081214773496882
5,72,74,weak,0.0,weak_tail,hj,oracle,1,1972,0.6573333333333333,0.6401587272031493,0.6741055283979482
5,72,74,weak,0.0,weak_tail,hj,oracle,2,674,0.22466666666666665,0.2100893212346295,0.23994823146344998
5,72,74,weak,0.0,weak_tail,hj,oracle,3,294,0.098,0.08786940800272493,0.10915878637243713
5,72,74,weak,0.0,weak_tail,hj,oracle,4,45,0.015,0.011229377297908946,0.02001110596565724
5,72,74,weak,0.0,weak_tail,hj,oracle,5,15,0.005,0.0030324533483749197,0.008233606889697783
5,72,74,weak,0.0,weak_tail,hj,oracle,8,0,0.0,0.0,0.0012788487253259629
5,72,74,weak,0.0,weak_tail,hj,feasible,1,1371,0.457,0.43924065317961863,0.47486932781075947
5,72,74,weak,0.0,weak_tail,hj,feasible,2,566,0.18866666666666668,0.17506789075089216,0.20306173905541083
5,72,74,weak,0.0,weak_tail,hj,feasible,3,351,0.117,0.10598505900462818,0.12899453911897152
5,72,74,weak,0.0,weak_tail,hj,feasible,4,252,0.084,0.07459808132677005,0.09446592081270115
5,72,74,weak,0.0,weak_tail,hj,feasible,5,256,0.08533333333333333,0.07585876314969729,0.09586849539317303
5,72,74,weak,0.0,weak_tail,hj,feasible,8,204,0.068,0.0595328433782643,0.07757208192041733
5,72,74,weak,0.7,full,equal,oracle,1,1938,0.646,0.6287110337539614,0.6629155424182434
5,72,74,weak,0.7,full,equal,oracle,2,548,0.18266666666666667,0.16924873173083738,0.1968962442601695
5,72,74,weak,0.7,full,equal,oracle,3,313,0.10433333333333333,0.0938957600933863,0.11578290219792164
5,72,74,weak,0.7,full,equal,oracle,4,114,0.038,0.03172798089876353,0.04545367532343766
5,72,74,weak,0.7,full,equal,oracle,5,87,0.029,0.023571258905749824,0.035633416593507244
5,72,74,weak,0.7,full,equal,oracle,8,0,0.0,0.0,0.0012788487253259629
5,72,74,weak,0.7,full,equal,feasible,1,1217,0.4056666666666667,0.3882275056347864,0.4233471038247251
5,72,74,weak,0.7,full,equal,feasible,2,415,0.13833333333333334,0.12644072432299977,0.151150976254986
5,72,74,weak,0.7,full,equal,feasible,3,295,0.09833333333333333,0.08818625571427151,0.10950775276174034
5,72,74,weak,0.7,full,equal,feasible,4,298,0.09933333333333333,0.08913702285967337,0.11055442791888781
5,72,74,weak,0.7,full,equal,feasible,5,314,0.10466666666666667,0.09421329180776727,0.11613118458439045
5,72,74,weak,0.7,full,equal,feasible,8,461,0.15366666666666667,0.14120552234157943,0.16701362687549634
5,72,74,weak,0.7,full,hj,oracle,1,946,0.31533333333333335,0.2989515237258466,0.3321874644033738
5,72,74,weak,0.7,full,hj,oracle,2,644,0.21466666666666667,0.20034389242236128,0.22971923725022475
5,72,74,weak,0.7,full,hj,oracle,3,582,0.194,0.18024498403168987,0.2085376713882096
5,72,74,weak,0.7,full,hj,oracle,4,552,0.184,0.1705414045967915,0.1982668277976145
5,72,74,weak,0.7,full,hj,oracle,5,276,0.092,0.0821727533534877,0.10287078720637827
5,72,74,weak,0.7,full,hj,oracle,8,0,0.0,0.0,0.0012788487253259629
5,72,74,weak,0.7,full,hj,feasible,1,969,0.323,0.3065021711394206,0.3399505413093449
5,72,74,weak,0.7,full,hj,feasible,2,576,0.192,0.17830308622614985,0.20648468458865096
5,72,74,weak,0.7,full,hj,feasible,3,447,0.149,0.1367068890442328,0.162190862760946
5,72,74,weak,0.7,full,hj,feasible,4,414,0.138,0.1261202917644312,0.1508055947127048
5,72,74,weak,0.7,full,hj,feasible,5,355,0.11833333333333333,0.10726023209736554,0.13038262242963325
5,72,74,weak,0.7,full,hj,feasible,8,239,0.07966666666666666,0.07050606533134567,0.08990235349707835
5,72,74,weak,0.7,weak_tail,equal,oracle,1,1910,0.6366666666666667,0.6192914059230132,0.6536923754253978
5,72,74,weak,0.7,weak_tail,equal,oracle,2,638,0.21266666666666667,0.1983963328780061,0.2276719121894812
5,72,74,weak,0.7,weak_tail,equal,oracle,3,360,0.12,0.10885485831348496,0.13211706671776274
5,72,74,weak,0.7,weak_tail,equal,oracle,4,70,0.023333333333333334,0.018510134550341235,0.029375701234469517
5,72,74,weak,0.7,weak_tail,equal,oracle,5,22,0.007333333333333333,0.004847868521937734,0.011078890422083449
5,72,74,weak,0.7,weak_tail,equal,oracle,8,0,0.0,0.0,0.0012788487253259629
5,72,74,weak,0.7,weak_tail,equal,feasible,1,1222,0.4073333333333333,0.38988070999378427,0.42502296996997607
5,72,74,weak,0.7,weak_tail,equal,feasible,2,520,0.17333333333333334,0.1602078511620691,0.1872943300051439
5,72,74,weak,0.7,weak_tail,equal,feasible,3,347,0.11566666666666667,0.10471036265529521,0.12760597906490534
5,72,74,weak,0.7,weak_tail,equal,feasible,4,181,0.060333333333333336,0.05236224245603363,0.069428958523103
5,72,74,weak,0.7,weak_tail,equal,feasible,5,183,0.061,0.05298433102545966,0.07013849815537654
5,72,74,weak,0.7,weak_tail,equal,feasible,8,547,0.18233333333333332,0.16892560636173928,0.19655355552841777
5,72,74,weak,0.7,weak_tail,hj,oracle,1,1089,0.363,0.34597810468760376,0.38037229986313553
5,72,74,weak,0.7,weak_tail,hj,oracle,2,1158,0.386,0.3687356331649704,0.403555944344404
5,72,74,weak,0.7,weak_tail,hj,oracle,3,578,0.19266666666666668,0.17895032096655952,0.20716907804994086
5,72,74,weak,0.7,weak_tail,hj,oracle,4,137,0.04566666666666667,0.03875960781167959,0.0537357727300666
5,72,74,weak,0.7,weak_tail,hj,oracle,5,38,0.012666666666666666,0.00924242683594685,0.01733735772167086
5,72,74,weak,0.7,weak_tail,hj,oracle,8,0,0.0,0.0,0.0012788487253259629
5,72,74,weak,0.7,weak_tail,hj,feasible,1,1061,0.3536666666666667,0.33675518954223754,0.3709524201847079
5,72,74,weak,0.7,weak_tail,hj,feasible,2,668,0.22266666666666668,0.20813923461090383,0.237903433482077
5,72,74,weak,0.7,weak_tail,hj,feasible,3,477,0.159,0.14635187765946336,0.17252029717120895
5,72,74,weak,0.7,weak_tail,hj,feasible,4,294,0.098,0.08786940800272493,0.10915878637243713
5,72,74,weak,0.7,weak_tail,hj,feasible,5,285,0.095,0.08501949220596522,0.1060163752615488
5,72,74,weak,0.7,weak_tail,hj,feasible,8,215,0.07166666666666667,0.0629741711594646,0.08145470924856463
5,240,25,strong,0.0,full,equal,oracle,1,0,0.0,0.0,0.0012788487253259629
5,240,25,strong,0.0,full,equal,oracle,2,14,0.004666666666666667,0.0027819139335313083,0.007818332203691613
5,240,25,strong,0.0,full,equal,oracle,3,80,0.02666666666666667,0.02147891981997193,0.03306505697333666
5,240,25,strong,0.0,full,equal,oracle,4,297,0.099,0.08882006331037884,0.11020557336733258
5,240,25,strong,0.0,full,equal,oracle,5,2609,0.8696666666666667,0.8571449941341893,0.8812428437082198
5,240,25,strong,0.0,full,equal,oracle,8,0,0.0,0.0,0.0012788487253259629
5,240,25,strong,0.0,full,equal,feasible,1,114,0.038,0.03172798089876353,0.04545367532343766
5,240,25,strong,0.0,full,equal,feasible,2,160,0.05333333333333334,0.04584887477722538,0.06196023008406583
5,240,25,strong,0.0,full,equal,feasible,3,309,0.103,0.09262598088993688,0.1143894249979719
5,240,25,strong,0.0,full,equal,feasible,4,537,0.179,0.1656953054242355,0.19312571545742374
5,240,25,strong,0.0,full,equal,feasible,5,1398,0.466,0.4482043182420676,0.4838826434712546
5,240,25,strong,0.0,full,equal,feasible,8,482,0.16066666666666668,0.1479611872582543,0.17424005807666693
5,240,25,strong,0.0,full,hj,oracle,1,0,0.0,0.0,0.0012788487253259629
5,240,25,strong,0.0,full,hj,oracle,2,17,0.005666666666666667,0.0035410565832478284,0.00905663185652444
5,240,25,strong,0.0,full,hj,oracle,3,90,0.03,0.02447115109496187,0.03673096670684454
5,240,25,strong,0.0,full,hj,oracle,4,297,0.099,0.08882006331037884,0.11020557336733258
5,240,25,strong,0.0,full,hj,oracle,5,2596,0.8653333333333333,0.8526495601213426,0.8770826944100192
5,240,25,strong,0.0,full,hj,oracle,8,0,0.0,0.0,0.0012788487253259629
5,240,25,strong,0.0,full,hj,feasible,1,157,0.052333333333333336,0.04492136585872146,0.0608902967000204
5,240,25,strong,0.0,full,hj,feasible,2,189,0.063,0.05485230532925785,0.07226540845667705
5,240,25,strong,0.0,full,hj,feasible,3,321,0.107,0.09643697103671704,0.11856820406138914
5,240,25,strong,0.0,full,hj,feasible,4,536,0.17866666666666667,0.16537237142977845,0.19278283535103102
5,240,25,strong,0.0,full,hj,feasible,5,1355,0.45166666666666666,0.4339316108512974,0.4695253445254841
5,240,25,strong,0.0,full,hj,feasible,8,442,0.14733333333333334,0.13510126760973423,0.16046741369119571
5,240,25,strong,0.0,weak_tail,equal,oracle,1,17,0.005666666666666667,0.0035410565832478284,0.00905663185652444
5,240,25,strong,0.0,weak_tail,equal,oracle,2,132,0.044,0.037225603621850144,0.05194070641564714
5,240,25,strong,0.0,weak_tail,equal,oracle,3,1004,0.33466666666666667,0.3180021018441689,0.35175410413433894
5,240,25,strong,0.0,weak_tail,equal,oracle,4,701,0.23366666666666666,0.2188707200531464,0.24914381336787722
5,240,25,strong,0.0,weak_tail,equal,oracle,5,1146,0.382,0.3647748210540685,0.39952698724510843
5,240,25,strong,0.0,weak_tail,equal,oracle,8,0,0.0,0.0,0.0012788487253259629
5,240,25,strong,0.0,weak_tail,equal,feasible,1,240,0.08,0.07082054503843029,0.09025368789084352
5,240,25,strong,0.0,weak_tail,equal,feasible,2,416,0.13866666666666666,0.12676118093844366,0.15149633374039187
5,240,25,strong,0.0,weak_tail,equal,feasible,3,715,0.23833333333333334,0.22342781783807397,0.2539081129948466
5,240,25,strong,0.0,weak_tail,equal,feasible,4,448,0.14933333333333335,0.1370280793696852,0.16253548653634342
5,240,25,strong,0.0,weak_tail,equal,feasible,5,631,0.21033333333333334,0.19612483867907354,0.22528270768246533
5,240,25,strong,0.0,weak_tail,equal,feasible,8,550,0.18333333333333332,0.16989503395834182,0.19758157023436457
5,240,25,strong,0.0,weak_tail,hj,oracle,1,16,0.005333333333333333,0.0032855756253714974,0.00864629871355099
5,240,25,strong,0.0,weak_tail,hj,oracle,2,110,0.03666666666666667,0.030512135769472128,0.04400626404932994
5,240,25,strong,0.0,weak_tail,hj,oracle,3,1011,0.337,0.32030348555943655,0.3541134191250197
5,240,25,strong,0.0,weak_tail,hj,oracle,4,708,0.236,0.22114895169898394,0.25152628042798814
5,240,25,strong,0.0,weak_tail,hj,oracle,5,1155,0.385,0.3677453137889538,0.4025488214178712
5,240,25,strong,0.0,weak_tail,hj,oracle,8,0,0.0,0.0,0.0012788487253259629
5,240,25,strong,0.0,weak_tail,hj,feasible,1,247,0.08233333333333333,0.07302327237296811,0.09271165926225415
5,240,25,strong,0.0,weak_tail,hj,feasible,2,365,0.12166666666666667,0.11045020543707107,0.13385079009842557
5,240,25,strong,0.0,weak_tail,hj,feasible,3,835,0.2783333333333333,0.2625869989881295,0.29464662394676505
5,240,25,strong,0.0,weak_tail,hj,feasible,4,542,0.18066666666666667,0.1673102384283093,0.1948398529575989
5,240,25,strong,0.0,weak_tail,hj,feasible,5,699,0.233,0.21821991418143416,0.24846299103788994
5,240,25,strong,0.0,weak_tail,hj,feasible,8,312,0.104,0.09357826299717588,0.11543458519328227
5,240,25,strong,0.7,full,equal,oracle,1,19,0.006333333333333333,0.004058346146037406,0.009870970495434426
5,240,25,strong,0.7,full,equal,oracle,2,54,0.018,0.01382214963784215,0.02341066053337208
5,240,25,strong,0.7,full,equal,oracle,3,108,0.036,0.02990509208881209,0.0432816795282904
5,240,25,strong,0.7,full,equal,oracle,4,199,0.06633333333333333,0.057971044709308375,0.07580481008512431
5,240,25,strong,0.7,full,equal,oracle,5,2620,0.8733333333333333,0.8609522401537867,0.8847595527979698
5,240,25,strong,0.7,full,equal,oracle,8,0,0.0,0.0,0.0012788487253259629
5,240,25,strong,0.7,full,equal,feasible,1,69,0.023,0.018214723738022676,0.029005297945938296
5,240,25,strong,0.7,full,equal,feasible,2,120,0.04,0.0335559270537099,0.04762061377358999
5,240,25,strong,0.7,full,equal,feasible,3,193,0.06433333333333334,0.05609900349433693,0.07368196669499709
5,240,25,strong,0.7,full,equal,feasible,4,546,0.182,0.1686024982043699,0.1962108495849374
5,240,25,strong,0.7,full,equal,feasible,5,1434,0.478,0.460164931988558,0.4958913373553563
5,240,25,strong,0.7,full,equal,feasible,8,638,0.21266666666666667,0.1983963328780061,0.2276719121894812
5,240,25,strong,0.7,full,hj,oracle,1,0,0.0,0.0,0.0012788487253259629
5,240,25,strong,0.7,full,hj,oracle,2,0,0.0,0.0,0.0012788487253259629
5,240,25,strong,0.7,full,hj,oracle,3,0,0.0,0.0,0.0012788487253259629
5,240,25,strong,0.7,full,hj,oracle,4,93,0.031,0.02537281666935177,0.03782674343500397
5,240,25,strong,0.7,full,hj,oracle,5,2907,0.969,0.962173256564996,0.9746271833306482
5,240,25,strong,0.7,full,hj,oracle,8,0,0.0,0.0,0.0012788487253259629
5,240,25,strong,0.7,full,hj,feasible,1,3,0.001,0.00034014721903916404,0.002936143808836147
5,240,25,strong,0.7,full,hj,feasible,2,8,0.0026666666666666666,0.0013518647401935516,0.005253496791930672
5,240,25,strong,0.7,full,hj,feasible,3,73,0.024333333333333332,0.01939804205131041,0.03048523603604969
5,240,25,strong,0.7,full,hj,feasible,4,507,0.169,0.1560151141844806,0.18283148367168517
5,240,25,strong,0.7,full,hj,feasible,5,1852,0.6173333333333333,0.5998014336224661,0.6345651298766574
5,240,25,strong,0.7,full,hj,feasible,8,557,0.18566666666666667,0.1721576286108034,0.19997967428785154
5,240,25,strong,0.7,weak_tail,equal,oracle,1,38,0.012666666666666666,0.00924242683594685,0.01733735772167086
5,240,25,strong,0.7,weak_tail,equal,oracle,2,122,0.04066666666666666,0.03416630327106453,0.04834186575793492
5,240,25,strong,0.7,weak_tail,equal,oracle,3,1005,0.335,0.3183308426820565,0.35209117739730106
5,240,25,strong,0.7,weak_tail,equal,oracle,4,686,0.22866666666666666,0.21399096247151933,0.24403635943675756
5,240,25,strong,0.7,weak_tail,equal,oracle,5,1149,0.383,0.36576490761948677,0.40053434298223956
5,240,25,strong,0.7,weak_tail,equal,oracle,8,0,0.0,0.0,0.0012788487253259629
5,240,25,strong,0.7,weak_tail,equal,feasible,1,151,0.050333333333333334,0.04306877699858018,0.05874800095506297
5,240,25,strong,0.7,weak_tail,equal,feasible,2,468,0.156,0.14345640087787917,0.1694234470451451
5,240,25,strong,0.7,weak_tail,equal,feasible,3,688,0.22933333333333333,0.21464142433594988,0.24471752577402658
5,240,25,strong,0.7,weak_tail,equal,feasible,4,432,0.144,0.13189170058240915,0.15701883971002292
5,240,25,strong,0.7,weak_tail,equal,feasible,5,591,0.197,0.18315891048578475,0.2116160718417628
5,240,25,strong,0.7,weak_tail,equal,feasible,8,670,0.22333333333333333,0.20878920865741274,0.2385850876372676
5,240,25,strong,0.7,weak_tail,hj,oracle,1,1,0.0003333333333333333,5.8843941871566355e-05,0.0018858188843041794
5,240,25,strong,0.7,weak_tail,hj,oracle,2,55,0.018333333333333333,0.014112458346255944,0.023786165925808074
5,240,25,strong,0.7,weak_tail,hj,oracle,3,913,0.30433333333333334,0.288127149167334,0.32103997363384357
5,240,25,strong,0.7,weak_tail,hj,oracle,4,729,0.243,0.2279874281233833,0.2586699001214342
5,240,25,strong,0.7,weak_tail,hj,oracle,5,1302,0.434,0.4163601652361138,0.4518086427956292
5,240,25,strong,0.7,weak_tail,hj,oracle,8,0,0.0,0.0,0.0012788487253259629
5,240,25,strong,0.7,weak_tail,hj,feasible,1,48,0.016,0.012089359129497938,0.0211485664366176
5,240,25,strong,0.7,weak_tail,hj,feasible,2,358,0.11933333333333333,0.10821692059145281,0.13142337623809533
5,240,25,strong,0.7,weak_tail,hj,feasible,3,843,0.281,0.26520350867341824,0.2973566270682746
5,240,25,strong,0.7,weak_tail,hj,feasible,4,617,0.20566666666666666,0.19158401159706884,0.220502137352573
5,240,25,strong,0.7,weak_tail,hj,feasible,5,769,0.25633333333333336,0.24102830020865454,0.27226159207015443
5,240,25,strong,0.7,weak_tail,hj,feasible,8,365,0.12166666666666667,0.11045020543707107,0.13385079009842557
5,240,25,weak,0.0,full,equal,oracle,1,1202,0.40066666666666667,0.3832691511597769,0.4183182467869879
5,240,25,weak,0.0,full,equal,oracle,2,669,0.223,0.20846421476246246,0.23824426743136812
5,240,25,weak,0.0,full,equal,oracle,3,485,0.16166666666666665,0.1489270134352054,0.1752716742022651
5,240,25,weak,0.0,full,equal,oracle,4,302,0.10066666666666667,0.0904052288845772,0.11194947829738314
5,240,25,weak,0.0,full,equal,oracle,5,342,0.114,0.10311767354904272,0.12586959766690892
5,240,25,weak,0.0,full,equal,oracle,8,0,0.0,0.0,0.0012788487253259629
5,240,25,weak,0.0,full,equal,feasible,1,976,0.3253333333333333,0.3088012171869388,0.34231219396777496
5,240,25,weak,0.0,full,equal,feasible,2,527,0.17566666666666667,0.16246676326072335,0.18969611661243807
5,240,25,weak,0.0,full,equal,feasible,3,395,0.13166666666666665,0.12003674376603819,0.14423867479495187
5,240,25,weak,0.0,full,equal,feasible,4,348,0.116,0.1050289916604557,0.12795316416059463
5,240,25,weak,0.0,full,equal,feasible,5,454,0.15133333333333332,0.1389556785262004,0.1646027719849269
5,240,25,weak,0.0,full,equal,feasible,8,300,0.1,0.08977105263294838,0.1112520263473124
5,240,25,weak,0.0,full,hj,oracle,1,1264,0.42133333333333334,0.40377584396159905,0.4390920282378522
5,240,25,weak,0.0,full,hj,oracle,2,680,0.22666666666666666,0.21203989871945877,0.24199253858371939
5,240,25,weak,0.0,full,hj,oracle,3,470,0.15666666666666668,0.14409969642139211,0.17011177970333172
5,240,25,weak,0.0,full,hj,oracle,4,278,0.09266666666666666,0.08280508045768813,0.10357008830387741
5,240,25,weak,0.0,full,hj,oracle,5,308,0.10266666666666667,0.09230862374464574,0.11404096804241329
5,240,25,weak,0.0,full,hj,oracle,8,0,0.0,0.0,0.0012788487253259629
5,240,25,weak,0.0,full,hj,feasible,1,1075,0.35833333333333334,0.3413657654076742,0.3756632417311681
5,240,25,weak,0.0,full,hj,feasible,2,573,0.191,0.17733235582473614,0.20545797268751528
5,240,25,weak,0.0,full,hj,feasible,3,403,0.13433333333333333,0.12259714257424147,0.1470047887935469
5,240,25,weak,0.0,full,hj,feasible,4,330,0.11,0.09929839195629818,0.12169911004945606
5,240,25,weak,0.0,full,hj,feasible,5,396,0.132,0.1203567048534542,0.14458452780838568
5,240,25,weak,0.0,full,hj,feasible,8,223,0.07433333333333333,0.06548135623617912,0.08427403697864838
5,240,25,weak,0.0,weak_tail,equal,oracle,1,1209,0.403,0.3855828145709399,0.42066528208177334
5,240,25,weak,0.0,weak_tail,equal,oracle,2,878,0.2926666666666667,0.2766588778224963,0.3092047514489389
5,240,25,weak,0.0,weak_tail,equal,oracle,3,702,0.234,0.21919614262289566,0.24948420489897777
5,240,25,weak,0.0,weak_tail,equal,oracle,4,154,0.051333333333333335,0.043994659229371014,0.05981956102682148
5,240,25,weak,0.0,weak_tail,equal,oracle,5,57,0.019,0.014694268417491864,0.024535984056271713
5,240,25,weak,0.0,weak_tail,equal,oracle,8,0,0.0,0.0,0.0012788487253259629
5,240,25,weak,0.0,weak_tail,equal,feasible,1,1133,0.37766666666666665,0.3604853468630302,0.39516087812509954
5,240,25,weak,0.0,weak_tail,equal,feasible,2,649,0.21633333333333332,0.2019672527181075,0.23142494745872738
5,240,25,weak,0.0,weak_tail,equal,feasible,3,432,0.144,0.13189170058240915,0.15701883971002292
5,240,25,weak,0.0,weak_tail,equal,feasible,4,188,0.06266666666666666,0.054540801402863825,0.07191109828222125
5,240,25,weak,0.0,weak_tail,equal,feasible,5,188,0.06266666666666666,0.054540801402863825,0.07191109828222125
5,240,25,weak,0.0,weak_tail,equal,feasible,8,410,0.13666666666666666,0.12483880356580958,0.14942382650792727
5,240,25,weak,0.0,weak_tail,hj,oracle,1,1229,0.4096666666666667,0.39219554726977013,0.42736883139993875
5,240,25,weak,0.0,weak_tail,hj,oracle,2,871,0.29033333333333333,0.27436675727754184,0.3068361732879448
5,240,25,weak,0.0,weak_tail,hj,oracle,3,686,0.22866666666666666,0.21399096247151933,0.24403635943675756
5,240,25,weak,0.0,weak_tail,hj,oracle,4,155,0.051666666666666666,0.04430347095281026,0.060176563404232025
5,240,25,weak,0.0,weak_tail,hj,oracle,5,59,0.019666666666666666,0.015277602104816938,0.0252842785706462
5,240,25,weak,0.0,weak_tail,hj,oracle,8,0,0.0,0.0,0.0012788487253259629
5,240,25,weak,0.0,weak_tail,hj,feasible,1,1155,0.385,0.3677453137889538,0.4025488214178712
5,240,25,weak,0.0,weak_tail,hj,feasible,2,609,0.203,0.18899056945008683,0.21776906669275684
5,240,25,weak,0.0,weak_tail,hj,feasible,3,479,0.15966666666666668,0.1469955410913387,0.1732082619410332
5,240,25,weak,0.0,weak_tail,hj,feasible,4,293,0.09766666666666667,0.08755259790803623,0.10880978236627604
5,240,25,weak,0.0,weak_tail,hj,feasible,5,261,0.087,0.07743563308366241,0.09762069596345682
5,240,25,weak,0.0,weak_tail,hj,feasible,8,203,0.06766666666666667,0.05922035827579508,0.07721875292203675
5,240,25,weak,0.7,full,equal,oracle,1,1144,0.38133333333333336,0.3641148065775133,0.39885537351996414
5,240,25,weak,0.7,full,equal,oracle,2,551,0.18366666666666667,0.17021821074422575,0.19792420754933046
5,240,25,weak,0.7,full,equal,oracle,3,442,0.14733333333333334,0.13510126760973423,0.16046741369119571
5,240,25,weak,0.7,full,equal,oracle,4,380,0.12666666666666668,0.11524044720203012,0.1390477598462133
5,240,25,weak,0.7,full,equal,oracle,5,483,0.161,0.1482831093829838,0.17458395005278718
5,240,25,weak,0.7,full,equal,oracle,8,0,0.0,0.0,0.0012788487253259629
5,240,25,weak,0.7,full,equal,feasible,1,911,0.30366666666666664,0.2874714794802834,0.32036401511919455
5,240,25,weak,0.7,full,equal,feasible,2,457,0.15233333333333332,0.13991976936284334,0.16563612345083328
5,240,25,weak,0.7,full,equal,feasible,3,372,0.124,0.1126848784070766,0.13627681583436854
5,240,25,weak,0.7,full,equal,feasible,4,335,0.11166666666666666,0.10088920659365967,0.12343736591634348
5,240,25,weak,0.7,full,equal,feasible,5,448,0.14933333333333335,0.1370280793696852,0.16253548653634342
5,240,25,weak,0.7,full,equal,feasible,8,477,0.159,0.14635187765946336,0.17252029717120895
5,240,25,weak,0.7,full,hj,oracle,1,238,0.07933333333333334,0.07019163536546923,0.089550969362105
5,240,25,weak,0.7,full,hj,oracle,2,300,0.1,0.08977105263294838,0.1112520263473124
5,240,25,weak,0.7,full,hj,oracle,3,442,0.14733333333333334,0.13510126760973423,0.16046741369119571
5,240,25,weak,0.7,full,hj,oracle,4,999,0.333,0.31635853939514147,0.35006859607911744
5,240,25,weak,0.7,full,hj,oracle,5,1021,0.3403333333333333,0.3235919742936322,0.3574830713993219
5,240,25,weak,0.7,full,hj,oracle,8,0,0.0,0.0,0.0012788487253259629
5,240,25,weak,0.7,full,hj,feasible,1,517,0.17233333333333334,0.1592400191255968,0.1862647197390668
5,240,25,weak,0.7,full,hj,feasible,2,426,0.142,0.12996705446355725,0.1549486012237761
5,240,25,weak,0.7,full,hj,feasible,3,453,0.151,0.13863435786808256,0.16425827854219496
5,240,25,weak,0.7,full,hj,feasible,4,635,0.21166666666666667,0.19742274806764876,0.22664805469728921
5,240,25,weak,0.7,full,hj,feasible,5,605,0.20166666666666666,0.18769421298614117,0.2164021667533033
5,240,25,weak,0.7,full,hj,feasible,8,364,0.12133333333333333,0.11013107895627218,0.1335041024783747
5,240,25,weak,0.7,weak_tail,equal,oracle,1,1218,0.406,0.38855812976048254,0.42368229379987876
5,240,25,weak,0.7,weak_tail,equal,oracle,2,675,0.225,0.2104143835198956,0.2402889832790337
5,240,25,weak,0.7,weak_tail,equal,oracle,3,869,0.2896666666666667,0.27371196096362943,0.3061593414001577
5,240,25,weak,0.7,weak_tail,equal,oracle,4,171,0.057,0.04925627402901687,0.06587678594162194
5,240,25,weak,0.7,weak_tail,equal,oracle,5,67,0.022333333333333334,0.01762477500157414,0.028263618480687265
5,240,25,weak,0.7,weak_tail,equal,oracle,8,0,0.0,0.0,0.0012788487253259629
5,240,25,weak,0.7,weak_tail,equal,feasible,1,1006,0.3353333333333333,0.31865959295294644,0.3524282412272609
5,240,25,weak,0.7,weak_tail,equal,feasible,2,672,0.224,0.20943923759001998,0.23926668690635994
5,240,25,weak,0.7,weak_tail,equal,feasible,3,401,0.13366666666666666,0.1219568915096465,0.1463134116564423
5,240,25,weak,0.7,weak_tail,equal,feasible,4,212,0.07066666666666667,0.06203491577815216,0.08039652232732775
5,240,25,weak,0.7,weak_tail,equal,feasible,5,173,0.057666666666666665,0.04987685524861582,0.06658783292372254
5,240,25,weak,0.7,weak_tail,equal,feasible,8,536,0.17866666666666667,0.16537237142977845,0.19278283535103102
5,240,25,weak,0.7,weak_tail,hj,oracle,1,415,0.13833333333333334,0.12644072432299977,0.151150976254986
5,240,25,weak,0.7,weak_tail,hj,oracle,2,1126,0.37533333333333335,0.3581762387642221,0.3928092875179592
5,240,25,weak,0.7,weak_tail,hj,oracle,3,1085,0.3616666666666667,0.34466011440281213,0.3790270337445281
5,240,25,weak,0.7,weak_tail,hj,oracle,4,272,0.09066666666666667,0.08090859196634151,0.10147169219012536
5,240,25,weak,0.7,weak_tail,hj,oracle,5,102,0.034,0.028087667528682584,0.04110421948332123
5,240,25,weak,0.7,weak_tail,hj,oracle,8,0,0.0,0.0,0.0012788487253259629
5,240,25,weak,0.7,weak_tail,hj,feasible,1,700,0.23333333333333334,0.21854531056617252,0.24880340875400134
5,240,25,weak,0.7,weak_tail,hj,feasible,2,859,0.28633333333333333,0.2704386186475016,0.3027745427077877
5,240,25,weak,0.7,weak_tail,hj,feasible,3,565,0.18833333333333332,0.17474446165617466,0.20271935404927852
5,240,25,weak,0.7,weak_tail,hj,feasible,4,364,0.12133333333333333,0.11013107895627218,0.1335041024783747
5,240,25,weak,0.7,weak_tail,hj,feasible,5,284,0.09466666666666666,0.08470302854287072,0.10566702482379352
5,240,25,weak,0.7,weak_tail,hj,feasible,8,228,0.076,0.06705013576453428,0.08603432795454213
5,240,74,strong,0.0,full,equal,oracle,1,1,0.0003333333333333333,5.8843941871566355e-05,0.0018858188843041794
5,240,74,strong,0.0,full,equal,oracle,2,8,0.0026666666666666666,0.0013518647401935516,0.005253496791930672
5,240,74,strong,0.0,full,equal,oracle,3,60,0.02,0.015569816893370038,0.025657877882942888
5,240,74,strong,0.0,full,equal,oracle,4,254,0.08466666666666667,0.07522833065847884,0.09516729968269191
5,240,74,strong,0.0,full,equal,oracle,5,2677,0.8923333333333333,0.8807358081167751,0.902927388583419
5,240,74,strong,0.0,full,equal,oracle,8,0,0.0,0.0,0.0012788487253259629
5,240,74,strong,0.0,full,equal,feasible,1,74,0.024666666666666667,0.01969455109224335,0.030854541095966533
5,240,74,strong,0.0,full,equal,feasible,2,160,0.05333333333333334,0.04584887477722538,0.06196023008406583
5,240,74,strong,0.0,full,equal,feasible,3,287,0.09566666666666666,0.08565253698168951,0.10671495868752406
5,240,74,strong,0.0,full,equal,feasible,4,473,0.15766666666666668,0.1450647942741924,0.17114412415308078
5,240,74,strong,0.0,full,equal,feasible,5,1493,0.49766666666666665,0.4797893478639409,0.5155499534301106
5,240,74,strong,0.0,full,equal,feasible,8,513,0.171,0.1579498340734792,0.1848916483877853
5,240,74,strong,0.0,full,hj,oracle,1,2,0.0006666666666666666,0.00018284308780954395,0.0024276338392159843
5,240,74,strong,0.0,full,hj,oracle,2,14,0.004666666666666667,0.0027819139335313083,0.007818332203691613
5,240,74,strong,0.0,full,hj,oracle,3,71,0.023666666666666666,0.018805828331833658,0.029745821553826875
5,240,74,strong,0.0,full,hj,oracle,4,253,0.08433333333333333,0.0749131829751923,0.09481663326512867
5,240,74,strong,0.0,full,hj,oracle,5,2660,0.8866666666666667,0.8748251698113316,0.8975191871744164
5,240,74,strong,0.0,full,hj,oracle,8,0,0.0,0.0,0.0012788487253259629
5,240,74,strong,0.0,full,hj,feasible,1,103,0.034333333333333334,0.02839017317686661,0.04146752793598697
5,240,74,strong,0.0,full,hj,feasible,2,187,0.06233333333333333,0.0542293667315876,0.07155671885264772
5,240,74,strong,0.0,full,hj,feasible,3,321,0.107,0.09643697103671704,0.11856820406138914
5,240,74,strong,0.0,full,hj,feasible,4,478,0.15933333333333333,0.14667369927346297,0.1728642896580591
5,240,74,strong,0.0,full,hj,feasible,5,1418,0.4726666666666667,0.4548478278396507,0.4905554158906671
5,240,74,strong,0.0,full,hj,feasible,8,493,0.16433333333333333,0.1515034197904832,0.1780217806537856
5,240,74,strong,0.0,weak_tail,equal,oracle,1,16,0.005333333333333333,0.0032855756253714974,0.00864629871355099
5,240,74,strong,0.0,weak_tail,equal,oracle,2,105,0.035,0.02899566914640538,0.04219366016814778
5,240,74,strong,0.0,weak_tail,equal,oracle,3,459,0.153,0.1405626033953825,0.16632491761999368
5,240,74,strong,0.0,weak_tail,equal,oracle,4,609,0.203,0.18899056945008683,0.21776906669275684
5,240,74,strong,0.0,weak_tail,equal,oracle,5,1811,0.6036666666666667,0.5860416299015494,0.621026555462733
5,240,74,strong,0.0,weak_tail,equal,oracle,8,0,0.0,0.0,0.0012788487253259629
5,240,74,strong,0.0,weak_tail,equal,feasible,1,204,0.068,0.0595328433782643,0.07757208192041733
5,240,74,strong,0.0,weak_tail,equal,feasible,2,397,0.13233333333333333,0.12067669146363003,0.14493035529905968
5,240,74,strong,0.0,weak_tail,equal,feasible,3,495,0.165,0.1521477169781938,0.1787091116677746
5,240,74,strong,0.0,weak_tail,equal,feasible,4,459,0.153,0.1405626033953825,0.16632491761999368
5,240,74,strong,0.0,weak_tail,equal,feasible,5,833,0.2776666666666667,0.26193298147842337,0.29396901325477154
5,240,74,strong,0.0,weak_tail,equal,feasible,8,612,0.204,0.1899629967994489,0.21879408164594405
5,240,74,strong,0.0,weak_tail,hj,oracle,1,11,0.0036666666666666666,0.0020486685952001804,0.006554135239473392
5,240,74,strong,0.0,weak_tail,hj,oracle,2,53,0.017666666666666667,0.013532252704955044,0.023034743365409404
5,240,74,strong,0.0,weak_tail,hj,oracle,3,473,0.15766666666666668,0.1450647942741924,0.17114412415308078
5,240,74,strong,0.0,weak_tail,hj,oracle,4,618,0.206,0.19190825969295508,0.22084370335753653
5,240,74,strong,0.0,weak_tail,hj,oracle,5,1845,0.615,0.5974511785821288,0.6322546862110463
5,240,74,strong,0.0,weak_tail,hj,oracle,8,0,0.0,0.0,0.0012788487253259629
5,240,74,strong,0.0,weak_tail,hj,feasible,1,184,0.06133333333333333,0.05329548344499248,0.07049315983669349
5,240,74,strong,0.0,weak_tail,hj,feasible,2,265,0.08833333333333333,0.0786979248943257,0.09902166055619266
5,240,74,strong,0.0,weak_tail,hj,feasible,3,602,0.20066666666666666,0.18672210662433125,0.21537683081256387
5,240,74,strong,0.0,weak_tail,hj,feasible,4,575,0.19166666666666668,0.17797949316558398,0.20614246354836707
5,240,74,strong,0.0,weak_tail,hj,feasible,5,962,0.32066666666666666,0.30420360036793187,0.33758841337488504
5,240,74,strong,0.0,weak_tail,hj,feasible,8,412,0.13733333333333334,0.12547949911041975,0.15011475916501668
5,240,74,strong,0.7,full,equal,oracle,1,13,0.004333333333333333,0.0025342196904608112,0.007400212345912326
5,240,74,strong,0.7,full,equal,oracle,2,41,0.013666666666666667,0.010090333246530282,0.018486893613636774
5,240,74,strong,0.7,full,equal,oracle,3,100,0.03333333333333333,0.027483152333113072,0.04037710647719116
5,240,74,strong,0.7,full,equal,oracle,4,219,0.073,0.0642273151202552,0.08286482169117315
5,240,74,strong,0.7,full,equal,oracle,5,2627,0.8756666666666667,0.863376720403415,0.8869957712542903
5,240,74,strong,0.7,full,equal,oracle,8,0,0.0,0.0,0.0012788487253259629
5,240,74,strong,0.7,full,equal,feasible,1,57,0.019,0.014694268417491864,0.024535984056271713
5,240,74,strong,0.7,full,equal,feasible,2,95,0.03166666666666667,0.02597487167043385,0.03855631663562147
5,240,74,strong,0.7,full,equal,feasible,3,207,0.069,0.06047066801965484,0.07863169958157615
5,240,74,strong,0.7,full,equal,feasible,4,529,0.17633333333333334,0.16311232913403187,0.19038217894082912
5,240,74,strong,0.7,full,equal,feasible,5,1418,0.4726666666666667,0.4548478278396507,0.4905554158906671
5,240,74,strong,0.7,full,equal,feasible,8,694,0.23133333333333334,0.2165931294774888,0.24676070523758634
5,240,74,strong,0.7,full,hj,oracle,1,0,0.0,0.0,0.0012788487253259629
5,240,74,strong,0.7,full,hj,oracle,2,0,0.0,0.0,0.0012788487253259629
5,240,74,strong,0.7,full,hj,oracle,3,1,0.0003333333333333333,5.8843941871566355e-05,0.0018858188843041794
5,240,74,strong,0.7,full,hj,oracle,4,72,0.024,0.019101799345977936,0.030115664640532384
5,240,74,strong,0.7,full,hj,oracle,5,2927,0.9756666666666667,0.9695147639639503,0.9806019579486895
5,240,74,strong,0.7,full,hj,oracle,8,0,0.0,0.0,0.0012788487253259629
5,240,74,strong,0.7,full,hj,feasible,1,0,0.0,0.0,0.0012788487253259629
5,240,74,strong,0.7,full,hj,feasible,2,6,0.002,0.000916930269583324,0.004356803060841335
5,240,74,strong,0.7,full,hj,feasible,3,62,0.020666666666666667,0.016155298848091637,0.026404024129920857
5,240,74,strong,0.7,full,hj,feasible,4,449,0.14966666666666667,0.13734929156629117,0.1628800884405872
5,240,74,strong,0.7,full,hj,feasible,5,1920,0.64,0.6226547501458845,0.6569871722110242
5,240,74,strong,0.7,full,hj,feasible,8,563,0.18766666666666668,0.17409765323832668,0.20203453426542697
5,240,74,strong,0.7,weak_tail,equal,oracle,1,37,0.012333333333333333,0.008961127098019293,0.01695284335874863
5,240,74,strong,0.7,weak_tail,equal,oracle,2,101,0.033666666666666664,0.027785326467104215,0.04074074644404979
5,240,74,strong,0.7,weak_tail,equal,oracle,3,409,0.13633333333333333,0.12451849239566237,0.14907832357722473
5,240,74,strong,0.7,weak_tail,equal,oracle,4,563,0.18766666666666668,0.17409765323832668,0.20203453426542697
5,240,74,strong,0.7,weak_tail,equal,oracle,5,1890,0.63,0.6125673870769301,0.647100112254485
5,240,74,strong,0.7,weak_tail,equal,oracle,8,0,0.0,0.0,0.0012788487253259629
5,240,74,strong,0.7,weak_tail,equal,feasible,1,92,0.030666666666666665,0.025072069611626467,0.03746167639187949
5,240,74,strong,0.7,weak_tail,equal,feasible,2,488,0.16266666666666665,0.14989301827692775,0.17630311166309215
5,240,74,strong,0.7,weak_tail,equal,feasible,3,460,0.15333333333333332,0.14088405228258669,0.16666928283363927
5,240,74,strong,0.7,weak_tail,equal,feasible,4,446,0.14866666666666667,0.13638572065032373,0.16184621705400531
5,240,74,strong,0.7,weak_tail,equal,feasible,5,820,0.2733333333333333,0.2576829484450923,0.2895634629770554
5,240,74,strong,0.7,weak_tail,equal,feasible,8,694,0.23133333333333334,0.2165931294774888,0.24676070523758634
5,240,74,strong,0.7,weak_tail,hj,oracle,1,0,0.0,0.0,0.0012788487253259629
5,240,74,strong,0.7,weak_tail,hj,oracle,2,8,0.0026666666666666666,0.0013518647401935516,0.005253496791930672
5,240,74,strong,0.7,weak_tail,hj,oracle,3,240,0.08,0.07082054503843029,0.09025368789084352
5,240,74,strong,0.7,weak_tail,hj,oracle,4,527,0.17566666666666667,0.16246676326072335,0.18969611661243807
5,240,74,strong,0.7,weak_tail,hj,oracle,5,2225,0.7416666666666667,0.72570132277446,0.7570139003416325
5,240,74,strong,0.7,weak_tail,hj,oracle,8,0,0.0,0.0,0.0012788487253259629
5,240,74,strong,0.7,weak_tail,hj,feasible,1,5,0.0016666666666666668,0.0007121039409388158,0.0038958152886360608
5,240,74,strong,0.7,weak_tail,hj,feasible,2,216,0.072,0.06328737179829913,0.08180732271057986
5,240,74,strong,0.7,weak_tail,hj,feasible,3,511,0.17033333333333334,0.1573048527397292,0.18420500151983574
5,240,74,strong,0.7,weak_tail,hj,feasible,4,697,0.23233333333333334,0.21756916079686828,0.24778211622075624
5,240,74,strong,0.7,weak_tail,hj,feasible,5,1138,0.37933333333333336,0.3621349710520436,0.3968403244403351
5,240,74,strong,0.7,weak_tail,hj,feasible,8,433,0.14433333333333334,0.1322125554006789,0.157363798992603
5,240,74,weak,0.0,full,equal,oracle,1,1036,0.3453333333333333,0.3285264536785394,0.3625358035271614
5,240,74,weak,0.0,full,equal,oracle,2,772,0.25733333333333336,0.24200714652952512,0.27328018805183313
5,240,74,weak,0.0,full,equal,oracle,3,501,0.167,0.15408107191785353,0.18077064133321358
5,240,74,weak,0.0,full,equal,oracle,4,334,0.11133333333333334,0.10057097984346397,0.12308977856568942
5,240,74,weak,0.0,full,equal,oracle,5,357,0.119,0.10789799524298385,0.13107648748571452
5,240,74,weak,0.0,full,equal,oracle,8,0,0.0,0.0,0.0012788487253259629
5,240,74,weak,0.0,full,equal,feasible,1,921,0.307,0.2907502343943788,0.32374340121359696
5,240,74,weak,0.0,full,equal,feasible,2,538,0.17933333333333334,0.16601825700495518,0.19346857797755387
5,240,74,weak,0.0,full,equal,feasible,3,394,0.13133333333333333,0.11971680828338488,0.14389279617675543
5,240,74,weak,0.0,full,equal,feasible,4,374,0.12466666666666666,0.1133236066319313,0.13696971581121337
5,240,74,weak,0.0,full,equal,feasible,5,458,0.15266666666666667,0.14024117573651607,0.16598053117801037
5,240,74,weak,0.0,full,equal,feasible,8,315,0.105,0.09453085799481524,0.11647943249819225
5,240,74,weak,0.0,full,hj,oracle,1,1097,0.36566666666666664,0.34861451313190883,0.38306240422562865
5,240,74,weak,0.0,full,hj,oracle,2,794,0.26466666666666666,0.2491885907514262,0.2807466540486272
5,240,74,weak,0.0,full,hj,oracle,3,491,0.16366666666666665,0.1508592004587268,0.17733437178384243
5,240,74,weak,0.0,full,hj,oracle,4,309,0.103,0.09262598088993688,0.1143894249979719
5,240,74,weak,0.0,full,hj,oracle,5,309,0.103,0.09262598088993688,0.1143894249979719
5,240,74,weak,0.0,full,hj,oracle,8,0,0.0,0.0,0.0012788487253259629
5,240,74,weak,0.0,full,hj,feasible,1,1018,0.3393333333333333,0.3226053294649638,0.3564722739254409
5,240,74,weak,0.0,full,hj,feasible,2,580,0.19333333333333333,0.17959762031963797,0.20785340689856194
5,240,74,weak,0.0,full,hj,feasible,3,407,0.13566666666666666,0.12387794363589708,0.1483872441352904
5,240,74,weak,0.0,full,hj,feasible,4,356,0.11866666666666667,0.1075790990429635,0.1307295695848851
5,240,74,weak,0.0,full,hj,feasible,5,403,0.13433333333333333,0.12259714257424147,0.1470047887935469
5,240,74,weak,0.0,full,hj,feasible,8,236,0.07866666666666666,0.06956292580188018,0.08884805072399447
5,240,74,weak,0.0,weak_tail,equal,oracle,1,1188,0.396,0.37864306480187254,0.4136229357329953
5,240,74,weak,0.0,weak_tail,equal,oracle,2,782,0.26066666666666666,0.24527073672808422,0.2766747388617718
5,240,74,weak,0.0,weak_tail,equal,oracle,3,699,0.233,0.21821991418143416,0.24846299103788994
5,240,74,weak,0.0,weak_tail,equal,oracle,4,217,0.07233333333333333,0.06360062957884215,0.08215987903088666
5,240,74,weak,0.0,weak_tail,equal,oracle,5,114,0.038,0.03172798089876353,0.04545367532343766
5,240,74,weak,0.0,weak_tail,equal,oracle,8,0,0.0,0.0,0.0012788487253259629
5,240,74,weak,0.0,weak_tail,equal,feasible,1,1079,0.3596666666666667,0.342683397352324,0.3770088661899176
5,240,74,weak,0.0,weak_tail,equal,feasible,2,655,0.21833333333333332,0.203915753404453,0.2334713313774806
5,240,74,weak,0.0,weak_tail,equal,feasible,3,401,0.13366666666666666,0.1219568915096465,0.1463134116564423
5,240,74,weak,0.0,weak_tail,equal,feasible,4,202,0.06733333333333333,0.05890793542797179,0.07686536166901026
5,240,74,weak,0.0,weak_tail,equal,feasible,5,183,0.061,0.05298433102545966,0.07013849815537654
5,240,74,weak,0.0,weak_tail,equal,feasible,8,480,0.16,0.1473174030619614,0.17355221407126026
5,240,74,weak,0.0,weak_tail,hj,oracle,1,1195,0.3983333333333333,0.38095590083290276,0.4159707984079135
5,240,74,weak,0.0,weak_tail,hj,oracle,2,747,0.249,0.23385339690464071,0.26478858515547293
5,240,74,weak,0.0,weak_tail,hj,oracle,3,686,0.22866666666666666,0.21399096247151933,0.24403635943675756
5,240,74,weak,0.0,weak_tail,hj,oracle,4,241,0.08033333333333334,0.07113507420425678,0.09060497282586681
5,240,74,weak,0.0,weak_tail,hj,oracle,5,131,0.043666666666666666,0.036919139743031126,0.05158135619361637
5,240,74,weak,0.0,weak_tail,hj,oracle,8,0,0.0,0.0,0.0012788487253259629
5,240,74,weak,0.0,weak_tail,hj,feasible,1,1083,0.361,0.34400117289280335,0.37835434705283727
5,240,74,weak,0.0,weak_tail,hj,feasible,2,589,0.19633333333333333,0.1825112602394065,0.21093209388644146
5,240,74,weak,0.0,weak_tail,hj,feasible,3,453,0.151,0.13863435786808256,0.16425827854219496
5,240,74,weak,0.0,weak_tail,hj,feasible,4,329,0.10966666666666666,0.0989803253945503,0.12135136251035415
5,240,74,weak,0.0,weak_tail,hj,feasible,5,299,0.09966666666666667,0.08945401935526073,0.11090324552415023
5,240,74,weak,0.0,weak_tail,hj,feasible,8,247,0.08233333333333333,0.07302327237296811,0.09271165926225415
5,240,74,weak,0.7,full,equal,oracle,1,1084,0.36133333333333334,0.34433063917398693,0.37869069487250345
5,240,74,weak,0.7,full,equal,oracle,2,487,0.16233333333333333,0.1495709968935688,0.17595931894560135
5,240,74,weak,0.7,full,equal,oracle,3,455,0.15166666666666667,0.13927702070005177,0.16494724391192533
5,240,74,weak,0.7,full,equal,oracle,4,410,0.13666666666666666,0.12483880356580958,0.14942382650792727
5,240,74,weak,0.7,full,equal,oracle,5,564,0.188,0.17442104914071704,0.20237695246388637
5,240,74,weak,0.7,full,equal,oracle,8,0,0.0,0.0,0.0012788487253259629
5,240,74,weak,0.7,full,equal,feasible,1,871,0.29033333333333333,0.27436675727754184,0.3068361732879448
5,240,74,weak,0.7,full,equal,feasible,2,410,0.13666666666666666,0.12483880356580958,0.14942382650792727
5,240,74,weak,0.7,full,equal,feasible,3,360,0.12,0.10885485831348496,0.13211706671776274
5,240,74,weak,0.7,full,equal,feasible,4,394,0.13133333333333333,0.11971680828338488,0.14389279617675543
5,240,74,weak,0.7,full,equal,feasible,5,438,0.146,0.13381717039352256,0.15908825450400818
5,240,74,weak,0.7,full,equal,feasible,8,527,0.17566666666666667,0.16246676326072335,0.18969611661243807
5,240,74,weak,0.7,full,hj,oracle,1,95,0.03166666666666667,0.02597487167043385,0.03855631663562147
5,240,74,weak,0.7,full,hj,oracle,2,214,0.07133333333333333,0.0626610280287148,0.08110203827846464
5,240,74,weak,0.7,full,hj,oracle,3,429,0.143,0.13092927366779203,0.15598382432209065
5,240,74,weak,0.7,full,hj,oracle,4,969,0.323,0.3065021711394206,0.3399505413093449
5,240,74,weak,0.7,full,hj,oracle,5,1293,0.431,0.41337859999689186,0.4487978811272031
5,240,74,weak,0.7,full,hj,oracle,8,0,0.0,0.0,0.0012788487253259629
5,240,74,weak,0.7,full,hj,feasible,1,389,0.12966666666666668,0.11811751784795636,0.1421630161079351
5,240,74,weak,0.7,full,hj,feasible,2,386,0.12866666666666668,0.11715825620598928,0.14112483544735283
5,240,74,weak,0.7,full,hj,feasible,3,502,0.16733333333333333,0.1544033648302494,0.18111416252166745
5,240,74,weak,0.7,full,hj,feasible,4,690,0.23,0.21529193956658157,0.24539863874509446
5,240,74,weak,0.7,full,hj,feasible,5,692,0.23066666666666666,0.21594250800086914,0.2460796985125064
5,240,74,weak,0.7,full,hj,feasible,8,341,0.11366666666666667,0.10279922771896328,0.12552222939613855
5,240,74,weak,0.7,weak_tail,equal,oracle,1,1180,0.3933333333333333,0.376000332524318,0.4109391552037515
5,240,74,weak,0.7,weak_tail,equal,oracle,2,640,0.21333333333333335,0.1990454617906847,0.2283544114785022
5,240,74,weak,0.7,weak_tail,equal,oracle,3,754,0.25133333333333335,0.2361356851667563,0.26716699559930585
5,240,74,weak,0.7,weak_tail,equal,oracle,4,271,0.09033333333333333,0.08059265547089096,0.10112181458472609
5,240,74,weak,0.7,weak_tail,equal,oracle,5,155,0.051666666666666666,0.04430347095281026,0.060176563404232025
5,240,74,weak,0.7,weak_tail,equal,oracle,8,0,0.0,0.0,0.0012788487253259629
5,240,74,weak,0.7,weak_tail,equal,feasible,1,982,0.3273333333333333,0.31077220434862224,0.3443360914111903
5,240,74,weak,0.7,weak_tail,equal,feasible,2,626,0.20866666666666667,0.19450278158535417,0.22357569427193574
5,240,74,weak,0.7,weak_tail,equal,feasible,3,384,0.128,0.11651888013349412,0.14043258331814837
5,240,74,weak,0.7,weak_tail,equal,feasible,4,199,0.06633333333333333,0.057971044709308375,0.07580481008512431
5,240,74,weak,0.7,weak_tail,equal,feasible,5,225,0.075,0.0661087063006732,0.08497831511585385
5,240,74,weak,0.7,weak_tail,equal,feasible,8,584,0.19466666666666665,0.18089241185122115,0.20922187177037785
5,240,74,weak,0.7,weak_tail,hj,oracle,1,264,0.088,0.0783822865297667,0.09867148481990187
5,240,74,weak,0.7,weak_tail,hj,oracle,2,992,0.33066666666666666,0.31405795013023285,0.3477084866380775
5,240,74,weak,0.7,weak_tail,hj,oracle,3,982,0.3273333333333333,0.31077220434862224,0.3443360914111903
5,240,74,weak,0.7,weak_tail,hj,oracle,4,475,0.15833333333333333,0.14570829524894569,0.17183225138002706
5,240,74,weak,0.7,weak_tail,hj,oracle,5,287,0.09566666666666666,0.08565253698168951,0.10671495868752406
5,240,74,weak,0.7,weak_tail,hj,oracle,8,0,0.0,0.0,0.0012788487253259629
5,240,74,weak,0.7,weak_tail,hj,feasible,1,600,0.2,0.18607411280390726,0.21469319643128834
5,240,74,weak,0.7,weak_tail,hj,feasible,2,804,0.268,0.2524547405555595,0.2841386452529918
5,240,74,weak,0.7,weak_tail,hj,feasible,3,573,0.191,0.17733235582473614,0.20545797268751528
5,240,74,weak,0.7,weak_tail,hj,feasible,4,378,0.126,0.11460139177278211,0.1383551870737617
5,240,74,weak,0.7,weak_tail,hj,feasible,5,387,0.129,0.11747798383568694,0.14147092191850494
5,240,74,weak,0.7,weak_tail,hj,feasible,8,258,0.086,0.07648937686404016,0.09656950988052972
5,600,25,strong,0.0,full,equal,oracle,1,0,0.0,0.0,0.0012788487253259629
5,600,25,strong,0.0,full,equal,oracle,2,0,0.0,0.0,0.0012788487253259629
5,600,25,strong,0.0,full,equal,oracle,3,0,0.0,0.0,0.0012788487253259629
5,600,25,strong,0.0,full,equal,oracle,4,29,0.009666666666666667,0.0067390263076782565,0.013848431342291408
5,600,25,strong,0.0,full,equal,oracle,5,2971,0.9903333333333333,0.9861515686577085,0.9932609736923217
5,600,25,strong,0.0,full,equal,oracle,8,0,0.0,0.0,0.0012788487253259629
5,600,25,strong,0.0,full,equal,feasible,1,10,0.0033333333333333335,0.0018116337615376185,0.006125355972286172
5,600,25,strong,0.0,full,equal,feasible,2,20,0.006666666666666667,0.004319839120639022,0.010275291621682595
5,600,25,strong,0.0,full,equal,feasible,3,100,0.03333333333333333,0.027483152333113072,0.04037710647719116
5,600,25,strong,0.0,full,equal,feasible,4,298,0.09933333333333333,0.08913702285967337,0.11055442791888781
5,600,25,strong,0.0,full,equal,feasible,5,1995,0.665,0.6479088226026989,0.6816691573179435
5,600,25,strong,0.0,full,equal,feasible,8,577,0.19233333333333333,0.1786266955038284,0.20682688941182217
5,600,25,strong,0.0,full,hj,oracle,1,0,0.0,0.0,0.0012788487253259629
5,600,25,strong,0.0,full,hj,oracle,2,0,0.0,0.0,0.0012788487253259629
5,600,25,strong,0.0,full,hj,oracle,3,0,0.0,0.0,0.0012788487253259629
5,600,25,strong,0.0,full,hj,oracle,4,29,0.009666666666666667,0.0067390263076782565,0.013848431342291408
5,600,25,strong,0.0,full,hj,oracle,5,2971,0.9903333333333333,0.9861515686577085,0.9932609736923217
5,600,25,strong,0.0,full,hj,oracle,8,0,0.0,0.0,0.0012788487253259629
5,600,25,strong,0.0,full,hj,feasible,1,13,0.004333333333333333,0.0025342196904608112,0.007400212345912326
5,600,25,strong,0.0,full,hj,feasible,2,29,0.009666666666666667,0.0067390263076782565,0.013848431342291408
5,600,25,strong,0.0,full,hj,feasible,3,110,0.03666666666666667,0.030512135769472128,0.04400626404932994
5,600,25,strong,0.0,full,hj,feasible,4,302,0.10066666666666667,0.0904052288845772,0.11194947829738314
5,600,25,strong,0.0,full,hj,feasible,5,1988,0.6626666666666666,0.6455495734975532,0.6793677077171407
5,600,25,strong,0.0,full,hj,feasible,8,558,0.186,0.1724809241162921,0.2003221928832126
5,600,25,strong,0.0,weak_tail,equal,oracle,1,0,0.0,0.0,0.0012788487253259629
5,600,25,strong,0.0,weak_tail,equal,oracle,2,2,0.0006666666666666666,0.00018284308780954395,0.0024276338392159843
5,600,25,strong,0.0,weak_tail,equal,oracle,3,369,0.123,0.11172699363076054,0.13523725830813524
5,600,25,strong,0.0,weak_tail,equal,oracle,4,501,0.167,0.15408107191785353,0.18077064133321358
5,600,25,strong,0.0,weak_tail,equal,oracle,5,2128,0.7093333333333334,0.6928254266787167,0.7253058286549469
5,600,25,strong,0.0,weak_tail,equal,oracle,8,0,0.0,0.0,0.0012788487253259629
5,600,25,strong,0.0,weak_tail,equal,feasible,1,43,0.014333333333333333,0.01065870981448653,0.019250145247380092
5,600,25,strong,0.0,weak_tail,equal,feasible,2,197,0.06566666666666666,0.05734677014110726,0.07509745645162587
5,600,25,strong,0.0,weak_tail,equal,feasible,3,558,0.186,0.1724809241162921,0.2003221928832126
5,600,25,strong,0.0,weak_tail,equal,feasible,4,512,0.17066666666666666,0.1576273341048057,0.184548334255609
5,600,25,strong,0.0,weak_tail,equal,feasible,5,1077,0.359,0.3420245634086391,0.3763360719319027
5,600,25,strong,0.0,weak_tail,equal,feasible,8,613,0.20433333333333334,0.1902871695773539,0.21913572296888886
5,600,25,strong,0.0,weak_tail,hj,oracle,1,0,0.0,0.0,0.0012788487253259629
5,600,25,strong,0.0,weak_tail,hj,oracle,2,1,0.0003333333333333333,5.8843941871566355e-05,0.0018858188843041794
5,600,25,strong,0.0,weak_tail,hj,oracle,3,372,0.124,0.1126848784070766,0.13627681583436854
5,600,25,strong,0.0,weak_tail,hj,oracle,4,501,0.167,0.15408107191785353,0.18077064133321358
5,600,25,strong,0.0,weak_tail,hj,oracle,5,2126,0.7086666666666667,0.6921486583793715,0.7246509687525926
5,600,25,strong,0.0,weak_tail,hj,oracle,8,0,0.0,0.0,0.0012788487253259629
5,600,25,strong,0.0,weak_tail,hj,feasible,1,39,0.013,0.009524410987561932,0.017721187670905556
5,600,25,strong,0.0,weak_tail,hj,feasible,2,157,0.052333333333333336,0.04492136585872146,0.0608902967000204
5,600,25,strong,0.0,weak_tail,hj,feasible,3,669,0.223,0.20846421476246246,0.23824426743136812
5,600,25,strong,0.0,weak_tail,hj,feasible,4,603,0.201,0.18704612668944987,0.21571862484829507
5,600,25,strong,0.0,weak_tail,hj,feasible,5,1109,0.36966666666666664,0.35257019052089555,0.3870964960468394
5,600,25,strong,0.0,weak_tail,hj,feasible,8,423,0.141,0.12900504479605657,0.15391316858872744
5,600,25,strong,0.7,full,equal,oracle,1,0,0.0,0.0,0.0012788487253259629
5,600,25,strong,0.7,full,equal,oracle,2,0,0.0,0.0,0.0012788487253259629
5,600,25,strong,0.7,full,equal,oracle,3,6,0.002,0.000916930269583324,0.004356803060841335
5,600,25,strong,0.7,full,equal,oracle,4,28,0.009333333333333334,0.0064653588228406,0.01345628472627928
5,600,25,strong,0.7,full,equal,oracle,5,2966,0.9886666666666667,0.9842050842176286,0.991878387628153
5,600,25,strong,0.7,full,equal,oracle,8,0,0.0,0.0,0.0012788487253259629
5,600,25,strong,0.7,full,equal,feasible,1,1,0.0003333333333333333,5.8843941871566355e-05,0.0018858188843041794
5,600,25,strong,0.7,full,equal,feasible,2,17,0.005666666666666667,0.0035410565832478284,0.00905663185652444
5,600,25,strong,0.7,full,equal,feasible,3,51,0.017,0.012953739842509025,0.02228162802615586
5,600,25,strong,0.7,full,equal,feasible,4,323,0.10766666666666666,0.09707261141658088,0.11926419188322487
5,600,25,strong,0.7,full,equal,feasible,5,1827,0.609,0.5914095994876911,0.6263116114901879
5,600,25,strong,0.7,full,equal,feasible,8,781,0.26033333333333336,0.24494432472789066,0.2763353367611156
5,600,25,strong,0.7,full,hj,oracle,1,0,0.0,0.0,0.0012788487253259629
5,600,25,strong,0.7,full,hj,oracle,2,0,0.0,0.0,0.0012788487253259629
5,600,25,strong,0.7,full,hj,oracle,3,0,0.0,0.0,0.0012788487253259629
5,600,25,strong,0.7,full,hj,oracle,4,3,0.001,0.00034014721903916404,0.002936143808836147
5,600,25,strong,0.7,full,hj,oracle,5,2997,0.999,0.9970638561911638,0.9996598527809608
5,600,25,strong,0.7,full,hj,oracle,8,0,0.0,0.0,0.0012788487253259629
5,600,25,strong,0.7,full,hj,feasible,1,0,0.0,0.0,0.0012788487253259629
5,600,25,strong,0.7,full,hj,feasible,2,0,0.0,0.0,0.0012788487253259629
5,600,25,strong,0.7,full,hj,feasible,3,8,0.0026666666666666666,0.0013518647401935516,0.005253496791930672
5,600,25,strong,0.7,full,hj,feasible,4,156,0.052,0.044612373435453025,0.06053347502243903
5,600,25,strong,0.7,full,hj,feasible,5,2151,0.717,0.7006113295455768,0.7328336501076317
5,600,25,strong,0.7,full,hj,feasible,8,685,0.22833333333333333,0.21366575160276177,0.24369575620466535
5,600,25,strong,0.7,weak_tail,equal,oracle,1,0,0.0,0.0,0.0012788487253259629
5,600,25,strong,0.7,weak_tail,equal,oracle,2,6,0.002,0.000916930269583324,0.004356803060841335
5,600,25,strong,0.7,weak_tail,equal,oracle,3,394,0.13133333333333333,0.11971680828338488,0.14389279617675543
5,600,25,strong,0.7,weak_tail,equal,oracle,4,516,0.172,0.1589174451712877,0.18592147959252608
5,600,25,strong,0.7,weak_tail,equal,oracle,5,2084,0.6946666666666667,0.6779461649255487,0.7108892699707243
5,600,25,strong,0.7,weak_tail,equal,oracle,8,0,0.0,0.0,0.0012788487253259629
5,600,25,strong,0.7,weak_tail,equal,feasible,1,8,0.0026666666666666666,0.0013518647401935516,0.005253496791930672
5,600,25,strong,0.7,weak_tail,equal,feasible,2,233,0.07766666666666666,0.06862024174778868,0.08779329247553662
5,600,25,strong,0.7,weak_tail,equal,feasible,3,549,0.183,0.16957187427515297,0.19723891581670366
5,600,25,strong,0.7,weak_tail,equal,feasible,4,505,0.16833333333333333,0.15537035766425142,0.18214461199021478
5,600,25,strong,0.7,weak_tail,equal,feasible,5,1023,0.341,0.32424978414501804,0.35815688974963567
5,600,25,strong,0.7,weak_tail,equal,feasible,8,682,0.22733333333333333,0.212690199497621,0.24267386600725674
5,600,25,strong,0.7,weak_tail,hj,oracle,1,0,0.0,0.0,0.0012788487253259629
5,600,25,strong,0.7,weak_tail,hj,oracle,2,1,0.0003333333333333333,5.8843941871566355e-05,0.0018858188843041794
5,600,25,strong,0.7,weak_tail,hj,oracle,3,282,0.094,0.08407021959035776,0.1049682055746069
5,600,25,strong,0.7,weak_tail,hj,oracle,4,505,0.16833333333333333,0.15537035766425142,0.18214461199021478
5,600,25,strong,0.7,weak_tail,hj,oracle,5,2212,0.7373333333333333,0.7212890941413502,0.752770545663695
5,600,25,strong,0.7,weak_tail,hj,oracle,8,0,0.0,0.0,0.0012788487253259629
5,600,25,strong,0.7,weak_tail,hj,feasible,1,0,0.0,0.0,0.0012788487253259629
5,600,25,strong,0.7,weak_tail,hj,feasible,2,103,0.034333333333333334,0.02839017317686661,0.04146752793598697
5,600,25,strong,0.7,weak_tail,hj,feasible,3,598,0.19933333333333333,0.18542618092246332,0.2140095001110327
5,600,25,strong,0.7,weak_tail,hj,feasible,4,668,0.22266666666666668,0.20813923461090383,0.237903433482077
5,600,25,strong,0.7,weak_tail,hj,feasible,5,1199,0.39966666666666667,0.3822777075109305,0.41731224813328494
5,600,25,strong,0.7,weak_tail,hj,feasible,8,432,0.144,0.13189170058240915,0.15701883971002292
5,600,25,weak,0.0,full,equal,oracle,1,377,0.12566666666666668,0.11428190463462361,0.13800886011107044
5,600,25,weak,0.0,full,equal,oracle,2,430,0.14333333333333334,0.13125005964967884,0.1563288524410537
5,600,25,weak,0.0,full,equal,oracle,3,493,0.16433333333333333,0.1515034197904832,0.1780217806537856
5,600,25,weak,0.0,full,equal,oracle,4,577,0.19233333333333333,0.1786266955038284,0.20682688941182217
5,600,25,weak,0.0,full,equal,oracle,5,1123,0.37433333333333335,0.35718675198129335,0.39180133199833866
5,600,25,weak,0.0,full,equal,oracle,8,0,0.0,0.0,0.0012788487253259629
5,600,25,weak,0.0,full,equal,feasible,1,554,0.18466666666666667,0.17118784335873422,0.19895201723737138
5,600,25,weak,0.0,full,equal,feasible,2,448,0.14933333333333335,0.1370280793696852,0.16253548653634342
5,600,25,weak,0.0,full,equal,feasible,3,445,0.14833333333333334,0.13606457424868373,0.16150154935479555
5,600,25,weak,0.0,full,equal,feasible,4,491,0.16366666666666665,0.1508592004587268,0.17733437178384243
5,600,25,weak,0.0,full,equal,feasible,5,688,0.22933333333333333,0.21464142433594988,0.24471752577402658
5,600,25,weak,0.0,full,equal,feasible,8,374,0.12466666666666666,0.1133236066319313,0.13696971581121337
5,600,25,weak,0.0,full,hj,oracle,1,433,0.14433333333333334,0.1322125554006789,0.157363798992603
5,600,25,weak,0.0,full,hj,oracle,2,464,0.15466666666666667,0.14217005898835283,0.16804653253127233
5,600,25,weak,0.0,full,hj,oracle,3,500,0.16666666666666666,0.15375879809721082,0.18042710105300647
5,600,25,weak,0.0,full,hj,oracle,4,554,0.18466666666666667,0.17118784335873422,0.19895201723737138
5,600,25,weak,0.0,full,hj,oracle,5,1049,0.3496666666666667,0.33280468267681246,0.36691315783993556
5,600,25,weak,0.0,full,hj,oracle,8,0,0.0,0.0,0.0012788487253259629
5,600,25,weak,0.0,full,hj,feasible,1,643,0.21433333333333332,0.2000192632247946,0.2293780523469416
5,600,25,weak,0.0,full,hj,feasible,2,491,0.16366666666666665,0.1508592004587268,0.17733437178384243
5,600,25,weak,0.0,full,hj,feasible,3,452,0.15066666666666667,0.1383130587841239,0.16391376352530382
5,600,25,weak,0.0,full,hj,feasible,4,466,0.15533333333333332,0.14281318825534683,0.16873503146597785
5,600,25,weak,0.0,full,hj,feasible,5,625,0.20833333333333334,0.1941784143755685,0.22323424738087166
5,600,25,weak,0.0,full,hj,feasible,8,323,0.10766666666666666,0.09707261141658088,0.11926419188322487
5,600,25,weak,0.0,weak_tail,equal,oracle,1,489,0.163,0.15021505936457397,0.17664688467629575
5,600,25,weak,0.0,weak_tail,equal,oracle,2,712,0.23733333333333334,0.22245108364311653,0.25288740488725475
5,600,25,weak,0.0,weak_tail,equal,oracle,3,1137,0.379,0.3618050288299461,0.3965044525615828
5,600,25,weak,0.0,weak_tail,equal,oracle,4,407,0.13566666666666666,0.12387794363589708,0.1483872441352904
5,600,25,weak,0.0,weak_tail,equal,oracle,5,255,0.085,0.07554352413105025,0.09551792031097028
5,600,25,weak,0.0,weak_tail,equal,oracle,8,0,0.0,0.0,0.0012788487253259629
5,600,25,weak,0.0,weak_tail,equal,feasible,1,743,0.24766666666666667,0.23254950155919415,0.26342922409752034
5,600,25,weak,0.0,weak_tail,equal,feasible,2,676,0.22533333333333333,0.21073945941848046,0.2406297214812986
5,600,25,weak,0.0,weak_tail,equal,feasible,3,536,0.17866666666666667,0.16537237142977845,0.19278283535103102
5,600,25,weak,0.0,weak_tail,equal,feasible,4,284,0.09466666666666666,0.08470302854287072,0.10566702482379352
5,600,25,weak,0.0,weak_tail,equal,feasible,5,311,0.10366666666666667,0.09326080066579004,0.11508623342381835
5,600,25,weak,0.0,weak_tail,equal,feasible,8,450,0.15,0.1376705255739948,0.16322466853373332
5,600,25,weak,0.0,weak_tail,hj,oracle,1,506,0.16866666666666666,0.15569272649107696,0.182488057264239
5,600,25,weak,0.0,weak_tail,hj,oracle,2,695,0.23166666666666666,0.21691846005659043,0.24710118875933446
5,600,25,weak,0.0,weak_tail,hj,oracle,3,1121,0.37366666666666665,0.35652713787678664,0.39112931790114563
5,600,25,weak,0.0,weak_tail,hj,oracle,4,419,0.13966666666666666,0.1277226944023648,0.1525322625790201
5,600,25,weak,0.0,weak_tail,hj,oracle,5,259,0.08633333333333333,0.07680475108488266,0.096919949760537
5,600,25,weak,0.0,weak_tail,hj,oracle,8,0,0.0,0.0,0.0012788487253259629
5,600,25,weak,0.0,weak_tail,hj,feasible,1,743,0.24766666666666667,0.23254950155919415,0.26342922409752034
5,600,25,weak,0.0,weak_tail,hj,feasible,2,632,0.21066666666666667,0.19644929412654577,0.22562406633584287
5,600,25,weak,0.0,weak_tail,hj,feasible,3,612,0.204,0.1899629967994489,0.21879408164594405
5,600,25,weak,0.0,weak_tail,hj,feasible,4,377,0.12566666666666668,0.11428190463462361,0.13800886011107044
5,600,25,weak,0.0,weak_tail,hj,feasible,5,398,0.13266666666666665,0.12099670351507319,0.14527615734846627
5,600,25,weak,0.0,weak_tail,hj,feasible,8,238,0.07933333333333334,0.07019163536546923,0.089550969362105
5,600,25,weak,0.7,full,equal,oracle,1,425,0.14166666666666666,0.1296463612014223,0.15460348038506128
5,600,25,weak,0.7,full,equal,oracle,2,347,0.11566666666666667,0.10471036265529521,0.12760597906490534
5,600,25,weak,0.7,full,equal,oracle,3,380,0.12666666666666668,0.11524044720203012,0.1390477598462133
5,600,25,weak,0.7,full,equal,oracle,4,476,0.15866666666666668,0.14603007630073594,0.1721762844290866
5,600,25,weak,0.7,full,equal,oracle,5,1372,0.4573333333333333,0.4395725366026678,0.47520325848855993
5,600,25,weak,0.7,full,equal,oracle,8,0,0.0,0.0,0.0012788487253259629
5,600,25,weak,0.7,full,equal,feasible,1,481,0.16033333333333333,0.14763928513446692,0.1738961460996045
5,600,25,weak,0.7,full,equal,feasible,2,394,0.13133333333333333,0.11971680828338488,0.14389279617675543
5,600,25,weak,0.7,full,equal,feasible,3,330,0.11,0.09929839195629818,0.12169911004945606
5,600,25,weak,0.7,full,equal,feasible,4,548,0.18266666666666667,0.16924873173083738,0.1968962442601695
5,600,25,weak,0.7,full,equal,feasible,5,706,0.23533333333333334,0.22049796334297023,0.2508456405823023
5,600,25,weak,0.7,full,equal,feasible,8,541,0.18033333333333335,0.166987216883172,0.19449706040188644
5,600,25,weak,0.7,full,hj,oracle,1,6,0.002,0.000916930269583324,0.004356803060841335
5,600,25,weak,0.7,full,hj,oracle,2,32,0.010666666666666666,0.007565902880806795,0.015018997071712215
5,600,25,weak,0.7,full,hj,oracle,3,130,0.043333333333333335,0.0366127910180945,0.051221890817703224
5,600,25,weak,0.7,full,hj,oracle,4,695,0.23166666666666666,0.21691846005659043,0.24710118875933446
5,600,25,weak,0.7,full,hj,oracle,5,2137,0.7123333333333334,0.6958714096135318,0.7282521726277799
5,600,25,weak,0.7,full,hj,oracle,8,0,0.0,0.0,0.0012788487253259629
5,600,25,weak,0.7,full,hj,feasible,1,141,0.047,0.03998876360822058,0.055169873336924746
5,600,25,weak,0.7,full,hj,feasible,2,216,0.072,0.06328737179829913,0.08180732271057986
5,600,25,weak,0.7,full,hj,feasible,3,332,0.11066666666666666,0.09993462182590945,0.12239450838154434
5,600,25,weak,0.7,full,hj,feasible,4,784,0.2613333333333333,0.245923595872965,0.27735350791859054
5,600,25,weak,0.7,full,hj,feasible,5,1133,0.37766666666666665,0.3604853468630302,0.39516087812509954
5,600,25,weak,0.7,full,hj,feasible,8,394,0.13133333333333333,0.11971680828338488,0.14389279617675543
5,600,25,weak,0.7,weak_tail,equal,oracle,1,575,0.19166666666666668,0.17797949316558398,0.20614246354836707
5,600,25,weak,0.7,weak_tail,equal,oracle,2,544,0.18133333333333335,0.1679563336717037,0.19552538591590407
5,600,25,weak,0.7,weak_tail,equal,oracle,3,1215,0.405,0.38756628252537345,0.42267669873243857
5,600,25,weak,0.7,weak_tail,equal,oracle,4,410,0.13666666666666666,0.12483880356580958,0.14942382650792727
5,600,25,weak,0.7,weak_tail,equal,oracle,5,256,0.08533333333333333,0.07585876314969729,0.09586849539317303
5,600,25,weak,0.7,weak_tail,equal,oracle,8,0,0.0,0.0,0.0012788487253259629
5,600,25,weak,0.7,weak_tail,equal,feasible,1,650,0.21666666666666667,0.20229196747118333,0.23176604680650137
5,600,25,weak,0.7,weak_tail,equal,feasible,2,703,0.23433333333333334,0.21952157825603258,0.2498245833666906
5,600,25,weak,0.7,weak_tail,equal,feasible,3,575,0.19166666666666668,0.17797949316558398,0.20614246354836707
5,600,25,weak,0.7,weak_tail,equal,feasible,4,254,0.08466666666666667,0.07522833065847884,0.09516729968269191
5,600,25,weak,0.7,weak_tail,equal,feasible,5,297,0.099,0.08882006331037884,0.11020557336733258
5,600,25,weak,0.7,weak_tail,equal,feasible,8,521,0.17366666666666666,0.16053049842591308,0.18763749684214967
5,600,25,weak,0.7,weak_tail,hj,oracle,1,46,0.015333333333333332,0.011515523944774946,0.020390773419641017
5,600,25,weak,0.7,weak_tail,hj,oracle,2,690,0.23,0.21529193956658157,0.24539863874509446
5,600,25,weak,0.7,weak_tail,hj,oracle,3,1387,0.4623333333333333,0.4445517500921209,0.4802112565118536
5,600,25,weak,0.7,weak_tail,hj,oracle,4,540,0.18,0.1666642127723977,0.19415425041181086
5,600,25,weak,0.7,weak_tail,hj,oracle,5,337,0.11233333333333333,0.10152575495684299,0.12413244575485971
5,600,25,weak,0.7,weak_tail,hj,oracle,8,0,0.0,0.0,0.0012788487253259629
5,600,25,weak,0.7,weak_tail,hj,feasible,1,356,0.11866666666666667,0.1075790990429635,0.1307295695848851
5,600,25,weak,0.7,weak_tail,hj,feasible,2,790,0.2633333333333333,0.2478824534254674,0.27938953497118685
5,600,25,weak,0.7,weak_tail,hj,feasible,3,738,0.246,0.23091990985744434,0.26172974529502124
5,600,25,weak,0.7,weak_tail,hj,feasible,4,389,0.12966666666666668,0.11811751784795636,0.1421630161079351
5,600,25,weak,0.7,weak_tail,hj,feasible,5,445,0.14833333333333334,0.13606457424868373,0.16150154935479555
5,600,25,weak,0.7,weak_tail,hj,feasible,8,282,0.094,0.08407021959035776,0.1049682055746069
5,600,74,strong,0.0,full,equal,oracle,1,0,0.0,0.0,0.0012788487253259629
5,600,74,strong,0.0,full,equal,oracle,2,0,0.0,0.0,0.0012788487253259629
5,600,74,strong,0.0,full,equal,oracle,3,1,0.0003333333333333333,5.8843941871566355e-05,0.0018858188843041794
5,600,74,strong,0.0,full,equal,oracle,4,19,0.006333333333333333,0.004058346146037406,0.009870970495434426
5,600,74,strong,0.0,full,equal,oracle,5,2980,0.9933333333333333,0.9897247083783173,0.995680160879361
5,600,74,strong,0.0,full,equal,oracle,8,0,0.0,0.0,0.0012788487253259629
5,600,74,strong,0.0,full,equal,feasible,1,3,0.001,0.00034014721903916404,0.002936143808836147
5,600,74,strong,0.0,full,equal,feasible,2,23,0.007666666666666666,0.005114186560027724,0.01147838648484324
5,600,74,strong,0.0,full,equal,feasible,3,83,0.027666666666666666,0.02237431560323675,0.03416710349262118
5,600,74,strong,0.0,full,equal,feasible,4,290,0.09666666666666666,0.0866023950440781,0.10776254292768483
5,600,74,strong,0.0,full,equal,feasible,5,1986,0.662,0.6448755868900454,0.6787100661229489
5,600,74,strong,0.0,full,equal,feasible,8,615,0.205,0.19093556046018786,0.2198189602877544
5,600,74,strong,0.0,full,hj,oracle,1,0,0.0,0.0,0.0012788487253259629
5,600,74,strong,0.0,full,hj,oracle,2,0,0.0,0.0,0.0012788487253259629
5,600,74,strong,0.0,full,hj,oracle,3,1,0.0003333333333333333,5.8843941871566355e-05,0.0018858188843041794
5,600,74,strong,0.0,full,hj,oracle,4,19,0.006333333333333333,0.004058346146037406,0.009870970495434426
5,600,74,strong,0.0,full,hj,oracle,5,2980,0.9933333333333333,0.9897247083783173,0.995680160879361
5,600,74,strong,0.0,full,hj,oracle,8,0,0.0,0.0,0.0012788487253259629
5,600,74,strong,0.0,full,hj,feasible,1,5,0.0016666666666666668,0.0007121039409388158,0.0038958152886360608
5,600,74,strong,0.0,full,hj,feasible,2,31,0.010333333333333333,0.007289344567375226,0.014629741284294003
5,600,74,strong,0.0,full,hj,feasible,3,99,0.033,0.027181147525451723,0.04001329718400274
5,600,74,strong,0.0,full,hj,feasible,4,292,0.09733333333333333,0.08723582560137695,0.10846074057208553
5,600,74,strong,0.0,full,hj,feasible,5,1979,0.6596666666666666,0.642516928600678,0.6764080257063678
5,600,74,strong,0.0,full,hj,feasible,8,594,0.198,0.18413050390967073,0.21264192072042615
5,600,74,strong,0.0,weak_tail,equal,oracle,1,0,0.0,0.0,0.0012788487253259629
5,600,74,strong,0.0,weak_tail,equal,oracle,2,5,0.0016666666666666668,0.0007121039409388158,0.0038958152886360608
5,600,74,strong,0.0,weak_tail,equal,oracle,3,60,0.02,0.015569816893370038,0.025657877882942888
5,600,74,strong,0.0,weak_tail,equal,oracle,4,204,0.068,0.0595328433782643,0.07757208192041733
5,600,74,strong,0.0,weak_tail,equal,oracle,5,2731,0.9103333333333333,0.8995780666929761,0.9200390914531064
5,600,74,strong,0.0,weak_tail,equal,oracle,8,0,0.0,0.0,0.0012788487253259629
5,600,74,strong,0.0,weak_tail,equal,feasible,1,23,0.007666666666666666,0.005114186560027724,0.01147838648484324
5,600,74,strong,0.0,weak_tail,equal,feasible,2,154,0.051333333333333335,0.043994659229371014,0.05981956102682148
5,600,74,strong,0.0,weak_tail,equal,feasible,3,286,0.09533333333333334,0.0853359950799826,0.10636568648838121
5,600,74,strong,0.0,weak_tail,equal,feasible,4,412,0.13733333333333334,0.12547949911041975,0.15011475916501668
5,600,74,strong,0.0,weak_tail,equal,feasible,5,1463,0.4876666666666667,0.4698073754140661,0.505557502854492
5,600,74,strong,0.0,weak_tail,equal,feasible,8,662,0.22066666666666668,0.20618964354923927,0.23585813993864282
5,600,74,strong,0.0,weak_tail,hj,oracle,1,0,0.0,0.0,0.0012788487253259629
5,600,74,strong,0.0,weak_tail,hj,oracle,2,1,0.0003333333333333333,5.8843941871566355e-05,0.0018858188843041794
5,600,74,strong,0.0,weak_tail,hj,oracle,3,63,0.021,0.01644854964331183,0.026776587435550444
5,600,74,strong,0.0,weak_tail,hj,oracle,4,204,0.068,0.0595328433782643,0.07757208192041733
5,600,74,strong,0.0,weak_tail,hj,oracle,5,2732,0.9106666666666666,0.8999280707857793,0.920354901461153
5,600,74,strong,0.0,weak_tail,hj,oracle,8,0,0.0,0.0,0.0012788487253259629
5,600,74,strong,0.0,weak_tail,hj,feasible,1,17,0.005666666666666667,0.0035410565832478284,0.00905663185652444
5,600,74,strong,0.0,weak_tail,hj,feasible,2,67,0.022333333333333334,0.01762477500157414,0.028263618480687265
5,600,74,strong,0.0,weak_tail,hj,feasible,3,358,0.11933333333333333,0.10821692059145281,0.13142337623809533
5,600,74,strong,0.0,weak_tail,hj,feasible,4,507,0.169,0.1560151141844806,0.18283148367168517
5,600,74,strong,0.0,weak_tail,hj,feasible,5,1526,0.5086666666666667,0.490777768891394,0.5265333977307004
5,600,74,strong,0.0,weak_tail,hj,feasible,8,525,0.175,0.16182126930243879,0.18900998236902306
5,600,74,strong,0.7,full,equal,oracle,1,0,0.0,0.0,0.0012788487253259629
5,600,74,strong,0.7,full,equal,oracle,2,0,0.0,0.0,0.0012788487253259629
5,600,74,strong,0.7,full,equal,oracle,3,1,0.0003333333333333333,5.8843941871566355e-05,0.0018858188843041794
5,600,74,strong,0.7,full,equal,oracle,4,21,0.007,0.004583051714804159,0.010677893128367241
5,600,74,strong,0.7,full,equal,oracle,5,2978,0.9926666666666667,0.9889211095779166,0.9951521314780624
5,600,74,strong,0.7,full,equal,oracle,8,0,0.0,0.0,0.0012788487253259629
5,600,74,strong,0.7,full,equal,feasible,1,1,0.0003333333333333333,5.8843941871566355e-05,0.0018858188843041794
5,600,74,strong,0.7,full,equal,feasible,2,14,0.004666666666666667,0.0027819139335313083,0.007818332203691613
5,600,74,strong,0.7,full,equal,feasible,3,20,0.006666666666666667,0.004319839120639022,0.010275291621682595
5,600,74,strong,0.7,full,equal,feasible,4,300,0.1,0.08977105263294838,0.1112520263473124
5,600,74,strong,0.7,full,equal,feasible,5,1912,0.6373333333333333,0.6199640032717396,0.6543514062783707
5,600,74,strong,0.7,full,equal,feasible,8,753,0.251,0.23580960741637802,0.2668272592488343
5,600,74,strong,0.7,full,hj,oracle,1,0,0.0,0.0,0.0012788487253259629
5,600,74,strong,0.7,full,hj,oracle,2,0,0.0,0.0,0.0012788487253259629
5,600,74,strong,0.7,full,hj,oracle,3,0,0.0,0.0,0.0012788487253259629
5,600,74,strong,0.7,full,hj,oracle,4,3,0.001,0.00034014721903916404,0.002936143808836147
5,600,74,strong,0.7,full,hj,oracle,5,2997,0.999,0.9970638561911638,0.9996598527809608
5,600,74,strong,0.7,full,hj,oracle,8,0,0.0,0.0,0.0012788487253259629
5,600,74,strong,0.7,full,hj,feasible,1,0,0.0,0.0,0.0012788487253259629
5,600,74,strong,0.7,full,hj,feasible,2,0,0.0,0.0,0.0012788487253259629
5,600,74,strong,0.7,full,hj,feasible,3,0,0.0,0.0,0.0012788487253259629
5,600,74,strong,0.7,full,hj,feasible,4,137,0.04566666666666667,0.03875960781167959,0.0537357727300666
5,600,74,strong,0.7,full,hj,feasible,5,2228,0.7426666666666667,0.7267198119481669,0.7579928534704748
5,600,74,strong,0.7,full,hj,feasible,8,635,0.21166666666666667,0.19742274806764876,0.22664805469728921
5,600,74,strong,0.7,weak_tail,equal,oracle,1,1,0.0003333333333333333,5.8843941871566355e-05,0.0018858188843041794
5,600,74,strong,0.7,weak_tail,equal,oracle,2,1,0.0003333333333333333,5.8843941871566355e-05,0.0018858188843041794
5,600,74,strong,0.7,weak_tail,equal,oracle,3,68,0.02266666666666667,0.017919601836232955,0.028634605746878237
5,600,74,strong,0.7,weak_tail,equal,oracle,4,205,0.06833333333333333,0.059845390313466564,0.07792534908606481
5,600,74,strong,0.7,weak_tail,equal,oracle,5,2725,0.9083333333333333,0.8974789246442586,0.9181433488967251
5,600,74,strong,0.7,weak_tail,equal,oracle,8,0,0.0,0.0,0.0012788487253259629
5,600,74,strong,0.7,weak_tail,equal,feasible,1,3,0.001,0.00034014721903916404,0.002936143808836147
5,600,74,strong,0.7,weak_tail,equal,feasible,2,165,0.055,0.047396448984681316,0.06374172638085879
5,600,74,strong,0.7,weak_tail,equal,feasible,3,232,0.07733333333333334,0.06830611632786679,0.08744160379460875
5,600,74,strong,0.7,weak_tail,equal,feasible,4,389,0.12966666666666668,0.11811751784795636,0.1421630161079351
5,600,74,strong,0.7,weak_tail,equal,feasible,5,1438,0.47933333333333333,0.4614945265373505,0.49722499920996294
5,600,74,strong,0.7,weak_tail,equal,feasible,8,773,0.25766666666666665,0.24233345239162768,0.2736196962905803
5,600,74,strong,0.7,weak_tail,hj,oracle,1,0,0.0,0.0,0.0012788487253259629
5,600,74,strong,0.7,weak_tail,hj,oracle,2,0,0.0,0.0,0.0012788487253259629
5,600,74,strong,0.7,weak_tail,hj,oracle,3,17,0.005666666666666667,0.0035410565832478284,0.00905663185652444
5,600,74,strong,0.7,weak_tail,hj,oracle,4,137,0.04566666666666667,0.03875960781167959,0.0537357727300666
5,600,74,strong,0.7,weak_tail,hj,oracle,5,2846,0.9486666666666667,0.9401804389731785,0.956005340770629
5,600,74,strong,0.7,weak_tail,hj,oracle,8,0,0.0,0.0,0.0012788487253259629
5,600,74,strong,0.7,weak_tail,hj,feasible,1,0,0.0,0.0,0.0012788487253259629
5,600,74,strong,0.7,weak_tail,hj,feasible,2,25,0.008333333333333333,0.005650966062941269,0.012273235183629263
5,600,74,strong,0.7,weak_tail,hj,feasible,3,215,0.07166666666666667,0.0629741711594646,0.08145470924856463
5,600,74,strong,0.7,weak_tail,hj,feasible,4,461,0.15366666666666667,0.14120552234157943,0.16701362687549634
5,600,74,strong,0.7,weak_tail,hj,feasible,5,1742,0.5806666666666667,0.562916942439224,0.5982100699664235
5,600,74,strong,0.7,weak_tail,hj,feasible,8,557,0.18566666666666667,0.1721576286108034,0.19997967428785154
5,600,74,weak,0.0,full,equal,oracle,1,314,0.10466666666666667,0.09421329180776727,0.11613118458439045
5,600,74,weak,0.0,full,equal,oracle,2,394,0.13133333333333333,0.11971680828338488,0.14389279617675543
5,600,74,weak,0.0,full,equal,oracle,3,543,0.181,0.16763327737027398,0.19518262811648399
5,600,74,weak,0.0,full,equal,oracle,4,598,0.19933333333333333,0.18542618092246332,0.2140095001110327
5,600,74,weak,0.0,full,equal,oracle,5,1151,0.38366666666666666,0.3664250085134015,0.40120587029002436
5,600,74,weak,0.0,full,equal,oracle,8,0,0.0,0.0,0.0012788487253259629
5,600,74,weak,0.0,full,equal,feasible,1,519,0.173,0.1598852221629369,0.18695114490342626
5,600,74,weak,0.0,full,equal,feasible,2,418,0.13933333333333334,0.1274021660500632,0.15218697683047192
5,600,74,weak,0.0,full,equal,feasible,3,486,0.162,0.1492489952633077,0.17561550647501267
5,600,74,weak,0.0,full,equal,feasible,4,483,0.161,0.1482831093829838,0.17458395005278718
5,600,74,weak,0.0,full,equal,feasible,5,678,0.226,0.2113896519701337,0.24131115713134493
5,600,74,weak,0.0,full,equal,feasible,8,416,0.13866666666666666,0.12676118093844366,0.15149633374039187
5,600,74,weak,0.0,full,hj,oracle,1,375,0.125,0.11364301197128066,0.13731612457271383
5,600,74,weak,0.0,full,hj,oracle,2,435,0.145,0.13285433341243352,0.15805364918254788
5,600,74,weak,0.0,full,hj,oracle,3,549,0.183,0.16957187427515297,0.19723891581670366
5,600,74,weak,0.0,full,hj,oracle,4,564,0.188,0.17442104914071704,0.20237695246388637
5,600,74,weak,0.0,full,hj,oracle,5,1077,0.359,0.3420245634086391,0.3763360719319027
5,600,74,weak,0.0,full,hj,oracle,8,0,0.0,0.0,0.0012788487253259629
5,600,74,weak,0.0,full,hj,feasible,1,620,0.20666666666666667,0.1925568008049528,0.22152679044723844
5,600,74,weak,0.0,full,hj,feasible,2,460,0.15333333333333332,0.14088405228258669,0.16666928283363927
5,600,74,weak,0.0,full,hj,feasible,3,487,0.16233333333333333,0.1495709968935688,0.17595931894560135
5,600,74,weak,0.0,full,hj,feasible,4,478,0.15933333333333333,0.14667369927346297,0.1728642896580591
5,600,74,weak,0.0,full,hj,feasible,5,622,0.20733333333333334,0.19320540163231922,0.2222098178215716
5,600,74,weak,0.0,full,hj,feasible,8,333,0.111,0.1002527848792385,0.1227421594290651
5,600,74,weak,0.0,weak_tail,equal,oracle,1,474,0.158,0.1453865345560283,0.17148819797209464
5,600,74,weak,0.0,weak_tail,equal,oracle,2,662,0.22066666666666668,0.20618964354923927,0.23585813993864282
5,600,74,weak,0.0,weak_tail,equal,oracle,3,901,0.30033333333333334,0.28419374453972296,0.31698360905125716
5,600,74,weak,0.0,weak_tail,equal,oracle,4,475,0.15833333333333333,0.14570829524894569,0.17183225138002706
5,600,74,weak,0.0,weak_tail,equal,oracle,5,488,0.16266666666666665,0.14989301827692775,0.17630311166309215
5,600,74,weak,0.0,weak_tail,equal,oracle,8,0,0.0,0.0,0.0012788487253259629
5,600,74,weak,0.0,weak_tail,equal,feasible,1,731,0.24366666666666667,0.22863900321459346,0.25934995323192367
5,600,74,weak,0.0,weak_tail,equal,feasible,2,694,0.23133333333333334,0.2165931294774888,0.24676070523758634
5,600,74,weak,0.0,weak_tail,equal,feasible,3,500,0.16666666666666666,0.15375879809721082,0.18042710105300647
5,600,74,weak,0.0,weak_tail,equal,feasible,4,280,0.09333333333333334,0.08343756972048183,0.10426922724278329
5,600,74,weak,0.0,weak_tail,equal,feasible,5,330,0.11,0.09929839195629818,0.12169911004945606
5,600,74,weak,0.0,weak_tail,equal,feasible,8,465,0.155,0.14249161317506642,0.1683907924454085
5,600,74,weak,0.0,weak_tail,hj,oracle,1,474,0.158,0.1453865345560283,0.17148819797209464
5,600,74,weak,0.0,weak_tail,hj,oracle,2,604,0.20133333333333334,0.18737016215290356,0.21606040348569114
5,600,74,weak,0.0,weak_tail,hj,oracle,3,889,0.29633333333333334,0.28026182253186926,0.3129257618489135
5,600,74,weak,0.0,weak_tail,hj,oracle,4,503,0.16766666666666666,0.15472567678891538,0.18145766466385124
5,600,74,weak,0.0,weak_tail,hj,oracle,5,530,0.17666666666666667,0.16343513893872877,0.19072518323698204
5,600,74,weak,0.0,weak_tail,hj,oracle,8,0,0.0,0.0,0.0012788487253259629
5,600,74,weak,0.0,weak_tail,hj,feasible,1,693,0.231,0.21626781211892285,0.24642020849530252
5,600,74,weak,0.0,weak_tail,hj,feasible,2,588,0.196,0.18218745881759935,0.21059008120739886
5,600,74,weak,0.0,weak_tail,hj,feasible,3,578,0.19266666666666668,0.17895032096655952,0.20716907804994086
5,600,74,weak,0.0,weak_tail,hj,feasible,4,406,0.13533333333333333,0.12355770619813657,0.14804166747220115
5,600,74,weak,0.0,weak_tail,hj,feasible,5,467,0.15566666666666668,0.14313478417443903,0.16907924964773546
5,600,74,weak,0.0,weak_tail,hj,feasible,8,268,0.08933333333333333,0.07964509853884702,0.1000719292142207
5,600,74,weak,0.7,full,equal,oracle,1,380,0.12666666666666668,0.11524044720203012,0.1390477598462133
5,600,74,weak,0.7,full,equal,oracle,2,276,0.092,0.0821727533534877,0.10287078720637827
5,600,74,weak,0.7,full,equal,oracle,3,419,0.13966666666666666,0.1277226944023648,0.1525322625790201
5,600,74,weak,0.7,full,equal,oracle,4,475,0.15833333333333333,0.14570829524894569,0.17183225138002706
5,600,74,weak,0.7,full,equal,oracle,5,1450,0.48333333333333334,0.4654840739046574,0.5012252210528535
5,600,74,weak,0.7,full,equal,oracle,8,0,0.0,0.0,0.0012788487253259629
5,600,74,weak,0.7,full,equal,feasible,1,453,0.151,0.13863435786808256,0.16425827854219496
5,600,74,weak,0.7,full,equal,feasible,2,352,0.11733333333333333,0.10630380785794563,0.12934160436650383
5,600,74,weak,0.7,full,equal,feasible,3,360,0.12,0.10885485831348496,0.13211706671776274
5,600,74,weak,0.7,full,equal,feasible,4,546,0.182,0.1686024982043699,0.1962108495849374
5,600,74,weak,0.7,full,equal,feasible,5,723,0.241,0.22603300499952866,0.25662943864019017
5,600,74,weak,0.7,full,equal,feasible,8,566,0.18866666666666668,0.17506789075089216,0.20306173905541083
5,600,74,weak,0.7,full,hj,oracle,1,0,0.0,0.0,0.0012788487253259629
5,600,74,weak,0.7,full,hj,oracle,2,8,0.0026666666666666666,0.0013518647401935516,0.005253496791930672
5,600,74,weak,0.7,full,hj,oracle,3,64,0.021333333333333333,0.01674212993362851,0.027148821246083546
5,600,74,weak,0.7,full,hj,oracle,4,690,0.23,0.21529193956658157,0.24539863874509446
5,600,74,weak,0.7,full,hj,oracle,5,2238,0.746,0.730115549553124,0.7612552568740156
5,600,74,weak,0.7,full,hj,oracle,8,0,0.0,0.0,0.0012788487253259629
5,600,74,weak,0.7,full,hj,feasible,1,73,0.024333333333333332,0.01939804205131041,0.03048523603604969
5,600,74,weak,0.7,full,hj,feasible,2,167,0.05566666666666667,0.04801606556145485,0.06445373800578483
5,600,74,weak,0.7,full,hj,feasible,3,302,0.10066666666666667,0.0904052288845772,0.11194947829738314
5,600,74,weak,0.7,full,hj,feasible,4,837,0.279,0.26324106055893154,0.2953241905776626
5,600,74,weak,0.7,full,hj,feasible,5,1182,0.394,0.37666096460722465,0.4116101513225445
5,600,74,weak,0.7,full,hj,feasible,8,439,0.14633333333333334,0.1341381611201624,0.15943307787821814
5,600,74,weak,0.7,weak_tail,equal,oracle,1,528,0.176,0.16278953722806536,0.19003915674594582
5,600,74,weak,0.7,weak_tail,equal,oracle,2,449,0.14966666666666667,0.13734929156629117,0.1628800884405872
5,600,74,weak,0.7,weak_tail,equal,oracle,3,908,0.30266666666666664,0.2864880514695799,0.31935000082734866
5,600,74,weak,0.7,weak_tail,equal,oracle,4,523,0.17433333333333334,0.16117584758214723,0.1883237758876151
5,600,74,weak,0.7,weak_tail,equal,oracle,5,592,0.19733333333333333,0.18348275924988117,0.21195803717851613
5,600,74,weak,0.7,weak_tail,equal,oracle,8,0,0.0,0.0,0.0012788487253259629
5,600,74,weak,0.7,weak_tail,equal,feasible,1,591,0.197,0.18315891048578475,0.2116160718417628
5,600,74,weak,0.7,weak_tail,equal,feasible,2,688,0.22933333333333333,0.21464142433594988,0.24471752577402658
5,600,74,weak,0.7,weak_tail,equal,feasible,3,489,0.163,0.15021505936457397,0.17664688467629575
5,600,74,weak,0.7,weak_tail,equal,feasible,4,245,0.08166666666666667,0.07239367990574448,0.09200962352777824
5,600,74,weak,0.7,weak_tail,equal,feasible,5,346,0.11533333333333333,0.10439176389237965,0.12725876372697112
5,600,74,weak,0.7,weak_tail,equal,feasible,8,641,0.21366666666666667,0.19937004788457274,0.22869563948546395
5,600,74,weak,0.7,weak_tail,hj,oracle,1,18,0.006,0.003798702829958543,0.00946479971066351
5,600,74,weak,0.7,weak_tail,hj,oracle,2,409,0.13633333333333333,0.12451849239566237,0.14907832357722473
5,600,74,weak,0.7,weak_tail,hj,oracle,3,954,0.318,0.3015772478057012,0.3348882531303174
5,600,74,weak,0.7,weak_tail,hj,oracle,4,759,0.253,0.23776625580491645,0.26886549546539457
5,600,74,weak,0.7,weak_tail,hj,oracle,5,860,0.2866666666666667,0.2707659047536503,0.3031130707024888
5,600,74,weak,0.7,weak_tail,hj,oracle,8,0,0.0,0.0,0.0012788487253259629
5,600,74,weak,0.7,weak_tail,hj,feasible,1,252,0.084,0.07459808132677005,0.09446592081270115
5,600,74,weak,0.7,weak_tail,hj,feasible,2,633,0.211,0.19677376419067036,0.22596541037256804
5,600,74,weak,0.7,weak_tail,hj,feasible,3,745,0.24833333333333332,0.23320142464472454,0.2641089292136895
5,600,74,weak,0.7,weak_tail,hj,feasible,4,494,0.16466666666666666,0.15182555867604663,0.17836545586907193
5,600,74,weak,0.7,weak_tail,hj,feasible,5,576,0.192,0.17830308622614985,0.20648468458865096
5,600,74,weak,0.7,weak_tail,hj,feasible,8,300,0.1,0.08977105263294838,0.1112520263473124
