asset_family,arm,K,seed,gamma,distance
size_bm_25,full92,1,20260924,0.0,3.591812662692679
size_bm_25,full92,1,20260925,0.0,3.2216406290733706
size_bm_25,full92,1,20260926,0.0,3.169194173235921
size_bm_25,full92,1,20260927,0.0,3.0291058935061916
size_bm_25,full92,1,20260928,0.0,3.3979693477303465
size_bm_25,full92,2,20260924,0.0,2.5382473025820596
size_bm_25,full92,2,20260925,0.0,3.0869747131961107
size_bm_25,full92,2,20260926,0.0,2.0834643862668334
size_bm_25,full92,2,20260927,0.0,2.362927834183752
size_bm_25,full92,2,20260928,0.0,3.2954955543208384
size_bm_25,full92,3,20260924,0.0,1.5038063737070553
size_bm_25,full92,3,20260925,0.0,3.3170517748601918
size_bm_25,full92,3,20260926,0.0,2.164944910135566
size_bm_25,full92,3,20260927,0.0,3.6292826652090655
size_bm_25,full92,3,20260928,0.0,1.7477227245532783
size_bm_25,full92,4,20260924,0.0,1.8519330343400964
size_bm_25,full92,4,20260925,0.0,2.74959363173342
size_bm_25,full92,4,20260926,0.0,2.214627887514538
size_bm_25,full92,4,20260927,0.0,1.2358268166960247
size_bm_25,full92,4,20260928,0.0,2.3442771695220403
size_bm_25,full92,5,20260924,0.0,1.5684698663137644
size_bm_25,full92,5,20260925,0.0,2.255051021554744
size_bm_25,full92,5,20260926,0.0,3.4181760858411168
size_bm_25,full92,5,20260927,0.0,1.637516832945769
size_bm_25,full92,5,20260928,0.0,3.0214996545311132
size_bm_25,full92,8,20260924,0.0,1.2893877363601427
size_bm_25,full92,8,20260925,0.0,3.360740167585169
size_bm_25,full92,8,20260926,0.0,4.028305842608194
size_bm_25,full92,8,20260927,0.0,3.268390141391659
size_bm_25,full92,8,20260928,0.0,3.0344436281837295
size_bm_25,full92,1,20260924,0.05,3.5552683681633215
size_bm_25,full92,1,20260925,0.05,3.1887433204618865
size_bm_25,full92,1,20260926,0.05,3.1448900974783798
size_bm_25,full92,1,20260927,0.05,3.0038131639407943
size_bm_25,full92,1,20260928,0.05,3.367622211177139
size_bm_25,full92,2,20260924,0.05,2.5263717391568092
size_bm_25,full92,2,20260925,0.05,3.0591869551085247
size_bm_25,full92,2,20260926,0.05,2.0813828021099092
size_bm_25,full92,2,20260927,0.05,2.3575357883132426
size_bm_25,full92,2,20260928,0.05,3.263639894296771
size_bm_25,full92,3,20260924,0.05,1.5370500012183894
size_bm_25,full92,3,20260925,0.05,3.2760296198273102
size_bm_25,full92,3,20260926,0.05,2.159632773436041
size_bm_25,full92,3,20260927,0.05,3.596838249720484
size_bm_25,full92,3,20260928,0.05,1.7679401504663668
size_bm_25,full92,4,20260924,0.05,1.8646112296966593
size_bm_25,full92,4,20260925,0.05,2.7204844192965925
size_bm_25,full92,4,20260926,0.05,2.217905216446111
size_bm_25,full92,4,20260927,0.05,1.2787042964135347
size_bm_25,full92,4,20260928,0.05,2.339583935504399
size_bm_25,full92,5,20260924,0.05,1.591500790083481
size_bm_25,full92,5,20260925,0.05,2.2386329679297776
size_bm_25,full92,5,20260926,0.05,3.38823264337655
size_bm_25,full92,5,20260927,0.05,1.6630118865073251
size_bm_25,full92,5,20260928,0.05,2.9982547471764405
size_bm_25,full92,8,20260924,0.05,1.3152402177469882
size_bm_25,full92,8,20260925,0.05,3.322103060588081
size_bm_25,full92,8,20260926,0.05,3.9871885361199
size_bm_25,full92,8,20260927,0.05,3.2383126868574745
size_bm_25,full92,8,20260928,0.05,3.0052063699312326
size_bm_25,full92,1,20260924,0.1,3.5109792047476436
size_bm_25,full92,1,20260925,0.1,3.1490000110043357
size_bm_25,full92,1,20260926,0.1,3.1149375395363954
size_bm_25,full92,1,20260927,0.1,2.9730429213749208
size_bm_25,full92,1,20260928,0.1,3.3306087381448837
size_bm_25,full92,2,20260924,0.1,2.5113917774442975
size_bm_25,full92,2,20260925,0.1,3.0254223587682585
size_bm_25,full92,2,20260926,0.1,2.078091833872807
size_bm_25,full92,2,20260927,0.1,2.350109795772856
size_bm_25,full92,2,20260928,0.1,3.2250221472602685
size_bm_25,full92,3,20260924,0.1,1.5732917846132164
size_bm_25,full92,3,20260925,0.1,3.2269829837216233
size_bm_25,full92,3,20260926,0.1,2.1527402206979964
size_bm_25,full92,3,20260927,0.1,3.557206646038356
size_bm_25,full92,3,20260928,0.1,1.79008483704885
size_bm_25,full92,4,20260924,0.1,1.8780681182338894
size_bm_25,full92,4,20260925,0.1,2.685799132931487
size_bm_25,full92,4,20260926,0.1,2.22041239524209
size_bm_25,full92,4,20260927,0.1,1.325279571363185
size_bm_25,full92,4,20260928,0.1,2.332996697347277
size_bm_25,full92,5,20260924,0.1,1.6169407095440083
size_bm_25,full92,5,20260925,0.1,2.219088832475553
size_bm_25,full92,5,20260926,0.1,3.351566931573906
size_bm_25,full92,5,20260927,0.1,1.6904127282488126
size_bm_25,full92,5,20260928,0.1,2.969911012363092
size_bm_25,full92,8,20260924,0.1,1.3440016516157018
size_bm_25,full92,8,20260925,0.1,3.2756564636259817
size_bm_25,full92,8,20260926,0.1,3.937306959363796
size_bm_25,full92,8,20260927,0.1,3.2014757370201874
size_bm_25,full92,8,20260928,0.1,2.9698658355862775
size_bm_25,full92,1,20260924,0.15,3.457724456551496
size_bm_25,full92,1,20260925,0.15,3.1013687205005187
size_bm_25,full92,1,20260926,0.15,3.0783391898390104
size_bm_25,full92,1,20260927,0.15,2.935909787326032
size_bm_25,full92,1,20260928,0.15,3.2858239214339675
size_bm_25,full92,2,20260924,0.15,2.492700452876612
size_bm_25,full92,2,20260925,0.15,2.984733462096481
size_bm_25,full92,2,20260926,0.15,2.0732335706789806
size_bm_25,full92,2,20260927,0.15,2.340125820388821
size_bm_25,full92,2,20260928,0.15,3.1785762983465573
size_bm_25,full92,3,20260924,0.15,1.6120818822844913
size_bm_25,full92,3,20260925,0.15,3.168811579218723
size_bm_25,full92,3,20260926,0.15,2.14392650276733
size_bm_25,full92,3,20260927,0.15,3.5091849436320333
size_bm_25,full92,3,20260928,0.15,1.8138746997812525
size_bm_25,full92,4,20260924,0.15,1.8919655352609448
size_bm_25,full92,4,20260925,0.15,2.6448224648057908
size_bm_25,full92,4,20260926,0.15,2.2216742093586994
size_bm_25,full92,4,20260927,0.15,1.3750333993039976
size_bm_25,full92,4,20260928,0.15,2.3240150083744893
size_bm_25,full92,5,20260924,0.15,1.6445548209747969
size_bm_25,full92,5,20260925,0.15,2.1960342868506646
size_bm_25,full92,5,20260926,0.15,3.3070300726671586
size_bm_25,full92,5,20260927,0.15,1.719235124100716
size_bm_25,full92,5,20260928,0.15,2.9356427604821294
size_bm_25,full92,8,20260924,0.15,1.3755047069755506
size_bm_25,full92,8,20260925,0.15,3.2202607972148405
size_bm_25,full92,8,20260926,0.15,3.877263091408592
size_bm_25,full92,8,20260927,0.15,3.1567262871821296
size_bm_25,full92,8,20260928,0.15,2.9275035599627532
size_bm_25,full92,1,20260924,0.2,3.3943448115211092
size_bm_25,full92,1,20260925,0.2,3.044877163911318
size_bm_25,full92,1,20260926,0.2,3.034112010429709
size_bm_25,full92,1,20260927,0.2,2.8915689839911702
size_bm_25,full92,1,20260928,0.2,3.2321990800666462
size_bm_25,full92,2,20260924,0.2,2.469686618433444
size_bm_25,full92,2,20260925,0.2,2.9362247912954005
size_bm_25,full92,2,20260926,0.2,2.06641250157949
size_bm_25,full92,2,20260927,0.2,2.3270159700811335
size_bm_25,full92,2,20260928,0.2,3.1232916190782243
size_bm_25,full92,3,20260924,0.2,1.6526900044174657
size_bm_25,full92,3,20260925,0.2,3.100536415259426
size_bm_25,full92,3,20260926,0.2,2.1328412742927423
size_bm_25,full92,3,20260927,0.2,3.451605535302513
size_bm_25,full92,3,20260928,0.2,1.838830824511359
size_bm_25,full92,4,20260924,0.2,1.9058169161598617
size_bm_25,full92,4,20260925,0.2,2.5969488854821337
size_bm_25,full92,4,20260926,0.2,2.2211106175897104
size_bm_25,full92,4,20260927,0.2,1.427143142332359
size_bm_25,full92,4,20260928,0.2,2.312094483472076
size_bm_25,full92,5,20260924,0.2,1.6739002487959034
size_bm_25,full92,5,20260925,0.2,2.1691570156425386
size_bm_25,full92,5,20260926,0.2,3.2534967689408787
size_bm_25,full92,5,20260927,0.2,1.7487570922359437
size_bm_25,full92,5,20260928,0.2,2.8946661924779313
size_bm_25,full92,8,20260924,0.2,1.4093727753723058
size_bm_25,full92,8,20260925,0.2,3.1548693212235457
size_bm_25,full92,8,20260926,0.2,3.805720119073909
size_bm_25,full92,8,20260927,0.2,3.1029359256218276
size_bm_25,full92,8,20260928,0.2,2.877272017376956
size_bm_25,full92,1,20260924,0.25,3.319890318088544
size_bm_25,full92,1,20260925,0.25,2.9787557677057603
size_bm_25,full92,1,20260926,0.25,2.9813977172214874
size_bm_25,full92,1,20260927,0.25,2.8393238962522616
size_bm_25,full92,1,20260928,0.25,3.1688299046148614
size_bm_25,full92,2,20260924,0.25,2.44180030745274
size_bm_25,full92,2,20260925,0.25,2.8791709782971515
size_bm_25,full92,2,20260926,0.25,2.0572240908230497
size_bm_25,full92,2,20260927,0.25,2.310212392109522
size_bm_25,full92,2,20260928,0.25,3.0583430504580136
size_bm_25,full92,3,20260924,0.25,1.6940828258324974
size_bm_25,full92,3,20260925,0.25,3.0214566986457516
size_bm_25,full92,3,20260926,0.25,2.119159838981117
size_bm_25,full92,3,20260927,0.25,3.3834739703670524
size_bm_25,full92,3,20260928,0.25,1.8642558024241487
size_bm_25,full92,4,20260924,0.25,1.9189830616265655
size_bm_25,full92,4,20260925,0.25,2.541797352366933
size_bm_25,full92,4,20260926,0.25,2.2180573947317037
size_bm_25,full92,4,20260927,0.25,1.4804617190118932
size_bm_25,full92,4,20260928,0.25,2.296688288813462
size_bm_25,full92,5,20260924,0.25,1.7042974504012114
size_bm_25,full92,5,20260925,0.25,2.1382831061632754
size_bm_25,full92,5,20260926,0.25,3.1899930010484834
size_bm_25,full92,5,20260927,0.25,1.7780084682587198
size_bm_25,full92,5,20260928,0.25,2.8463422042505435
size_bm_25,full92,8,20260924,0.25,1.444986147089909
size_bm_25,full92,8,20260925,0.25,3.078678520681267
size_bm_25,full92,8,20260926,0.25,3.721567769223592
size_bm_25,full92,8,20260927,0.25,3.0391291131497
size_bm_25,full92,8,20260928,0.25,2.818516485473431
size_bm_25,full92,1,20260924,0.3,3.233809856624555
size_bm_25,full92,1,20260925,0.3,2.9026057801136784
size_bm_25,full92,1,20260926,0.3,2.919608992264724
size_bm_25,full92,1,20260927,0.3,2.778764148322758
size_bm_25,full92,1,20260928,0.3,3.095142843588308
size_bm_25,full92,2,20260924,0.3,2.408641108627676
size_bm_25,full92,2,20260925,0.3,2.813167431880067
size_bm_25,full92,2,20260926,0.3,2.0452994449077444
size_bm_25,full92,2,20260927,0.3,2.289213473987981
size_bm_25,full92,2,20260928,0.3,2.9832578860687327
size_bm_25,full92,3,20260924,0.3,1.7349395669340526
size_bm_25,full92,3,20260925,0.3,2.9313428076690857
size_bm_25,full92,3,20260926,0.3,2.1026318504384864
size_bm_25,full92,3,20260927,0.3,3.304148711962214
size_bm_25,full92,3,20260928,0.3,1.8892394239341417
size_bm_25,full92,4,20260924,0.3,1.9306923738426294
size_bm_25,full92,4,20260925,0.3,2.4793482723536067
size_bm_25,full92,4,20260926,0.3,2.2118117091349516
size_bm_25,full92,4,20260927,0.3,1.533535663644673
size_bm_25,full92,4,20260928,0.3,2.2773101386451327
size_bm_25,full92,5,20260924,0.3,1.7348286131674542
size_bm_25,full92,5,20260925,0.3,2.103453731220933
size_bm_25,full92,5,20260926,0.3,3.1158638193240438
size_bm_25,full92,5,20260927,0.3,1.8057962270130576
size_bm_25,full92,5,20260928,0.3,2.7903077923922774
size_bm_25,full92,8,20260924,0.3,1.4814733939461595
size_bm_25,full92,8,20260925,0.3,2.9913163333821906
size_bm_25,full92,8,20260926,0.3,3.624134984600523
size_bm_25,full92,8,20260927,0.3,2.9646517369957786
size_bm_25,full92,8,20260928,0.3,2.750927908177697
size_bm_25,full92,1,20260924,0.35,3.136159966680497
size_bm_25,full92,1,20260925,0.35,2.8165816981856273
size_bm_25,full92,1,20260926,0.35,2.848595862196458
size_bm_25,full92,1,20260927,0.35,2.709917581447972
size_bm_25,full92,1,20260928,0.35,3.0110810833566917
size_bm_25,full92,2,20260924,0.35,2.3700603498859243
size_bm_25,full92,2,20260925,0.35,2.7382952505494735
size_bm_25,full92,2,20260926,0.35,2.030363594215666
size_bm_25,full92,2,20260927,0.35,2.2636680841978585
size_bm_25,full92,2,20260928,0.35,2.8980989020107164
size_bm_25,full92,3,20260924,0.35,1.773720103383376
size_bm_25,full92,3,20260925,0.35,2.830639697781387
size_bm_25,full92,3,20260926,0.35,2.0831384973171336
size_bm_25,full92,3,20260927,0.35,3.2135428825826766
size_bm_25,full92,3,20260928,0.35,1.9127038479485077
size_bm_25,full92,4,20260924,0.35,1.940093145891542
size_bm_25,full92,4,20260925,0.35,2.410081568449307
size_bm_25,full92,4,20260926,0.35,2.201704660000259
size_bm_25,full92,4,20260927,0.35,1.5846767608499785
size_bm_25,full92,4,20260928,0.35,2.2536148539431133
size_bm_25,full92,5,20260924,0.35,1.7643764320965691
size_bm_25,full92,5,20260925,0.35,2.0649982436086423
size_bm_25,full92,5,20260926,0.35,3.0309631476759313
size_bm_25,full92,5,20260927,0.35,1.8307769923986106
size_bm_25,full92,5,20260928,0.35,2.726619783653649
size_bm_25,full92,8,20260924,0.35,1.5177417328535598
size_bm_25,full92,8,20260925,0.35,2.893044579623801
size_bm_25,full92,8,20260926,0.35,3.513425507296353
size_bm_25,full92,8,20260927,0.35,2.8793620148871533
size_bm_25,full92,8,20260928,0.35,2.674707089860062
size_bm_25,full92,1,20260924,0.4,3.0277906229813007
size_bm_25,full92,1,20260925,0.4,2.721549368789319
size_bm_25,full92,1,20260926,0.4,2.768800190391507
size_bm_25,full92,1,20260927,0.4,2.6333843344184777
size_bm_25,full92,1,20260928,0.4,2.9172731210456786
size_bm_25,full92,2,20260924,0.4,2.326257332988498
size_bm_25,full92,2,20260925,0.4,2.655265712682995
size_bm_25,full92,2,20260926,0.4,2.0122985778943927
size_bm_25,full92,2,20260927,0.4,2.2334646788804804
size_bm_25,full92,2,20260928,0.4,2.803626133615008
size_bm_25,full92,3,20260924,0.4,1.8087909174771861
size_bm_25,full92,3,20260925,0.4,2.7206353738502025
size_bm_25,full92,3,20260926,0.4,2.0607470843209166
size_bm_25,full92,3,20260927,0.4,3.112308343023879
size_bm_25,full92,3,20260928,0.4,1.9334937063482545
size_bm_25,full92,4,20260924,0.4,1.9463388015299992
size_bm_25,full92,4,20260925,0.4,2.3350805008370643
size_bm_25,full92,4,20260926,0.4,2.187194647576335
size_bm_25,full92,4,20260927,0.4,1.6320929420100934
size_bm_25,full92,4,20260928,0.4,2.2254839786981004
size_bm_25,full92,5,20260924,0.4,1.7917104274713662
size_bm_25,full92,5,20260925,0.4,2.0235820285077404
size_bm_25,full92,5,20260926,0.4,2.935828958103695
size_bm_25,full92,5,20260927,0.4,1.8515790244739656
size_bm_25,full92,5,20260928,0.4,2.655880082510711
size_bm_25,full92,8,20260924,0.4,1.5525546963671781
size_bm_25,full92,8,20260925,0.4,2.784932401766889
size_bm_25,full92,8,20260926,0.4,3.3903291629768213
size_bm_25,full92,8,20260927,0.4,2.783807343847045
size_bm_25,full92,8,20260928,0.4,2.5907042290119584
size_bm_25,full92,1,20260924,0.45,2.9104508031261997
size_bm_25,full92,1,20260925,0.45,2.6191685906027584
size_bm_25,full92,1,20260926,0.45,2.681353341116647
size_bm_25,full92,1,20260927,0.45,2.5504103243964567
size_bm_25,full92,1,20260928,0.45,2.815133231431979
size_bm_25,full92,2,20260924,0.45,2.2778414506919185
size_bm_25,full92,2,20260925,0.45,2.5654980092429005
size_bm_25,full92,2,20260926,0.45,1.9911962282453601
size_bm_25,full92,2,20260927,0.45,2.1988035382109308
size_bm_25,full92,2,20260928,0.45,2.701386559351325
size_bm_25,full92,3,20260924,0.45,1.838597867132609
size_bm_25,full92,3,20260925,0.45,2.603536031027868
size_bm_25,full92,3,20260926,0.45,2.0357470120468006
size_bm_25,full92,3,20260927,0.45,3.0019474765877048
size_bm_25,full92,3,20260928,0.45,1.9505037948653323
size_bm_25,full92,4,20260924,0.45,1.9486959690088086
size_bm_25,full92,4,20260925,0.45,2.256057910769426
size_bm_25,full92,4,20260926,0.45,2.1679650716447356
size_bm_25,full92,4,20260927,0.45,1.6740678860240736
size_bm_25,full92,4,20260928,0.45,2.193095664301159
size_bm_25,full92,5,20260924,0.45,1.815615185697439
size_bm_25,full92,5,20260925,0.45,1.980204545422226
size_bm_25,full92,5,20260926,0.45,2.8317928540491573
size_bm_25,full92,5,20260927,0.45,1.8669606617019197
size_bm_25,full92,5,20260928,0.45,2.5793014089183814
size_bm_25,full92,8,20260924,0.45,1.5846534928034288
size_bm_25,full92,8,20260925,0.45,2.6689440404834284
size_bm_25,full92,8,20260926,0.45,3.25674488479737
size_bm_25,full92,8,20260927,0.45,2.6793363466735376
size_bm_25,full92,8,20260928,0.45,2.5004866622337283
size_bm_25,full92,1,20260924,0.5,2.7867591460005094
size_bm_25,full92,1,20260925,0.5,2.51185229138527
size_bm_25,full92,1,20260926,0.5,2.5880723566234667
size_bm_25,full92,1,20260927,0.5,2.4628597855613785
size_bm_25,full92,1,20260928,0.5,2.7068445885884813
size_bm_25,full92,2,20260924,0.5,2.2258320098517577
size_bm_25,full92,2,20260925,0.5,2.471086517480066
size_bm_25,full92,2,20260926,0.5,1.9673829924905648
size_bm_25,full92,2,20260927,0.5,2.160227333113588
size_bm_25,full92,2,20260928,0.5,2.5936834890711737
size_bm_25,full92,3,20260924,0.5,1.8618556158083452
size_bm_25,full92,3,20260925,0.5,2.4823945769572187
size_bm_25,full92,3,20260926,0.5,2.008651143666889
size_bm_25,full92,3,20260927,0.5,2.8847992676028325
size_bm_25,full92,3,20260928,0.5,1.962821547005816
size_bm_25,full92,4,20260924,0.5,1.9466535339497957
size_bm_25,full92,4,20260925,0.5,2.1752686158221843
size_bm_25,full92,4,20260926,0.5,2.1440017829774103
size_bm_25,full92,4,20260927,0.5,1.7091592997956957
size_bm_25,full92,4,20260928,0.5,2.156954978299733
size_bm_25,full92,5,20260924,0.5,1.8350388158613873
size_bm_25,full92,5,20260925,0.5,1.9361300856321806
size_bm_25,full92,5,20260926,0.5,2.720973740514234
size_bm_25,full92,5,20260927,0.5,1.8759754056099605
size_bm_25,full92,5,20260928,0.5,2.4986752653669924
size_bm_25,full92,8,20260924,0.5,1.6129027429617826
size_bm_25,full92,8,20260925,0.5,2.5478881851113684
size_bm_25,full92,8,20260926,0.5,3.1155539144377777
size_bm_25,full92,8,20260927,0.5,2.568095757666687
size_bm_25,full92,8,20260928,0.5,2.406291407307252
size_bm_25,full92,1,20260924,0.55,2.6600122387323184
size_bm_25,full92,1,20260925,0.55,2.402579915104491
size_bm_25,full92,1,20260926,0.55,2.491330156964999
size_bm_25,full92,1,20260927,0.55,2.3730678944309886
size_bm_25,full92,1,20260928,0.55,2.5951995196477657
size_bm_25,full92,2,20260924,0.55,2.171580430455131
size_bm_25,full92,2,20260925,0.55,2.3746369935838247
size_bm_25,full92,2,20260926,0.55,1.9414036982051424
size_bm_25,full92,2,20260927,0.55,2.1185922336053653
size_bm_25,full92,2,20260928,0.55,2.483402190851597
size_bm_25,full92,3,20260924,0.55,1.8777105575013002
size_bm_25,full92,3,20260925,0.55,2.36086929337769
size_bm_25,full92,3,20260926,0.55,1.9801540054044273
size_bm_25,full92,3,20260927,0.55,2.7638714054869062
size_bm_25,full92,3,20260928,0.55,1.9698506537535303
size_bm_25,full92,4,20260924,0.55,1.9400045551600595
size_bm_25,full92,4,20260925,0.55,2.0952983717395752
size_bm_25,full92,4,20260926,0.55,2.1156256419232
size_bm_25,full92,4,20260927,0.55,1.7363720464462242
size_bm_25,full92,4,20260928,0.55,2.117867404835281
size_bm_25,full92,5,20260924,0.55,1.84922775236809
size_bm_25,full92,5,20260925,0.55,1.8927524116020753
size_bm_25,full92,5,20260926,0.55,2.606128239585587
size_bm_25,full92,5,20260927,0.55,1.8781039389265177
size_bm_25,full92,5,20260928,0.55,2.416225065973953
size_bm_25,full92,8,20260924,0.55,1.636428569104412
size_bm_25,full92,8,20260925,0.55,2.425204371727043
size_bm_25,full92,8,20260926,0.55,2.9704117348026555
size_bm_25,full92,8,20260927,0.55,2.452884235023629
size_bm_25,full92,8,20260928,0.55,2.310843596126097
size_bm_25,full92,1,20260924,0.6,2.533850126192138
size_bm_25,full92,1,20260925,0.6,2.2945856779830094
size_bm_25,full92,1,20260926,0.6,2.393812088018936
size_bm_25,full92,1,20260927,0.6,2.2835908093177304
size_bm_25,full92,1,20260928,0.6,2.4833131884925645
size_bm_25,full92,2,20260924,0.6,2.116623074805677
size_bm_25,full92,2,20260925,0.6,2.278990258140824
size_bm_25,full92,2,20260926,0.6,1.913962956233631
size_bm_25,full92,2,20260927,0.6,2.074978735459786
size_bm_25,full92,2,20260928,0.6,2.373710641188327
size_bm_25,full92,3,20260924,0.6,1.8858359921430659
size_bm_25,full92,3,20260925,0.6,2.242838615000272
size_bm_25,full92,3,20260926,0.6,1.9510518306628257
size_bm_25,full92,3,20260927,0.6,2.642534908938342
size_bm_25,full92,3,20260928,0.6,1.9713832758832286
size_bm_25,full92,4,20260924,0.6,1.9288773946918218
size_bm_25,full92,4,20260925,0.6,2.0187601112892666
size_bm_25,full92,4,20260926,0.6,2.083466344773607
size_bm_25,full92,4,20260927,0.6,1.755263283886002
size_bm_25,full92,4,20260928,0.6,2.076854520897136
size_bm_25,full92,5,20260924,0.6,1.8578135068779154
size_bm_25,full92,5,20260925,0.6,1.8514188404817997
size_bm_25,full92,5,20260926,0.6,2.490372013093966
size_bm_25,full92,5,20260927,0.6,1.8733178616207247
size_bm_25,full92,5,20260928,0.6,2.3343627660098982
size_bm_25,full92,8,20260924,0.6,1.6547149011767954
size_bm_25,full92,8,20260925,0.6,2.30460906267801
size_bm_25,full92,8,20260926,0.6,2.8253796659139905
size_bm_25,full92,8,20260927,0.6,2.3368760271002023
size_bm_25,full92,8,20260928,0.6,2.217062394999982
size_bm_25,full92,1,20260924,0.65,2.4118464524820116
size_bm_25,full92,1,20260925,0.65,2.1909853681692475
size_bm_25,full92,1,20260926,0.65,2.298209577380978
size_bm_25,full92,1,20260927,0.65,2.196906531274406
size_bm_25,full92,1,20260928,0.65,2.37426984453935
size_bm_25,full92,2,20260924,0.65,2.062497317090623
size_bm_25,full92,2,20260925,0.65,2.1868911518830334
size_bm_25,full92,2,20260926,0.65,1.8858371862519965
size_bm_25,full92,2,20260927,0.65,2.0305615435741413
size_bm_25,full92,2,20260928,0.65,2.267696952642846
size_bm_25,full92,3,20260924,0.65,1.8864371247495781
size_bm_25,full92,3,20260925,0.65,2.1319471666527234
size_bm_25,full92,3,20260926,0.65,1.9221431487411573
size_bm_25,full92,3,20260927,0.65,2.5241439282545377
size_bm_25,full92,3,20260928,0.65,1.96760303298646
size_bm_25,full92,4,20260924,0.65,1.9137074438364339
size_bm_25,full92,4,20260925,0.65,1.9479649486933466
size_bm_25,full92,4,20260926,0.65,2.048381991974103
size_bm_25,full92,4,20260927,0.65,1.7659551106988136
size_bm_25,full92,4,20260928,0.65,2.0350301952486483
size_bm_25,full92,5,20260924,0.65,1.860830549238176
size_bm_25,full92,5,20260925,0.65,1.8132574405211215
size_bm_25,full92,5,20260926,0.65,2.376829285467333
size_bm_25,full92,5,20260927,0.65,1.8620593677157506
size_bm_25,full92,5,20260928,0.65,2.2554019767581654
size_bm_25,full92,8,20260924,0.65,1.6676354178693522
size_bm_25,full92,8,20260925,0.65,2.189671290058919
size_bm_25,full92,8,20260926,0.65,2.684470429181306
size_bm_25,full92,8,20260927,0.65,2.2232701566093516
size_bm_25,full92,8,20260928,0.65,2.127715911988458
size_bm_25,full92,1,20260924,0.7,2.297116092984119
size_bm_25,full92,1,20260925,0.7,2.094427396016371
size_bm_25,full92,1,20260926,0.7,2.206922703349625
size_bm_25,full92,1,20260927,0.7,2.1151376393950234
size_bm_25,full92,1,20260928,0.7,2.2707835556979856
size_bm_25,full92,2,20260924,0.7,2.0105660635014235
size_bm_25,full92,2,20260925,0.7,2.1006802731266676
size_bm_25,full92,2,20260926,0.7,1.8577798335322093
size_bm_25,full92,2,20260927,0.7,1.9864711280339598
size_bm_25,full92,2,20260928,0.7,2.1680270874642473
size_bm_25,full92,3,20260924,0.7,1.8801712552504275
size_bm_25,full92,3,20260925,0.7,2.0311844788033917
size_bm_25,full92,3,20260926,0.7,1.8941351846196461
size_bm_25,full92,3,20260927,0.7,2.4116683426549783
size_bm_25,full92,3,20260928,0.7,1.9590229699139954
size_bm_25,full92,4,20260924,0.7,1.8951596731081273
size_bm_25,full92,4,20260925,0.7,1.8846492740296392
size_bm_25,full92,4,20260926,0.7,2.011346030175855
size_bm_25,full92,4,20260927,0.7,1.7690583695126427
size_bm_25,full92,4,20260928,0.7,1.9934684713331552
size_bm_25,full92,5,20260924,0.7,1.8586664197119027
size_bm_25,full92,5,20260925,0.7,1.7790518936797846
size_bm_25,full92,5,20260926,0.7,2.2682914871270294
size_bm_25,full92,5,20260927,0.7,1.8451470421772207
size_bm_25,full92,5,20260928,0.7,2.1812966620952703
size_bm_25,full92,8,20260924,0.7,1.6754190060760992
size_bm_25,full92,8,20260925,0.7,2.0834126891477185
size_bm_25,full92,8,20260926,0.7,2.551210517060499
size_bm_25,full92,8,20260927,0.7,2.1149447320183024
size_bm_25,full92,8,20260928,0.7,2.045106059607049
size_bm_25,full92,1,20260924,0.75,2.1920242446747644
size_bm_25,full92,1,20260925,0.75,2.006844099429757
size_bm_25,full92,1,20260926,0.75,2.121836881014896
size_bm_25,full92,1,20260927,0.75,2.039857163968505
size_bm_25,full92,1,20260928,0.75,2.1749470549714265
size_bm_25,full92,2,20260924,0.75,1.9618903501433365
size_bm_25,full92,2,20260925,0.75,2.022076357956843
size_bm_25,full92,2,20260926,0.75,1.8304424640668662
size_bm_25,full92,2,20260927,0.75,1.9436794185635564
size_bm_25,full92,2,20260928,0.75,2.076697175533958
size_bm_25,full92,3,20260924,0.75,1.8680120480362725
size_bm_25,full92,3,20260925,0.75,1.9425888717977666
size_bm_25,full92,3,20260926,0.75,1.8675774249769552
size_bm_25,full92,3,20260927,0.75,2.3074185712251705
size_bm_25,full92,3,20260928,0.75,1.9463812722508687
size_bm_25,full92,4,20260924,0.75,1.8740257236220499
size_bm_25,full92,4,20260925,0.75,1.829821398132804
size_bm_25,full92,4,20260926,0.75,1.9733308760998933
size_bm_25,full92,4,20260927,0.75,1.7655358759244153
size_bm_25,full92,4,20260928,0.75,1.9530942375789881
size_bm_25,full92,5,20260924,0.75,1.8519647695587134
size_bm_25,full92,5,20260925,0.75,1.749190863707851
size_bm_25,full92,5,20260926,0.75,2.166958786629062
size_bm_25,full92,5,20260927,0.75,1.8236380455500527
size_bm_25,full92,5,20260928,0.75,2.1134636225464036
size_bm_25,full92,8,20260924,0.75,1.6785660588063818
size_bm_25,full92,8,20260925,0.75,1.9880178089382756
size_bm_25,full92,8,20260926,0.75,2.4283125631641216
size_bm_25,full92,8,20260927,0.75,2.014190008017808
size_bm_25,full92,8,20260928,0.75,1.9708533603713159
size_bm_25,full92,1,20260924,0.8,2.098044291104195
size_bm_25,full92,1,20260925,0.8,1.9293440797849082
size_bm_25,full92,1,20260926,0.8,2.0442098332479564
size_bm_25,full92,1,20260927,0.8,1.9720079001988726
size_bm_25,full92,1,20260928,0.8,2.088109092939134
size_bm_25,full92,2,20260924,0.8,1.9171700018190043
size_bm_25,full92,2,20260925,0.8,1.9520842635615216
size_bm_25,full92,2,20260926,0.8,1.8043260338582547
size_bm_25,full92,2,20260927,0.8,1.9029299610535424
size_bm_25,full92,2,20260928,0.8,1.9949204258755369
size_bm_25,full92,3,20260924,0.8,1.851096279339628
size_bm_25,full92,3,20260925,0.8,1.8671297852215243
size_bm_25,full92,3,20260926,0.8,1.8428322157246695
size_bm_25,full92,3,20260927,0.8,2.212907006892456
size_bm_25,full92,3,20260928,0.8,1.930524803120617
size_bm_25,full92,4,20260924,0.8,1.85112199074771
size_bm_25,full92,4,20260925,0.8,1.7837501242797318
size_bm_25,full92,4,20260926,0.8,1.9352133416278787
size_bm_25,full92,4,20260927,0.8,1.7565441314297705
size_bm_25,full92,4,20260928,0.8,1.9146162055461304
size_bm_25,full92,5,20260924,0.8,1.8415109155734044
size_bm_25,full92,5,20260925,0.8,1.7236921262827596
size_bm_25,full92,5,20260926,0.8,2.074306168731476
size_bm_25,full92,5,20260927,0.8,1.7986830857966056
size_bm_25,full92,5,20260928,0.8,2.05271577073586
size_bm_25,full92,8,20260924,0.8,1.6777429106799768
size_bm_25,full92,8,20260925,0.8,1.9047037296871232
size_bm_25,full92,8,20260926,0.8,2.31751053147201
size_bm_25,full92,8,20260927,0.8,1.922563311228351
size_bm_25,full92,8,20260928,0.8,1.9058165981866082
size_bm_25,full92,1,20260924,0.85,2.015766265562791
size_bm_25,full92,1,20260925,0.85,1.8622432850345547
size_bm_25,full92,1,20260926,0.85,1.9746693337337842
size_bm_25,full92,1,20260927,0.85,1.9119295858053282
size_bm_25,full92,1,20260928,0.85,2.010880138759013
size_bm_25,full92,2,20260924,0.85,1.8767496108106785
size_bm_25,full92,2,20260925,0.85,1.8910243103053737
size_bm_25,full92,2,20260926,0.85,1.7797650813227892
size_bm_25,full92,2,20260927,0.85,1.8647162838842202
size_bm_25,full92,2,20260928,0.85,1.92314695817581
size_bm_25,full92,3,20260924,0.85,1.8305861493950881
size_bm_25,full92,3,20260925,0.85,1.8047697842489379
size_bm_25,full92,3,20260926,0.85,1.8200797405044356
size_bm_25,full92,3,20260927,0.85,2.1288473375607384
size_bm_25,full92,3,20260928,0.85,1.912306030501413
size_bm_25,full92,4,20260924,0.85,1.8272083175762603
size_bm_25,full92,4,20260925,0.85,1.7460735150115156
size_bm_25,full92,4,20260926,0.85,1.8977151833550334
size_bm_25,full92,4,20260927,0.85,1.7432881450973885
size_bm_25,full92,4,20260928,0.85,1.8785058556463443
size_bm_25,full92,5,20260924,0.85,1.828126391044726
size_bm_25,full92,5,20260925,0.85,1.7022799025850175
size_bm_25,full92,5,20260926,0.85,1.9910760032254091
size_bm_25,full92,5,20260927,0.85,1.7714032861810953
size_bm_25,full92,5,20260928,0.85,1.999298084801093
size_bm_25,full92,8,20260924,0.85,1.673680241898092
size_bm_25,full92,8,20260925,0.85,1.8337510373791883
size_bm_25,full92,8,20260926,0.85,2.2195605483866148
size_bm_25,full92,8,20260927,0.85,1.8408704837348704
size_bm_25,full92,8,20260928,0.85,1.8501405886679716
size_bm_25,full92,1,20260924,0.9,1.9450218642395676
size_bm_25,full92,1,20260925,0.9,1.8051992141559803
size_bm_25,full92,1,20260926,0.9,1.9132951815359889
size_bm_25,full92,1,20260927,0.9,1.8594627260544507
size_bm_25,full92,1,20260928,0.9,1.9432354108099716
size_bm_25,full92,2,20260924,0.9,1.8406712647731753
size_bm_25,full92,2,20260925,0.9,1.8386496141652364
size_bm_25,full92,2,20260926,0.9,1.756938461808415
size_bm_25,full92,2,20260927,0.9,1.8292990839612304
size_bm_25,full92,2,20260928,0.9,1.8611830712904298
size_bm_25,full92,3,20260924,0.9,1.80756650867148
size_bm_25,full92,3,20260925,0.9,1.7546624969356335
size_bm_25,full92,3,20260926,0.9,1.7993466404139768
size_bm_25,full92,3,20260927,0.9,2.055259819742205
size_bm_25,full92,3,20260928,0.9,1.8925078598640501
size_bm_25,full92,4,20260924,0.9,1.8029359954769184
size_bm_25,full92,4,20260925,0.9,1.7159779737419294
size_bm_25,full92,4,20260926,0.9,1.861379542136888
size_bm_25,full92,4,20260927,0.9,1.726910461065413
size_bm_25,full92,4,20260928,0.9,1.8450134314768953
size_bm_25,full92,5,20260924,0.9,1.8125886541605079
size_bm_25,full92,5,20260925,0.9,1.684485119896309
size_bm_25,full92,5,20260926,0.9,1.917368504001638
size_bm_25,full92,5,20260927,0.9,1.7428040853949724
size_bm_25,full92,5,20260928,0.9,1.952993994516343
size_bm_25,full92,8,20260924,0.9,1.6670923435045166
size_bm_25,full92,8,20260925,0.9,1.7746593585360078
size_bm_25,full92,8,20260926,0.9,2.134370940304484
size_bm_25,full92,8,20260927,0.9,1.7692481454569766
size_bm_25,full92,8,20260928,0.9,1.8033944741691146
size_bm_25,full92,1,20260924,0.95,1.8850750013715742
size_bm_25,full92,1,20260925,0.95,1.7573979959790496
size_bm_25,full92,1,20260926,0.95,1.8597475176357845
size_bm_25,full92,1,20260927,0.95,1.8140888771812096
size_bm_25,full92,1,20260928,0.95,1.8846709975125124
size_bm_25,full92,2,20260924,0.95,1.8087503016246147
size_bm_25,full92,2,20260925,0.95,1.7943066693477974
size_bm_25,full92,2,20260926,0.95,1.73589616378176
size_bm_25,full92,2,20260927,0.95,1.796746916191308
size_bm_25,full92,2,20260928,0.95,1.8083628291137674
size_bm_25,full92,3,20260924,0.95,1.7829820505994143
size_bm_25,full92,3,20260925,0.95,1.7154188370845032
size_bm_25,full92,3,20260926,0.95,1.7805454942352712
size_bm_25,full92,3,20260927,0.95,1.9916358782739538
size_bm_25,full92,3,20260928,0.95,1.8717996112617497
size_bm_25,full92,4,20260924,0.95,1.77882418627148
size_bm_25,full92,4,20260925,0.95,1.6923930620633165
size_bm_25,full92,4,20260926,0.95,1.8265756134683506
size_bm_25,full92,4,20260927,0.95,1.7084208513826824
size_bm_25,full92,4,20260928,0.95,1.8142063892931213
size_bm_25,full92,5,20260924,0.95,1.7955808694945412
size_bm_25,full92,5,20260925,0.95,1.669742213604141
size_bm_25,full92,5,20260926,0.95,1.8527879333621788
size_bm_25,full92,5,20260927,0.95,1.7137280020831218
size_bm_25,full92,5,20260928,0.95,1.9132626441562373
size_bm_25,full92,8,20260924,0.95,1.65862359920703
size_bm_25,full92,8,20260925,0.95,1.7263706775172607
size_bm_25,full92,8,20260926,0.95,2.061206460834478
size_bm_25,full92,8,20260927,0.95,1.707306544811593
size_bm_25,full92,8,20260928,0.95,1.7647512878709481
size_bm_25,full92,1,20260924,1.0,1.8348281831620104
size_bm_25,full92,1,20260925,1.0,1.7177473780477879
size_bm_25,full92,1,20260926,1.0,1.8134062327378535
size_bm_25,full92,1,20260927,1.0,1.775072357640358
size_bm_25,full92,1,20260928,1.0,1.8343716232027891
size_bm_25,full92,2,20260924,1.0,1.780653763927243
size_bm_25,full92,2,20260925,1.0,1.7570989748950656
size_bm_25,full92,2,20260926,1.0,1.7165921702827116
size_bm_25,full92,2,20260927,1.0,1.7669856390717915
size_bm_25,full92,2,20260928,1.0,1.7637280304353997
size_bm_25,full92,3,20260924,1.0,1.7576095872644577
size_bm_25,full92,3,20260925,1.0,1.6853748391589811
size_bm_25,full92,3,20260926,1.0,1.7635147607069752
size_bm_25,full92,3,20260927,1.0,1.9371176955642466
size_bm_25,full92,3,20260928,1.0,1.8507197387865686
size_bm_25,full92,4,20260924,1.0,1.7552583264896269
size_bm_25,full92,4,20260925,1.0,1.6741610681001509
size_bm_25,full92,4,20260926,1.0,1.7935208342128335
size_bm_25,full92,4,20260927,1.0,1.6886626105242837
size_bm_25,full92,4,20260928,1.0,1.7860162487268012
size_bm_25,full92,5,20260924,1.0,1.777668625006898
size_bm_25,full92,5,20260925,1.0,1.65746650525131
size_bm_25,full92,5,20260926,1.0,1.7966043404031797
size_bm_25,full92,5,20260927,1.0,1.684839579929945
size_bm_25,full92,5,20260928,1.0,1.879373819342745
size_bm_25,full92,8,20260924,1.0,1.64882053932496
size_bm_25,full92,8,20260925,1.0,1.6875039085156243
size_bm_25,full92,8,20260926,1.0,1.9989127895429346
size_bm_25,full92,8,20260927,1.0,1.6542930607773585
size_bm_25,full92,8,20260928,1.0,1.7331652973786227
size_bm_25,masked86,1,20260924,0.0,3.8213347802137614
size_bm_25,masked86,1,20260925,0.0,3.4978937777231844
size_bm_25,masked86,1,20260926,0.0,3.400822372649419
size_bm_25,masked86,1,20260927,0.0,3.8160535989104334
size_bm_25,masked86,1,20260928,0.0,3.272335374486468
size_bm_25,masked86,2,20260924,0.0,2.7239385251757335
size_bm_25,masked86,2,20260925,0.0,1.9888283501854465
size_bm_25,masked86,2,20260926,0.0,0.9934755486514236
size_bm_25,masked86,2,20260927,0.0,2.252549347863151
size_bm_25,masked86,2,20260928,0.0,2.9694652806091755
size_bm_25,masked86,3,20260924,0.0,1.8031706804637904
size_bm_25,masked86,3,20260925,0.0,1.8083453706957187
size_bm_25,masked86,3,20260926,0.0,2.531970721375016
size_bm_25,masked86,3,20260927,0.0,2.079312939628121
size_bm_25,masked86,3,20260928,0.0,2.785156658253127
size_bm_25,masked86,4,20260924,0.0,2.5055728557880483
size_bm_25,masked86,4,20260925,0.0,1.6428888904499284
size_bm_25,masked86,4,20260926,0.0,2.3813540907193342
size_bm_25,masked86,4,20260927,0.0,1.695311150706797
size_bm_25,masked86,4,20260928,0.0,2.3629999637616996
size_bm_25,masked86,5,20260924,0.0,1.34325491400432
size_bm_25,masked86,5,20260925,0.0,1.914362677144779
size_bm_25,masked86,5,20260926,0.0,3.718833136685293
size_bm_25,masked86,5,20260927,0.0,2.3822088362296485
size_bm_25,masked86,5,20260928,0.0,2.1422666314860717
size_bm_25,masked86,8,20260924,0.0,2.206838074984145
size_bm_25,masked86,8,20260925,0.0,3.3435322497112154
size_bm_25,masked86,8,20260926,0.0,3.327301150123503
size_bm_25,masked86,8,20260927,0.0,1.1453974814639944
size_bm_25,masked86,8,20260928,0.0,1.926746535262301
size_bm_25,masked86,1,20260924,0.05,3.7817338648733902
size_bm_25,masked86,1,20260925,0.05,3.464793967215463
size_bm_25,masked86,1,20260926,0.05,3.370815012439667
size_bm_25,masked86,1,20260927,0.05,3.775093830521136
size_bm_25,masked86,1,20260928,0.05,3.2453309070477503
size_bm_25,masked86,2,20260924,0.05,2.7093691517364564
size_bm_25,masked86,2,20260925,0.05,1.9883438998374043
size_bm_25,masked86,2,20260926,0.05,1.0605880243119816
size_bm_25,masked86,2,20260927,0.05,2.2585519012239597
size_bm_25,masked86,2,20260928,0.05,2.945376354701241
size_bm_25,masked86,3,20260924,0.05,1.8248874872388585
size_bm_25,masked86,3,20260925,0.05,1.8072947698730113
size_bm_25,masked86,3,20260926,0.05,2.5240315611573725
size_bm_25,masked86,3,20260927,0.05,2.0789606123876094
size_bm_25,masked86,3,20260928,0.05,2.766432488921066
size_bm_25,masked86,4,20260924,0.05,2.495455975549975
size_bm_25,masked86,4,20260925,0.05,1.6566036845564158
size_bm_25,masked86,4,20260926,0.05,2.38800465295851
size_bm_25,masked86,4,20260927,0.05,1.7242286817528285
size_bm_25,masked86,4,20260928,0.05,2.35522077360467
size_bm_25,masked86,5,20260924,0.05,1.3820237242202247
size_bm_25,masked86,5,20260925,0.05,1.9103933989948898
size_bm_25,masked86,5,20260926,0.05,3.682922185711838
size_bm_25,masked86,5,20260927,0.05,2.368562448814022
size_bm_25,masked86,5,20260928,0.05,2.1438206154800103
size_bm_25,masked86,8,20260924,0.05,2.2124292932237615
size_bm_25,masked86,8,20260925,0.05,3.3045732996252695
size_bm_25,masked86,8,20260926,0.05,3.316227542191004
size_bm_25,masked86,8,20260927,0.05,1.1875901877554274
size_bm_25,masked86,8,20260928,0.05,1.9317859988321517
size_bm_25,masked86,1,20260924,0.1,3.7337023483915655
size_bm_25,masked86,1,20260925,0.1,3.4244689967675046
size_bm_25,masked86,1,20260926,0.1,3.3341223659885526
size_bm_25,masked86,1,20260927,0.1,3.7255616302072103
size_bm_25,masked86,1,20260928,0.1,3.2122646825457917
size_bm_25,masked86,2,20260924,0.1,2.6910996524303417
size_bm_25,masked86,2,20260925,0.1,1.9870755626698269
size_bm_25,masked86,2,20260926,0.1,1.1319722913732195
size_bm_25,masked86,2,20260927,0.1,2.264047085219567
size_bm_25,masked86,2,20260928,0.1,2.9160298232315682
size_bm_25,masked86,3,20260924,0.1,1.8482874048974671
size_bm_25,masked86,3,20260925,0.1,1.8057619748601546
size_bm_25,masked86,3,20260926,0.1,2.5135679458124827
size_bm_25,masked86,3,20260927,0.1,2.077498334690739
size_bm_25,masked86,3,20260928,0.1,2.7434096970898283
size_bm_25,masked86,4,20260924,0.1,2.4823873083404866
size_bm_25,masked86,4,20260925,0.1,1.6715428050647256
size_bm_25,masked86,4,20260926,0.1,2.393965678463029
size_bm_25,masked86,4,20260927,0.1,1.755526459196028
size_bm_25,masked86,4,20260928,0.1,2.3451197692022947
size_bm_25,masked86,5,20260924,0.1,1.4247671076181812
size_bm_25,masked86,5,20260925,0.1,1.9054526211896141
size_bm_25,masked86,5,20260926,0.1,3.6391603113769246
size_bm_25,masked86,5,20260927,0.1,2.35170330516837
size_bm_25,masked86,5,20260928,0.1,2.1444821202995366
size_bm_25,masked86,8,20260924,0.1,2.217361122065587
size_bm_25,masked86,8,20260925,0.1,3.2577821638991256
size_bm_25,masked86,8,20260926,0.1,3.301103756131424
size_bm_25,masked86,8,20260927,0.1,1.2330558525875177
size_bm_25,masked86,8,20260928,0.1,1.9365121090976525
size_bm_25,masked86,1,20260924,0.15,3.675896114376643
size_bm_25,masked86,1,20260925,0.15,3.375737320117018
size_bm_25,masked86,1,20260926,0.15,3.2896207804474966
size_bm_25,masked86,1,20260927,0.15,3.666123313820318
size_bm_25,masked86,1,20260928,0.15,3.172104405826504
size_bm_25,masked86,2,20260924,0.15,2.668419017721461
size_bm_25,masked86,2,20260925,0.15,1.984750931287335
size_bm_25,masked86,2,20260926,0.15,1.2068705020370978
size_bm_25,masked86,2,20260927,0.15,2.26852722922002
size_bm_25,masked86,2,20260928,0.15,2.880572116807055
size_bm_25,masked86,3,20260924,0.15,1.8729441071112287
size_bm_25,masked86,3,20260925,0.15,1.803616743647211
size_bm_25,masked86,3,20260926,0.15,2.4999946233921837
size_bm_25,masked86,3,20260927,0.15,2.0745145490839763
size_bm_25,masked86,3,20260928,0.15,2.7153489276112674
size_bm_25,masked86,4,20260924,0.15,2.4657207265366115
size_bm_25,masked86,4,20260925,0.15,1.6875024170696227
size_bm_25,masked86,4,20260926,0.15,2.398637963322668
size_bm_25,masked86,4,20260927,0.15,1.7887132766427127
size_bm_25,masked86,4,20260928,0.15,2.3321841769322846
size_bm_25,masked86,5,20260924,0.15,1.4711314927842558
size_bm_25,masked86,5,20260925,0.15,1.8993630748011707
size_bm_25,masked86,5,20260926,0.15,3.5862468163063927
size_bm_25,masked86,5,20260927,0.15,2.331068173227476
size_bm_25,masked86,5,20260928,0.15,2.143833729208202
size_bm_25,masked86,8,20260924,0.15,2.2211203732717446
size_bm_25,masked86,8,20260925,0.15,3.2020205988019286
size_bm_25,masked86,8,20260926,0.15,3.280900688326254
size_bm_25,masked86,8,20260927,0.15,1.28122662465617
size_bm_25,masked86,8,20260928,0.15,1.9405591651633995
size_bm_25,masked86,1,20260924,0.2,3.607029884445788
size_bm_25,masked86,1,20260925,0.2,3.317462614746788
size_bm_25,masked86,1,20260926,0.2,3.2362191937605567
size_bm_25,masked86,1,20260927,0.2,3.595515569267668
size_bm_25,masked86,1,20260928,0.2,3.1238430644161332
size_bm_25,masked86,2,20260924,0.2,2.640612172760926
size_bm_25,masked86,2,20260925,0.2,1.981061793757588
size_bm_25,masked86,2,20260926,0.2,1.2841884958825878
size_bm_25,masked86,2,20260927,0.2,2.271355803502829
size_bm_25,masked86,2,20260928,0.2,2.8381892672109417
size_bm_25,masked86,3,20260924,0.2,1.8982115533741748
size_bm_25,masked86,3,20260925,0.2,1.8007187557856688
size_bm_25,masked86,3,20260926,0.2,2.4826925369110713
size_bm_25,masked86,3,20260927,0.2,2.069535629036946
size_bm_25,masked86,3,20260928,0.2,2.681532406973229
size_bm_25,masked86,4,20260924,0.2,2.4447811316468244
size_bm_25,masked86,4,20260925,0.2,1.704147921617812
size_bm_25,masked86,4,20260926,0.2,2.4012773951378423
size_bm_25,masked86,4,20260927,0.2,1.823030219241512
size_bm_25,masked86,4,20260928,0.2,2.315878791329427
size_bm_25,masked86,5,20260924,0.2,1.5204636624863908
size_bm_25,masked86,5,20260925,0.2,1.8919512947565589
size_bm_25,masked86,5,20260926,0.2,3.5229191739953816
size_bm_25,masked86,5,20260927,0.2,2.3061094041289945
size_bm_25,masked86,5,20260928,0.2,2.141383175697316
size_bm_25,masked86,8,20260924,0.2,2.2230791071387896
size_bm_25,masked86,8,20260925,0.2,3.136243192237493
size_bm_25,masked86,8,20260926,0.2,3.2544999799500745
size_bm_25,masked86,8,20260927,0.2,1.3312518617603164
size_bm_25,masked86,8,20260928,0.2,1.9434687905247137
size_bm_25,masked86,1,20260924,0.25,3.5260362341535822
size_bm_25,masked86,1,20260925,0.25,3.2486927214190504
size_bm_25,masked86,1,20260926,0.25,3.1729881072260144
size_bm_25,masked86,1,20260927,0.25,3.512707187079262
size_bm_25,masked86,1,20260928,0.25,3.066616155317019
size_bm_25,masked86,2,20260924,0.25,2.6070359859333556
size_bm_25,masked86,2,20260925,0.25,1.9756840112761125
size_bm_25,masked86,2,20260926,0.25,1.3624738227183244
size_bm_25,masked86,2,20260927,0.25,2.27178512098103
size_bm_25,masked86,2,20260928,0.25,2.788211213375889
size_bm_25,masked86,3,20260924,0.25,1.92321133778422
size_bm_25,masked86,3,20260925,0.25,1.7969293311364007
size_bm_25,masked86,3,20260926,0.25,2.461062320907438
size_bm_25,masked86,3,20260927,0.25,2.062052559750111
size_bm_25,masked86,3,20260928,0.25,2.6413508781724033
size_bm_25,masked86,4,20260924,0.25,2.4189255429937977
size_bm_25,masked86,4,20260925,0.25,1.721000900393045
size_bm_25,masked86,4,20260926,0.25,2.401017460093758
size_bm_25,masked86,4,20260927,0.25,1.857433843220437
size_bm_25,masked86,4,20260928,0.25,2.295695310663216
size_bm_25,masked86,5,20260924,0.25,1.5717760806789858
size_bm_25,masked86,5,20260925,0.25,1.883068488549827
size_bm_25,masked86,5,20260926,0.25,3.448100437879296
size_bm_25,masked86,5,20260927,0.25,2.2763616789716945
size_bm_25,masked86,5,20260928,0.25,2.136587443526436
size_bm_25,masked86,8,20260924,0.25,2.222517707704239
size_bm_25,masked86,8,20260925,0.25,3.0596471204200886
size_bm_25,masked86,8,20260926,0.25,3.220775631448741
size_bm_25,masked86,8,20260927,0.25,1.38198525914428
size_bm_25,masked86,8,20260928,0.25,1.9447034113704298
size_bm_25,masked86,1,20260924,0.3,3.4322702849402513
size_bm_25,masked86,1,20260925,0.3,3.1688394358765573
size_bm_25,masked86,1,20260926,0.3,3.099327855722769
size_bm_25,masked86,1,20260927,0.3,3.417105670866613
size_bm_25,masked86,1,20260928,0.3,2.999855202480703
size_bm_25,masked86,2,20260924,0.3,2.5672219761939163
size_bm_25,masked86,2,20260925,0.3,1.9683102280857354
size_bm_25,masked86,2,20260926,0.3,1.4399359967773104
size_bm_25,masked86,2,20260927,0.3,2.26900209966748
size_bm_25,masked86,2,20260928,0.3,2.7302456589739545
size_bm_25,masked86,3,20260924,0.3,1.9468531897829464
size_bm_25,masked86,3,20260925,0.3,1.7921286944698078
size_bm_25,masked86,3,20260926,0.3,2.4346016590530364
size_bm_25,masked86,3,20260927,0.3,2.051567259522337
size_bm_25,masked86,3,20260928,0.3,2.594416849026587
size_bm_25,masked86,4,20260924,0.3,2.387629854562983
size_bm_25,masked86,4,20260925,0.3,1.7374448855504216
size_bm_25,masked86,4,20260926,0.3,2.3969238318733748
size_bm_25,masked86,4,20260927,0.3,1.890618073225057
size_bm_25,masked86,4,20260928,0.3,2.2712222154204276
size_bm_25,masked86,5,20260924,0.3,1.6237492269944018
size_bm_25,masked86,5,20260925,0.3,1.8726175067509587
size_bm_25,masked86,5,20260926,0.3,3.3610912978228
size_bm_25,masked86,5,20260927,0.3,2.2415289948457793
size_bm_25,masked86,5,20260928,0.3,2.1288978695390415
size_bm_25,masked86,8,20260924,0.3,2.2186751944280187
size_bm_25,masked86,8,20260925,0.3,2.9718594679845243
size_bm_25,masked86,8,20260926,0.3,3.1787179059397443
size_bm_25,masked86,8,20260927,0.3,1.4320096302235512
size_bm_25,masked86,8,20260928,0.3,1.9436802843450447
size_bm_25,masked86,1,20260924,0.35,3.3257367307812746
size_bm_25,masked86,1,20260925,0.35,3.077878805847775
size_bm_25,masked86,1,20260926,0.35,3.015157554995662
size_bm_25,masked86,1,20260927,0.35,3.308784537689832
size_bm_25,masked86,1,20260928,0.35,2.923460607713173
size_bm_25,masked86,2,20260924,0.35,2.5209951867777987
size_bm_25,masked86,2,20260925,0.35,1.9586940703651008
size_bm_25,masked86,2,20260926,0.35,1.514526105004053
size_bm_25,masked86,2,20260927,0.35,2.262205651969361
size_bm_25,masked86,2,20260928,0.35,2.6643252988414123
size_bm_25,masked86,3,20260924,0.35,1.967900071790048
size_bm_25,masked86,3,20260925,0.35,1.7862373158400864
size_bm_25,masked86,3,20260926,0.35,2.4030003952526
size_bm_25,masked86,3,20260927,0.35,2.0376576136680757
size_bm_25,masked86,3,20260928,0.35,2.5406909294046223
size_bm_25,masked86,4,20260924,0.35,2.350593992878169
size_bm_25,masked86,4,20260925,0.35,1.7527580929784146
size_bm_25,masked86,4,20260926,0.35,2.3880845860754896
size_bm_25,masked86,4,20260927,0.35,1.9210882883208162
size_bm_25,masked86,4,20260928,0.35,2.2422290686580415
size_bm_25,masked86,5,20260924,0.35,1.6747873420454278
size_bm_25,masked86,5,20260925,0.35,1.8605822694436849
size_bm_25,masked86,5,20260926,0.35,3.2617856794052926
size_bm_25,masked86,5,20260927,0.35,2.2015815222731723
size_bm_25,masked86,5,20260928,0.35,2.1178263054708184
size_bm_25,masked86,8,20260924,0.35,2.2108288145442776
size_bm_25,masked86,8,20260925,0.35,2.8731385495036372
size_bm_25,masked86,8,20260926,0.35,3.1275923991083965
size_bm_25,masked86,8,20260927,0.35,1.4797120183816859
size_bm_25,masked86,8,20260928,0.35,1.9398285326695877
size_bm_25,masked86,1,20260924,0.4,3.207294001139975
size_bm_25,masked86,1,20260925,0.4,2.976532086847995
size_bm_25,masked86,1,20260926,0.4,2.921087598381541
size_bm_25,masked86,1,20260927,0.4,3.1886852453833763
size_bm_25,masked86,1,20260928,0.4,2.8379597942435324
size_bm_25,masked86,2,20260924,0.4,2.468586544960986
size_bm_25,masked86,2,20260925,0.4,1.946699570970067
size_bm_25,masked86,2,20260926,0.4,1.5840835963724034
size_bm_25,masked86,2,20260927,0.4,2.2507104544790812
size_bm_25,masked86,2,20260928,0.4,2.591037472348191
size_bm_25,masked86,3,20260924,0.4,1.985080788930765
size_bm_25,masked86,3,20260925,0.4,1.7792374708082865
size_bm_25,masked86,3,20260926,0.4,2.3662373440777733
size_bm_25,masked86,3,20260927,0.4,2.02005317876311
size_bm_25,masked86,3,20260928,0.4,2.480595204637121
size_bm_25,masked86,4,20260924,0.4,2.30784737042887
size_bm_25,masked86,4,20260925,0.4,1.7661765387017818
size_bm_25,masked86,4,20260926,0.4,2.373729456515824
size_bm_25,masked86,4,20260927,0.4,1.9472914431345307
size_bm_25,masked86,4,20260928,0.4,2.2087502808545643
size_bm_25,masked86,5,20260924,0.4,1.7231359469514902
size_bm_25,masked86,5,20260925,0.4,1.847052845508592
size_bm_25,masked86,5,20260926,0.4,3.1508679174631333
size_bm_25,masked86,5,20260927,0.4,2.1568419910282133
size_bm_25,masked86,5,20260928,0.4,2.1030250585211014
size_bm_25,masked86,8,20260924,0.4,2.1983960687688318
size_bm_25,masked86,8,20260925,0.4,2.7645462551857016
size_bm_25,masked86,8,20260926,0.4,3.067110896891542
size_bm_25,masked86,8,20260927,0.4,1.523413117536785
size_bm_25,masked86,8,20260928,0.4,1.9326650852010798
size_bm_25,masked86,1,20260924,0.45,3.078774211484858
size_bm_25,masked86,1,20260925,0.45,2.8663729366420982
size_bm_25,masked86,1,20260926,0.45,2.8185245098311644
size_bm_25,masked86,1,20260927,0.45,3.0587318328021467
size_bm_25,masked86,1,20260928,0.45,2.7446035834355795
size_bm_25,masked86,2,20260924,0.45,2.410706268766773
size_bm_25,masked86,2,20260925,0.45,1.9323444346100536
size_bm_25,masked86,2,20260926,0.45,1.6465399561724232
size_bm_25,masked86,2,20260927,0.45,2.234060052867187
size_bm_25,masked86,2,20260928,0.45,2.5115947264839305
size_bm_25,masked86,3,20260924,0.45,1.9972383758596834
size_bm_25,masked86,3,20260925,0.45,1.7711890859872446
size_bm_25,masked86,3,20260926,0.45,2.324653750093627
size_bm_25,masked86,3,20260927,0.45,1.9987056179683926
size_bm_25,masked86,3,20260928,0.45,2.4150781398217243
size_bm_25,masked86,4,20260924,0.45,2.2598269417946155
size_bm_25,masked86,4,20260925,0.45,1.776981958608208
size_bm_25,masked86,4,20260926,0.45,2.3533582359284755
size_bm_25,masked86,4,20260927,0.45,1.967789404298095
size_bm_25,masked86,4,20260928,0.45,2.171145708799793
size_bm_25,masked86,5,20260924,0.45,1.7670535253648236
size_bm_25,masked86,5,20260925,0.45,1.832237409209754
size_bm_25,masked86,5,20260926,0.45,3.0299337089125107
size_bm_25,masked86,5,20260927,0.45,2.108034023899758
size_bm_25,masked86,5,20260928,0.45,2.084364746341738
size_bm_25,masked86,8,20260924,0.45,2.181041071301266
size_bm_25,masked86,8,20260925,0.45,2.648035106611657
size_bm_25,masked86,8,20260926,0.45,2.9975746259856972
size_bm_25,masked86,8,20260927,0.45,1.561539481271585
size_bm_25,masked86,8,20260928,0.45,1.9218766943886472
size_bm_25,masked86,1,20260924,0.5,2.9429596756534324
size_bm_25,masked86,1,20260925,0.5,2.7498080463422485
size_bm_25,masked86,1,20260926,0.5,2.7096580482078445
size_bm_25,masked86,1,20260927,0.5,2.9217991300045054
size_bm_25,masked86,1,20260928,0.5,2.64535473737807
size_bm_25,masked86,2,20260924,0.5,2.3485456600387495
size_bm_25,masked86,2,20260925,0.5,1.9158233080936107
size_bm_25,masked86,2,20260926,0.5,1.7001465101369524
size_bm_25,masked86,2,20260927,0.5,2.212122317136957
size_bm_25,masked86,2,20260928,0.5,2.427807131360168
size_bm_25,masked86,3,20260924,0.5,2.0034862091548122
size_bm_25,masked86,3,20260925,0.5,1.7622336071716254
size_bm_25,masked86,3,20260926,0.5,2.278976094341352
size_bm_25,masked86,3,20260927,0.5,1.9738333016655527
size_bm_25,masked86,3,20260928,0.5,2.3455970688290946
size_bm_25,masked86,4,20260924,0.5,2.2073981243826637
size_bm_25,masked86,4,20260925,0.5,1.7845982141059415
size_bm_25,masked86,4,20260926,0.5,2.3268474724578687
size_bm_25,masked86,4,20260927,0.5,1.9814438661110245
size_bm_25,masked86,4,20260928,0.5,2.1301141455348973
size_bm_25,masked86,5,20260924,0.5,1.8050096969416225
size_bm_25,masked86,5,20260925,0.5,1.8164534756603201
size_bm_25,masked86,5,20260926,0.5,2.9014782628140927
size_bm_25,masked86,5,20260927,0.5,2.0562663403926926
size_bm_25,masked86,5,20260928,0.5,2.0619885192441183
size_bm_25,masked86,8,20260924,0.5,2.158758451129414
size_bm_25,masked86,8,20260925,0.5,2.5263976910345733
size_bm_25,masked86,8,20260926,0.5,2.919943904204449
size_bm_25,masked86,8,20260927,0.5,1.5928089546645583
size_bm_25,masked86,8,20260928,0.5,1.9073879846817436
size_bm_25,masked86,1,20260924,0.55,2.8033853715720727
size_bm_25,masked86,1,20260925,0.55,2.6299037214114196
size_bm_25,masked86,1,20260926,0.55,2.5973039738596153
size_bm_25,masked86,1,20260927,0.55,2.7815048609874036
size_bm_25,masked86,1,20260928,0.55,2.542744378802788
size_bm_25,masked86,2,20260924,0.55,2.2836890934817413
size_bm_25,masked86,2,20260925,0.55,1.8975002301440462
size_bm_25,masked86,2,20260926,0.55,1.743676830829492
size_bm_25,masked86,2,20260927,0.55,2.185138666347653
size_bm_25,masked86,2,20260928,0.55,2.3419380762109263
size_bm_25,masked86,3,20260924,0.55,2.003333930635875
size_bm_25,masked86,3,20260925,0.55,1.752582141841851
size_bm_25,masked86,3,20260926,0.55,2.230270220979695
size_bm_25,masked86,3,20260927,0.55,1.9459224421491603
size_bm_25,masked86,3,20260928,0.55,2.2740018965035103
size_bm_25,masked86,4,20260924,0.55,2.1517994135066485
size_bm_25,masked86,4,20260925,0.55,1.7886725945249307
size_bm_25,masked86,4,20260926,0.55,2.2945032919825
size_bm_25,masked86,4,20260927,0.55,1.9875693571090272
size_bm_25,masked86,4,20260928,0.55,2.086644879387617
size_bm_25,masked86,5,20260924,0.55,1.835866824929665
size_bm_25,masked86,5,20260925,0.55,1.8000960948160472
size_bm_25,masked86,5,20260926,0.55,2.768721404127573
size_bm_25,masked86,5,20260927,0.55,2.0029408324180835
size_bm_25,masked86,5,20260928,0.55,2.0363230116944457
size_bm_25,masked86,8,20260924,0.55,2.131908011473925
size_bm_25,masked86,8,20260925,0.55,2.4030542886012607
size_bm_25,masked86,8,20260926,0.55,2.835799451040174
size_bm_25,masked86,8,20260927,0.55,1.6163876400722483
size_bm_25,masked86,8,20260928,0.55,1.8893945802556793
size_bm_25,masked86,1,20260924,0.6,2.663986711204473
size_bm_25,masked86,1,20260925,0.6,2.5100755172732487
size_bm_25,masked86,1,20260926,0.6,2.484617836725093
size_bm_25,masked86,1,20260927,0.6,2.6418466660116082
size_bm_25,masked86,1,20260928,0.6,2.43961084320599
size_bm_25,masked86,2,20260924,0.6,2.2179449089188976
size_bm_25,masked86,2,20260925,0.6,1.8778682207714052
size_bm_25,masked86,2,20260926,0.6,1.7765539031532727
size_bm_25,masked86,2,20260927,0.6,2.1537090230138123
size_bm_25,masked86,2,20260928,0.6,2.256460678550274
size_bm_25,masked86,3,20260924,0.6,1.9967492257791075
size_bm_25,masked86,3,20260925,0.6,1.7424890853880042
size_bm_25,masked86,3,20260926,0.6,2.179828780088174
size_bm_25,masked86,3,20260927,0.6,1.9156787606992511
size_bm_25,masked86,3,20260928,0.6,2.20233391053912
size_bm_25,masked86,4,20260924,0.6,2.094513673109987
size_bm_25,masked86,4,20260925,0.6,1.7891197473507476
size_bm_25,masked86,4,20260926,0.6,2.257040572320576
size_bm_25,masked86,4,20260927,0.6,1.9860144655729013
size_bm_25,masked86,4,20260928,0.6,2.0419109546488277
size_bm_25,masked86,5,20260924,0.6,1.8590008293516596
size_bm_25,masked86,5,20260925,0.6,1.7835885646505294
size_bm_25,masked86,5,20260926,0.6,2.635286304853242
size_bm_25,masked86,5,20260927,0.6,1.9495963413070228
size_bm_25,masked86,5,20260928,0.6,2.0080375811326148
size_bm_25,masked86,8,20260924,0.6,2.1011851644832316
size_bm_25,masked86,8,20260925,0.6,2.281701371520875
size_bm_25,masked86,8,20260926,0.6,2.74719015459595
size_bm_25,masked86,8,20260927,0.6,1.6319788984546015
size_bm_25,masked86,8,20260928,0.6,1.8683485176053407
size_bm_25,masked86,1,20260924,0.65,2.528663041345426
size_bm_25,masked86,1,20260925,0.65,2.393703836928234
size_bm_25,masked86,1,20260926,0.65,2.374738471363787
size_bm_25,masked86,1,20260927,0.65,2.5067564917581104
size_bm_25,masked86,1,20260928,0.65,2.3387754985958784
size_bm_25,masked86,2,20260924,0.65,2.1531320267136453
size_bm_25,masked86,2,20260925,0.65,1.8574850555383724
size_bm_25,masked86,2,20260926,0.65,1.7988719526153623
size_bm_25,masked86,2,20260927,0.65,2.1187141679848316
size_bm_25,masked86,2,20260928,0.65,2.173767058636645
size_bm_25,masked86,3,20260924,0.65,1.9841399614297996
size_bm_25,masked86,3,20260925,0.65,1.7322176333424364
size_bm_25,masked86,3,20260926,0.65,2.1290165929166975
size_bm_25,masked86,3,20260927,0.65,1.8839397433598006
size_bm_25,masked86,3,20260928,0.65,2.1325837498412614
size_bm_25,masked86,4,20260924,0.65,2.037093824449607
size_bm_25,masked86,4,20260925,0.65,1.7861168964505534
size_bm_25,masked86,4,20260926,0.65,2.215491225116697
size_bm_25,masked86,4,20260927,0.65,1.9771516865446284
size_bm_25,masked86,4,20260928,0.65,1.9971278657827747
size_bm_25,masked86,5,20260924,0.65,1.8743334212767098
size_bm_25,masked86,5,20260925,0.65,1.7673279076092507
size_bm_25,masked86,5,20260926,0.65,2.50479695331566
size_bm_25,masked86,5,20260927,0.65,1.8977232336626515
size_bm_25,masked86,5,20260928,0.65,1.9779599641804888
size_bm_25,masked86,8,20260924,0.65,2.067532087774023
size_bm_25,masked86,8,20260925,0.65,2.1658904669950156
size_bm_25,masked86,8,20260926,0.65,2.6563986055281816
size_bm_25,masked86,8,20260927,0.65,1.6398232646075075
size_bm_25,masked86,8,20260928,0.65,1.8448979881617054
size_bm_25,masked86,1,20260924,0.7,2.400854894992175
size_bm_25,masked86,1,20260925,0.7,2.2837631633591187
size_bm_25,masked86,1,20260926,0.7,2.270443382022997
size_bm_25,masked86,1,20260927,0.7,2.379672221137786
size_bm_25,masked86,1,20260928,0.7,2.2427313810955027
size_bm_25,masked86,2,20260924,0.7,2.0908741478038317
size_bm_25,masked86,2,20260925,0.7,1.8369020543661456
size_bm_25,masked86,2,20260926,0.7,1.8113147133799712
size_bm_25,masked86,2,20260927,0.7,2.081196855342544
size_bm_25,masked86,2,20260928,0.7,2.0958997752757704
size_bm_25,masked86,3,20260924,0.7,1.9662660794750693
size_bm_25,masked86,3,20260925,0.7,1.7220062450421174
size_bm_25,masked86,3,20260926,0.7,2.0791123406348846
size_bm_25,masked86,3,20260927,0.7,1.85157017649236
size_bm_25,masked86,3,20260928,0.7,2.066467128668898
size_bm_25,masked86,4,20260924,0.7,1.9809855893025987
size_bm_25,masked86,4,20260925,0.7,1.7800547354750251
size_bm_25,masked86,4,20260926,0.7,2.171066514352249
size_bm_25,masked86,4,20260927,0.7,1.9617845183538396
size_bm_25,masked86,4,20260928,0.7,1.953412891214162
size_bm_25,masked86,5,20260924,0.7,1.8822753590797858
size_bm_25,masked86,5,20260925,0.7,1.751639092985603
size_bm_25,masked86,5,20260926,0.7,2.380485898425076
size_bm_25,masked86,5,20260927,0.7,1.848594397941447
size_bm_25,masked86,5,20260928,0.7,1.9469704155255751
size_bm_25,masked86,8,20260924,0.7,2.0320132314777
size_bm_25,masked86,8,20260925,0.7,2.058631420300031
size_bm_25,masked86,8,20260926,0.7,2.565681488952528
size_bm_25,masked86,8,20260927,0.7,1.6406151143965362
size_bm_25,masked86,8,20260928,0.7,1.819797989236155
size_bm_25,masked86,1,20260924,0.75,2.2832243984696032
size_bm_25,masked86,1,20260925,0.75,2.182544600752272
size_bm_25,masked86,1,20260926,0.75,2.1738906054090226
size_bm_25,masked86,1,20260927,0.75,2.2632171979694715
size_bm_25,masked86,1,20260928,0.75,2.153412718944671
size_bm_25,masked86,2,20260924,0.75,2.032447787453529
size_bm_25,masked86,2,20260925,0.75,1.8166033257791105
size_bm_25,masked86,2,20260926,0.75,1.8150007897065563
size_bm_25,masked86,2,20260927,0.75,2.0422331949625727
size_bm_25,masked86,2,20260928,0.75,2.024364930226589
size_bm_25,masked86,3,20260924,0.75,1.9441099903101744
size_bm_25,masked86,3,20260925,0.75,1.7120439318426546
size_bm_25,masked86,3,20260926,0.75,2.031183114120185
size_bm_25,masked86,3,20260927,0.75,1.8193666776708306
size_bm_25,masked86,3,20260928,0.75,2.005268339014139
size_bm_25,masked86,4,20260924,0.75,1.9273877010550355
size_bm_25,masked86,4,20260925,0.75,1.7714611570406618
size_bm_25,masked86,4,20260926,0.75,2.125009485909991
size_bm_25,masked86,4,20260927,0.75,1.9410031405635548
size_bm_25,masked86,4,20260928,0.75,1.911677369190034
size_bm_25,masked86,5,20260924,0.75,1.8836055721251694
size_bm_25,masked86,5,20260925,0.75,1.7367479056429305
size_bm_25,masked86,5,20260926,0.75,2.2648958605309875
size_bm_25,masked86,5,20260927,0.75,1.8031505099950933
size_bm_25,masked86,5,20260928,0.75,1.9159008835155853
size_bm_25,masked86,8,20260924,0.75,1.9956872114918784
size_bm_25,masked86,8,20260925,0.75,1.962105010187906
size_bm_25,masked86,8,20260926,0.75,2.477044633973647
size_bm_25,masked86,8,20260927,0.75,1.6353647140913636
size_bm_25,masked86,8,20260928,0.75,1.793815604496753
size_bm_25,masked86,1,20260924,0.8,2.1774903751343295
size_bm_25,masked86,1,20260925,0.8,2.0915167975057303
size_bm_25,masked86,1,20260926,0.8,2.0864888355105715
size_bm_25,masked86,1,20260927,0.8,2.159039552312409
size_bm_25,masked86,1,20260928,0.8,2.0720823310217664
size_bm_25,masked86,2,20260924,0.8,1.9787084259644132
size_bm_25,masked86,2,20260925,0.8,1.7969668610460214
size_bm_25,masked86,2,20260926,0.8,1.8113004150685972
size_bm_25,masked86,2,20260927,0.8,2.002822966898225
size_bm_25,masked86,2,20260928,0.8,1.960056027501732
size_bm_25,masked86,3,20260924,0.8,1.9187401528346124
size_bm_25,masked86,3,20260925,0.8,1.7024582190728035
size_bm_25,masked86,3,20260926,0.8,1.9860132188337944
size_bm_25,masked86,3,20260927,0.8,1.7879900206382102
size_bm_25,masked86,3,20260928,0.8,1.949775466278
size_bm_25,masked86,4,20260924,0.8,1.8771732153797858
size_bm_25,masked86,4,20260925,0.8,1.760919396670431
size_bm_25,masked86,4,20260926,0.8,2.078469991643934
size_bm_25,masked86,4,20260927,0.8,1.9160279333582215
size_bm_25,masked86,4,20260928,0.8,1.872569655052472
size_bm_25,masked86,5,20260924,0.8,1.8793233549554376
size_bm_25,masked86,5,20260925,0.8,1.7227750613932409
size_bm_25,masked86,5,20260926,0.8,2.1597230679720814
size_bm_25,masked86,5,20260927,0.8,1.7619563494423678
size_bm_25,masked86,5,20260928,0.8,1.8854598198068555
size_bm_25,masked86,8,20260924,0.8,1.9595026357959546
size_bm_25,masked86,8,20260925,0.8,1.8775332501291904
size_bm_25,masked86,8,20260926,0.8,2.392093367111467
size_bm_25,masked86,8,20260927,0.8,1.6252434858886369
size_bm_25,masked86,8,20260928,0.8,1.7676509983339181
size_bm_25,masked86,1,20260924,0.85,2.0844224294670983
size_bm_25,masked86,1,20260925,0.85,2.0113273131818916
size_bm_25,masked86,1,20260926,0.85,2.0088970735918283
size_bm_25,masked86,1,20260927,0.85,2.0678149418471685
size_bm_25,masked86,1,20260928,0.85,1.999336177806319
size_bm_25,masked86,2,20260924,0.85,1.9300929984131079
size_bm_25,masked86,2,20260925,0.85,1.7782501799038493
size_bm_25,masked86,2,20260926,0.85,1.801664044774896
size_bm_25,masked86,2,20260927,0.85,1.96381563737789
size_bm_25,masked86,2,20260928,0.85,1.9032825971321108
size_bm_25,masked86,3,20260924,0.85,1.891195552611751
size_bm_25,masked86,3,20260925,0.85,1.6933151661628276
size_bm_25,masked86,3,20260926,0.85,1.9440892445572384
size_bm_25,masked86,3,20260927,0.85,1.757932183630676
size_bm_25,masked86,3,20260928,0.85,1.9003016832569222
size_bm_25,masked86,4,20260924,0.85,1.8308740945533
size_bm_25,masked86,4,20260925,0.85,1.7489982059152591
size_bm_25,masked86,4,20260926,0.85,2.03242107426467
size_bm_25,masked86,4,20260927,0.85,1.8880732513822804
size_bm_25,masked86,4,20260928,0.85,1.8364687869601461
size_bm_25,masked86,5,20260924,0.85,1.870508100670507
size_bm_25,masked86,5,20260925,0.85,1.7097475876155521
size_bm_25,masked86,5,20260926,0.85,2.0658058110664066
size_bm_25,masked86,5,20260927,0.85,1.7252219954487558
size_bm_25,masked86,5,20260928,0.85,1.8561915083030227
size_bm_25,masked86,8,20260924,0.85,1.924232594435856
size_bm_25,masked86,8,20260925,0.85,1.805209287795395
size_bm_25,masked86,8,20260926,0.85,2.3119701123838596
size_bm_25,masked86,8,20260927,0.85,1.6114451176503062
size_bm_25,masked86,8,20260928,0.85,1.7418859644821048
size_bm_25,masked86,1,20260924,0.9,2.003960762520017
size_bm_25,masked86,1,20260925,0.9,1.9419128246659512
size_bm_25,masked86,1,20260926,0.9,1.941123824726224
size_bm_25,masked86,1,20260927,0.9,1.9893778035653695
size_bm_25,masked86,1,20260928,0.9,1.9351960246774322
size_bm_25,masked86,2,20260924,0.9,1.886678239720952
size_bm_25,masked86,2,20260925,0.9,1.760596190740486
size_bm_25,masked86,2,20260926,0.9,1.7874883726003201
size_bm_25,masked86,2,20260927,0.9,1.9258751846264082
size_bm_25,masked86,2,20260928,0.9,1.853872712031601
size_bm_25,masked86,3,20260924,0.9,1.8624053970315138
size_bm_25,masked86,3,20260925,0.9,1.684627904905301
size_bm_25,masked86,3,20260926,0.9,1.9056287194654868
size_bm_25,masked86,3,20260927,0.9,1.7295143776714255
size_bm_25,masked86,3,20260928,0.9,1.8567666108626488
size_bm_25,masked86,4,20260924,0.9,1.7887148890561073
size_bm_25,masked86,4,20260925,0.9,1.736203356961195
size_bm_25,masked86,4,20260926,0.9,1.9876199181442207
size_bm_25,masked86,4,20260927,0.9,1.8582492232961723
size_bm_25,masked86,4,20260928,0.9,1.803516044839254
size_bm_25,masked86,5,20260924,0.9,1.8582087075340779
size_bm_25,masked86,5,20260925,0.9,1.6976201781170026
size_bm_25,masked86,5,20260926,0.9,1.9832270973170634
size_bm_25,masked86,5,20260927,0.9,1.6928677096519444
size_bm_25,masked86,5,20260928,0.9,1.82846763655739
size_bm_25,masked86,8,20260924,0.9,1.8904488141740632
size_bm_25,masked86,8,20260925,0.9,1.7446505867633118
size_bm_25,masked86,8,20260926,0.9,2.2373667394296355
size_bm_25,masked86,8,20260927,0.9,1.5950816909281562
size_bm_25,masked86,8,20260928,0.9,1.7169615811785983
size_bm_25,masked86,1,20260924,0.95,1.9354100774106622
size_bm_25,masked86,1,20260925,0.95,1.8826709704133158
size_bm_25,masked86,1,20260926,0.95,1.8826819979143925
size_bm_25,masked86,1,20260927,0.95,1.922927191846093
size_bm_25,masked86,1,20260928,0.95,1.8792495295181657
size_bm_25,masked86,2,20260924,0.95,1.8482677201960183
size_bm_25,masked86,2,20260925,0.95,1.744051646772223
size_bm_25,masked86,2,20260926,0.95,1.7700286171028332
size_bm_25,masked86,2,20260927,0.95,1.8894770346441472
size_bm_25,masked86,2,20260928,0.95,1.811310057229206
size_bm_25,masked86,3,20260924,0.95,1.833145623866849
size_bm_25,masked86,3,20260925,0.95,1.6763693555640573
size_bm_25,masked86,3,20260926,0.95,1.870633635681436
size_bm_25,masked86,3,20260927,0.95,1.7029064119218782
size_bm_25,masked86,3,20260928,0.95,1.8188054028397187
size_bm_25,masked86,4,20260924,0.95,1.7506745144574514
size_bm_25,masked86,4,20260925,0.95,1.7229517097318665
size_bm_25,masked86,4,20260926,0.95,1.9446054847963632
size_bm_25,masked86,4,20260927,0.95,1.8275048962947236
size_bm_25,masked86,4,20260928,0.95,1.7736668659518118
size_bm_25,masked86,5,20260924,0.95,1.8433706375120604
size_bm_25,masked86,5,20260925,0.95,1.6862993448987775
size_bm_25,masked86,5,20260926,0.95,1.9114841537956184
size_bm_25,masked86,5,20260927,0.95,1.6646074873990413
size_bm_25,masked86,5,20260928,0.95,1.8025021857974572
size_bm_25,masked86,8,20260924,0.95,1.8585271848687446
size_bm_25,masked86,8,20260925,0.95,1.6948194571292579
size_bm_25,masked86,8,20260926,0.95,2.1685864399336268
size_bm_25,masked86,8,20260927,0.95,1.5771199396713138
size_bm_25,masked86,8,20260928,0.95,1.693179357469378
size_bm_25,masked86,1,20260924,1.0,1.877655992900465
size_bm_25,masked86,1,20260925,1.0,1.8326481195158262
size_bm_25,masked86,1,20260926,1.0,1.83275779578969
size_bm_25,masked86,1,20260927,1.0,1.8672533732257761
size_bm_25,masked86,1,20260928,1.0,1.8308002231246627
size_bm_25,masked86,2,20260924,1.0,1.8144836861689522
size_bm_25,masked86,2,20260925,1.0,1.7285907195796222
size_bm_25,masked86,2,20260926,1.0,1.7503534869617434
size_bm_25,masked86,2,20260927,1.0,1.8549262442997154
size_bm_25,masked86,2,20260928,1.0,1.7748715386006875
size_bm_25,masked86,3,20260924,1.0,1.8040257232730676
size_bm_25,masked86,3,20260925,1.0,1.6684855313563594
size_bm_25,masked86,3,20260926,1.0,1.8389515662013622
size_bm_25,masked86,3,20260927,1.0,1.6781567939750586
size_bm_25,masked86,3,20260928,1.0,1.7858781824006043
size_bm_25,masked86,4,20260924,1.0,1.7165566049436147
size_bm_25,masked86,4,20260925,1.0,1.7095638760503313
size_bm_25,masked86,4,20260926,1.0,1.9037203066154222
size_bm_25,masked86,4,20260927,1.0,1.7966064682024718
size_bm_25,masked86,4,20260928,1.0,1.7467475473384324
size_bm_25,masked86,5,20260924,1.0,1.8267980042660548
size_bm_25,masked86,5,20260925,1.0,1.6756653177872245
size_bm_25,masked86,5,20260926,1.0,1.8496785481104714
size_bm_25,masked86,5,20260927,1.0,1.6400309277939205
size_bm_25,masked86,5,20260928,1.0,1.778379095634266
size_bm_25,masked86,8,20260924,1.0,1.8286729088113203
size_bm_25,masked86,8,20260925,1.0,1.6543552085016824
size_bm_25,masked86,8,20260926,1.0,2.1056287082356553
size_bm_25,masked86,8,20260927,1.0,1.5583529054137206
size_bm_25,masked86,8,20260928,1.0,1.6707174183194429
industry_49,full92,1,20260924,0.0,4.43861011240693
industry_49,full92,1,20260925,0.0,3.924352411451105
industry_49,full92,1,20260926,0.0,4.078659626033272
industry_49,full92,1,20260927,0.0,3.854905526328565
industry_49,full92,1,20260928,0.0,4.293683288959127
industry_49,full92,2,20260924,0.0,3.50918537908759
industry_49,full92,2,20260925,0.0,3.8093764866642026
industry_49,full92,2,20260926,0.0,3.049463900633965
industry_49,full92,2,20260927,0.0,3.32301415991176
industry_49,full92,2,20260928,0.0,4.167990312695896
industry_49,full92,3,20260924,0.0,2.7831169762544583
industry_49,full92,3,20260925,0.0,3.663089718052931
industry_49,full92,3,20260926,0.0,3.1405047155702253
industry_49,full92,3,20260927,0.0,4.653777945756389
industry_49,full92,3,20260928,0.0,3.0092578414717965
industry_49,full92,4,20260924,0.0,2.976054722025511
industry_49,full92,4,20260925,0.0,3.173151567207451
industry_49,full92,4,20260926,0.0,3.342221285854781
industry_49,full92,4,20260927,0.0,2.5824975274661326
industry_49,full92,4,20260928,0.0,3.349349478841083
industry_49,full92,5,20260924,0.0,2.6779030588530564
industry_49,full92,5,20260925,0.0,2.8554768544590674
industry_49,full92,5,20260926,0.0,4.3346079580248364
industry_49,full92,5,20260927,0.0,2.8613430531984374
industry_49,full92,5,20260928,0.0,3.9490296179302686
industry_49,full92,8,20260924,0.0,2.42351912773441
industry_49,full92,8,20260925,0.0,3.8872769683135773
industry_49,full92,8,20260926,0.0,4.859586149631475
industry_49,full92,8,20260927,0.0,4.150136173180012
industry_49,full92,8,20260928,0.0,3.8075498534642236
industry_49,full92,1,20260924,0.05,4.339129163478142
industry_49,full92,1,20260925,0.05,3.839360737264226
industry_49,full92,1,20260926,0.05,4.011254486197781
industry_49,full92,1,20260927,0.05,3.788912083863457
industry_49,full92,1,20260928,0.05,4.207074046153166
industry_49,full92,2,20260924,0.05,3.465946881907597
industry_49,full92,2,20260925,0.05,3.739433914240789
industry_49,full92,2,20260926,0.05,3.0221362977804676
industry_49,full92,2,20260927,0.05,3.3045227588602892
industry_49,full92,2,20260928,0.05,4.0697010434457095
industry_49,full92,3,20260924,0.05,2.80436284015277
industry_49,full92,3,20260925,0.05,3.5764190580053894
industry_49,full92,3,20260926,0.05,3.125665165689018
industry_49,full92,3,20260927,0.05,4.553149452363965
industry_49,full92,3,20260928,0.05,3.0221115908961402
industry_49,full92,4,20260924,0.05,2.9743932182725965
industry_49,full92,4,20260925,0.05,3.121986737330181
industry_49,full92,4,20260926,0.05,3.325435974277483
industry_49,full92,4,20260927,0.05,2.6220860916104995
industry_49,full92,4,20260928,0.05,3.307741132949758
industry_49,full92,5,20260924,0.05,2.6908495771467393
industry_49,full92,5,20260925,0.05,2.833321881191818
industry_49,full92,5,20260926,0.05,4.238571896426979
industry_49,full92,5,20260927,0.05,2.8684562174022394
industry_49,full92,5,20260928,0.05,3.8678465553240424
industry_49,full92,8,20260924,0.05,2.447741928292044
industry_49,full92,8,20260925,0.05,3.79864584377844
industry_49,full92,8,20260926,0.05,4.75297459441959
industry_49,full92,8,20260927,0.05,4.060170647287578
industry_49,full92,8,20260928,0.05,3.7439824249727622
industry_49,full92,1,20260924,0.1,4.230872872788976
industry_49,full92,1,20260925,0.1,3.7473636619688646
industry_49,full92,1,20260926,0.1,3.936205107705348
industry_49,full92,1,20260927,0.1,3.71621831307522
industry_49,full92,1,20260928,0.1,4.112223733382365
industry_49,full92,2,20260924,0.1,3.416471397506284
industry_49,full92,2,20260925,0.1,3.662779040295071
industry_49,full92,2,20260926,0.1,2.990246203149129
industry_49,full92,2,20260927,0.1,3.2803331633111457
industry_49,full92,2,20260928,0.1,3.9638072765614067
industry_49,full92,3,20260924,0.1,2.820081940842813
industry_49,full92,3,20260925,0.1,3.4838259691806925
industry_49,full92,3,20260926,0.1,3.105462084951372
industry_49,full92,3,20260927,0.1,4.443243053109784
industry_49,full92,3,20260928,0.1,3.0295582222914628
industry_49,full92,4,20260924,0.1,2.9672872713009775
industry_49,full92,4,20260925,0.1,3.0665912830343296
industry_49,full92,4,20260926,0.1,3.3027641303572937
industry_49,full92,4,20260927,0.1,2.65617496051913
industry_49,full92,4,20260928,0.1,3.261206628435983
industry_49,full92,5,20260924,0.1,2.6994640145835604
industry_49,full92,5,20260925,0.1,2.807464129017291
industry_49,full92,5,20260926,0.1,4.134409084251135
industry_49,full92,5,20260927,0.1,2.8703144313761473
industry_49,full92,5,20260928,0.1,3.7797829880093308
industry_49,full92,8,20260924,0.1,2.468552502720755
industry_49,full92,8,20260925,0.1,3.703116809350723
industry_49,full92,8,20260926,0.1,4.636897885577698
industry_49,full92,8,20260927,0.1,3.9626087005160833
industry_49,full92,8,20260928,0.1,3.6739452363861838
industry_49,full92,1,20260924,0.15,4.114446446465968
industry_49,full92,1,20260925,0.15,3.6489669953142334
industry_49,full92,1,20260926,0.15,3.8537781121046337
industry_49,full92,1,20260927,0.15,3.6371655182100326
industry_49,full92,1,20260928,0.15,4.009590435547653
industry_49,full92,2,20260924,0.15,3.360832466380933
industry_49,full92,2,20260925,0.15,3.5798430940109776
industry_49,full92,2,20260926,0.15,2.9537932427377127
industry_49,full92,2,20260927,0.15,3.2502250393202603
industry_49,full92,2,20260928,0.15,3.8510414046885986
industry_49,full92,3,20260924,0.15,2.8296048098240085
industry_49,full92,3,20260925,0.15,3.386122552808152
industry_49,full92,3,20260926,0.15,3.0796962733639868
industry_49,full92,3,20260927,0.15,4.324633713361044
industry_49,full92,3,20260928,0.15,3.031027547589771
industry_49,full92,4,20260924,0.15,2.954328668273007
industry_49,full92,4,20260925,0.15,3.007401037024262
industry_49,full92,4,20260926,0.15,3.2739327903278763
industry_49,full92,4,20260927,0.15,2.683969888557197
industry_49,full92,4,20260928,0.15,3.2099191213238285
industry_49,full92,5,20260924,0.15,2.7032014147262102
industry_49,full92,5,20260925,0.15,2.7779456508553726
industry_49,full92,5,20260926,0.15,4.022738676898336
industry_49,full92,5,20260927,0.15,2.8664234188377637
industry_49,full92,5,20260928,0.15,3.6853989711665758
industry_49,full92,8,20260924,0.15,2.485388816820469
industry_49,full92,8,20260925,0.15,3.6014124799341967
industry_49,full92,8,20260926,0.15,4.511990675292034
industry_49,full92,8,20260927,0.15,3.858018181075638
industry_49,full92,8,20260928,0.15,3.5978436273394494
industry_49,full92,1,20260924,0.2,3.9908058504477277
industry_49,full92,1,20260925,0.2,3.545070846372447
industry_49,full92,1,20260926,0.2,3.764529864317821
industry_49,full92,1,20260927,0.2,3.552355986415669
industry_49,full92,1,20260928,0.2,3.899951669213854
industry_49,full92,2,20260924,0.2,3.299334646916417
industry_49,full92,2,20260925,0.2,3.4913306291572033
industry_49,full92,2,20260926,0.2,2.9129462774407404
industry_49,full92,2,20260927,0.2,3.214170994995734
industry_49,full92,2,20260928,0.2,3.732461008499022
industry_49,full92,3,20260924,0.2,2.832428924086611
industry_49,full92,3,20260925,0.2,3.284404116716566
industry_49,full92,3,20260926,0.2,3.048356596790837
industry_49,full92,3,20260927,0.2,4.198262822397811
industry_49,full92,3,20260928,0.2,3.0261158049376395
industry_49,full92,4,20260924,0.2,2.9352866500515247
industry_49,full92,4,20260925,0.2,2.945039283392995
industry_49,full92,4,20260926,0.2,3.2388635666362813
industry_49,full92,4,20260927,0.2,2.7048354962543817
industry_49,full92,4,20260928,0.2,3.1542420933897874
industry_49,full92,5,20260924,0.2,2.7016499148478053
industry_49,full92,5,20260925,0.2,2.7449502083747643
industry_49,full92,5,20260926,0.2,3.9045068549863533
industry_49,full92,5,20260927,0.2,2.8564567855879526
industry_49,full92,5,20260928,0.2,3.5855422440225544
industry_49,full92,8,20260924,0.2,2.497791461435855
industry_49,full92,8,20260925,0.2,3.494563732199019
industry_49,full92,8,20260926,0.2,4.379257915913682
industry_49,full92,8,20260927,0.2,3.7472700768651297
industry_49,full92,8,20260928,0.2,3.5163487922892696
industry_49,full92,1,20260924,0.25,3.8612464282154715
industry_49,full92,1,20260925,0.25,3.436853426935852
industry_49,full92,1,20260926,0.25,3.6693089392342175
industry_49,full92,1,20260927,0.25,3.4626483906928884
industry_49,full92,1,20260928,0.25,3.7843983653288182
industry_49,full92,2,20260924,0.25,3.232522603709316
industry_49,full92,2,20260925,0.25,3.39821143366764
industry_49,full92,2,20260926,0.25,2.868052406482026
industry_49,full92,2,20260927,0.25,3.1723587087883707
industry_49,full92,2,20260928,0.25,3.609428478959384
industry_49,full92,3,20260924,0.25,2.828262861233041
industry_49,full92,3,20260925,0.25,3.1800199725105327
industry_49,full92,3,20260926,0.25,3.0116407827505336
industry_49,full92,3,20260927,0.25,4.065429449306727
industry_49,full92,3,20260928,0.25,3.014624545675995
industry_49,full92,4,20260924,0.25,2.910139734394834
industry_49,full92,4,20260925,0.25,2.880300078972309
industry_49,full92,4,20260926,0.25,3.1976976435765745
industry_49,full92,4,20260927,0.25,2.718344387523943
industry_49,full92,4,20260928,0.25,3.0947291987646794
industry_49,full92,5,20260924,0.25,2.694567734030556
industry_49,full92,5,20260925,0.25,2.708807222531379
industry_49,full92,5,20260926,0.25,3.7809718441566313
industry_49,full92,5,20260927,0.25,2.8402917224676987
industry_49,full92,5,20260928,0.25,3.4813342209849463
industry_49,full92,8,20260924,0.25,2.5054386254029923
industry_49,full92,8,20260925,0.25,3.3838885781002084
industry_49,full92,8,20260926,0.25,4.240061135379765
industry_49,full92,8,20260927,0.25,3.631524604281983
industry_49,full92,8,20260928,0.25,3.430389365469001
industry_49,full92,1,20260924,0.3,3.7273597945816275
industry_49,full92,1,20260925,0.3,3.3257272724565623
industry_49,full92,1,20260926,0.3,3.5692324320932935
industry_49,full92,1,20260927,0.3,3.369128972967688
industry_49,full92,1,20260928,0.3,3.6642999634794173
industry_49,full92,2,20260924,0.3,3.161169217284934
industry_49,full92,2,20260925,0.3,3.30168700446735
industry_49,full92,2,20260926,0.3,2.8196302054274076
industry_49,full92,2,20260927,0.3,3.1251955937188147
industry_49,full92,2,20260928,0.3,3.4835602838400446
industry_49,full92,3,20260924,0.3,2.8170558553960197
industry_49,full92,3,20260925,0.3,3.074516042235647
industry_49,full92,3,20260926,0.3,2.9699591054528502
industry_49,full92,3,20260927,0.3,3.9277485918474677
industry_49,full92,3,20260928,0.3,2.9965846663425904
industry_49,full92,4,20260924,0.3,2.8790917641674643
industry_49,full92,4,20260925,0.3,2.8141127387688956
industry_49,full92,4,20260926,0.3,3.150803251386773
industry_49,full92,4,20260927,0.3,2.724312589872314
industry_49,full92,4,20260928,0.3,3.0321061175055313
industry_49,full92,5,20260924,0.3,2.681908181612459
industry_49,full92,5,20260925,0.3,2.6699821446931833
industry_49,full92,5,20260926,0.3,3.6536588132645087
industry_49,full92,5,20260927,0.3,2.818029824899908
industry_49,full92,5,20260928,0.3,3.3741290509305353
industry_49,full92,8,20260924,0.3,2.508171473972926
industry_49,full92,8,20260925,0.3,3.2709417026923138
industry_49,full92,8,20260926,0.3,4.096070846277962
industry_49,full92,8,20260927,0.3,3.512189304672722
industry_49,full92,8,20260928,0.3,3.341117783400532
industry_49,full92,1,20260924,0.35,3.5909606309052258
industry_49,full92,1,20260925,0.35,3.2132699582989206
industry_49,full92,1,20260926,0.35,3.4656361812577776
industry_49,full92,1,20260927,0.35,3.2730593725709602
industry_49,full92,1,20260928,0.35,3.5412416961825746
industry_49,full92,2,20260924,0.35,3.08624194124143
industry_49,full92,2,20260925,0.35,3.203132771331003
industry_49,full92,2,20260926,0.35,2.76834637828319
industry_49,full92,2,20260927,0.35,3.073293690155228
industry_49,full92,2,20260928,0.35,3.3566483768666915
industry_49,full92,3,20260924,0.35,2.799007851297444
industry_49,full92,3,20260925,0.35,2.969552571685951
industry_49,full92,3,20260926,0.35,2.923918758933498
industry_49,full92,3,20260927,0.35,3.787077769743768
industry_49,full92,3,20260928,0.35,2.9722612812200038
industry_49,full92,4,20260924,0.35,2.842568704276907
industry_49,full92,4,20260925,0.35,2.747489804012958
industry_49,full92,4,20260926,0.35,3.0987629912485595
industry_49,full92,4,20260927,0.35,2.7228157937332753
industry_49,full92,4,20260928,0.35,2.967234754850164
industry_49,full92,5,20260924,0.35,2.663828536111384
industry_49,full92,5,20260925,0.35,2.629053051684938
industry_49,full92,5,20260926,0.35,3.524286719723834
industry_49,full92,5,20260927,0.35,2.789999091275855
industry_49,full92,5,20260928,0.35,3.2654475916577055
industry_49,full92,8,20260924,0.35,2.5060059454996813
industry_49,full92,8,20260925,0.35,3.157437088878514
industry_49,full92,8,20260926,0.35,3.949187102410717
industry_49,full92,8,20260927,0.35,3.3908511187264687
industry_49,full92,8,20260928,0.35,3.2498526380255917
industry_49,full92,1,20260924,0.4,3.4539900658414058
industry_49,full92,1,20260925,0.4,3.1011358398647113
industry_49,full92,1,20260926,0.4,3.36000331300111
industry_49,full92,1,20260927,0.4,3.1758059895174453
industry_49,full92,1,20260928,0.4,3.416939834163883
industry_49,full92,2,20260924,0.4,3.008850212631524
industry_49,full92,2,20260925,0.4,3.104021429184786
industry_49,full92,2,20260926,0.4,2.714977773193606
industry_49,full92,2,20260927,0.4,3.0174356323766993
industry_49,full92,2,20260928,0.4,3.2305610742879964
industry_49,full92,3,20260924,0.4,2.7745580119353486
industry_49,full92,3,20260925,0.4,2.8668048367465397
industry_49,full92,3,20260926,0.4,2.874289791253769
industry_49,full92,3,20260927,0.4,3.6454186000619515
industry_49,full92,3,20260928,0.4,2.9421380131128108
industry_49,full92,4,20260924,0.4,2.8011956513751497
industry_49,full92,4,20260925,0.4,2.681464005605017
industry_49,full92,4,20260926,0.4,3.0423415702461045
industry_49,full92,4,20260927,0.4,2.714183616565156
industry_49,full92,4,20260928,0.4,2.9010632105104417
industry_49,full92,5,20260924,0.4,2.640681043013349
industry_49,full92,5,20260925,0.4,2.5866756662554353
industry_49,full92,5,20260926,0.4,3.394674017620518
industry_49,full92,5,20260927,0.4,2.7567359948486416
industry_49,full92,5,20260928,0.4,3.156892517367532
industry_49,full92,8,20260924,0.4,2.4991289901403
industry_49,full92,8,20260925,0.4,3.045150843915841
industry_49,full92,8,20260926,0.4,3.8014356773420857
industry_49,full92,8,20260927,0.4,3.2691889370762452
industry_49,full92,8,20260928,0.4,3.158002428611903
industry_49,full92,1,20260924,0.45,3.3184063595641637
industry_49,full92,1,20260925,0.45,2.990958813448646
industry_49,full92,1,20260926,0.45,3.253879230063001
industry_49,full92,1,20260927,0.45,3.078759070576508
industry_49,full92,1,20260928,0.45,3.293144478997384
industry_49,full92,2,20260924,0.45,2.930179950196301
industry_49,full92,2,20260925,0.45,3.005836125556872
industry_49,full92,2,20260926,0.45,2.6603632551959695
industry_49,full92,2,20260927,0.45,2.958525698018712
industry_49,full92,2,20260928,0.45,3.1071344439574227
industry_49,full92,3,20260924,0.45,2.7443530663823523
industry_49,full92,3,20260925,0.45,2.7678582051639307
industry_49,full92,3,20260926,0.45,2.821956556049232
industry_49,full92,3,20260927,0.45,3.504804268933582
industry_49,full92,3,20260928,0.45,2.906882615363091
industry_49,full92,4,20260924,0.45,2.7557567342470035
industry_49,full92,4,20260925,0.45,2.6170220412404
industry_49,full92,4,20260926,0.45,2.982437759753355
industry_49,full92,4,20260927,0.45,2.6989725904682276
industry_49,full92,4,20260928,0.45,2.834567525204603
industry_49,full92,5,20260924,0.45,2.6129871664766657
industry_49,full92,5,20260925,0.45,2.5435410999841426
industry_49,full92,5,20260926,0.45,3.266633925053078
industry_49,full92,5,20260927,0.45,2.7189497390817308
industry_49,full92,5,20260928,0.45,3.0500542122025243
industry_49,full92,8,20260924,0.45,2.487879809688691
industry_49,full92,8,20260925,0.45,2.9358150135318755
industry_49,full92,8,20260926,0.45,3.6548516481948603
industry_49,full92,8,20260927,0.45,3.1488766434548534
industry_49,full92,8,20260928,0.45,3.066979534904105
industry_49,full92,1,20260924,0.5,3.186075570507592
industry_49,full92,1,20260925,0.5,2.884257661818545
industry_49,full92,1,20260926,0.5,3.1487832717863435
industry_49,full92,1,20260927,0.5,2.9832513933634357
industry_49,full92,1,20260928,0.5,3.1715414221006437
industry_49,full92,2,20260924,0.5,2.8514232029193507
industry_49,full92,2,20260925,0.5,2.9099839484216283
industry_49,full92,2,20260926,0.5,2.6053515670141407
industry_49,full92,2,20260927,0.5,2.8975322963172796
industry_49,full92,2,20260928,0.5,2.9880668971965
industry_49,full92,3,20260924,0.5,2.7092000150503455
industry_49,full92,3,20260925,0.5,2.67411034471767
industry_49,full92,3,20260926,0.5,2.7678609260324647
industry_49,full92,3,20260927,0.5,3.367185970529087
industry_49,full92,3,20260928,0.5,2.867298769631914
industry_49,full92,4,20260924,0.5,2.7071432430604463
industry_49,full92,4,20260925,0.5,2.555043717521932
industry_49,full92,4,20260926,0.5,2.920026863424168
industry_49,full92,4,20260927,0.5,2.6779218901845883
industry_49,full92,4,20260928,0.5,2.768692582192039
industry_49,full92,5,20260924,0.5,2.581398864730873
industry_49,full92,5,20260925,0.5,2.500331830695472
industry_49,full92,5,20260926,0.5,3.141871660250078
industry_49,full92,5,20260927,0.5,2.6774735804405947
industry_49,full92,5,20260928,0.5,2.946418687927252
industry_49,full92,8,20260924,0.5,2.472719066143164
industry_49,full92,8,20260925,0.5,2.8310148707224223
industry_49,full92,8,20260926,0.5,3.5113641855628828
industry_49,full92,8,20260927,0.5,3.0314882335215723
industry_49,full92,8,20260928,0.5,2.978114948980251
industry_49,full92,1,20260924,0.55,3.058674354681421
industry_49,full92,1,20260925,0.55,2.7823548530561926
industry_49,full92,1,20260926,0.55,3.0461272879033006
industry_49,full92,1,20260927,0.55,2.890486098252329
industry_49,full92,1,20260928,0.55,3.053664206783501
industry_49,full92,2,20260924,0.55,2.7737113567179024
industry_49,full92,2,20260925,0.55,2.8177197703798966
industry_49,full92,2,20260926,0.55,2.5507516379009876
industry_49,full92,2,20260927,0.55,2.8354292077562326
industry_49,full92,2,20260928,0.55,2.874828883007557
industry_49,full92,3,20260924,0.55,2.6700097680257633
industry_49,full92,3,20260925,0.55,2.586692358845467
industry_49,full92,3,20260926,0.55,2.712944448407463
industry_49,full92,3,20260927,0.55,3.2343309582036013
industry_49,full92,3,20260928,0.55,2.824270705674359
industry_49,full92,4,20260924,0.55,2.6562967820230456
industry_49,full92,4,20260925,0.55,2.49625394765397
industry_49,full92,4,20260926,0.55,2.8561010680030545
industry_49,full92,4,20260927,0.55,2.651898157516398
industry_49,full92,4,20260928,0.55,2.704299358737663
industry_49,full92,5,20260924,0.55,2.546652386583105
industry_49,full92,5,20260925,0.55,2.4576814535162863
industry_49,full92,5,20260926,0.55,3.0218953178799555
industry_49,full92,5,20260927,0.55,2.633209753958248
industry_49,full92,5,20260928,0.55,2.847288129518466
industry_49,full92,8,20260924,0.55,2.454190700662424
industry_49,full92,8,20260925,0.55,2.732101506664535
industry_49,full92,8,20260926,0.55,3.3726956275933078
industry_49,full92,8,20260927,0.55,2.9184158507298092
industry_49,full92,8,20260928,0.55,2.8925838979873233
industry_49,full92,1,20260924,0.6,2.937614356570017
industry_49,full92,1,20260925,0.6,2.686317000083159
industry_49,full92,1,20260926,0.6,2.947149450272734
industry_49,full92,1,20260927,0.6,2.8014810905491188
industry_49,full92,1,20260928,0.6,2.940825103760713
industry_49,full92,2,20260924,0.6,2.69805901621312
industry_49,full92,2,20260925,0.6,2.7300882519390792
industry_49,full92,2,20260926,0.6,2.4972908350583842
industry_49,full92,2,20260927,0.6,2.773142334744388
industry_49,full92,2,20260928,0.6,2.768596695899402
industry_49,full92,3,20260924,0.6,2.627738879934106
industry_49,full92,3,20260925,0.6,2.5064174440609444
industry_49,full92,3,20260926,0.6,2.6580960852717626
industry_49,full92,3,20260927,0.6,3.107742160357429
industry_49,full92,3,20260928,0.6,2.77870762358194
industry_49,full92,4,20260924,0.6,2.60415424671058
industry_49,full92,4,20260925,0.6,2.441192565462389
industry_49,full92,4,20260926,0.6,2.7916146027839215
industry_49,full92,4,20260927,0.6,2.6218366637416826
industry_49,full92,4,20260928,0.6,2.64212412943205
industry_49,full92,5,20260924,0.6,2.5095205706128914
industry_49,full92,5,20260925,0.6,2.416142654359814
industry_49,full92,5,20260926,0.6,2.9079492103202353
industry_49,full92,5,20260927,0.6,2.587074766848047
industry_49,full92,5,20260928,0.6,2.753722101977589
industry_49,full92,8,20260924,0.6,2.4328815994053468
industry_49,full92,8,20260925,0.6,2.64012879553758
industry_49,full92,8,20260926,0.6,3.2402848226959136
industry_49,full92,8,20260927,0.6,2.8108088608912754
industry_49,full92,8,20260928,0.6,2.811350174665913
industry_49,full92,1,20260924,0.65,2.82399367191567
industry_49,full92,1,20260925,0.65,2.5969213507512325
industry_49,full92,1,20260926,0.65,2.852868460167145
industry_49,full92,1,20260927,0.65,2.7170341991225753
industry_49,full92,1,20260928,0.65,2.8340700463739568
industry_49,full92,2,20260924,0.65,2.625323256123489
industry_49,full92,2,20260925,0.65,2.647888400037003
industry_49,full92,2,20260926,0.65,2.4455847782254376
industry_49,full92,2,20260927,0.65,2.7115069897237034
industry_49,full92,2,20260928,0.65,2.6702152675678716
industry_49,full92,3,20260924,0.65,2.583335736196091
industry_49,full92,3,20260925,0.65,2.4337610912803394
industry_49,full92,3,20260926,0.65,2.604110489205495
industry_49,full92,3,20260927,0.65,2.988605251291317
industry_49,full92,3,20260928,0.65,2.7314938925080825
industry_49,full92,4,20260924,0.65,2.5516001850762167
industry_49,full92,4,20260925,0.65,2.390203647769823
industry_49,full92,4,20260926,0.65,2.72743896292961
industry_49,full92,4,20260927,0.65,2.5886854844717435
industry_49,full92,4,20260928,0.65,2.5827527567867605
industry_49,full92,5,20260924,0.65,2.4707689341144823
industry_49,full92,5,20260925,0.65,2.376166038853488
industry_49,full92,5,20260926,0.65,2.80097442001918
industry_49,full92,5,20260927,0.65,2.5399507804013206
industry_49,full92,5,20260928,0.65,2.666503721356086
industry_49,full92,8,20260924,0.65,2.409383868752723
industry_49,full92,8,20260925,0.65,2.5558197160708227
industry_49,full92,8,20260926,0.65,3.1152402367151724
industry_49,full92,8,20260927,0.65,2.709538226647495
industry_49,full92,8,20260928,0.65,2.735133483137317
industry_49,full92,1,20260924,0.7,2.718576638749045
industry_49,full92,1,20260925,0.7,2.5146486252257025
industry_49,full92,1,20260926,0.7,2.764059791347329
industry_49,full92,1,20260927,0.7,2.637709811056099
industry_49,full92,1,20260928,0.7,2.7341586609759942
industry_49,full92,2,20260924,0.7,2.556180107280778
industry_49,full92,2,20260925,0.7,2.5716614151393156
industry_49,full92,2,20260926,0.7,2.3961201289298075
industry_49,full92,2,20260927,0.7,2.651238430528794
industry_49,full92,2,20260928,0.7,2.580190426766367
industry_49,full92,3,20260924,0.7,2.5376957826452595
industry_49,full92,3,20260925,0.7,2.3688719486336516
industry_49,full92,3,20260926,0.7,2.5516594929746574
industry_49,full92,3,20260927,0.7,2.877764719267961
industry_49,full92,3,20260928,0.7,2.6834491251313644
industry_49,full92,4,20260924,0.7,2.4994301164023915
industry_49,full92,4,20260925,0.7,2.343442881419283
industry_49,full92,4,20260926,0.7,2.664331151298187
industry_49,full92,4,20260927,0.7,2.5533577385540247
industry_49,full92,4,20260928,0.7,2.5266105605689133
industry_49,full92,5,20260924,0.7,2.4311193429288642
industry_49,full92,5,20260925,0.7,2.3380904441132815
industry_49,full92,5,20260926,0.7,2.7015970442436372
industry_49,full92,5,20260927,0.7,2.4926469493366645
industry_49,full92,5,20260928,0.7,2.586131153758446
industry_49,full92,8,20260924,0.7,2.3842632433243014
industry_49,full92,8,20260925,0.7,2.479562552330513
industry_49,full92,8,20260926,0.7,2.9983236068606747
industry_49,full92,8,20260927,0.7,2.61518643925754
industry_49,full92,8,20260928,0.7,2.6644003279856463
industry_49,full92,1,20260924,0.75,2.621799601143721
industry_49,full92,1,20260925,0.75,2.4396990728867403
industry_49,full92,1,20260926,0.75,2.6812525310462303
industry_49,full92,1,20260927,0.75,2.5638447636576873
industry_49,full92,1,20260928,0.75,2.6415672034748545
industry_49,full92,2,20260924,0.75,2.491117577776039
industry_49,full92,2,20260925,0.75,2.501699422011408
industry_49,full92,2,20260926,0.75,2.3492497629499467
industry_49,full92,2,20260927,0.75,2.59291607157622
industry_49,full92,2,20260928,0.75,2.4987073375954174
industry_49,full92,3,20260924,0.75,2.4916282629658655
industry_49,full92,3,20260925,0.75,2.3116082473431163
industry_49,full92,3,20260926,0.75,2.5012772446698546
industry_49,full92,3,20260927,0.75,2.7757267384338373
industry_49,full92,3,20260928,0.75,2.6353000773957977
industry_49,full92,4,20260924,0.75,2.4483262406598296
industry_49,full92,4,20260925,0.75,2.3008991540024835
industry_49,full92,4,20260926,0.75,2.6029155899721514
industry_49,full92,4,20260927,0.75,2.516694845116395
industry_49,full92,4,20260928,0.75,2.47396604102986
industry_49,full92,5,20260924,0.75,2.39122325747366
industry_49,full92,5,20260925,0.75,2.30214364448025
industry_49,full92,5,20260926,0.75,2.6101410327915247
industry_49,full92,5,20260927,0.75,2.4458725033388085
industry_49,full92,5,20260928,0.75,2.51283147273228
industry_49,full92,8,20260924,0.75,2.3580355831379776
industry_49,full92,8,20260925,0.75,2.4114335419017707
industry_49,full92,8,20260926,0.75,2.8899609584251547
industry_49,full92,8,20260927,0.75,2.528059944808451
industry_49,full92,8,20260928,0.75,2.5993757454145947
industry_49,full92,1,20260924,0.8,2.533797776769136
industry_49,full92,1,20260925,0.8,2.3720262924728854
industry_49,full92,1,20260926,0.8,2.604743222926738
industry_49,full92,1,20260927,0.8,2.495569316931698
industry_49,full92,1,20260928,0.8,2.5565099538390514
industry_49,full92,2,20260924,0.8,2.430442646477079
industry_49,full92,2,20260925,0.8,2.4380705443159334
industry_49,full92,2,20260926,0.8,2.3051982930923183
industry_49,full92,2,20260927,0.8,2.536980002858609
industry_49,full92,2,20260928,0.8,2.4256691988649375
industry_49,full92,3,20260924,0.8,2.4458349571346716
industry_49,full92,3,20260925,0.8,2.261591913534246
industry_49,full92,3,20260926,0.8,2.4533576367786907
industry_49,full92,3,20260927,0.8,2.6826840397798617
industry_49,full92,3,20260928,0.8,2.5876644023798447
industry_49,full92,4,20260924,0.8,2.398845139673011
industry_49,full92,4,20260925,0.8,2.262425332752443
industry_49,full92,4,20260926,0.8,2.543678510039339
industry_49,full92,4,20260927,0.8,2.479441722891056
industry_49,full92,4,20260928,0.8,2.4249452973849004
industry_49,full92,5,20260924,0.8,2.351644895924924
industry_49,full92,5,20260925,0.8,2.268451225377458
industry_49,full92,5,20260926,0.8,2.5266601266000817
industry_49,full92,5,20260927,0.8,2.400221514743614
industry_49,full92,5,20260928,0.8,2.446591672363133
industry_49,full92,8,20260924,0.8,2.331151924743492
industry_49,full92,8,20260925,0.8,2.3512397072183724
industry_49,full92,8,20260926,0.8,2.7902751383976305
industry_49,full92,8,20260927,0.8,2.4482188358464185
industry_49,full92,8,20260928,0.8,2.540071009729693
industry_49,full92,1,20260924,0.85,2.4544470604929294
industry_49,full92,1,20260925,0.85,2.3113823043916257
industry_49,full92,1,20260926,0.85,2.534622013442021
industry_49,full92,1,20260927,0.85,2.4328381620949364
industry_49,full92,1,20260928,0.85,2.478973533932656
industry_49,full92,2,20260924,0.85,2.3742986544493028
industry_49,full92,2,20260925,0.85,2.380654791520706
industry_49,full92,2,20260926,0.85,2.264075152234986
industry_49,full92,2,20260927,0.85,2.4837373400400238
industry_49,full92,2,20260928,0.85,2.360748996816911
industry_49,full92,3,20260924,0.85,2.400899924036324
industry_49,full92,3,20260925,0.85,2.2182714780931074
industry_49,full92,3,20260926,0.85,2.408161564106019
industry_49,full92,3,20260927,0.85,2.598556609981412
industry_49,full92,3,20260928,0.85,2.5410448938126478
industry_49,full92,4,20260924,0.85,2.351415804447915
industry_49,full92,4,20260925,0.85,2.227773106203053
industry_49,full92,4,20260926,0.85,2.4869724641099435
industry_49,full92,4,20260927,0.85,2.442233255104095
industry_49,full92,4,20260928,0.85,2.379553405148437
industry_49,full92,5,20260924,0.85,2.3128534161948524
industry_49,full92,5,20260925,0.85,2.2370509116055914
industry_49,full92,5,20260926,0.85,2.450982322217
industry_49,full92,5,20260927,0.85,2.3561679743025365
industry_49,full92,5,20260928,0.85,2.387200641811492
industry_49,full92,8,20260924,0.85,2.3039914000096213
industry_49,full92,8,20260925,0.85,2.298574186536213
industry_49,full92,8,20260926,0.85,2.6991327892096986
industry_49,full92,8,20260927,0.85,2.375517665299374
industry_49,full92,8,20260928,0.85,2.486321500795196
industry_49,full92,1,20260924,0.9,2.383414370645176
industry_49,full92,1,20260925,0.9,2.2573674585458825
industry_49,full92,1,20260926,0.9,2.4708062291477457
industry_49,full92,1,20260927,0.9,2.3754664942830237
industry_49,full92,1,20260928,0.9,2.408758538959873
industry_49,full92,2,20260924,0.9,2.322689280683801
industry_49,full92,2,20260925,0.9,2.329185250570774
industry_49,full92,2,20260926,0.9,2.2258923065009535
industry_49,full92,2,20260927,0.9,2.4333754934998244
industry_49,full92,2,20260928,0.9,2.303447062726498
industry_49,full92,3,20260924,0.9,2.3572883516702188
industry_49,full92,3,20260925,0.9,2.180985537309656
industry_49,full92,3,20260926,0.9,2.3658310939058698
industry_49,full92,3,20260927,0.9,2.523041775241393
industry_49,full92,3,20260928,0.9,2.4958320710826243
industry_49,full92,4,20260924,0.9,2.306345664242255
industry_49,full92,4,20260925,0.9,2.196627519054487
industry_49,full92,4,20260926,0.9,2.4330281168528773
industry_49,full92,4,20260927,0.9,2.4055903173409043
industry_49,full92,4,20260928,0.9,2.337699153979909
industry_49,full92,5,20260924,0.9,2.275222483266348
industry_49,full92,5,20260925,0.9,2.2079096973433217
industry_49,full92,5,20260926,0.9,2.3827603504060284
industry_49,full92,5,20260927,0.9,2.3140690621737576
industry_49,full92,5,20260928,0.9,2.334296017965479
industry_49,full92,8,20260924,0.9,2.276860626924527
industry_49,full92,8,20260925,0.9,2.2528763536940195
industry_49,full92,8,20260926,0.9,2.616198698276499
industry_49,full92,8,20260927,0.9,2.309651398398718
industry_49,full92,8,20260928,0.9,2.4378290481018596
industry_49,full92,1,20260924,0.95,2.3202107259133067
industry_49,full92,1,20260925,0.95,2.2094797053172335
industry_49,full92,1,20260926,0.95,2.4130770054634603
industry_49,full92,1,20260927,0.95,2.3231669017925682
industry_49,full92,1,20260928,0.95,2.3455235161499943
industry_49,full92,2,20260924,0.95,2.2755056160372704
industry_49,full92,2,20260925,0.95,2.283289833230634
industry_49,full92,2,20260926,0.95,2.190583972041577
industry_49,full92,2,20260927,0.95,2.3859795325495012
industry_49,full92,2,20260928,0.95,2.2531481222132457
industry_49,full92,3,20260924,0.95,2.31535225505294
industry_49,full92,3,20260925,0.95,2.149020339643178
industry_49,full92,3,20260926,0.95,2.326407701951681
industry_49,full92,3,20260927,0.95,2.4556677715822492
industry_49,full92,3,20260928,0.95,2.452312708953868
industry_49,full92,4,20260924,0.95,2.263832144517086
industry_49,full92,4,20260925,0.95,2.16863804360969
industry_49,full92,4,20260926,0.95,2.3819705115319967
industry_49,full92,4,20260927,0.95,2.3699231887139067
industry_49,full92,4,20260928,0.95,2.299220155205924
industry_49,full92,5,20260924,0.95,2.2390353083328556
industry_49,full92,5,20260925,0.95,2.180941548953708
industry_49,full92,5,20260926,0.95,2.3215225491344293
industry_49,full92,5,20260927,0.95,2.2741742754053873
industry_49,full92,5,20260928,0.95,2.2874107419150227
industry_49,full92,8,20260924,0.95,2.2499978816864172
industry_49,full92,8,20260925,0.95,2.213490106406537
industry_49,full92,8,20260926,0.95,2.5409913650965272
industry_49,full92,8,20260927,0.95,2.2502014266095993
industry_49,full92,8,20260928,0.95,2.394203960531628
industry_49,full92,1,20260924,1.0,2.264242334836282
industry_49,full92,1,20260925,1.0,2.1671591838418167
industry_49,full92,1,20260926,1.0,2.361115459947411
industry_49,full92,1,20260927,1.0,2.275583885745839
industry_49,full92,1,20260928,1.0,2.288827373730216
industry_49,full92,2,20260924,1.0,2.2325535060222514
industry_49,full92,2,20260925,1.0,2.2425299961146212
industry_49,full92,2,20260926,1.0,2.1580262576969758
industry_49,full92,2,20260927,1.0,2.3415512371100435
industry_49,full92,2,20260928,1.0,2.2091730653026724
industry_49,full92,3,20260924,1.0,2.275340796628942
industry_49,full92,3,20260925,1.0,2.1216574430743185
industry_49,full92,3,20260926,1.0,2.289852131736514
industry_49,full92,3,20260927,1.0,2.3958459621940715
industry_49,full92,3,20260928,1.0,2.4106820500786132
industry_49,full92,4,20260924,1.0,2.223977482927367
industry_49,full92,4,20260925,1.0,2.1434443380419532
industry_49,full92,4,20260926,1.0,2.333837391601094
industry_49,full92,4,20260927,1.0,2.335540115135062
industry_49,full92,4,20260928,1.0,2.2639061498686197
industry_49,full92,5,20260924,1.0,2.2044933004384455
industry_49,full92,5,20260925,1.0,2.156024044158675
industry_49,full92,5,20260926,1.0,2.2667198721865662
industry_49,full92,5,20260927,1.0,2.2366382084841345
industry_49,full92,5,20260928,1.0,2.2460154929371665
industry_49,full92,8,20260924,1.0,2.223580381239417
industry_49,full92,8,20260925,1.0,2.1797154812017214
industry_49,full92,8,20260926,1.0,2.472935042132291
industry_49,full92,8,20260927,1.0,2.1966778720930273
industry_49,full92,8,20260928,1.0,2.355003242706681
industry_49,masked86,1,20260924,0.0,4.6881138362752
industry_49,masked86,1,20260925,0.0,4.272580741246851
industry_49,masked86,1,20260926,0.0,4.212556368327869
industry_49,masked86,1,20260927,0.0,4.642389208104227
industry_49,masked86,1,20260928,0.0,4.182716087991978
industry_49,masked86,2,20260924,0.0,3.682525870117116
industry_49,masked86,2,20260925,0.0,2.9079972546173716
industry_49,masked86,2,20260926,0.0,2.671382907324882
industry_49,masked86,2,20260927,0.0,3.3768867107096994
industry_49,masked86,2,20260928,0.0,3.788285920917644
industry_49,masked86,3,20260924,0.0,2.9733789730364695
industry_49,masked86,3,20260925,0.0,2.6947036573782417
industry_49,masked86,3,20260926,0.0,3.6028928852925155
industry_49,masked86,3,20260927,0.0,3.053392298368111
industry_49,masked86,3,20260928,0.0,3.6986423073606454
industry_49,masked86,4,20260924,0.0,3.4029054412294686
industry_49,masked86,4,20260925,0.0,2.78656220406254
industry_49,masked86,4,20260926,0.0,3.4903008467074286
industry_49,masked86,4,20260927,0.0,2.9805328580455996
industry_49,masked86,4,20260928,0.0,3.2958178623608454
industry_49,masked86,5,20260924,0.0,2.620255929113553
industry_49,masked86,5,20260925,0.0,2.6821401125509463
industry_49,masked86,5,20260926,0.0,4.59964504911908
industry_49,masked86,5,20260927,0.0,3.2027001682885605
industry_49,masked86,5,20260928,0.0,3.1594323357491154
industry_49,masked86,8,20260924,0.0,3.2112823918523796
industry_49,masked86,8,20260925,0.0,3.771611547448617
industry_49,masked86,8,20260926,0.0,4.536902733153664
industry_49,masked86,8,20260927,0.0,2.583248405847019
industry_49,masked86,8,20260928,0.0,2.9948482403830203
industry_49,masked86,1,20260924,0.05,4.577574912552267
industry_49,masked86,1,20260925,0.05,4.189831221190538
industry_49,masked86,1,20260926,0.05,4.135007033184895
industry_49,masked86,1,20260927,0.05,4.531053528822044
industry_49,masked86,1,20260928,0.05,4.102191299573087
industry_49,masked86,2,20260924,0.05,3.63071677921932
industry_49,masked86,2,20260925,0.05,2.8991057329380068
industry_49,masked86,2,20260926,0.05,2.728785696099226
industry_49,masked86,2,20260927,0.05,3.3628890722966647
industry_49,masked86,2,20260928,0.05,3.72027182988772
industry_49,masked86,3,20260924,0.05,2.9848550610558697
industry_49,masked86,3,20260925,0.05,2.7043118809259723
industry_49,masked86,3,20260926,0.05,3.5686840504143555
industry_49,masked86,3,20260927,0.05,3.0309018205116405
industry_49,masked86,3,20260928,0.05,3.625312208496945
industry_49,masked86,4,20260924,0.05,3.3613562017776433
industry_49,masked86,4,20260925,0.05,2.8101081012966174
industry_49,masked86,4,20260926,0.05,3.475034255890203
industry_49,masked86,4,20260927,0.05,2.9959717887568473
industry_49,masked86,4,20260928,0.05,3.2497114250507684
industry_49,masked86,5,20260924,0.05,2.6466442950356766
industry_49,masked86,5,20260925,0.05,2.6835134149693514
industry_49,masked86,5,20260926,0.05,4.487118942624926
industry_49,masked86,5,20260927,0.05,3.1655828548851193
industry_49,masked86,5,20260928,0.05,3.127515436806845
industry_49,masked86,8,20260924,0.05,3.2140972150320897
industry_49,masked86,8,20260925,0.05,3.692540869779639
industry_49,masked86,8,20260926,0.05,4.459303805773101
industry_49,masked86,8,20260927,0.05,2.632735590599293
industry_49,masked86,8,20260928,0.05,2.989561310287108
industry_49,masked86,1,20260924,0.1,4.457555515695551
industry_49,masked86,1,20260925,0.1,4.098980936428685
industry_49,masked86,1,20260926,0.1,4.049547815550592
industry_49,masked86,1,20260927,0.1,4.410424868793235
industry_49,masked86,1,20260928,0.1,4.0137738795307385
industry_49,masked86,2,20260924,0.1,3.57227503533475
industry_49,masked86,2,20260925,0.1,2.8858448109323436
industry_49,masked86,2,20260926,0.1,2.778827502051377
industry_49,masked86,2,20260927,0.1,3.342891482341613
industry_49,masked86,2,20260928,0.1,3.645753497281938
industry_49,masked86,3,20260924,0.1,2.9906410464595727
industry_49,masked86,3,20260925,0.1,2.709873795803139
industry_49,masked86,3,20260926,0.1,3.527849301248661
industry_49,masked86,3,20260927,0.1,3.004100357303076
industry_49,masked86,3,20260928,0.1,3.545969028330929
industry_49,masked86,4,20260924,0.1,3.314058914066683
industry_49,masked86,4,20260925,0.1,2.828227871943339
industry_49,masked86,4,20260926,0.1,3.4533658341612266
industry_49,masked86,4,20260927,0.1,3.0058990923101403
industry_49,masked86,4,20260928,0.1,3.199205127054621
industry_49,masked86,5,20260924,0.1,2.667944475072578
industry_49,masked86,5,20260925,0.1,2.681234160269534
industry_49,masked86,5,20260926,0.1,4.365628841363532
industry_49,masked86,5,20260927,0.1,3.1236365054195177
industry_49,masked86,5,20260928,0.1,3.0912115308514174
industry_49,masked86,8,20260924,0.1,3.2115128016677112
industry_49,masked86,8,20260925,0.1,3.6068784295818523
industry_49,masked86,8,20260926,0.1,4.3732222298251395
industry_49,masked86,8,20260927,0.1,2.6758418673492073
industry_49,masked86,8,20260928,0.1,2.97971881277238
industry_49,masked86,1,20260924,0.15,4.32873310686436
industry_49,masked86,1,20260925,0.15,4.000477311792396
industry_49,masked86,1,20260926,0.15,3.9565602617751683
industry_49,masked86,1,20260927,0.15,4.281221680626331
industry_49,masked86,1,20260928,0.15,3.9178651097086665
industry_49,masked86,2,20260924,0.15,3.507338852286131
industry_49,masked86,2,20260925,0.15,2.86799715504353
industry_49,masked86,2,20260926,0.15,2.8205231762699547
industry_49,masked86,2,20260927,0.15,3.3165651979247137
industry_49,masked86,2,20260928,0.15,3.5651164002759717
industry_49,masked86,3,20260924,0.15,2.9901381579286266
industry_49,masked86,3,20260925,0.15,2.710982438909346
industry_49,masked86,3,20260926,0.15,3.4803060660970533
industry_49,masked86,3,20260927,0.15,2.9729276072168482
industry_49,masked86,3,20260928,0.15,3.461145132559591
industry_49,masked86,4,20260924,0.15,3.2610782674533096
industry_49,masked86,4,20260925,0.15,2.840292312364243
industry_49,masked86,4,20260926,0.15,3.4249391305704306
industry_49,masked86,4,20260927,0.15,3.0096949402860163
industry_49,masked86,4,20260928,0.15,3.144594237216105
industry_49,masked86,5,20260924,0.15,2.6834458887396666
industry_49,masked86,5,20260925,0.15,2.6749995524600907
industry_49,masked86,5,20260926,0.15,4.235939545362146
industry_49,masked86,5,20260927,0.15,3.0769818809281864
industry_49,masked86,5,20260928,0.15,3.050590709981615
industry_49,masked86,8,20260924,0.15,3.20305720802719
industry_49,masked86,8,20260925,0.15,3.5152220805580305
industry_49,masked86,8,20260926,0.15,4.2789249613159885
industry_49,masked86,8,20260927,0.15,2.7116641739240097
industry_49,masked86,8,20260928,0.15,2.9650718989936253
industry_49,masked86,1,20260924,0.2,4.192162319187714
industry_49,masked86,1,20260925,0.2,3.8950857854742273
industry_49,masked86,1,20260926,0.2,3.856731942391967
industry_49,masked86,1,20260927,0.2,4.14453813636606
industry_49,masked86,1,20260928,0.2,3.8151694197220647
industry_49,masked86,2,20260924,0.2,3.436292361636295
industry_49,masked86,2,20260925,0.2,2.8454930077891127
industry_49,masked86,2,20260926,0.2,2.8530730515048086
industry_49,masked86,2,20260927,0.2,3.28377730813939
industry_49,masked86,2,20260928,0.2,3.479004628642963
industry_49,masked86,3,20260924,0.2,2.982921388126254
industry_49,masked86,3,20260925,0.2,2.7073583320335395
industry_49,masked86,3,20260926,0.2,3.426205821617325
industry_49,masked86,3,20260927,0.2,2.937476147443302
industry_49,masked86,3,20260928,0.2,3.371628010817254
industry_49,masked86,4,20260924,0.2,3.2026877332587746
industry_49,masked86,4,20260925,0.2,2.8458352405953935
industry_49,masked86,4,20260926,0.2,3.3896030206054206
industry_49,masked86,4,20260927,0.2,3.0069100953791326
industry_49,masked86,4,20260928,0.2,3.086354578669226
industry_49,masked86,5,20260924,0.2,2.6925891436478215
industry_49,masked86,5,20260925,0.2,2.6646259227452282
industry_49,masked86,5,20260926,0.2,4.099181495102081
industry_49,masked86,5,20260927,0.2,3.025925968551885
industry_49,masked86,5,20260928,0.2,3.0058883683598476
industry_49,masked86,8,20260924,0.2,3.188429816969837
industry_49,masked86,8,20260925,0.2,3.4184538646251794
industry_49,masked86,8,20260926,0.2,4.176985006469697
industry_49,masked86,8,20260927,0.2,2.7394694610924697
industry_49,masked86,8,20260928,0.2,2.9455294462789494
industry_49,masked86,1,20260924,0.25,4.049261494092773
industry_49,masked86,1,20260925,0.25,3.78388429010495
industry_49,masked86,1,20260926,0.25,3.751053764854608
industry_49,masked86,1,20260927,0.25,4.00182836854136
industry_49,masked86,1,20260928,0.25,3.706690275620934
industry_49,masked86,2,20260924,0.25,3.359772075951537
industry_49,masked86,2,20260925,0.25,2.818428969895874
industry_49,masked86,2,20260926,0.25,2.875922182816376
industry_49,masked86,2,20260927,0.25,3.2446191307128682
industry_49,masked86,2,20260928,0.25,3.388314336705342
industry_49,masked86,3,20260924,0.25,2.9687807010758696
industry_49,masked86,3,20260925,0.25,2.698877068653015
industry_49,masked86,3,20260926,0.25,3.365951656264753
industry_49,masked86,3,20260927,0.25,2.898002144182146
industry_49,masked86,3,20260928,0.25,3.278444931144732
industry_49,masked86,4,20260924,0.25,3.139377268816429
industry_49,masked86,4,20260925,0.25,2.844594012943908
industry_49,masked86,4,20260926,0.25,3.3474420437443415
industry_49,masked86,4,20260927,0.25,2.9973081251642464
industry_49,masked86,4,20260928,0.25,3.025134339408686
industry_49,masked86,5,20260924,0.25,2.695011580961768
industry_49,masked86,5,20260925,0.25,2.6500710726796712
industry_49,masked86,5,20260926,0.25,3.9568311265372347
industry_49,masked86,5,20260927,0.25,2.9709651960639776
industry_49,masked86,5,20260928,0.25,2.957509872596875
industry_49,masked86,8,20260924,0.25,3.167535839527168
industry_49,masked86,8,20260925,0.25,3.317723425345003
industry_49,masked86,8,20260926,0.25,4.068283438362123
industry_49,masked86,8,20260927,0.25,2.7587492793492006
industry_49,masked86,8,20260928,0.25,2.921179344252853
industry_49,masked86,1,20260924,0.3,3.9017653023251038
industry_49,masked86,1,20260925,0.3,3.6682288515005097
industry_49,masked86,1,20260926,0.3,3.6407895784646027
industry_49,masked86,1,20260927,0.3,3.854856720431091
industry_49,masked86,1,20260928,0.3,3.593698626863947
industry_49,masked86,2,20260924,0.3,3.2786510749371804
industry_49,masked86,2,20260925,0.3,2.7870730977945577
industry_49,masked86,2,20260926,0.3,2.88880405054025
industry_49,masked86,2,20260927,0.3,3.1994170831369453
industry_49,masked86,2,20260928,0.3,3.294163234975677
industry_49,masked86,3,20260924,0.3,2.9477469439724993
industry_49,masked86,3,20260925,0.3,2.6855851023598856
industry_49,masked86,3,20260926,0.3,3.300194827514711
industry_49,masked86,3,20260927,0.3,2.854921727461324
industry_49,masked86,3,20260928,0.3,3.1828232795092752
industry_49,masked86,4,20260924,0.3,3.0718419123293077
industry_49,masked86,4,20260925,0.3,2.8365355664575174
industry_49,masked86,4,20260926,0.3,3.2987885096410112
industry_49,masked86,4,20260927,0.3,2.980892513061413
industry_49,masked86,4,20260928,0.3,2.961728322870377
industry_49,masked86,5,20260924,0.3,2.6905795944734003
industry_49,masked86,5,20260925,0.3,2.6314455297114745
industry_49,masked86,5,20260926,0.3,3.810657816345361
industry_49,masked86,5,20260927,0.3,2.912771204926459
industry_49,masked86,5,20260928,0.3,2.906019718508126
industry_49,masked86,8,20260924,0.3,3.140505362128709
industry_49,masked86,8,20260925,0.3,3.214404453177887
industry_49,masked86,8,20260926,0.3,3.9539837921391365
industry_49,masked86,8,20260927,0.3,2.769260036350363
industry_49,masked86,8,20260928,0.3,2.8922951930534184
industry_49,masked86,1,20260924,0.35,3.7516453694200202
industry_49,masked86,1,20260925,0.35,3.5496912806984557
industry_49,masked86,1,20260926,0.35,3.5274187443155514
industry_49,masked86,1,20260927,0.35,3.7056161277056114
industry_49,masked86,1,20260928,0.35,3.4776747766729375
industry_49,masked86,2,20260924,0.35,3.1940004903948136
industry_49,masked86,2,20260925,0.35,2.751854338646046
industry_49,masked86,2,20260926,0.35,2.891762054126092
industry_49,masked86,2,20260927,0.35,3.1487230052415467
industry_49,masked86,2,20260928,0.35,3.197837197453901
industry_49,masked86,3,20260924,0.35,2.920097922855466
industry_49,masked86,3,20260925,0.35,2.6677006755307096
industry_49,masked86,3,20260926,0.35,3.2298085811904307
industry_49,masked86,3,20260927,0.35,2.808792031308018
industry_49,masked86,3,20260928,0.35,3.086128617486749
industry_49,masked86,4,20260924,0.35,3.0009506818774865
industry_49,masked86,4,20260925,0.35,2.8218634764223056
industry_49,masked86,4,20260926,0.35,3.2442131682825552
industry_49,masked86,4,20260927,0.35,2.957913981624435
industry_49,masked86,4,20260928,0.35,2.897035959223566
industry_49,masked86,5,20260924,0.35,2.6794026372346442
industry_49,masked86,5,20260925,0.35,2.609010253097852
industry_49,masked86,5,20260926,0.35,3.662640008179304
industry_49,masked86,5,20260927,0.35,2.8521590718290737
industry_49,masked86,5,20260928,0.35,2.8521149106142607
industry_49,masked86,8,20260924,0.35,3.1076931346783923
industry_49,masked86,8,20260925,0.35,3.1100262017753906
industry_49,masked86,8,20260926,0.35,3.8354791382631115
industry_49,masked86,8,20260927,0.35,2.7710427772250488
industry_49,masked86,8,20260928,0.35,2.859326126820932
industry_49,masked86,1,20260924,0.4,3.6010061980008636
industry_49,masked86,1,20260925,0.4,3.429974637829454
industry_49,masked86,1,20260926,0.4,3.412556886899755
industry_49,masked86,1,20260927,0.4,3.5562221198586954
industry_49,masked86,1,20260928,0.4,3.3602290297688215
industry_49,masked86,2,20260924,0.4,3.1070316316980007
industry_49,masked86,2,20260925,0.4,2.7133368523144146
industry_49,masked86,2,20260926,0.4,2.885145279336325
industry_49,masked86,2,20260927,0.4,3.0932841258136365
industry_49,masked86,2,20260928,0.4,3.1007190156104363
industry_49,masked86,3,20260924,0.4,2.8863430584911898
industry_49,masked86,3,20260925,0.4,2.64559912868053
industry_49,masked86,3,20260926,0.4,3.155841160525599
industry_49,masked86,3,20260927,0.4,2.7602784689039415
industry_49,masked86,3,20260928,0.4,2.9897864797157196
industry_49,masked86,4,20260924,0.4,2.927698479093752
industry_49,masked86,4,20260925,0.4,2.8010043419071966
industry_49,masked86,4,20260926,0.4,3.1844945876421678
industry_49,masked86,4,20260927,0.4,2.9288562821534065
industry_49,masked86,4,20260928,0.4,2.832007384918651
industry_49,masked86,5,20260924,0.4,2.6618264792080883
industry_49,masked86,5,20260925,0.4,2.5831604657297453
industry_49,masked86,5,20260926,0.4,3.5148583959355446
industry_49,masked86,5,20260927,0.4,2.790040870255236
industry_49,masked86,5,20260928,0.4,2.7965850079382775
industry_49,masked86,8,20260924,0.4,3.069658245476375
industry_49,masked86,8,20260925,0.4,3.0061864852647333
industry_49,masked86,8,20260926,0.4,3.7143167526966634
industry_49,masked86,8,20260927,0.4,2.764419248053449
industry_49,masked86,8,20260928,0.4,2.822870170832664
industry_49,masked86,1,20260924,0.45,3.451967913179118
industry_49,masked86,1,20260925,0.45,3.31081600219488
industry_49,masked86,1,20260926,0.45,3.2978638146270707
industry_49,masked86,1,20260927,0.45,3.408794133120635
industry_49,masked86,1,20260928,0.45,3.2430101518062933
industry_49,masked86,2,20260924,0.45,3.019025407762293
industry_49,masked86,2,20260925,0.45,2.6721823365679134
industry_49,masked86,2,20260926,0.45,2.869579073544127
industry_49,masked86,2,20260927,0.45,3.0339962218076346
industry_49,masked86,2,20260928,0.45,3.004207527963462
industry_49,masked86,3,20260924,0.45,2.847188478216774
industry_49,masked86,3,20260925,0.45,2.619784426898987
industry_49,masked86,3,20260926,0.45,3.0794534138886984
industry_49,masked86,3,20260927,0.45,2.7101122137108766
industry_49,masked86,3,20260928,0.45,2.8951970021655358
industry_49,masked86,4,20260924,0.45,2.853146633130851
industry_49,masked86,4,20260925,0.45,2.7745751472733873
industry_49,masked86,4,20260926,0.45,3.12057088371863
industry_49,masked86,4,20260927,0.45,2.89440216162119
industry_49,masked86,4,20260928,0.45,2.7675841986174103
industry_49,masked86,5,20260924,0.45,2.63840656899223
industry_49,masked86,5,20260925,0.45,2.554397618258526
industry_49,masked86,5,20260926,0.45,3.3693780947792167
industry_49,masked86,5,20260927,0.45,2.7273700673780565
industry_49,masked86,5,20260928,0.45,2.740263650638949
industry_49,masked86,8,20260924,0.45,3.02712612192344
industry_49,masked86,8,20260925,0.45,2.9044559980540243
industry_49,masked86,8,20260926,0.45,3.59210919011488
industry_49,masked86,8,20260927,0.45,2.749964737497911
industry_49,masked86,8,20260928,0.45,2.7836343181025103
industry_49,masked86,1,20260924,0.5,3.3065493531188537
industry_49,masked86,1,20260925,0.5,3.1938880781804975
industry_49,masked86,1,20260926,0.5,3.18494959956822
industry_49,masked86,1,20260927,0.5,3.2653377804378843
industry_49,masked86,1,20260928,0.5,3.1276125723268837
industry_49,masked86,2,20260924,0.5,2.9312576883732584
industry_49,masked86,2,20260925,0.5,2.629105399695798
industry_49,masked86,2,20260926,0.5,2.8459148909742167
industry_49,masked86,2,20260927,0.5,2.97184614202326
industry_49,masked86,2,20260928,0.5,2.9096369355584932
industry_49,masked86,3,20260924,0.5,2.803487441040428
industry_49,masked86,3,20260925,0.5,2.59085095334551
industry_49,masked86,3,20260926,0.5,3.001848803343832
industry_49,masked86,3,20260927,0.5,2.6590434448899742
industry_49,masked86,3,20260928,0.5,2.803652784418102
industry_49,masked86,4,20260924,0.5,2.7783595213974044
industry_49,masked86,4,20260925,0.5,2.743336240736126
industry_49,masked86,4,20260926,0.5,3.0534801915018974
industry_49,masked86,4,20260927,0.5,2.8553843096014604
industry_49,masked86,4,20260928,0.5,2.704642459322123
industry_49,masked86,5,20260924,0.5,2.6098654476369245
industry_49,masked86,5,20260925,0.5,2.5232934032629295
industry_49,masked86,5,20260926,0.5,3.2281334954605136
industry_49,masked86,5,20260927,0.5,2.6650837534049363
industry_49,masked86,5,20260928,0.5,2.6839777702753618
industry_49,masked86,8,20260924,0.5,2.9809380795122555
industry_49,masked86,8,20260925,0.5,2.806285383443076
industry_49,masked86,8,20260926,0.5,3.4704426805888526
industry_49,masked86,8,20260927,0.5,2.7284618093451405
industry_49,masked86,8,20260928,0.5,2.742386641371352
industry_49,masked86,1,20260924,0.55,3.166564369656452
industry_49,masked86,1,20260925,0.55,3.080710851974534
industry_49,masked86,1,20260926,0.55,3.075289586222285
industry_49,masked86,1,20260927,0.55,3.1276410264812338
industry_49,masked86,1,20260928,0.55,3.0154929471290464
industry_49,masked86,2,20260924,0.55,2.8449294386325668
industry_49,masked86,2,20260925,0.55,2.5848278340875557
industry_49,masked86,2,20260926,0.55,2.815166694803981
industry_49,masked86,2,20260927,0.55,2.907851116841786
industry_49,masked86,2,20260928,0.55,2.818205704804147
industry_49,masked86,3,20260924,0.55,2.7561828875154584
industry_49,masked86,3,20260925,0.55,2.5594408956858046
industry_49,masked86,3,20260926,0.55,2.9242043489541234
industry_49,masked86,3,20260927,0.55,2.60779629429646
industry_49,masked86,3,20260928,0.55,2.7162696194343847
industry_49,masked86,4,20260924,0.55,2.704344936586039
industry_49,masked86,4,20260925,0.55,2.7081364798867065
industry_49,masked86,4,20260926,0.55,2.9842975810917505
industry_49,masked86,4,20260927,0.55,2.812728051215194
industry_49,masked86,4,20260928,0.55,2.643944856498165
industry_49,masked86,5,20260924,0.55,2.577040296366654
industry_49,masked86,5,20260925,0.55,2.4904507492156034
industry_49,masked86,5,20260926,0.55,3.0928286011430304
industry_49,masked86,5,20260927,0.55,2.60404973134268
industry_49,masked86,5,20260928,0.55,2.6285007479985865
industry_49,masked86,8,20260924,0.55,2.9319952275972643
industry_49,masked86,8,20260925,0.55,2.712925839467829
industry_49,masked86,8,20260926,0.55,3.3507936160005696
industry_49,masked86,8,20260927,0.55,2.700841639841324
industry_49,masked86,8,20260928,0.55,2.69990671044513
industry_49,masked86,1,20260924,0.6,3.0335412748895934
industry_49,masked86,1,20260925,0.6,2.9725821391765623
industry_49,masked86,1,20260926,0.6,2.970156877765638
industry_49,masked86,1,20260927,0.6,2.9971942523738186
industry_49,masked86,1,20260928,0.6,2.9079044114956143
industry_49,masked86,2,20260924,0.6,2.761108947397527
industry_49,masked86,2,20260925,0.6,2.5400372230594055
industry_49,masked86,2,20260926,0.6,2.7784423456826994
industry_49,masked86,2,20260927,0.6,2.8430019658446453
industry_49,masked86,2,20260928,0.6,2.73092228876296
industry_49,masked86,3,20260924,0.6,2.706249299415259
industry_49,masked86,3,20260925,0.6,2.5262026535771036
industry_49,masked86,3,20260926,0.6,2.8476100744772856
industry_49,masked86,3,20260927,0.6,2.5570305980014667
industry_49,masked86,3,20260928,0.6,2.633937161521187
industry_49,masked86,4,20260924,0.6,2.632004595167645
industry_49,masked86,4,20260925,0.6,2.6698575499296555
industry_49,masked86,4,20260926,0.6,2.9140758149468367
industry_49,masked86,4,20260927,0.6,2.767393014743465
industry_49,masked86,4,20260928,0.6,2.586106994808026
industry_49,masked86,5,20260924,0.6,2.5408274477605737
industry_49,masked86,5,20260925,0.6,2.4564666608468424
industry_49,masked86,5,20260926,0.6,2.964862499560795
industry_49,masked86,5,20260927,0.6,2.545024145910001
industry_49,masked86,5,20260928,0.6,2.574514596568914
industry_49,masked86,8,20260924,0.6,2.8812036469922297
industry_49,masked86,8,20260925,0.6,2.625371452284282
industry_49,masked86,8,20260926,0.6,3.234461679006285
industry_49,masked86,8,20260927,0.6,2.6681207245395746
industry_49,masked86,8,20260928,0.6,2.6569402204795733
industry_49,masked86,1,20260924,0.65,2.9086711213147765
industry_49,masked86,1,20260925,0.65,2.870532216967522
industry_49,masked86,1,20260926,0.65,2.870577380081027
industry_49,masked86,1,20260927,0.65,2.875139912215704
industry_49,masked86,1,20260928,0.65,2.80585336882498
industry_49,masked86,2,20260924,0.65,2.680690818500508
industry_49,masked86,2,20260925,0.65,2.4953539200997725
industry_49,masked86,2,20260926,0.65,2.7368778404442113
industry_49,masked86,2,20260927,0.65,2.778215732169448
industry_49,masked86,2,20260928,0.65,2.648571662248984
industry_49,masked86,3,20260924,0.65,2.6546400694763137
industry_49,masked86,3,20260925,0.65,2.4917547572629664
industry_49,masked86,3,20260926,0.65,2.773022297826197
industry_49,masked86,3,20260927,0.65,2.50731385764369
industry_49,masked86,3,20260928,0.65,2.5572930011181825
industry_49,masked86,4,20260924,0.65,2.5620988862945837
industry_49,masked86,4,20260925,0.65,2.629363556995248
industry_49,masked86,4,20260926,0.65,2.8437957067828545
industry_49,masked86,4,20260927,0.65,2.7203200697546563
industry_49,masked86,4,20260928,0.65,2.531580013247511
industry_49,masked86,5,20260924,0.65,2.5021300780695936
industry_49,masked86,5,20260925,0.65,2.421900793360221
industry_49,masked86,5,20260926,0.65,2.8452851899824716
industry_49,masked86,5,20260927,0.65,2.488623078959212
industry_49,masked86,5,20260928,0.65,2.522584237069271
industry_49,masked86,8,20260924,0.65,2.829426561307135
industry_49,masked86,8,20260925,0.65,2.5443276408109123
industry_49,masked86,8,20260926,0.65,3.1225246672033933
industry_49,masked86,8,20260927,0.65,2.631340197339841
industry_49,masked86,8,20260928,0.65,2.6141623098171904
industry_49,masked86,1,20260924,0.7,2.7927860474990354
industry_49,masked86,1,20260925,0.7,2.775303800820817
industry_49,masked86,1,20260926,0.7,2.777308722688946
industry_49,masked86,1,20260927,0.7,2.7622529811991425
industry_49,masked86,1,20260928,0.7,2.7100799233379886
industry_49,masked86,2,20260924,0.7,2.6043733785928964
industry_49,masked86,2,20260925,0.7,2.451308559832084
industry_49,masked86,2,20260926,0.7,2.691580435340243
industry_49,masked86,2,20260927,0.7,2.7143010022775704
industry_49,masked86,2,20260928,0.7,2.5717032331944645
industry_49,masked86,3,20260924,0.7,2.6022446966069763
industry_49,masked86,3,20260925,0.7,2.456658208030261
industry_49,masked86,3,20260926,0.7,2.7012333460818563
industry_49,masked86,3,20260927,0.7,2.4591047894912275
industry_49,masked86,3,20260928,0.7,2.4867198915478452
industry_49,masked86,4,20260924,0.7,2.495227326115032
industry_49,masked86,4,20260925,0.7,2.587460185457832
industry_49,masked86,4,20260926,0.7,2.774329489879026
industry_49,masked86,4,20260927,0.7,2.672387971644452
industry_49,masked86,4,20260928,0.7,2.480649034887246
industry_49,masked86,5,20260924,0.7,2.4618137201220667
industry_49,masked86,5,20260925,0.7,2.3872521401230427
industry_49,masked86,5,20260926,0.7,2.734784377231563
industry_49,masked86,5,20260927,0.7,2.4353090354518843
industry_49,masked86,5,20260928,0.7,2.473144711537236
industry_49,masked86,8,20260924,0.7,2.777447236795501
industry_49,masked86,8,20260925,0.7,2.4702060224458666
industry_49,masked86,8,20260926,0.7,3.0158162713103525
industry_49,masked86,8,20260927,0.7,2.591513320158877
industry_49,masked86,8,20260928,0.7,2.5721520625576892
industry_49,masked86,1,20260924,0.75,2.686365153152233
industry_49,masked86,1,20260925,0.75,2.6873552439074113
industry_49,masked86,1,20260926,0.75,2.690841140035894
industry_49,masked86,1,20260927,0.75,2.6589495591852734
industry_49,masked86,1,20260928,0.75,2.6210598884927907
industry_49,masked86,2,20260924,0.75,2.5326534793483533
industry_49,masked86,2,20260925,0.75,2.408330403063151
industry_49,masked86,2,20260926,0.75,2.643584267298396
industry_49,masked86,2,20260927,0.75,2.6519368476309095
industry_49,masked86,2,20260928,0.75,2.500637804826966
industry_49,masked86,3,20260924,0.75,2.5498579414333005
industry_49,masked86,3,20260925,0.75,2.421398411747982
industry_49,masked86,3,20260926,0.75,2.63285766468069
industry_49,masked86,3,20260927,0.75,2.4127479910601397
industry_49,masked86,3,20260928,0.75,2.4223628105916353
industry_49,masked86,4,20260924,0.75,2.4318238377384964
industry_49,masked86,4,20260925,0.75,2.5448655707526404
industry_49,masked86,4,20260926,0.75,2.7064181942407206
industry_49,masked86,4,20260927,0.75,2.624381965025769
industry_49,masked86,4,20260928,0.75,2.4334448181866786
industry_49,masked86,5,20260924,0.75,2.42067224655907
industry_49,masked86,5,20260925,0.75,2.3529446199684
industry_49,masked86,5,20260926,0.75,2.6336999656732405
industry_49,masked86,5,20260927,0.75,2.385391072970033
industry_49,masked86,5,20260928,0.75,2.426500248755187
industry_49,masked86,8,20260924,0.75,2.7259441649747487
industry_49,masked86,8,20260925,0.75,2.4031425022821162
industry_49,masked86,8,20260926,0.75,2.9149248355928115
industry_49,masked86,8,20260927,0.75,2.5495844746443006
industry_49,masked86,8,20260928,0.75,2.5313786950148573
industry_49,masked86,1,20260924,0.8,2.5895627738339795
industry_49,masked86,1,20260925,0.8,2.6068825033904104
industry_49,masked86,1,20260926,0.8,2.611416170726454
industry_49,masked86,1,20260927,0.8,2.565318315527841
industry_49,masked86,1,20260928,0.8,2.539024152410126
industry_49,masked86,2,20260924,0.8,2.465835774664776
industry_49,masked86,2,20260925,0.8,2.3667453582528863
industry_49,masked86,2,20260926,0.8,2.593819712657045
industry_49,masked86,2,20260927,0.8,2.5916644309479615
industry_49,masked86,2,20260928,0.8,2.435489356283421
industry_49,masked86,3,20260924,0.8,2.498161116165187
industry_49,masked86,3,20260925,0.8,2.3863763732595613
industry_49,masked86,3,20260926,0.8,2.5683323094661676
industry_49,masked86,3,20260927,0.8,2.3684779228743684
industry_49,masked86,3,20260928,0.8,2.364160601623867
industry_49,masked86,4,20260924,0.8,2.3721643193971738
industry_49,masked86,4,20260925,0.8,2.5021930891533977
industry_49,masked86,4,20260926,0.8,2.640662068626592
industry_49,masked86,4,20260927,0.8,2.576974613149268
industry_49,masked86,4,20260928,0.8,2.389964766411344
industry_49,masked86,5,20260924,0.8,2.379405078641105
industry_49,masked86,5,20260925,0.8,2.3193210207470702
industry_49,masked86,5,20260926,0.8,2.5420603436131826
industry_49,masked86,5,20260927,0.8,2.339035849779905
industry_49,masked86,5,20260928,0.8,2.382832805231666
industry_49,masked86,8,20260924,0.8,2.6754781980956333
industry_49,masked86,8,20260925,0.8,2.343032988539829
industry_49,masked86,8,20260926,0.8,2.820208963716146
industry_49,masked86,8,20260927,0.8,2.506400804635857
industry_49,masked86,8,20260928,0.8,2.4921983249017337
industry_49,masked86,1,20260924,0.85,2.5022526988595546
industry_49,masked86,1,20260925,0.85,2.533854261011006
industry_49,masked86,1,20260926,0.85,2.5390579390630768
industry_49,masked86,1,20260927,0.85,2.4811680532370253
industry_49,masked86,1,20260928,0.85,2.463990163786105
industry_49,masked86,2,20260924,0.85,2.404052570690067
industry_49,masked86,2,20260925,0.85,2.3267816298372197
industry_49,masked86,2,20260926,0.85,2.5430958289787102
industry_49,masked86,2,20260927,0.85,2.5338890898149637
industry_49,masked86,2,20260928,0.85,2.376196584399813
industry_49,masked86,3,20260924,0.85,2.4477142480686984
industry_49,masked86,3,20260925,0.85,2.3519077754263997
industry_49,masked86,3,20260926,0.85,2.5079286483831233
industry_49,masked86,3,20260927,0.85,2.3264297035490027
industry_49,masked86,3,20260928,0.85,2.311886230642548
industry_49,masked86,4,20260924,0.85,2.3163831172537455
industry_49,masked86,4,20260925,0.85,2.459944817898035
industry_49,masked86,4,20260926,0.85,2.5775218099874713
industry_49,masked86,4,20260927,0.85,2.5307176499707933
industry_49,masked86,4,20260928,0.85,2.3500991591714584
industry_49,masked86,5,20260924,0.85,2.338604905657513
industry_49,masked86,5,20260925,0.85,2.28664387365884
industry_49,masked86,5,20260926,0.85,2.4596332653648827
industry_49,masked86,5,20260927,0.85,2.296286181021508
industry_49,masked86,5,20260928,0.85,2.3422171192515155
industry_49,masked86,8,20260924,0.85,2.6264899924511274
industry_49,masked86,8,20260925,0.85,2.2895800419309347
industry_49,masked86,8,20260926,0.85,2.731824846120993
industry_49,masked86,8,20260927,0.85,2.462695917681099
industry_49,masked86,8,20260928,0.85,2.4548592141777528
industry_49,masked86,1,20260924,0.9,2.424081646820428
industry_49,masked86,1,20260925,0.9,2.4680544631774315
industry_49,masked86,1,20260926,0.9,2.473611676892966
industry_49,masked86,1,20260927,0.9,2.406084392210505
industry_49,masked86,1,20260928,0.9,2.3958002569537276
industry_49,masked86,2,20260924,0.9,2.3472901750975024
industry_49,masked86,2,20260925,0.9,2.288580609115323
industry_49,masked86,2,20260926,0.9,2.4920939943224107
industry_49,masked86,2,20260927,0.9,2.478890154816523
industry_49,masked86,2,20260928,0.9,2.3225592526971646
industry_49,masked86,3,20260924,0.9,2.398957033936075
industry_49,masked86,3,20260925,0.9,2.3182280298700593
industry_49,masked86,3,20260926,0.9,2.451771707199631
industry_49,masked86,3,20260927,0.9,2.286654087063483
industry_49,masked86,3,20260928,0.9,2.265190038083664
industry_49,masked86,4,20260924,0.9,2.2644948926871913
industry_49,masked86,4,20260925,0.9,2.4185135731754883
industry_49,masked86,4,20260926,0.9,2.5173277895070094
industry_49,masked86,4,20260927,0.9,2.4860427920382073
industry_49,masked86,4,20260928,0.9,2.3136588953298616
industry_49,masked86,5,20260924,0.9,2.2987542779125936
industry_49,masked86,5,20260925,0.9,2.255101420845839
industry_49,masked86,5,20260926,0.9,2.3859840631545053
industry_49,masked86,5,20260927,0.9,2.2570836939142733
industry_49,masked86,5,20260928,0.9,2.3046393387317776
industry_49,masked86,8,20260924,0.9,2.5793054244602787
industry_49,masked86,8,20260925,0.9,2.242343875604091
industry_49,masked86,8,20260926,0.9,2.649760197753524
industry_49,masked86,8,20260927,0.9,2.4190839226193535
industry_49,masked86,8,20260928,0.9,2.419512963052697
industry_49,masked86,1,20260924,0.95,2.35452589814908
industry_49,masked86,1,20260925,0.95,2.4091271752123027
industry_49,masked86,1,20260926,0.95,2.414784742204112
industry_49,masked86,1,20260927,0.95,2.3394891618342992
industry_49,masked86,1,20260928,0.95,2.334162172797664
industry_49,masked86,2,20260924,0.95,2.2954180824318926
industry_49,masked86,2,20260925,0.95,2.252210720983012
industry_49,masked86,2,20260926,0.95,2.4413702684702683
industry_49,masked86,2,20260927,0.95,2.426835743714553
industry_49,masked86,2,20260928,0.95,2.2742751376371197
industry_49,masked86,3,20260924,0.95,2.352216220561966
industry_49,masked86,3,20260925,0.95,2.2855012807337673
industry_49,masked86,3,20260926,0.95,2.399863782516752
industry_49,masked86,3,20260927,0.95,2.249134269060749
industry_49,masked86,3,20260928,0.95,2.223641418302968
industry_49,masked86,4,20260924,0.95,2.2164187580269656
industry_49,masked86,4,20260925,0.95,2.378191129572933
industry_49,masked86,4,20260926,0.95,2.4602944505258533
industry_49,masked86,4,20260927,0.95,2.443269133101067
industry_49,masked86,4,20260928,0.95,2.2804018828381847
industry_49,masked86,5,20260924,0.95,2.260229026376798
industry_49,masked86,5,20260925,0.95,2.2248168112870745
industry_49,masked86,5,20260926,0.95,2.320534758406039
industry_49,masked86,5,20260927,0.95,2.2212926468104754
industry_49,masked86,5,20260928,0.95,2.2700167146674777
industry_49,masked86,8,20260924,0.95,2.534146484447718
industry_49,masked86,8,20260925,0.95,2.2007921330681883
industry_49,masked86,8,20260926,0.95,2.5738703868706514
industry_49,masked86,8,20260927,0.95,2.376061537600222
industry_49,masked86,8,20260928,0.95,2.386229190512695
industry_49,masked86,1,20260924,1.0,2.292946086973669
industry_49,masked86,1,20260925,1.0,2.3566197119942047
industry_49,masked86,1,20260926,1.0,2.362186387798672
industry_49,masked86,1,20260927,1.0,2.280697261761895
industry_49,masked86,1,20260928,1.0,2.278688144792236
industry_49,masked86,2,20260924,1.0,2.24821806906302
industry_49,masked86,2,20260925,1.0,2.217682304565017
industry_49,masked86,2,20260926,1.0,2.3913639133036635
industry_49,masked86,2,20260927,1.0,2.3778001079004984
industry_49,masked86,2,20260928,1.0,2.230974435242807
industry_49,masked86,3,20260924,1.0,2.3077171517110435
industry_49,masked86,3,20260925,1.0,2.2538315344401187
industry_49,masked86,3,20260926,1.0,2.352109486882673
industry_49,masked86,3,20260927,1.0,2.2138026687329937
industry_49,masked86,3,20260928,1.0,2.1867657480371188
industry_49,masked86,4,20260924,1.0,2.1720022172087234
industry_49,masked86,4,20260925,1.0,2.339180319508029
industry_49,masked86,4,20260926,1.0,2.4065374011231864
industry_49,masked86,4,20260927,1.0,2.4026148276430535
industry_49,masked86,4,20260928,1.0,2.2500561948165627
industry_49,masked86,5,20260924,1.0,2.2233064413563013
industry_49,masked86,5,20260925,1.0,2.195858886354692
industry_49,masked86,5,20260926,1.0,2.2626190484895496
industry_49,masked86,5,20260927,1.0,2.1887226909474675
industry_49,masked86,5,20260928,1.0,2.2382164809900877
industry_49,masked86,8,20260924,1.0,2.4911453595851683
industry_49,masked86,8,20260925,1.0,2.1643443915207707
industry_49,masked86,8,20260926,1.0,2.5039133717971724
industry_49,masked86,8,20260927,1.0,2.334015920856647
industry_49,masked86,8,20260928,1.0,2.355011594899263
combined_74,full92,1,20260924,0.0,5.660981564126474
combined_74,full92,1,20260925,0.0,5.028696523886174
combined_74,full92,1,20260926,0.0,5.135733993080629
combined_74,full92,1,20260927,0.0,4.870831105268503
combined_74,full92,1,20260928,0.0,5.437329573262473
combined_74,full92,2,20260924,0.0,4.3273443520781525
combined_74,full92,2,20260925,0.0,4.860683223796321
combined_74,full92,2,20260926,0.0,3.703886457306387
combined_74,full92,2,20260927,0.0,4.078687462406562
combined_74,full92,2,20260928,0.0,5.276647901976246
combined_74,full92,3,20260924,0.0,3.215093975050475
combined_74,full92,3,20260925,0.0,4.859058657531797
combined_74,full92,3,20260926,0.0,3.8232239782962503
combined_74,full92,3,20260927,0.0,5.866477693849155
combined_74,full92,3,20260928,0.0,3.5235618781739917
combined_74,full92,4,20260924,0.0,3.5353860444250516
combined_74,full92,4,20260925,0.0,4.142057165183876
combined_74,full92,4,20260926,0.0,4.028644756236375
combined_74,full92,4,20260927,0.0,2.926138279883049
combined_74,full92,4,20260928,0.0,4.093680602050533
combined_74,full92,5,20260924,0.0,3.1408614109853086
combined_74,full92,5,20260925,0.0,3.6136665648937676
combined_74,full92,5,20260926,0.0,5.483034591330996
combined_74,full92,5,20260927,0.0,3.340721958969302
combined_74,full92,5,20260928,0.0,4.949299776041775
combined_74,full92,8,20260924,0.0,2.792155486323034
combined_74,full92,8,20260925,0.0,5.070148879978006
combined_74,full92,8,20260926,0.0,6.247238509514578
combined_74,full92,8,20260927,0.0,5.247523444398026
combined_74,full92,8,20260928,0.0,4.832399676679931
combined_74,full92,1,20260924,0.05,5.530434489521314
combined_74,full92,1,20260925,0.05,4.914902981160117
combined_74,full92,1,20260926,0.05,5.045870969056814
combined_74,full92,1,20260927,0.05,4.781948948442405
combined_74,full92,1,20260928,0.05,5.323816960000537
combined_74,full92,2,20260924,0.05,4.272319607135721
combined_74,full92,2,20260925,0.05,4.765281033378838
combined_74,full92,2,20260926,0.05,3.6722330713109836
combined_74,full92,2,20260927,0.05,4.052692192457307
combined_74,full92,2,20260928,0.05,5.151221353901736
combined_74,full92,3,20260924,0.05,3.254210519421388
combined_74,full92,3,20260925,0.05,4.737185715717494
combined_74,full92,3,20260926,0.05,3.8034659410254887
combined_74,full92,3,20260927,0.05,5.738029252575508
combined_74,full92,3,20260928,0.05,3.5477871647422377
combined_74,full92,4,20260924,0.05,3.5393072647317
combined_74,full92,4,20260925,0.05,4.0650625162879646
combined_74,full92,4,20260926,0.05,4.010475970906464
combined_74,full92,4,20260927,0.05,2.990636865800674
combined_74,full92,4,20260928,0.05,4.044619534224268
combined_74,full92,5,20260924,0.05,3.1646027518132263
combined_74,full92,5,20260925,0.05,3.5767772557302564
combined_74,full92,5,20260926,0.05,5.359795315832996
combined_74,full92,5,20260927,0.05,3.3613409360039697
combined_74,full92,5,20260928,0.05,4.847028649887069
combined_74,full92,8,20260924,0.05,2.831801498443988
combined_74,full92,8,20260925,0.05,4.948455619242813
combined_74,full92,8,20260926,0.05,6.1040840074233005
combined_74,full92,8,20260927,0.05,5.130966885203858
combined_74,full92,8,20260928,0.05,4.744772397830768
combined_74,full92,1,20260924,0.1,5.384992316247507
combined_74,full92,1,20260925,0.1,4.7887267673819185
combined_74,full92,1,20260926,0.1,4.943694879081226
combined_74,full92,1,20260927,0.1,4.681965961401364
combined_74,full92,1,20260928,0.1,5.196582724745582
combined_74,full92,2,20260924,0.1,4.208084401247588
combined_74,full92,2,20260925,0.1,4.658387744303759
combined_74,full92,2,20260926,0.1,3.6342370818399132
combined_74,full92,2,20260927,0.1,4.018811712516819
combined_74,full92,2,20260928,0.1,5.012591535692706
combined_74,full92,3,20260924,0.1,3.2871577449719047
combined_74,full92,3,20260925,0.1,4.603644691890437
combined_74,full92,3,20260926,0.1,3.776704589945873
combined_74,full92,3,20260927,0.1,5.594316345346034
combined_74,full92,3,20260928,0.1,3.5658670879157044
combined_74,full92,4,20260924,0.1,3.5366403187130926
combined_74,full92,4,20260925,0.1,3.980107702784149
combined_74,full92,4,20260926,0.1,3.9844953071454325
combined_74,full92,4,20260927,0.1,3.049265146670131
combined_74,full92,4,20260928,0.1,3.9881660430639636
combined_74,full92,5,20260924,0.1,3.1834911137224493
combined_74,full92,5,20260925,0.1,3.534208255254262
combined_74,full92,5,20260926,0.1,5.2225724969037515
combined_74,full92,5,20260927,0.1,3.3758358441291776
combined_74,full92,5,20260928,0.1,4.7332850652028196
combined_74,full92,8,20260924,0.1,2.8680876545358847
combined_74,full92,8,20260925,0.1,4.814140459283169
combined_74,full92,8,20260926,0.1,5.9444383552804965
combined_74,full92,8,20260927,0.1,5.001279464541944
combined_74,full92,8,20260928,0.1,4.646443925284103
combined_74,full92,1,20260924,0.15,5.225176491688394
combined_74,full92,1,20260925,0.15,4.650768139077382
combined_74,full92,1,20260926,0.15,4.829285596022574
combined_74,full92,1,20260927,0.15,4.5711392154003905
combined_74,full92,1,20260928,0.15,5.055961121181164
combined_74,full92,2,20260924,0.15,4.134500382253482
combined_74,full92,2,20260925,0.15,4.540363471473885
combined_74,full92,2,20260926,0.15,3.5896997491483282
combined_74,full92,2,20260927,0.15,3.97650166843192
combined_74,full92,2,20260928,0.15,4.8614636577286126
combined_74,full92,3,20260924,0.15,3.312512873519608
combined_74,full92,3,20260925,0.15,4.45938934614508
combined_74,full92,3,20260926,0.15,3.7424539850206724
combined_74,full92,3,20260927,0.15,5.435759361333752
combined_74,full92,3,20260928,0.15,3.5765913931754043
combined_74,full92,4,20260924,0.15,3.526474266019935
combined_74,full92,4,20260925,0.15,3.887774129409811
combined_74,full92,4,20260926,0.15,3.9500036157062985
combined_74,full92,4,20260927,0.15,3.1003628167018435
combined_74,full92,4,20260928,0.15,3.9243204687503654
combined_74,full92,5,20260924,0.15,3.1964389065356302
combined_74,full92,5,20260925,0.15,3.4860167685945114
combined_74,full92,5,20260926,0.15,5.07184565718077
combined_74,full92,5,20260927,0.15,3.3830546683990455
combined_74,full92,5,20260928,0.15,4.608567245081507
combined_74,full92,8,20260924,0.15,2.899878994000858
combined_74,full92,8,20260925,0.15,4.667979760346269
combined_74,full92,8,20260926,0.15,5.768804018390364
combined_74,full92,8,20260927,0.15,4.8589290703957255
combined_74,full92,8,20260928,0.15,4.537784842780429
combined_74,full92,1,20260924,0.2,5.0522263786248764
combined_74,full92,1,20260925,0.2,4.502254854719649
combined_74,full92,1,20260926,0.2,4.7032831305085905
combined_74,full92,1,20260927,0.2,4.450254885982289
combined_74,full92,1,20260928,0.2,4.902931546953397
combined_74,full92,2,20260924,0.2,4.051844179237725
combined_74,full92,2,20260925,0.2,4.412129298428607
combined_74,full92,2,20260926,0.2,3.538709669199843
combined_74,full92,2,20260927,0.2,3.9255335380312806
combined_74,full92,2,20260928,0.2,4.699218685465415
combined_74,full92,3,20260924,0.2,3.329047920316489
combined_74,full92,3,20260925,0.2,4.306022117279365
combined_74,full92,3,20260926,0.2,3.7005199609911825
combined_74,full92,3,20260927,0.2,5.263500625450722
combined_74,full92,3,20260928,0.2,3.578951792782524
combined_74,full92,4,20260924,0.2,3.5081414243005375
combined_74,full92,4,20260925,0.2,3.7890812517239216
combined_74,full92,4,20260926,0.2,3.906601922571884
combined_74,full92,4,20260927,0.2,3.1424348034936203
combined_74,full92,4,20260928,0.2,3.853433046133653
combined_74,full92,5,20260924,0.2,3.202515410262798
combined_74,full92,5,20260925,0.2,3.43254006860973
combined_74,full92,5,20260926,0.2,4.908758997253879
combined_74,full92,5,20260927,0.2,3.382052651453655
combined_74,full92,5,20260928,0.2,4.473953472964578
combined_74,full92,8,20260924,0.2,2.926134353661199
combined_74,full92,8,20260925,0.2,4.511413831525888
combined_74,full92,8,20260926,0.2,5.5784504594587
combined_74,full92,8,20260927,0.2,4.705014111715907
combined_74,full92,8,20260928,0.2,4.419699887211713
combined_74,full92,1,20260924,0.25,4.868140252947046
combined_74,full92,1,20260925,0.25,4.345066944373714
combined_74,full92,1,20260926,0.25,4.566940748388801
combined_74,full92,1,20260927,0.25,4.320664776215926
combined_74,full92,1,20260928,0.25,4.739163943889009
combined_74,full92,2,20260924,0.25,3.9608619368593563
combined_74,full92,2,20260925,0.25,4.275200126127138
combined_74,full92,2,20260926,0.25,3.4816880587682735
combined_74,full92,2,20260927,0.25,3.866067369080934
combined_74,full92,2,20260928,0.25,4.527937524011343
combined_74,full92,3,20260924,0.25,3.335852136131935
combined_74,full92,3,20260925,0.25,4.14579442011116
combined_74,full92,3,20260926,0.25,3.65106562325137
combined_74,full92,3,20260927,0.25,5.079452092969289
combined_74,full92,3,20260928,0.25,3.572251869673096
combined_74,full92,4,20260924,0.25,3.481311177321241
combined_74,full92,4,20260925,0.25,3.6854850519278126
combined_74,full92,4,20260926,0.25,3.8542745273809493
combined_74,full92,4,20260927,0.25,3.1742826034837752
combined_74,full92,4,20260928,0.25,3.776240982527309
combined_74,full92,5,20260924,0.25,3.2010444883705915
combined_74,full92,5,20260925,0.25,3.3744172048059036
combined_74,full92,5,20260926,0.25,4.7351569504496
combined_74,full92,5,20260927,0.25,3.3721992332883093
combined_74,full92,5,20260928,0.25,4.331129130791783
combined_74,full92,8,20260924,0.25,2.94599953139812
combined_74,full92,8,20260925,0.25,4.346562443389492
combined_74,full92,8,20260926,0.25,5.375457012827171
combined_74,full92,8,20260927,0.25,4.541298056411437
combined_74,full92,8,20260928,0.25,4.293655425061313
combined_74,full92,1,20260924,0.3,4.6756383816895974
combined_74,full92,1,20260925,0.3,4.1816911342635965
combined_74,full92,1,20260926,0.3,4.42211732133136
combined_74,full92,1,20260927,0.3,4.184263917068334
combined_74,full92,1,20260928,0.3,4.566994238809777
combined_74,full92,2,20260924,0.3,3.8627789550919864
combined_74,full92,2,20260925,0.3,4.13165462656871
combined_74,full92,2,20260926,0.3,3.4194022977810143
combined_74,full92,2,20260927,0.3,3.79869140636256
combined_74,full92,2,20260928,0.3,4.350349986643
combined_74,full92,3,20260924,0.3,3.3324366573486084
combined_74,full92,3,20260925,0.3,3.981530231900045
combined_74,full92,3,20260926,0.3,3.5946454828506718
combined_74,full92,3,20260927,0.3,4.8862648011477186
combined_74,full92,3,20260928,0.3,3.5561978341613245
combined_74,full92,4,20260924,0.3,3.446059761471603
combined_74,full92,4,20260925,0.3,3.578822473334284
combined_74,full92,4,20260926,0.3,3.793441403550681
combined_74,full92,4,20260927,0.3,3.195121633650355
combined_74,full92,4,20260928,0.3,3.6938664510719597
combined_74,full92,5,20260924,0.3,3.1916872417435
combined_74,full92,5,20260925,0.3,3.3125774703260635
combined_74,full92,5,20260926,0.3,4.553546745348094
combined_74,full92,5,20260927,0.3,3.3532654476072565
combined_74,full92,5,20260928,0.3,4.182348610875377
combined_74,full92,8,20260924,0.3,2.958891546413392
combined_74,full92,8,20260925,0.3,4.1761643416809315
combined_74,full92,8,20260926,0.3,5.162671727847604
combined_74,full92,8,20260927,0.3,4.370175226819996
combined_74,full92,8,20260928,0.3,4.161645639196897
combined_74,full92,1,20260924,0.35,4.478040253274002
combined_74,full92,1,20260925,0.35,4.015099080663312
combined_74,full92,1,20260926,0.35,4.271199743364717
combined_74,full92,1,20260927,0.35,4.0434024399750585
combined_74,full92,1,20260928,0.35,4.389321594559666
combined_74,full92,2,20260924,0.35,3.7592552142071436
combined_74,full92,2,20260925,0.35,3.9840356674402915
combined_74,full92,2,20260926,0.35,3.3529400897555237
combined_74,full92,2,20260927,0.35,3.7244169640660907
combined_74,full92,2,20260928,0.35,4.169702619504555
combined_74,full92,3,20260924,0.35,3.318802435504064
combined_74,full92,3,20260925,0.35,3.816469510167611
combined_74,full92,3,20260926,0.35,3.532197536782487
combined_74,full92,3,20260927,0.35,4.687211253817788
combined_74,full92,3,20260928,0.35,3.530952972188681
combined_74,full92,4,20260924,0.35,3.402901182165892
combined_74,full92,4,20260925,0.35,3.471200505197177
combined_74,full92,4,20260926,0.35,3.7249667398493767
combined_74,full92,4,20260927,0.35,3.2046644650675806
combined_74,full92,4,20260928,0.35,3.607769071007754
combined_74,full92,5,20260924,0.35,3.1744941679008494
combined_74,full92,5,20260925,0.35,3.248191706056734
combined_74,full92,5,20260926,0.35,4.366981162861429
combined_74,full92,5,20260927,0.35,3.3254751135144707
combined_74,full92,5,20260928,0.35,4.030326161926698
combined_74,full92,8,20260924,0.35,2.9645592477363807
combined_74,full92,8,20260925,0.35,4.003435603968637
combined_74,full92,8,20260926,0.35,4.943578198278059
combined_74,full92,8,20260927,0.35,4.19456134266554
combined_74,full92,8,20260928,0.35,4.026091566884866
combined_74,full92,1,20260924,0.4,4.279064501848631
combined_74,full92,1,20260925,0.4,3.8485584596605276
combined_74,full92,1,20260926,0.4,4.116959656900992
combined_74,full92,1,20260927,0.4,3.90073786717385
combined_74,full92,1,20260928,0.4,4.209434309885311
combined_74,full92,2,20260924,0.4,3.652287738279528
combined_74,full92,2,20260925,0.4,3.8351882043050662
combined_74,full92,2,20260926,0.4,3.28364406239121
combined_74,full92,2,20260927,0.4,3.6446249303019718
combined_74,full92,2,20260928,0.4,3.989555203698599
combined_74,full92,3,20260924,0.4,3.2954578002213286
combined_74,full92,3,20260925,0.4,3.6540440915652717
combined_74,full92,3,20260926,0.4,3.464990194981882
combined_74,full92,3,20260927,0.4,4.485988627637557
combined_74,full92,3,20260928,0.4,3.4971441546089417
combined_74,full92,4,20260924,0.4,3.3527706825434898
combined_74,full92,4,20260925,0.4,3.36484072963168
combined_74,full92,4,20260926,0.4,3.6501180907943938
combined_74,full92,4,20260927,0.4,3.203154377056722
combined_74,full92,4,20260928,0.4,3.5196553850289987
combined_74,full92,5,20260924,0.4,3.149915928172931
combined_74,full92,5,20260925,0.4,3.182590262016557
combined_74,full92,5,20260926,0.4,4.178870332125831
combined_74,full92,5,20260927,0.4,3.2895086760492473
combined_74,full92,5,20260928,0.4,3.8780636998949993
combined_74,full92,8,20260924,0.4,2.9631087790536292
combined_74,full92,8,20260925,0.4,3.8318576226279424
combined_74,full92,8,20260926,0.4,4.7220804489186
combined_74,full92,8,20260927,0.4,4.017717032005156
combined_74,full92,8,20260928,0.4,3.8896805897796134
combined_74,full92,1,20260924,0.45,4.082576218003866
combined_74,full92,1,20260925,0.45,3.6854004436145913
combined_74,full92,1,20260926,0.45,3.962362619599509
combined_74,full92,1,20260927,0.45,3.7590469406510705
combined_74,full92,1,20260928,0.45,4.030786244093978
combined_74,full92,2,20260924,0.45,3.5440718884956257
combined_74,full92,2,20260925,0.45,3.688055210632774
combined_74,full92,2,20260926,0.45,3.2130150632132555
combined_74,full92,2,20260927,0.45,3.5609701986550135
combined_74,full92,2,20260928,0.45,3.8135309588460085
combined_74,full92,3,20260924,0.45,3.2633814138797814
combined_74,full92,3,20260925,0.45,3.4976141383308104
combined_74,full92,3,20260926,0.45,3.394530291809258
combined_74,full92,3,20260927,0.45,4.286467280629811
combined_74,full92,3,20260928,0.45,3.455817963136655
combined_74,full92,4,20260924,0.45,3.29696139118458
combined_74,full92,4,20260925,0.45,3.261901292297355
combined_74,full92,4,20260926,0.45,3.5704805409608156
combined_74,full92,4,20260927,0.45,3.1913428234544496
combined_74,full92,4,20260928,0.45,3.431357229922597
combined_74,full92,5,20260924,0.45,3.11876973275428
combined_74,full92,5,20260925,0.45,3.1171591842782647
combined_74,full92,5,20260926,0.45,3.992746639153218
combined_74,full92,5,20260927,0.45,3.246457566843498
combined_74,full92,5,20260928,0.45,3.7286373135544943
combined_74,full92,8,20260924,0.45,2.954989085144999
combined_74,full92,8,20260925,0.45,3.6649209122431547
combined_74,full92,8,20260926,0.45,4.5022335215972955
combined_74,full92,8,20260927,0.45,3.8430268482539773
combined_74,full92,8,20260928,0.45,3.7551672992086993
combined_74,full92,1,20260924,0.5,3.8923169926983374
combined_74,full92,1,20260925,0.5,3.5287765690721415
combined_74,full92,1,20260926,0.5,3.8103576964226287
combined_74,full92,1,20260927,0.5,3.6210248588369653
combined_74,full92,1,20260928,0.5,3.8567557736341826
combined_74,full92,2,20260924,0.5,3.436842176770303
combined_74,full92,2,20260925,0.5,3.545461351894857
combined_74,full92,2,20260926,0.5,3.1425990517823035
combined_74,full92,2,20260927,0.5,3.475258929395689
combined_74,full92,2,20260928,0.5,3.645055330014346
combined_74,full92,3,20260924,0.5,3.2239370863463357
combined_74,full92,3,20260925,0.5,3.350203180649817
combined_74,full92,3,20260926,0.5,3.3224465115030215
combined_74,full92,3,20260927,0.5,4.092420171141641
combined_74,full92,3,20260928,0.5,3.4083540258295013
combined_74,full92,4,20260924,0.5,3.2370240681221634
combined_74,full92,4,20260925,0.5,3.164304567319524
combined_74,full92,4,20260926,0.5,3.4878393800739356
combined_74,full92,4,20260927,0.5,3.170415438438893
combined_74,full92,4,20260928,0.5,3.34469760441759
combined_74,full92,5,20260924,0.5,3.0821672349261555
combined_74,full92,5,20260925,0.5,3.0532312779414132
combined_74,full92,5,20260926,0.5,3.8120166628769674
combined_74,full92,5,20260927,0.5,3.1977367277006024
combined_74,full92,5,20260928,0.5,3.584973210024133
combined_74,full92,8,20260924,0.5,2.94094075348274
combined_74,full92,8,20260925,0.5,3.505861037701313
combined_74,full92,8,20260926,0.5,4.287958757868223
combined_74,full92,8,20260927,0.5,3.6737655578382147
combined_74,full92,8,20260928,0.5,3.625165488190615
combined_74,full92,1,20260924,0.55,3.7116550137409967
combined_74,full92,1,20260925,0.55,3.3814395901265084
combined_74,full92,1,20260926,0.55,3.6636781630862756
combined_74,full92,1,20260927,0.55,3.4891014965068514
combined_74,full92,1,20260928,0.55,3.690421379643616
combined_74,full92,2,20260924,0.55,3.332716332788098
combined_74,full92,2,20260925,0.55,3.409915931304719
combined_74,full92,2,20260926,0.55,3.073875168419608
combined_74,full92,2,20260927,0.55,3.389318063133954
combined_74,full92,2,20260928,0.55,3.487119838502297
combined_74,full92,3,20260924,0.55,3.178755531708044
combined_74,full92,3,20260925,0.55,3.214271266154531
combined_74,full92,3,20260926,0.55,3.250366782040842
combined_74,full92,3,20260927,0.55,3.9072710732051537
combined_74,full92,3,20260928,0.55,3.3563508225307426
combined_74,full92,4,20260924,0.55,3.1746462877679784
combined_74,full92,4,20260925,0.55,3.0735978968258366
combined_74,full92,4,20260926,0.55,3.404050099152896
combined_74,full92,4,20260927,0.55,3.1418806131287105
combined_74,full92,4,20260928,0.55,3.261364440209776
combined_74,full92,5,20260924,0.55,3.0414168365742458
combined_74,full92,5,20260925,0.55,2.9919893319357698
combined_74,full92,5,20260926,0.55,3.6397354424161463
combined_74,full92,5,20260927,0.55,3.1449703453998197
combined_74,full92,5,20260928,0.55,3.4496453602497668
combined_74,full92,8,20260924,0.55,2.921918409175092
combined_74,full92,8,20260925,0.55,3.357424722404665
combined_74,full92,8,20260926,0.55,4.0827843791047
combined_74,full92,8,20260927,0.55,3.5128847252265603
combined_74,full92,8,20260928,0.55,3.5019624696110463
combined_74,full92,1,20260924,0.6,3.5433860118910094
combined_74,full92,1,20260925,0.6,3.245576663429643
combined_74,full92,1,20260926,0.6,3.5246792410679064
combined_74,full92,1,20260927,0.6,3.3652987307485662
combined_74,full92,1,20260928,0.6,3.534382018102762
combined_74,full92,2,20260924,0.6,3.233563549860338
combined_74,full92,2,20260925,0.6,3.28346102122563
combined_74,full92,2,20260926,0.6,3.0081606758673085
combined_74,full92,2,20260927,0.6,3.304875834847115
combined_74,full92,2,20260928,0.6,3.3421009788605334
combined_74,full92,3,20260924,0.6,3.1296022444467146
combined_74,full92,3,20260925,0.6,3.0915583689820068
combined_74,full92,3,20260926,0.6,3.179807499622447
combined_74,full92,3,20260927,0.6,3.733892964158829
combined_74,full92,3,20260928,0.6,3.3015023690068386
combined_74,full92,4,20260924,0.6,3.1115292305711835
combined_74,full92,4,20260925,0.6,2.9908669719539343
combined_74,full92,4,20260926,0.6,3.320914700049754
combined_74,full92,4,20260927,0.6,3.107439728691302
combined_74,full92,4,20260928,0.6,3.18280928755273
combined_74,full92,5,20260924,0.6,2.9979164654081547
combined_74,full92,5,20260925,0.6,2.934394948073501
combined_74,full92,5,20260926,0.6,3.4784315014013045
combined_74,full92,5,20260927,0.6,3.0898688345379197
combined_74,full92,5,20260928,0.6,3.3247211092899263
combined_74,full92,8,20260924,0.6,2.899000590899503
combined_74,full92,8,20260925,0.6,3.221697541716776
combined_74,full92,8,20260926,0.6,3.8896440382595174
combined_74,full92,8,20260927,0.6,3.3628461264339466
combined_74,full92,8,20260928,0.6,3.387380848164942
combined_74,full92,1,20260924,0.65,3.38960391556108
combined_74,full92,1,20260925,0.65,3.1227117197481062
combined_74,full92,1,20260926,0.65,3.3952289110388993
combined_74,full92,1,20260927,0.65,3.2511427825651267
combined_74,full92,1,20260928,0.65,3.3906392500280567
combined_74,full92,2,20260924,0.65,3.140910680304237
combined_74,full92,2,20260925,0.65,3.1675800610763467
combined_74,full92,2,20260926,0.65,2.9465431582992943
combined_74,full92,2,20260927,0.65,3.2234670850681844
combined_74,full92,2,20260928,0.65,3.2116523025561348
combined_74,full92,3,20260924,0.65,3.0782497739127384
combined_74,full92,3,20260925,0.65,2.983016284930357
combined_74,full92,3,20260926,0.65,3.1120876881633754
combined_74,full92,3,20260927,0.65,3.574475763977578
combined_74,full92,3,20260928,0.65,3.245482585051238
combined_74,full92,4,20260924,0.65,3.049277673340271
combined_74,full92,4,20260925,0.65,2.916709416118107
combined_74,full92,4,20260926,0.65,3.2400790474521153
combined_74,full92,4,20260927,0.65,3.068858030122782
combined_74,full92,4,20260928,0.65,3.1101809705165593
combined_74,full92,5,20260924,0.65,2.953051857722946
combined_74,full92,5,20260925,0.65,2.881149732543709
combined_74,full92,5,20260926,0.65,3.3299989318966037
combined_74,full92,5,20260927,0.65,3.034113494678062
combined_74,full92,5,20260928,0.65,3.2116700221746637
combined_74,full92,8,20260924,0.65,2.873300917852924
combined_74,full92,8,20260925,0.65,3.100012010204075
combined_74,full92,8,20260926,0.65,3.710752067979299
combined_74,full92,8,20260927,0.65,3.2255171585999958
combined_74,full92,8,20260928,0.65,3.282701729850339
combined_74,full92,1,20260924,0.7,3.2516468383307995
combined_74,full92,1,20260925,0.7,3.013680785310393
combined_74,full92,1,20260926,0.7,3.276656490562587
combined_74,full92,1,20260927,0.7,3.147634056967945
combined_74,full92,1,20260928,0.7,3.2605456708422222
combined_74,full92,2,20260924,0.7,3.0558914313744556
combined_74,full92,2,20260925,0.7,3.063170117045568
combined_74,full92,2,20260926,0.7,2.8898437471438565
combined_74,full92,2,20260927,0.7,3.1463701749992334
combined_74,full92,2,20260928,0.7,3.096674360048353
combined_74,full92,3,20260924,0.7,3.0263681182118325
combined_74,full92,3,20260925,0.7,2.8888304762335038
combined_74,full92,3,20260926,0.7,3.048274473535424
combined_74,full92,3,20260927,0.7,3.430469009601734
combined_74,full92,3,20260928,0.7,3.189849257060004
combined_74,full92,4,20260924,0.7,2.989313434332106
combined_74,full92,4,20260925,0.7,2.851263820633006
combined_74,full92,4,20260926,0.7,3.162959390190464
combined_74,full92,4,20260927,0.7,3.0278509842399073
combined_74,full92,4,20260928,0.7,3.044296348353724
combined_74,full92,5,20260924,0.7,2.908111343966829
combined_74,full92,5,20260925,0.7,2.832688484869479
combined_74,full92,5,20260926,0.7,3.1956596007516715
combined_74,full92,5,20260927,0.7,2.9792605046100427
combined_74,full92,5,20260928,0.7,3.1113388533282382
combined_74,full92,8,20260924,0.7,2.8458912374049916
combined_74,full92,8,20260925,0.7,2.992939972365445
combined_74,full92,8,20260926,0.7,3.5475589573737873
combined_74,full92,8,20260927,0.7,3.1021311009681485
combined_74,full92,8,20260928,0.7,3.188650836056501
combined_74,full92,1,20260924,0.75,3.130112764316049
combined_74,full92,1,20260925,0.75,2.9186724937268305
combined_74,full92,1,20260926,0.75,3.169753999775932
combined_74,full92,1,20260927,0.75,3.055267433921933
combined_74,full92,1,20260928,0.75,3.1448137693042777
combined_74,full92,2,20260924,0.75,2.979235936718985
combined_74,full92,2,20260925,0.75,2.9705706222084536
combined_74,full92,2,20260926,0.75,2.8386092890380934
combined_74,full92,2,20260927,0.75,3.0745756554531916
combined_74,full92,2,20260928,0.75,2.997355199855456
combined_74,full92,3,20260924,0.75,2.9754409274445788
combined_74,full92,3,20260925,0.75,2.808517775689077
combined_74,full92,3,20260926,0.75,2.9891598026184187
combined_74,full92,3,20260927,0.75,3.3025935503981207
combined_74,full92,3,20260928,0.75,3.1359734973454496
combined_74,full92,4,20260924,0.75,2.9328165830330173
combined_74,full92,4,20260925,0.75,2.7942802842573755
combined_74,full92,4,20260926,0.75,3.090699602404623
combined_74,full92,4,20260927,0.75,2.9859949354593116
combined_74,full92,4,20260928,0.75,2.9856437768476525
combined_74,full92,5,20260924,0.75,2.8642229473610494
combined_74,full92,5,20260925,0.75,2.7891985158377604
combined_74,full92,5,20260926,0.75,3.07598758866126
combined_74,full92,5,20260927,0.75,2.926670114906586
combined_74,full92,5,20260928,0.75,3.0239849204176945
combined_74,full92,8,20260924,0.75,2.817742919650721
combined_74,full92,8,20260925,0.75,2.900359455911977
combined_74,full92,8,20260926,0.75,3.4007780751398786
combined_74,full92,8,20260927,0.75,2.9933050168364304
combined_74,full92,8,20260928,0.75,3.1054384621450355
combined_74,full92,1,20260924,0.8,3.024931576778922
combined_74,full92,1,20260925,0.8,2.837318005363162
combined_74,full92,1,20260926,0.8,3.0748191132453147
combined_74,full92,1,20260927,0.8,2.974090048859368
combined_74,full92,1,20260928,0.8,3.0435726233979827
combined_74,full92,2,20260924,0.8,2.9112929796429845
combined_74,full92,2,20260925,0.8,2.88963459549786
combined_74,full92,2,20260926,0.8,2.7931275306777708
combined_74,full92,2,20260927,0.8,3.008782096444519
combined_74,full92,2,20260928,0.8,2.9132654997600937
combined_74,full92,3,20260924,0.8,2.926709662142031
combined_74,full92,3,20260925,0.8,2.7410749545014093
combined_74,full92,3,20260926,0.8,2.9352636781831434
combined_74,full92,3,20260927,0.8,3.1909086758183607
combined_74,full92,3,20260928,0.8,3.084995346507822
combined_74,full92,4,20260924,0.8,2.8806938314647934
combined_74,full92,4,20260925,0.8,2.745214223438481
combined_74,full92,4,20260926,0.8,3.0241558039996934
combined_74,full92,4,20260927,0.8,2.944665032044207
combined_74,full92,4,20260928,0.8,2.9344109781441587
combined_74,full92,5,20260924,0.8,2.82231491248899
combined_74,full92,5,20260925,0.8,2.7506563655873286
combined_74,full92,5,20260926,0.8,2.9709810368901173
combined_74,full92,5,20260927,0.8,2.8774618469284645
combined_74,full92,5,20260928,0.8,2.949353184575281
combined_74,full92,8,20260924,0.8,2.7896880910697552
combined_74,full92,8,20260925,0.8,2.8215760940916597
combined_74,full92,8,20260926,0.8,3.2704667774457206
combined_74,full92,8,20260927,0.8,2.899101834829138
combined_74,full92,8,20260928,0.8,3.0328376891179283
combined_74,full92,1,20260924,0.85,2.9354760210212825
combined_74,full92,1,20260925,0.85,2.7688107163844866
combined_74,full92,1,20260926,0.85,2.9917259282240543
combined_74,full92,1,20260927,0.85,2.903781547809684
combined_74,full92,1,20260928,0.85,2.9564569057117915
combined_74,full92,2,20260924,0.85,2.8520749239404064
combined_74,full92,2,20260925,0.85,2.819825520379655
combined_74,full92,2,20260926,0.85,2.753457834993327
combined_74,full92,2,20260927,0.85,2.949412148102275
combined_74,full92,2,20260928,0.85,2.8434878566012443
combined_74,full92,3,20260924,0.85,2.881143904383024
combined_74,full92,3,20260925,0.85,2.6851489375234636
combined_74,full92,3,20260926,0.85,2.886856815969585
combined_74,full92,3,20260927,0.85,3.0949173544683264
combined_74,full92,3,20260928,0.85,3.0378026532404854
combined_74,full92,4,20260924,0.85,2.8335704388099208
combined_74,full92,4,20260925,0.85,2.703325769791746
combined_74,full92,4,20260926,0.85,2.9639024116970036
combined_74,full92,4,20260927,0.85,2.9049990401464854
combined_74,full92,4,20260928,0.85,2.8905279082882633
combined_74,full92,5,20260924,0.85,2.783097498672058
combined_74,full92,5,20260925,0.85,2.7168729067145967
combined_74,full92,5,20260926,0.85,2.880163805374448
combined_74,full92,5,20260927,0.85,2.8324931283459702
combined_74,full92,5,20260928,0.85,2.8867794626361527
combined_74,full92,8,20260924,0.85,2.762399350382934
combined_74,full92,8,20260925,0.85,2.7554743007147047
combined_74,full92,8,20260926,0.85,3.1561419067890486
combined_74,full92,8,20260927,0.85,2.8191207547813075
combined_74,full92,8,20260928,0.85,2.970283161261498
combined_74,full92,1,20260924,0.9,2.860693254189246
combined_74,full92,1,20260925,0.9,2.712036262424538
combined_74,full92,1,20260926,0.9,2.9200101132621947
combined_74,full92,1,20260927,0.9,2.8437428415122517
combined_74,full92,1,20260928,0.9,2.8827127380579416
combined_74,full92,2,20260924,0.9,2.8013155101764973
combined_74,full92,2,20260925,0.9,2.7603236895061287
combined_74,full92,2,20260926,0.9,2.7194702144015985
combined_74,full92,2,20260927,0.9,2.896641619750399
combined_74,full92,2,20260928,0.9,2.786759242949833
combined_74,full92,3,20260924,0.9,2.8394338729824264
combined_74,full92,3,20260925,0.9,2.6392019619838547
combined_74,full92,3,20260926,0.9,2.843995264962637
combined_74,full92,3,20260927,0.9,3.013691753405242
combined_74,full92,3,20260928,0.9,2.995028709070434
combined_74,full92,4,20260924,0.9,2.7918006227941294
combined_74,full92,4,20260925,0.9,2.6677710051814985
combined_74,full92,4,20260926,0.9,2.9102530779989815
combined_74,full92,4,20260927,0.9,2.8678831719606253
combined_74,full92,4,20260928,0.9,2.853716171513992
combined_74,full92,5,20260924,0.9,2.7470621639990545
combined_74,full92,5,20260925,0.9,2.6875393338358555
combined_74,full92,5,20260926,0.9,2.8026999407826674
combined_74,full92,5,20260927,0.9,2.7923571679166086
combined_74,full92,5,20260928,0.9,2.8353028958327933
combined_74,full92,8,20260924,0.9,2.736384680220191
combined_74,full92,8,20260925,0.9,2.7006738046715366
combined_74,full92,8,20260926,0.9,3.056910338788691
combined_74,full92,8,20260927,0.9,2.7526007508372627
combined_74,full92,8,20260928,0.9,2.916974320327189
combined_74,full92,1,20260924,0.95,2.799240149711463
combined_74,full92,1,20260925,0.95,2.6656965321912844
combined_74,full92,1,20260926,0.95,2.858957145386368
combined_74,full92,1,20260927,0.95,2.793182328183841
combined_74,full92,1,20260928,0.95,2.8213069865416776
combined_74,full92,2,20260924,0.95,2.7585322110251305
combined_74,full92,2,20260925,0.95,2.7101288133532937
combined_74,full92,2,20260926,0.95,2.6908868269420165
combined_74,full92,2,20260927,0.95,2.850435383314594
combined_74,full92,2,20260928,0.95,2.741608519552807
combined_74,full92,3,20260924,0.95,2.802000469666895
combined_74,full92,3,20260925,0.95,2.6016523284142488
combined_74,full92,3,20260926,0.95,2.806560486287904
combined_74,full92,3,20260927,0.95,2.9460030162806468
combined_74,full92,3,20260928,0.95,2.957063869779442
combined_74,full92,4,20260924,0.95,2.755491370029395
combined_74,full92,4,20260925,0.95,2.637676650506778
combined_74,full92,4,20260926,0.95,2.8632906969044356
combined_74,full92,4,20260927,0.95,2.833955150558805
combined_74,full92,4,20260928,0.95,2.823538600745919
combined_74,full92,5,20260924,0.95,2.714493803805496
combined_74,full92,5,20260925,0.95,2.6622688903774603
combined_74,full92,5,20260926,0.95,2.737506794899439
combined_74,full92,5,20260927,0.95,2.757395550156383
combined_74,full92,5,20260928,0.95,2.7937739922648306
combined_74,full92,8,20260924,0.95,2.7119936633771013
combined_74,full92,8,20260925,0.95,2.655671909414012
combined_74,full92,8,20260926,0.95,2.97159837842315
combined_74,full92,8,20260927,0.95,2.698524502536688
combined_74,full92,8,20260928,0.95,2.87197085497734
combined_74,full92,1,20260924,1.0,2.749608841296988
combined_74,full92,1,20260925,1.0,2.628416430794346
combined_74,full92,1,20260926,1.0,2.807685303458332
combined_74,full92,1,20260927,1.0,2.7511922457507225
combined_74,full92,1,20260928,1.0,2.7710297223004825
combined_74,full92,2,20260924,1.0,2.7230869779352784
combined_74,full92,2,20260925,1.0,2.6681498436199376
combined_74,full92,2,20260926,1.0,2.667321830408042
combined_74,full92,2,20260927,1.0,2.810585475745889
combined_74,full92,2,20260928,1.0,2.7064760236387024
combined_74,full92,3,20260924,1.0,2.7690183037885276
combined_74,full92,3,20260925,1.0,2.570980627627467
combined_74,full92,3,20260926,1.0,2.774299956072837
combined_74,full92,3,20260927,1.0,2.890442596138958
combined_74,full92,3,20260928,1.0,2.9240769417678503
combined_74,full92,4,20260924,1.0,2.7245350846451153
combined_74,full92,4,20260925,1.0,2.6121949430595715
combined_74,full92,4,20260926,1.0,2.822901959827966
combined_74,full92,4,20260927,1.0,2.803619861356239
combined_74,full92,4,20260928,1.0,2.799444947308074
combined_74,full92,5,20260924,1.0,2.685491999902363
combined_74,full92,5,20260925,1.0,2.6406315630272506
combined_74,full92,5,20260926,1.0,2.683356635977786
combined_74,full92,5,20260927,1.0,2.7277214221561605
combined_74,full92,5,20260928,1.0,2.76094898396126
combined_74,full92,8,20260924,1.0,2.6894313224967332
combined_74,full92,8,20260925,1.0,2.6189590110791325
combined_74,full92,8,20260926,1.0,2.8988682451336807
combined_74,full92,8,20260927,1.0,2.6557135829144825
combined_74,full92,8,20260928,1.0,2.834272822099021
combined_74,masked86,1,20260924,0.0,5.99333842890802
combined_74,masked86,1,20260925,0.0,5.469962485341773
combined_74,masked86,1,20260926,0.0,5.368558769823669
combined_74,masked86,1,20260927,0.0,5.951349044571681
combined_74,masked86,1,20260928,0.0,5.27785651623859
combined_74,masked86,2,20260924,0.0,4.5698080713084055
combined_74,masked86,2,20260925,0.0,3.5329745032932287
combined_74,masked86,2,20260926,0.0,2.939527965527515
combined_74,masked86,2,20260927,0.0,4.0770627502414305
combined_74,masked86,2,20260928,0.0,4.78300696208363
combined_74,masked86,3,20260924,0.0,3.5125455837284463
combined_74,masked86,3,20260925,0.0,3.2582679546742965
combined_74,masked86,3,20260926,0.0,4.408293839806072
combined_74,masked86,3,20260927,0.0,3.705566505794116
combined_74,masked86,3,20260928,0.0,4.613613381620112
combined_74,masked86,4,20260924,0.0,4.217290225015034
combined_74,masked86,4,20260925,0.0,3.272649136396417
combined_74,masked86,4,20260926,0.0,4.237834454443429
combined_74,masked86,4,20260927,0.0,3.475780253474375
combined_74,masked86,4,20260928,0.0,4.054386323169585
combined_74,masked86,5,20260924,0.0,3.0002190033123144
combined_74,masked86,5,20260925,0.0,3.2954126190510844
combined_74,masked86,5,20260926,0.0,5.864683703818018
combined_74,masked86,5,20260927,0.0,3.980714790425781
combined_74,masked86,5,20260928,0.0,3.8300804888942
combined_74,masked86,8,20260924,0.0,3.9062472756246693
combined_74,masked86,8,20260925,0.0,4.9638224727400795
combined_74,masked86,8,20260926,0.0,5.616353791624052
combined_74,masked86,8,20260927,0.0,2.8971035485088676
combined_74,masked86,8,20260928,0.0,3.5846759515174234
combined_74,masked86,1,20260924,0.05,5.848992254651852
combined_74,masked86,1,20260925,0.05,5.357484476887253
combined_74,masked86,1,20260926,0.05,5.263561806515381
combined_74,masked86,1,20260927,0.05,5.805433884036487
combined_74,masked86,1,20260928,0.05,5.172742560837875
combined_74,masked86,2,20260924,0.05,4.503172640515059
combined_74,masked86,2,20260925,0.05,3.520678025960497
combined_74,masked86,2,20260926,0.05,3.034426309819902
combined_74,masked86,2,20260927,0.05,4.062250391041085
combined_74,masked86,2,20260928,0.05,4.692685401429672
combined_74,masked86,3,20260924,0.05,3.5340031752420176
combined_74,masked86,3,20260925,0.05,3.2672247918388235
combined_74,masked86,3,20260926,0.05,4.365340857254657
combined_74,masked86,3,20260927,0.05,3.6793100086120005
combined_74,masked86,3,20260928,0.05,4.522663898636662
combined_74,masked86,4,20260924,0.05,4.1635101080883405
combined_74,masked86,4,20260925,0.05,3.306277498392463
combined_74,masked86,4,20260926,0.05,4.220884947789743
combined_74,masked86,4,20260927,0.05,3.5061082236129173
combined_74,masked86,4,20260928,0.05,3.9985712539785956
combined_74,masked86,5,20260924,0.05,3.04731189827841
combined_74,masked86,5,20260925,0.05,3.2918809594776115
combined_74,masked86,5,20260926,0.05,5.720139252010868
combined_74,masked86,5,20260927,0.05,3.9308914933036174
combined_74,masked86,5,20260928,0.05,3.7946247590918
combined_74,masked86,8,20260924,0.05,3.908123113475396
combined_74,masked86,8,20260925,0.05,4.850971511291811
combined_74,masked86,8,20260926,0.05,5.522688860121189
combined_74,masked86,8,20260927,0.05,2.9739723701292577
combined_74,masked86,8,20260928,0.05,3.581692407360244
combined_74,masked86,1,20260924,0.1,5.688408708882305
combined_74,masked86,1,20260925,0.1,5.231228851932369
combined_74,masked86,1,20260926,0.1,5.145310472562537
combined_74,masked86,1,20260927,0.1,5.64346406570603
combined_74,masked86,1,20260928,0.1,5.054605830713766
combined_74,masked86,2,20260924,0.1,4.426382226829911
combined_74,masked86,2,20260925,0.1,3.5026265713046296
combined_74,masked86,2,20260926,0.1,3.120905427550346
combined_74,masked86,2,20260927,0.1,4.039473335043414
combined_74,masked86,2,20260928,0.1,4.591459952593334
combined_74,masked86,3,20260924,0.1,3.5487639744821853
combined_74,masked86,3,20260925,0.1,3.271528559057673
combined_74,masked86,3,20260926,0.1,4.313038962461617
combined_74,masked86,3,20260927,0.1,3.6470042971061987
combined_74,masked86,3,20260928,0.1,4.4216794106758135
combined_74,masked86,4,20260924,0.1,4.100944286680763
combined_74,masked86,4,20260925,0.1,3.333888118385173
combined_74,masked86,4,20260926,0.1,4.195284099874377
combined_74,masked86,4,20260927,0.1,3.530115686840202
combined_74,masked86,4,20260928,0.1,3.9357722384252143
combined_74,masked86,5,20260924,0.1,3.0889807898233435
combined_74,masked86,5,20260925,0.1,3.283819612475143
combined_74,masked86,5,20260926,0.1,5.559872810427143
combined_74,masked86,5,20260927,0.1,3.8737316291085166
combined_74,masked86,5,20260928,0.1,3.7527838975310703
combined_74,masked86,8,20260924,0.1,3.9030254159223468
combined_74,masked86,8,20260925,0.1,4.726022381326829
combined_74,masked86,8,20260926,0.1,5.415567321433508
combined_74,masked86,8,20260927,0.1,3.043761831154384
combined_74,masked86,8,20260928,0.1,3.573115118205394
combined_74,masked86,1,20260924,0.15,5.512162803475363
combined_74,masked86,1,20260925,0.15,5.0915199674273826
combined_74,masked86,1,20260926,0.15,5.014044765136691
combined_74,masked86,1,20260927,0.15,5.466088435544851
combined_74,masked86,1,20260928,0.15,4.923708955578685
combined_74,masked86,2,20260924,0.15,4.3393709579272155
combined_74,masked86,2,20260925,0.15,3.4783400492046996
combined_74,masked86,2,20260926,0.15,3.196895512756831
combined_74,masked86,2,20260927,0.15,4.007924010186538
combined_74,masked86,2,20260928,0.15,4.479647112760275
combined_74,masked86,3,20260924,0.15,3.5555766024390425
combined_74,masked86,3,20260925,0.15,3.2704578637994475
combined_74,masked86,3,20260926,0.15,4.250982149111499
combined_74,masked86,3,20260927,0.15,3.608341261732343
combined_74,masked86,3,20260928,0.15,4.311143788710895
combined_74,masked86,4,20260924,0.15,4.0294491137493855
combined_74,masked86,4,20260925,0.15,3.3542122462360755
combined_74,masked86,4,20260926,0.15,4.160152754657446
combined_74,masked86,4,20260927,0.15,3.546450715104746
combined_74,masked86,4,20260928,0.15,3.8661970047979226
combined_74,masked86,5,20260924,0.15,3.1237600758921915
combined_74,masked86,5,20260925,0.15,3.2707357360353955
combined_74,masked86,5,20260926,0.15,5.384516372901484
combined_74,masked86,5,20260927,0.15,3.8092773681266485
combined_74,masked86,5,20260928,0.15,3.704405834438544
combined_74,masked86,8,20260924,0.15,3.889977511011508
combined_74,masked86,8,20260925,0.15,4.589646955079483
combined_74,masked86,8,20260926,0.15,5.294864110122703
combined_74,masked86,8,20260927,0.15,3.1045995794549484
combined_74,masked86,8,20260928,0.15,3.558311556845173
combined_74,masked86,1,20260924,0.2,5.321604364345087
combined_74,masked86,1,20260925,0.2,4.939329173632592
combined_74,masked86,1,20260926,0.2,4.870619075954855
combined_74,masked86,1,20260927,0.2,5.274733438567354
combined_74,masked86,1,20260928,0.2,4.7809217764485785
combined_74,masked86,2,20260924,0.2,4.242530626750508
combined_74,masked86,2,20260925,0.2,3.4475742485505685
combined_74,masked86,2,20260926,0.2,3.2605258489465196
combined_74,masked86,2,20260927,0.2,3.96708916183269
combined_74,masked86,2,20260928,0.2,4.358093167653485
combined_74,masked86,3,20260924,0.2,3.5534094493415083
combined_74,masked86,3,20260925,0.2,3.2634601954525033
combined_74,masked86,3,20260926,0.2,4.179156789640957
combined_74,masked86,3,20260927,0.2,3.563266330285574
combined_74,masked86,3,20260928,0.2,4.1920576690688165
combined_74,masked86,4,20260924,0.2,3.9492691571071883
combined_74,masked86,4,20260925,0.2,3.3661738643969517
combined_74,masked86,4,20260926,0.2,4.114924583961963
combined_74,masked86,4,20260927,0.2,3.5539603007030514
combined_74,masked86,4,20260928,0.2,3.7904051435264416
combined_74,masked86,5,20260924,0.2,3.1503464642866184
combined_74,masked86,5,20260925,0.2,3.2523157980312978
combined_74,masked86,5,20260926,0.2,5.195451130119605
combined_74,masked86,5,20260927,0.2,3.737922792636124
combined_74,masked86,5,20260928,0.2,3.6496292101151893
combined_74,masked86,8,20260924,0.2,3.868243968388229
combined_74,masked86,8,20260925,0.2,4.443147368866861
combined_74,masked86,8,20260926,0.2,5.161019358296165
combined_74,masked86,8,20260927,0.2,3.1547920038641304
combined_74,masked86,8,20260928,0.2,3.536867469572446
combined_74,masked86,1,20260924,0.25,5.118901346304952
combined_74,masked86,1,20260925,0.25,4.776319922891967
combined_74,masked86,1,20260926,0.25,4.716549532448641
combined_74,masked86,1,20260927,0.25,5.07164139156341
combined_74,masked86,1,20260928,0.25,4.627767498670479
combined_74,masked86,2,20260924,0.25,4.1367643746261855
combined_74,masked86,2,20260925,0.25,3.410380698489575
combined_74,masked86,2,20260926,0.25,3.3102828138975586
combined_74,masked86,2,20260927,0.25,3.9168400538663373
combined_74,masked86,2,20260928,0.25,4.228207560307996
combined_74,masked86,3,20260924,0.25,3.5415648909020843
combined_74,masked86,3,20260925,0.25,3.2502219703897115
combined_74,masked86,3,20260926,0.25,4.098012394709944
combined_74,masked86,3,20260927,0.25,3.5120271907406986
combined_74,masked86,3,20260928,0.25,4.065958645840337
combined_74,masked86,4,20260924,0.25,3.861088793645934
combined_74,masked86,4,20260925,0.25,3.368999021164485
combined_74,masked86,4,20260926,0.25,4.059442933808685
combined_74,masked86,4,20260927,0.25,3.5518088103765235
combined_74,masked86,4,20260928,0.25,3.709328477130011
combined_74,masked86,5,20260924,0.25,3.1677204511718995
combined_74,masked86,5,20260925,0.25,3.2284803641081514
combined_74,masked86,5,20260926,0.25,4.994841275433071
combined_74,masked86,5,20260927,0.25,3.660446808593898
combined_74,masked86,5,20260928,0.25,3.5889262412283554
combined_74,masked86,8,20260924,0.25,3.8374270787863822
combined_74,masked86,8,20260925,0.25,4.28847541385512
combined_74,masked86,8,20260926,0.25,5.01510453094888
combined_74,masked86,8,20260927,0.25,3.1929671324935067
combined_74,masked86,8,20260928,0.25,3.5086560935854547
combined_74,masked86,1,20260924,0.3,4.906999644526479
combined_74,masked86,1,20260925,0.3,4.60482217851877
combined_74,masked86,1,20260926,0.3,4.5539943209012845
combined_74,masked86,1,20260927,0.3,4.8598242770820645
combined_74,masked86,1,20260928,0.3,4.466402983855636
combined_74,masked86,2,20260924,0.3,4.023490958145618
combined_74,masked86,2,20260925,0.3,3.367141184547615
combined_74,masked86,2,20260926,0.3,3.345152664063992
combined_74,masked86,2,20260927,0.3,3.857492958504809
combined_74,masked86,2,20260928,0.3,4.0919371625147996
combined_74,masked86,3,20260924,0.3,3.5197727086331136
combined_74,masked86,3,20260925,0.3,3.2307208826144347
combined_74,masked86,3,20260926,0.3,4.008490862856111
combined_74,masked86,3,20260927,0.3,3.455194861188392
combined_74,masked86,3,20260928,0.3,3.9348824061208614
combined_74,masked86,4,20260924,0.3,3.76604185814017
combined_74,masked86,4,20260925,0.3,3.362306592386387
combined_74,masked86,4,20260926,0.3,3.9940263767224584
combined_74,masked86,4,20260927,0.3,3.539577744746983
combined_74,masked86,4,20260928,0.3,3.62425043689162
combined_74,masked86,5,20260924,0.3,3.1752532708335113
combined_74,masked86,5,20260925,0.3,3.199419433289851
combined_74,masked86,5,20260926,0.3,4.785585858997772
combined_74,masked86,5,20260927,0.3,3.5780060523876824
combined_74,masked86,5,20260928,0.3,3.5231136107273495
combined_74,masked86,8,20260924,0.3,3.7975390926155708
combined_74,masked86,8,20260925,0.3,4.128180074324598
combined_74,masked86,8,20260926,0.3,4.858828342881911
combined_74,masked86,8,20260927,0.3,3.218203114826048
combined_74,masked86,8,20260928,0.3,3.4738842262536482
combined_74,masked86,1,20260924,0.35,4.6894912181214305
combined_74,masked86,1,20260925,0.35,4.427727827473668
combined_74,masked86,1,20260926,0.35,4.385658534731776
combined_74,masked86,1,20260927,0.35,4.642925394033065
combined_74,masked86,1,20260928,0.35,4.2995249644822255
combined_74,masked86,2,20260924,0.35,3.904590518334285
combined_74,masked86,2,20260925,0.35,3.318567151033759
combined_74,masked86,2,20260926,0.35,3.364725017855491
combined_74,masked86,2,20260927,0.35,3.7898257498193337
combined_74,masked86,2,20260928,0.35,3.9516749774200357
combined_74,masked86,3,20260924,0.35,3.4882449618400733
combined_74,masked86,3,20260925,0.35,3.2052492897938896
combined_74,masked86,3,20260926,0.35,3.9120027500787984
combined_74,masked86,3,20260927,0.35,3.3936491829402793
combined_74,masked86,3,20260928,0.35,3.8012600650410624
combined_74,masked86,4,20260924,0.35,3.6656707664353005
combined_74,masked86,4,20260925,0.35,3.346163413630871
combined_74,masked86,4,20260926,0.35,3.919487856515665
combined_74,masked86,4,20260927,0.35,3.517328433099725
combined_74,masked86,4,20260928,0.35,3.5367405159554512
combined_74,masked86,5,20260924,0.35,3.1727805580705146
combined_74,masked86,5,20260925,0.35,3.165599378503603
combined_74,masked86,5,20260926,0.35,4.571182002956731
combined_74,masked86,5,20260927,0.35,3.4920819338586466
combined_74,masked86,5,20260928,0.35,3.4533241625699134
combined_74,masked86,8,20260924,0.35,3.7490349722471046
combined_74,masked86,8,20260925,0.35,3.9652777648744473
combined_74,masked86,8,20260926,0.35,4.69447191811774
combined_74,masked86,8,20260927,0.35,3.230120521924991
combined_74,masked86,8,20260928,0.35,3.433103930376536
combined_74,masked86,1,20260924,0.4,4.470399935099814
combined_74,masked86,1,20260925,0.4,4.24831406916307
combined_74,masked86,1,20260926,0.4,4.214629692570667
combined_74,masked86,1,20260927,0.4,4.424998920688451
combined_74,masked86,1,20260928,0.4,4.130208259575465
combined_74,masked86,2,20260924,0.4,3.7822938573797638
combined_74,masked86,2,20260925,0.4,3.2656605048602123
combined_74,masked86,2,20260926,0.4,3.3692380995897246
combined_74,masked86,2,20260927,0.4,3.7150439366801415
combined_74,masked86,2,20260928,0.4,3.810109687643816
combined_74,masked86,3,20260924,0.4,3.4476804418306117
combined_74,masked86,3,20260925,0.4,3.1744021997437812
combined_74,masked86,3,20260926,0.4,3.810348784892784
combined_74,masked86,3,20260927,0.4,3.3285275150697955
combined_74,masked86,3,20260928,0.4,3.667759771789254
combined_74,masked86,4,20260924,0.4,3.561836111085367
combined_74,masked86,4,20260925,0.4,3.3210921093908565
combined_74,masked86,4,20260926,0.4,3.837100247369197
combined_74,masked86,4,20260927,0.4,3.485614836017719
combined_74,masked86,4,20260928,0.4,3.4485491727752073
combined_74,masked86,5,20260924,0.4,3.1606285683964273
combined_74,masked86,5,20260925,0.4,3.1277375850949913
combined_74,masked86,5,20260926,0.4,4.355510157674969
combined_74,masked86,5,20260927,0.4,3.404385098379183
combined_74,masked86,5,20260928,0.4,3.380939660666295
combined_74,masked86,8,20260924,0.4,3.692796910954614
combined_74,masked86,8,20260925,0.4,3.8030550021548355
combined_74,masked86,8,20260926,0.4,4.5247562791623555
combined_74,masked86,8,20260927,0.4,3.228921519174869
combined_74,masked86,8,20260928,0.4,3.387184613456381
combined_74,masked86,1,20260924,0.45,4.25391165316507
combined_74,masked86,1,20260925,0.45,4.070017027610781
combined_74,masked86,1,20260926,0.45,4.0441648071723115
combined_74,masked86,1,20260927,0.45,4.21023458462899
combined_74,masked86,1,20260928,0.45,3.9616964454402734
combined_74,masked86,2,20260924,0.45,3.6590290938584347
combined_74,masked86,2,20260925,0.45,3.209640301372361
combined_74,masked86,2,20260926,0.45,3.3595574771074985
combined_74,masked86,2,20260927,0.45,3.63469957357948
combined_74,masked86,2,20260928,0.45,3.670035307828439
combined_74,masked86,3,20260924,0.45,3.3992164533111304
combined_74,masked86,3,20260925,0.45,3.1390305523604125
combined_74,masked86,3,20260926,0.45,3.705596135343459
combined_74,masked86,3,20260927,0.45,3.261143241029855
combined_74,masked86,3,20260928,0.45,3.537093103805589
combined_74,masked86,4,20260924,0.45,3.4565881711748934
combined_74,masked86,4,20260925,0.45,3.2880290118716147
combined_74,masked86,4,20260926,0.45,3.748511829642154
combined_74,masked86,4,20260927,0.45,3.4454431348068377
combined_74,masked86,4,20260928,0.45,3.3614776616057425
combined_74,masked86,5,20260924,0.45,3.139587598609492
combined_74,masked86,5,20260925,0.45,3.086747575401755
combined_74,masked86,5,20260926,0.45,4.142568700948298
combined_74,masked86,5,20260927,0.45,3.316730050576442
combined_74,masked86,5,20260928,0.45,3.307493184333942
combined_74,masked86,8,20260924,0.45,3.630071408024485
combined_74,masked86,8,20260925,0.45,3.644828024469298
combined_74,masked86,8,20260926,0.45,4.352659596151374
combined_74,masked86,8,20260927,0.45,3.21536876860712
combined_74,masked86,8,20260928,0.45,3.3372482858900163
combined_74,masked86,1,20260924,0.5,4.044086155322692
combined_74,masked86,1,20260925,0.5,3.896188175963699
combined_74,masked86,1,20260926,0.5,3.877459969076425
combined_74,masked86,1,20260927,0.5,4.0026657060150574
combined_74,masked86,1,20260928,0.5,3.7971752154306873
combined_74,masked86,2,20260924,0.5,3.5372483573733167
combined_74,masked86,2,20260925,0.5,3.1518468867853344
combined_74,masked86,2,20260926,0.5,3.3370930912106855
combined_74,masked86,2,20260927,0.5,3.5505759755449473
combined_74,masked86,2,20260928,0.5,3.534148817526701
combined_74,masked86,3,20260924,0.5,3.3443360819234065
combined_74,masked86,3,20260925,0.5,3.100167678802344
combined_74,masked86,3,20260926,0.5,3.5999281717294545
combined_74,masked86,3,20260927,0.5,3.1928870856638394
combined_74,masked86,3,20260928,0.5,3.411814772654671
combined_74,masked86,4,20260924,0.5,3.3520196759691814
combined_74,masked86,4,20260925,0.5,3.2482395646319175
combined_74,masked86,4,20260926,0.5,3.655625228930092
combined_74,masked86,4,20260927,0.5,3.3981853755591898
combined_74,masked86,4,20260928,0.5,3.2772430492297695
combined_74,masked86,5,20260924,0.5,3.110837632401854
combined_74,masked86,5,20260925,0.5,3.04366361247887
combined_74,masked86,5,20260926,0.5,3.9361956603181536
combined_74,masked86,5,20260927,0.5,3.2308993035350944
combined_74,masked86,5,20260928,0.5,3.234556138596179
combined_74,masked86,8,20260924,0.5,3.5623692884373184
combined_74,masked86,8,20260925,0.5,3.4936936028433645
combined_74,masked86,8,20260926,0.5,4.18121194370762
combined_74,masked86,8,20260927,0.5,3.190708816592621
combined_74,masked86,8,20260928,0.5,3.2845784269228337
combined_74,masked86,1,20260924,0.55,3.8445903513262687
combined_74,masked86,1,20260925,0.55,3.7298683634910397
combined_74,masked86,1,20260926,0.55,3.7174356736905922
combined_74,masked86,1,20260927,0.55,3.8059006186217377
combined_74,masked86,1,20260928,0.55,3.6395607893616195
combined_74,masked86,2,20260924,0.55,3.4192600930159305
combined_74,masked86,2,20260925,0.55,3.0936389799071504
combined_74,masked86,2,20260926,0.55,3.30367066299675
combined_74,masked86,2,20260927,0.55,3.4645569747687746
combined_74,masked86,2,20260928,0.55,3.4048652950192597
combined_74,masked86,3,20260924,0.55,3.2847469940299323
combined_74,masked86,3,20260925,0.55,3.0589417167091493
combined_74,masked86,3,20260926,0.55,3.4954906977479263
combined_74,masked86,3,20260927,0.55,3.125127067215677
combined_74,masked86,3,20260928,0.55,3.294145136603661
combined_74,masked86,4,20260924,0.55,3.2501219602368514
combined_74,masked86,4,20260925,0.55,3.203206343762029
combined_74,masked86,4,20260926,0.55,3.56045953123095
combined_74,masked86,4,20260927,0.55,3.3454627165359447
combined_74,masked86,4,20260928,0.55,3.1973591387117453
combined_74,masked86,5,20260924,0.55,3.075839902551933
combined_74,masked86,5,20260925,0.55,2.999557446553321
combined_74,masked86,5,20260926,0.55,3.7398164786388737
combined_74,masked86,5,20260927,0.55,3.1485179818007554
combined_74,masked86,5,20260928,0.55,3.1636272463158748
combined_74,masked86,8,20260924,0.55,3.491345618508404
combined_74,masked86,8,20260925,0.55,3.352307013002422
combined_74,masked86,8,20260926,0.55,4.0132982559925106
combined_74,masked86,8,20260927,0.55,3.1565549176612855
combined_74,masked86,8,20260928,0.55,3.230517586332708
combined_74,masked86,1,20260924,0.6,3.6584849802281285
combined_74,masked86,1,20260925,0.6,3.5736082369698283
combined_74,masked86,1,20260926,0.6,3.566565438577683
combined_74,masked86,1,20260927,0.6,3.6229102366503136
combined_74,masked86,1,20260928,0.6,3.4913301357955624
combined_74,masked86,2,20260924,0.6,3.307089097531246
combined_74,masked86,2,20260925,0.6,3.0362988966402122
combined_74,masked86,2,20260926,0.6,3.261379786406022
combined_74,masked86,2,20260927,0.6,3.378500082774047
combined_74,masked86,2,20260928,0.6,3.284174658788112
combined_74,masked86,3,20260924,0.6,3.2222509885250563
combined_74,masked86,3,20260925,0.6,3.0164880027174727
combined_74,masked86,3,20260926,0.6,3.3942559048416205
combined_74,masked86,3,20260927,0.6,3.0591215068553756
combined_74,masked86,3,20260928,0.6,3.185838969242125
combined_74,masked86,4,20260924,0.6,3.152663825935361
combined_74,masked86,4,20260925,0.6,3.1545081150687957
combined_74,masked86,4,20260926,0.6,3.4650159757799686
combined_74,masked86,4,20260927,0.6,3.28901746331276
combined_74,masked86,4,20260928,0.6,3.1230492301527777
combined_74,masked86,5,20260924,0.6,3.0362125400013675
combined_74,masked86,5,20260925,0.6,2.955460019481014
combined_74,masked86,5,20260926,0.6,3.5562489481045265
combined_74,masked86,5,20260927,0.6,3.070956065431474
combined_74,masked86,5,20260928,0.6,3.096038766863216
combined_74,masked86,8,20260924,0.6,3.4186782084534237
combined_74,masked86,8,20260925,0.6,3.2227167707572066
combined_74,masked86,8,20260926,0.6,3.8514953264437644
combined_74,masked86,8,20260927,0.6,3.1147497700332805
combined_74,masked86,8,20260928,0.6,3.17636936747292
combined_74,masked86,1,20260924,0.65,3.4880843353297357
combined_74,masked86,1,20260925,0.65,3.4293524412912033
combined_74,masked86,1,20260926,0.65,3.4267642984187248
combined_74,masked86,1,20260927,0.65,3.4558917037697015
combined_74,masked86,1,20260928,0.65,3.354409105587177
combined_74,masked86,2,20260924,0.65,3.202378455229384
combined_74,masked86,2,20260925,0.65,2.9809573011735213
combined_74,masked86,2,20260926,0.65,3.212421116708702
combined_74,masked86,2,20260927,0.65,3.2941289365636903
combined_74,masked86,2,20260928,0.65,3.1735540171527505
combined_74,masked86,3,20260924,0.65,3.1586217867590873
combined_74,masked86,3,20260925,0.65,2.973873189503543
combined_74,masked86,3,20260926,0.65,3.2979189633529926
combined_74,masked86,3,20260927,0.65,2.9959548566865504
combined_74,masked86,3,20260928,0.65,3.088113272887578
combined_74,masked86,4,20260924,0.65,3.0611055519582657
combined_74,masked86,4,20260925,0.65,3.103706872978875
combined_74,masked86,4,20260926,0.65,3.3711634426518895
combined_74,masked86,4,20260927,0.65,3.230591709724276
combined_74,masked86,4,20260928,0.65,3.055198594140779
combined_74,masked86,5,20260924,0.65,2.99360812591564
combined_74,masked86,5,20260925,0.65,2.9122980038129613
combined_74,masked86,5,20260926,0.65,3.3875831406612353
combined_74,masked86,5,20260927,0.65,2.999268111440079
combined_74,masked86,5,20260928,0.65,3.0328897718147982
combined_74,masked86,8,20260924,0.65,3.3459605024893713
combined_74,masked86,8,20260925,0.65,3.106273728350106
combined_74,masked86,8,20260926,0.65,3.6979585390170855
combined_74,masked86,8,20260927,0.65,3.0672285786801803
combined_74,masked86,8,20260928,0.65,3.123317194036194
combined_74,masked86,1,20260924,0.7,3.3348947430373923
combined_74,masked86,1,20260925,0.7,3.2983921613291436
combined_74,masked86,1,20260926,0.7,3.299341423118433
combined_74,masked86,1,20260927,0.7,3.3062139996688744
combined_74,masked86,1,20260928,0.7,3.230122660757975
combined_74,masked86,2,20260924,0.7,3.1063381195809083
combined_74,masked86,2,20260925,0.7,2.9285432725810256
combined_74,masked86,2,20260926,0.7,3.1589703040033426
combined_74,masked86,2,20260927,0.7,3.212953886644025
combined_74,masked86,2,20260928,0.7,3.0739382967945637
combined_74,masked86,3,20260924,0.7,3.0955034485960162
combined_74,masked86,3,20260925,0.7,2.932038385982731
combined_74,masked86,3,20260926,0.7,3.2078338684688767
combined_74,masked86,3,20260927,0.7,2.9365001348083184
combined_74,masked86,3,20260928,0.7,3.001635138457203
combined_74,masked86,4,20260924,0.7,2.9765522529405146
combined_74,masked86,4,20260925,0.7,3.0522549624718347
combined_74,masked86,4,20260926,0.7,3.2805530914489984
combined_74,masked86,4,20260927,0.7,3.1718254732033198
combined_74,masked86,4,20260928,0.7,2.9943460473658057
combined_74,masked86,5,20260924,0.7,2.949606914242799
combined_74,masked86,5,20260925,0.7,2.8708504634013914
combined_74,masked86,5,20260926,0.7,3.2351398473855455
combined_74,masked86,5,20260927,0.7,2.9341719951950074
combined_74,masked86,5,20260928,0.7,2.97500976205669
combined_74,masked86,8,20260924,0.7,3.274618903613812
combined_74,masked86,8,20260925,0.7,3.0036181037306466
combined_74,masked86,8,20260926,0.7,3.554362418537385
combined_74,masked86,8,20260927,0.7,3.015898393044862
combined_74,masked86,8,20260928,0.7,3.0723669123079116
combined_74,masked86,1,20260924,0.75,3.1996260820190052
combined_74,masked86,1,20260925,0.75,3.181379707728947
combined_74,masked86,1,20260926,0.75,3.185010716446431
combined_74,masked86,1,20260927,0.75,3.1744394439137555
combined_74,masked86,1,20260928,0.75,3.119201441489143
combined_74,masked86,2,20260924,0.75,3.0197367615478656
combined_74,masked86,2,20260925,0.75,2.8797600371163603
combined_74,masked86,2,20260926,0.75,3.1030692249464247
combined_74,masked86,2,20260927,0.75,3.136222937633257
combined_74,masked86,2,20260928,0.75,2.9857422996811773
combined_74,masked86,3,20260924,0.75,3.034335597971411
combined_74,masked86,3,20260925,0.75,2.8917637356398562
combined_74,masked86,3,20260926,0.75,3.1249875643478733
combined_74,masked86,3,20260927,0.75,2.881406410404529
combined_74,masked86,3,20260928,0.75,2.9265608400997447
combined_74,masked86,4,20260924,0.75,2.8997436713358136
combined_74,masked86,4,20260925,0.75,3.0014283094358767
combined_74,masked86,4,20260926,0.75,3.194564520576225
combined_74,masked86,4,20260927,0.75,3.114180966436745
combined_74,masked86,4,20260928,0.75,2.9407074989892736
combined_74,masked86,5,20260924,0.75,2.9056337976157596
combined_74,masked86,5,20260925,0.75,2.831726331394617
combined_74,masked86,5,20260926,0.75,3.0994992480064854
combined_74,masked86,5,20260927,0.75,2.87606138133595
combined_74,masked86,5,20260928,0.75,2.922950268958976
combined_74,masked86,8,20260924,0.75,3.2058582386906607
combined_74,masked86,8,20260925,0.75,2.9147353327406966
combined_74,masked86,8,20260926,0.75,3.4218894927058106
combined_74,masked86,8,20260927,0.75,2.962543107700381
combined_74,masked86,8,20260928,0.75,3.024314774395056
combined_74,masked86,1,20260924,0.8,3.0822629840669733
combined_74,masked86,1,20260925,0.8,3.078391733728794
combined_74,masked86,1,20260926,0.8,3.0839465865745335
combined_74,masked86,1,20260927,0.8,3.0604067426766264
combined_74,masked86,1,20260928,0.8,3.021832596815167
combined_74,masked86,2,20260924,0.8,2.9429282395535163
combined_74,masked86,2,20260925,0.8,2.835082763585333
combined_74,masked86,2,20260926,0.8,3.046548134200615
combined_74,masked86,2,20260927,0.8,3.06490021531241
combined_74,masked86,2,20260928,0.8,2.9089213167708583
combined_74,masked86,3,20260924,0.8,2.9763062402985887
combined_74,masked86,3,20260925,0.8,2.853652900147101
combined_74,masked86,3,20260926,0.8,3.05000613546697
combined_74,masked86,3,20260927,0.8,2.8311062627040218
combined_74,masked86,3,20260928,0.8,2.862611322094141
combined_74,masked86,4,20260924,0.8,2.831072927825654
combined_74,masked86,4,20260925,0.8,2.9522863553782748
combined_74,masked86,4,20260926,0.8,3.1142805430443987
combined_74,masked86,4,20260927,0.8,3.0588940590230855
combined_74,masked86,4,20260928,0.8,2.8942209624337294
combined_74,masked86,5,20260924,0.8,2.8629016693438363
combined_74,masked86,5,20260925,0.8,2.795359986930952
combined_74,masked86,5,20260926,0.8,2.9805839361100372
combined_74,masked86,5,20260927,0.8,2.825042594512994
combined_74,masked86,5,20260928,0.8,2.8769985251141015
combined_74,masked86,8,20260924,0.8,3.1406339215647856
combined_74,masked86,8,20260925,0.8,2.839062625805879
combined_74,masked86,8,20260926,0.8,3.301256218859545
combined_74,masked86,8,20260927,0.8,2.9087571352288975
combined_74,masked86,8,20260928,0.8,2.97973811968401
combined_74,masked86,1,20260924,0.85,2.9821783745201613
combined_74,masked86,1,20260925,0.85,2.989024523989097
combined_74,masked86,1,20260926,0.85,2.995869330491436
combined_74,masked86,1,20260927,0.85,2.96335664686297
combined_74,masked86,1,20260928,0.85,2.937740219909933
combined_74,masked86,2,20260924,0.85,2.875901873322272
combined_74,masked86,2,20260925,0.85,2.794772806312128
combined_74,masked86,2,20260926,0.85,2.990977185856717
combined_74,masked86,2,20260927,0.85,2.9996663754265915
combined_74,masked86,2,20260928,0.85,2.843055184605214
combined_74,masked86,3,20260924,0.85,2.922329350584485
combined_74,masked86,3,20260925,0.85,2.818133542658911
combined_74,masked86,3,20260926,0.85,2.983184397859652
combined_74,masked86,3,20260927,0.85,2.785836718697991
combined_74,masked86,3,20260928,0.85,2.8091673538708557
combined_74,masked86,4,20260924,0.85,2.7706249807680785
combined_74,masked86,4,20260925,0.85,2.905655554504205
combined_74,masked86,4,20260926,0.85,3.040484818968396
combined_74,masked86,4,20260927,0.85,3.006950148377588
combined_74,masked86,4,20260928,0.85,2.8546022099238497
combined_74,masked86,5,20260924,0.85,2.8223798411736696
combined_74,masked86,5,20260925,0.85,2.762020415600625
combined_74,masked86,5,20260926,0.85,2.8777770720735645
combined_74,masked86,5,20260927,0.85,2.780985449753546
combined_74,masked86,5,20260928,0.85,2.83720599774328
combined_74,masked86,8,20260924,0.85,3.079646238610193
combined_74,masked86,8,20260925,0.85,2.7756238875602306
combined_74,masked86,8,20260926,0.85,3.1927629729860727
combined_74,masked86,8,20260927,0.85,2.855906002838672
combined_74,masked86,8,20260928,0.85,2.939003703001618
combined_74,masked86,1,20260924,0.9,2.89827091428122
combined_74,masked86,1,20260925,0.9,2.912504904421482
combined_74,masked86,1,20260926,0.9,2.920144956089375
combined_74,masked86,1,20260927,0.9,2.882079936475477
combined_74,masked86,1,20260928,0.9,2.8662810614979954
combined_74,masked86,2,20260924,0.9,2.8183459701070195
combined_74,masked86,2,20260925,0.9,2.758902459772747
combined_74,masked86,2,20260926,0.9,2.937642864317529
combined_74,masked86,2,20260927,0.9,2.940934659261539
combined_74,masked86,2,20260928,0.9,2.787441517285838
combined_74,masked86,3,20260924,0.9,2.8730426907305433
combined_74,masked86,3,20260925,0.9,2.785469074252463
combined_74,masked86,3,20260926,0.9,2.924530054243223
combined_74,masked86,3,20260927,0.9,2.7456674469640836
combined_74,masked86,3,20260928,0.9,2.765369171684217
combined_74,masked86,4,20260924,0.9,2.7182259502813784
combined_74,masked86,4,20260925,0.9,2.862131428192988
combined_74,masked86,4,20260926,0.9,2.9736758951738604
combined_74,masked86,4,20260927,0.9,2.9590797588253643
combined_74,masked86,4,20260928,0.9,2.8214020743497885
combined_74,masked86,5,20260924,0.9,2.784783901691616
combined_74,masked86,5,20260925,0.9,2.731829089760475
combined_74,masked86,5,20260926,0.9,2.79005653162391
combined_74,masked86,5,20260927,0.9,2.7435787255758832
combined_74,masked86,5,20260928,0.9,2.803425031664907
combined_74,masked86,8,20260924,0.9,3.023351008736311
combined_74,masked86,8,20260925,0.9,2.7231711765563995
combined_74,masked86,8,20260926,0.9,3.0963563142605266
combined_74,masked86,8,20260927,0.9,2.8051094362474105
combined_74,masked86,8,20260928,0.9,2.902287962338187
combined_74,masked86,1,20260924,0.95,2.829109008834496
combined_74,masked86,1,20260925,0.95,2.847802649280056
combined_74,masked86,1,20260926,0.95,2.8558866637448825
combined_74,masked86,1,20260927,0.95,2.8150688025569335
combined_74,masked86,1,20260928,0.95,2.80654336440015
combined_74,masked86,2,20260924,0.95,2.7697157840788447
combined_74,masked86,2,20260925,0.95,2.7273850711727072
combined_74,masked86,2,20260926,0.95,2.887543903580144
combined_74,masked86,2,20260927,0.95,2.8888769457630135
combined_74,masked86,2,20260928,0.95,2.7411866673073764
combined_74,masked86,3,20260924,0.95,2.828821002702405
combined_74,masked86,3,20260925,0.95,2.755777214790258
combined_74,masked86,3,20260926,0.95,2.8738148263629983
combined_74,masked86,3,20260927,0.95,2.7105312537757893
combined_74,masked86,3,20260928,0.95,2.7302091011699217
combined_74,masked86,4,20260924,0.95,2.67349612995178
combined_74,masked86,4,20260925,0.95,2.822093806575493
combined_74,masked86,4,20260926,0.95,2.9140919308773556
combined_74,masked86,4,20260927,0.95,2.915768806756104
combined_74,masked86,4,20260928,0.95,2.794059220752435
combined_74,masked86,5,20260924,0.95,2.750582545140856
combined_74,masked86,5,20260925,0.95,2.7047823190601052
combined_74,masked86,5,20260926,0.95,2.7161284770851624
combined_74,masked86,5,20260927,0.95,2.7123833122220504
combined_74,masked86,5,20260928,0.95,2.775348269816771
combined_74,masked86,8,20260924,0.95,2.97198110521446
combined_74,masked86,8,20260925,0.95,2.680315103399803
combined_74,masked86,8,20260926,0.95,3.0116945307027247
combined_74,masked86,8,20260927,0.95,2.757241599048102
combined_74,masked86,8,20260928,0.95,2.869604044062984
combined_74,masked86,1,20260924,1.0,2.7730668816395765
combined_74,masked86,1,20260925,1.0,2.793733807805454
combined_74,masked86,1,20260926,1.0,2.8020485875183945
combined_74,masked86,1,20260927,1.0,2.760656237644887
combined_74,masked86,1,20260928,1.0,2.757439715047568
combined_74,masked86,2,20260924,1.0,2.7292994078648314
combined_74,masked86,2,20260925,1.0,2.7000066298510608
combined_74,masked86,2,20260926,1.0,2.841401582693176
combined_74,masked86,2,20260927,1.0,2.843455401317243
combined_74,masked86,2,20260928,1.0,2.7032866375947244
combined_74,masked86,3,20260924,1.0,2.789800185200365
combined_74,masked86,3,20260925,1.0,2.729051805015441
combined_74,masked86,3,20260926,1.0,2.8306268177657192
combined_74,masked86,3,20260927,1.0,2.6802535342753684
combined_74,masked86,3,20260928,1.0,2.7026100932968418
combined_74,masked86,4,20260924,1.0,2.635901606805858
combined_74,masked86,4,20260925,1.0,2.785730441914445
combined_74,masked86,4,20260926,1.0,2.8617417271073773
combined_74,masked86,4,20260927,1.0,2.877278985680386
combined_74,masked86,4,20260928,1.0,2.7719450527331637
combined_74,masked86,5,20260924,1.0,2.720016940458858
combined_74,masked86,5,20260925,1.0,2.6807748787671777
combined_74,masked86,5,20260926,1.0,2.6545478684631214
combined_74,masked86,5,20260927,1.0,2.686878727290187
combined_74,masked86,5,20260928,1.0,2.7525472092578314
combined_74,masked86,8,20260924,1.0,2.925574300725397
combined_74,masked86,8,20260925,1.0,2.6456327939218807
combined_74,masked86,8,20260926,1.0,2.9382106221893194
combined_74,masked86,8,20260927,1.0,2.7129434486379407
combined_74,masked86,8,20260928,1.0,2.8408315143703513
