split,feature_month,target_month,factor_0,factor_1,factor_2,factor_3,factor_4,factor_5,factor_6,factor_7
train,1963-07,1963-08,-0.01882428489625454,-0.01575312204658985,0.012787092477083206,0.005149361677467823,0.0021098204888403416,0.01200601551681757,-0.012127251364290714,-0.009236662648618221
train,1963-08,1963-09,0.008756645955145359,0.015745356678962708,-0.006575039587914944,-0.011807293631136417,-0.010643829591572285,-0.012243358418345451,0.00971689261496067,0.00832171831279993
train,1963-09,1963-10,-0.01140594482421875,-0.01011941023170948,0.007581126410514116,-0.0005562840960919857,-0.004128288011997938,0.005563790909945965,-0.0052452548407018185,-0.008901333436369896
train,1963-10,1963-11,0.0012538753217086196,-0.005030166357755661,0.00902428850531578,0.007209472358226776,0.0009603039943613112,-0.005233146715909243,-0.007185536436736584,0.0025217814836651087
train,1963-11,1963-12,-0.0009123199270106852,-0.008254514075815678,0.015471860766410828,0.013241002336144447,-0.004755358211696148,-0.009772894904017448,-0.009510044008493423,-0.002670777030289173
train,1963-12,1964-01,0.0013458800967782736,0.010477136820554733,-0.00879904255270958,-0.0209067203104496,-0.006904199719429016,-0.0019337049452587962,0.009162185713648796,0.0017909093294292688
train,1964-01,1964-02,-2.409802982583642e-05,-0.004527720157057047,-0.001667373813688755,-0.0024332767352461815,-0.0013036587042734027,0.0013719123089686036,0.0013906466774642467,-0.005336715839803219
train,1964-02,1964-03,-0.005476459860801697,-0.0007415781728923321,0.008088490925729275,-0.007589539047330618,-0.011116733774542809,-0.003058953210711479,-0.0030985285993665457,-0.004444669932126999
train,1964-03,1964-04,0.007230984978377819,0.012407157570123672,-0.000496911583468318,-0.0056339045986533165,-0.009922775439918041,-0.01322128251194954,0.0067768394947052,0.0079258494079113
train,1964-04,1964-05,-0.004343168810009956,-0.003870371961966157,0.009286788292229176,0.006837673019617796,-0.0069914041087031364,-0.0037283855490386486,-0.006566256284713745,0.0005473182536661625
train,1964-05,1964-06,-0.0040625473484396935,-0.006799966562539339,0.009903226979076862,0.005650367587804794,-0.006053900346159935,0.005204229149967432,-0.009067230857908726,0.0037322365678846836
train,1964-06,1964-07,0.003764352761209011,0.005580020137131214,-0.002535492181777954,-0.005863317288458347,-0.007826128043234348,-0.00962082203477621,0.007952099665999413,0.0011506800074130297
train,1964-07,1964-08,0.003930570557713509,0.005365416407585144,0.0012978133745491505,-0.0038574847858399153,-0.0059587592259049416,-0.006842371076345444,0.0016387960640713573,0.006274803541600704
train,1964-08,1964-09,-0.005179113242775202,-0.0044370838440954685,-0.001765144057571888,-0.004482909105718136,0.0007545839762315154,0.00452434504404664,0.0009335184004157782,-0.007178189232945442
train,1964-09,1964-10,-0.0033734431490302086,0.0036714538000524044,-0.001601260737515986,-0.008965663611888885,-0.007468288764357567,-0.0032718698494136333,0.00495253037661314,-0.006652266718447208
train,1964-10,1964-11,0.0017116251401603222,0.006591808050870895,0.0031779727432876825,0.0007157495128922164,-0.003038184717297554,-0.008045047521591187,-0.001134319812990725,0.006519891321659088
train,1964-11,1964-12,-0.0020263902842998505,-0.001058504800312221,0.006960359402000904,0.011617210693657398,-0.0003825901076197624,0.0012271427549421787,-0.005776837933808565,0.008103208616375923
train,1964-12,1965-01,-0.00637451745569706,0.00458910409361124,-0.011861380189657211,-0.01995350420475006,0.007305026985704899,0.009942881762981415,0.006139331962913275,-0.009844978339970112
train,1965-01,1965-02,-0.002770052058622241,0.004581964109092951,-0.00377357704564929,-0.01080020796507597,0.0009255457553081214,-0.0002336923498660326,0.003048055339604616,-0.0027693011797964573
train,1965-02,1965-03,0.006405193358659744,0.010755205526947975,-0.012642636895179749,-0.017356188967823982,-0.007730926387012005,-0.008854106068611145,0.01419717725366354,-0.0056226374581456184
train,1965-03,1965-04,-0.005241011269390583,0.0033235622104257345,-0.000509975478053093,-0.01144777424633503,-0.005483188200742006,-0.0015081199817359447,0.0037095602601766586,-0.005187267903238535
train,1965-04,1965-05,-0.00343244313262403,0.0024769052397459745,0.002772785257548094,-0.002644880209118128,-0.002524732379242778,-0.001830248162150383,-0.001214564428664744,0.003993736580014229
train,1965-05,1965-06,0.015276722609996796,0.005586687475442886,0.01137575227767229,0.01216473150998354,-0.0036365212872624397,-0.010420985519886017,-0.009765271097421646,0.022100020200014114
train,1965-06,1965-07,-0.0067244479432702065,-0.006901739165186882,0.001045389100909233,-0.0050926823168993,-0.0025277696549892426,-0.0004816692089661956,7.070135325193405e-05,-0.009511818177998066
train,1965-07,1965-08,-0.018158763647079468,-0.008201435208320618,0.0009382758289575577,0.0003399602137506008,0.012725154869258404,0.01629563421010971,-0.008614808320999146,-0.00849910918623209
train,1965-08,1965-09,-0.017979711294174194,-0.009532180614769459,0.011145850643515587,0.00011406408157199621,-0.004798592999577522,0.009400522336363792,-0.008039161562919617,-0.004181914962828159
train,1965-09,1965-10,-0.010875425301492214,0.0015718252398073673,-0.01291651464998722,-0.02061641961336136,-0.0034993458539247513,8.942990098148584e-05,0.014010965824127197,-0.02861088141798973
train,1965-10,1965-11,-0.015194572508335114,0.0041948286816477776,-0.010798376984894276,-0.02386503666639328,-0.003293710993602872,-0.00032778317108750343,0.011562801897525787,-0.025684833526611328
train,1965-11,1965-12,-0.0006687979912385345,0.003007975872606039,-0.014756325632333755,-0.016340024769306183,0.0037514776922762394,0.0009396043606102467,0.010303646326065063,-0.012359554879367352
train,1965-12,1966-01,0.006074337288737297,0.009679112583398819,-0.021130409091711044,-0.03699110075831413,-0.007359100040048361,-0.015935780480504036,0.024222509935498238,-0.026883479207754135
train,1966-01,1966-02,-0.01337781548500061,-0.0014408170245587826,-0.013874710537493229,-0.03043425641953945,-0.005438007414340973,-0.005363620351999998,0.018297264352440834,-0.030965028330683708
train,1966-02,1966-03,-0.0012438582489266992,0.0123752998188138,-0.00394070940092206,-0.01484319195151329,-0.00594917219132185,-0.006849645636975765,0.006632781587541103,-0.0015527806244790554
train,1966-03,1966-04,-0.018563637509942055,-0.008435138501226902,-0.0109856016933918,-0.016912734135985374,-0.004733504727482796,-0.0031791627407073975,0.013397647999227047,-0.02993331104516983
train,1966-04,1966-05,0.02505621872842312,0.019645605236291885,0.00943809375166893,0.018384741619229317,-0.0023513264022767544,-0.0077761150896549225,-0.011729646474123001,0.038164202123880386
train,1966-05,1966-06,-0.005931167863309383,-0.004942757543176413,-0.0005639023147523403,-0.00030454795341938734,-0.002601874526590109,-0.00034003937616944313,0.00037829717621207237,-0.009153676219284534
train,1966-06,1966-07,0.0026562432758510113,0.003889575134962797,0.0041132401674985886,0.003414673265069723,-0.0048996987752616405,-0.003004414029419422,3.173854202032089e-05,0.005377503111958504
train,1966-07,1966-08,0.005583726800978184,0.005119664128869772,0.014480581507086754,0.00784261990338564,-0.007817454636096954,-0.0022299678530544043,-0.01110902987420559,0.020168395712971687
train,1966-08,1966-09,0.007890216074883938,0.0027330885641276836,0.006198186427354813,0.004620317369699478,-0.010994578711688519,-0.006941647734493017,0.00010091136209666729,0.00735841179266572
train,1966-09,1966-10,0.0046846684999763966,-0.006724586244672537,0.030572833493351936,0.03181148320436478,-0.012657412327826023,0.006812887266278267,-0.027293583378195763,0.036944154649972916
train,1966-10,1966-11,-0.03206363692879677,-0.015152410604059696,-0.009781710803508759,0.006352776661515236,0.016514413058757782,0.021685784682631493,-0.0024078181013464928,-0.030534304678440094
train,1966-11,1966-12,-0.006962654646486044,-0.005435234867036343,-0.0017946467269212008,0.001561874756589532,0.0018930368823930621,0.003066582605242729,-0.00033967732451856136,-0.008844120427966118
train,1966-12,1967-01,0.0077281733974814415,-0.01247580349445343,-0.040495313704013824,-0.03672528266906738,0.01597939245402813,0.01914059929549694,0.02971886284649372,-0.04025227576494217
train,1967-01,1967-02,-0.002503612544387579,0.013799190521240234,-0.014797195792198181,-0.029358159750699997,-0.00832650251686573,-0.006914746481925249,0.018787888810038567,-0.013943394646048546
train,1967-02,1967-03,-0.012311790138483047,-0.00585586205124855,-0.002572523197159171,-0.006326868198812008,-0.0073035359382629395,0.0004891315475106239,0.006504504010081291,-0.014284160919487476
train,1967-03,1967-04,-0.011283665895462036,0.00037941080518066883,0.00161430099979043,-0.004691289737820625,-0.004157577641308308,0.0019210355821996927,0.0006285319104790688,-0.004091665148735046
train,1967-04,1967-05,0.007104838732630014,0.010065347887575626,-0.006716230418533087,-0.016405800357460976,-0.010094654746353626,-0.014068534597754478,0.011544989421963692,-0.00023400993086397648
train,1967-05,1967-06,-0.024665361270308495,-0.014947746880352497,-0.016741488128900528,-0.03286193683743477,-0.016268745064735413,-0.002276357961818576,0.02779877744615078,-0.037019629031419754
train,1967-06,1967-07,-0.008451882749795914,-0.0025976146571338177,0.0004318738356232643,-0.024344271048903465,-0.011117881163954735,-0.004188853316009045,0.006326743401587009,-0.00935690850019455
train,1967-07,1967-08,0.010301018133759499,0.004314840771257877,-0.0015825724694877863,-0.010995779186487198,-0.007811644114553928,-0.010398690588772297,0.0061507695354521275,0.0030784523114562035
train,1967-08,1967-09,-0.01597297564148903,0.010389583185315132,-0.003960954956710339,-0.029852265492081642,-0.01528584212064743,-0.013659332878887653,0.01903032697737217,-0.011131783947348595
train,1967-09,1967-10,-0.007655180990695953,0.012083349749445915,-0.00036872969940304756,-0.016828270629048347,-0.009194479323923588,-0.009419416077435017,0.010545380413532257,-0.0022663676645606756
train,1967-10,1967-11,0.0022214199416339397,0.0022005310747772455,-0.002210014732554555,0.0066461400128901005,-0.001992424950003624,0.002775016240775585,-0.0016359915025532246,0.003513116855174303
train,1967-11,1967-12,-0.020493321120738983,-0.011237967759370804,-0.0057655638083815575,-0.02128615789115429,-0.01185283437371254,-0.009002802893519402,0.01919175311923027,-0.037845805287361145
train,1967-12,1968-01,0.01582266390323639,0.011199713684618473,0.0028733417857438326,-0.05121017247438431,-0.01950160041451454,-0.035486072301864624,0.022075820714235306,-0.006539549678564072
train,1968-01,1968-02,0.023643052205443382,0.00605661841109395,0.005923856515437365,0.004577738232910633,-0.009222916327416897,-0.009302438236773014,-0.004677345044910908,0.023701410740613937
train,1968-02,1968-03,-0.002620626939460635,-0.003947974182665348,0.0010937051847577095,0.0038086778949946165,0.0007559090154245496,0.004362737759947777,-0.006719630211591721,0.0006662407540716231
train,1968-03,1968-04,-0.031215719878673553,-0.014438308775424957,-0.011582247912883759,-0.017906734719872475,0.011838007718324661,0.010013742372393608,0.010541019961237907,-0.03411395847797394
train,1968-04,1968-05,-0.021233947947621346,0.006115839350968599,-0.0007571149617433548,-0.039571113884449005,-0.01183021068572998,-0.01432048249989748,0.015748661011457443,-0.026471011340618134
train,1968-05,1968-06,0.021985284984111786,0.009972289204597473,-0.0011436010245233774,-0.000367396860383451,0.0011862635146826506,-0.01638282649219036,0.00046083820052444935,0.012541125528514385
train,1968-06,1968-07,0.013193557038903236,0.0017541623674333096,0.005809643771499395,-0.009259278886020184,-0.007139042019844055,-0.016877537593245506,0.0052444422617554665,0.0016705561429262161
train,1968-07,1968-08,-0.008177490904927254,-0.007442542351782322,0.004017178900539875,-0.018021466210484505,-0.010730383917689323,-0.006046058144420385,0.00465472973883152,-0.013837355189025402
train,1968-08,1968-09,-0.013614527881145477,-0.008856594562530518,0.0018472988158464432,-0.00943425577133894,-0.004950372502207756,0.005818875972181559,-0.00027955882251262665,-0.011285349726676941
train,1968-09,1968-10,0.010348367504775524,0.005519706755876541,0.007833192124962807,-0.002888175891712308,-0.005766705609858036,-0.009786546230316162,-0.003394495230168104,0.009704922325909138
train,1968-10,1968-11,-0.003997260704636574,-0.0008310135453939438,-0.004915484227240086,0.005622228141874075,0.003284918610006571,0.006719227880239487,0.00030517950654029846,-0.004152498207986355
train,1968-11,1968-12,-0.008178978227078915,-0.01103748194873333,-0.0021560583263635635,-0.017221111804246902,-0.002592662116512656,-0.0068482449278235435,0.008045665919780731,-0.008600883185863495
train,1968-12,1969-01,0.006448674947023392,-0.0018831726629287004,-0.0025122424121946096,-0.004695254378020763,0.0009193993755616248,-0.009774407371878624,0.005102179013192654,-0.0036379066295921803
train,1969-01,1969-02,0.016825903207063675,0.010067978873848915,0.006928788498044014,-0.00016063638031482697,-0.0026455288752913475,-0.012395665049552917,-0.006500157527625561,0.013634822331368923
train,1969-02,1969-03,-0.010707838460803032,-0.007730731274932623,0.00189696392044425,-0.002463200595229864,-0.0019595730118453503,0.0012779554817825556,0.00047197937965393066,-0.010875469073653221
train,1969-03,1969-04,-0.0021052146330475807,-0.00024450570344924927,0.005165040958672762,0.002592792036011815,-0.0026146406307816505,-0.0003179868799634278,-0.005763901397585869,-0.00032129744067788124
train,1969-04,1969-05,-0.0023742965422570705,-0.0003559514880180359,0.0014146137982606888,-0.006546336691826582,-0.0030176774598658085,-0.007440492510795593,0.0037360619753599167,-0.007709830068051815
train,1969-05,1969-06,0.01882806047797203,0.013032324612140656,0.00029388442635536194,0.0064598871394991875,-0.00905627105385065,-0.014601228758692741,0.0016736853867769241,0.013899393379688263
train,1969-06,1969-07,0.018579475581645966,0.01070220023393631,0.0051133292727172375,0.004695616662502289,-0.0059553030878305435,-0.019949380308389664,-0.002283723559230566,0.005414001643657684
train,1969-07,1969-08,-0.013851708732545376,-0.0021591312251985073,-0.01104973629117012,0.0023203869350254536,-0.0009254616452381015,0.006554647348821163,0.005790172144770622,-0.012629851698875427
train,1969-08,1969-09,0.0018052146770060062,0.006233118940144777,0.0005655036075040698,-0.00219485885463655,-0.015965575352311134,-0.013108615763485432,0.009390495717525482,-0.004363229498267174
train,1969-09,1969-10,-0.018236123025417328,0.005735456943511963,-0.006266345735639334,0.0015361508121713996,0.008085089735686779,0.026022128760814667,-0.003926713019609451,0.012007401324808598
train,1969-10,1969-11,0.0029563806019723415,0.0072157541289925575,-0.0003661219961941242,0.0019924468360841274,-0.010814661160111427,-0.017253579571843147,0.008906261995434761,-0.0062086936086416245
train,1969-11,1969-12,0.006248292978852987,0.011972256004810333,0.0023602722212672234,0.016453474760055542,-0.011365426704287529,-0.017410151660442352,0.00416737562045455,-0.002345040673390031
train,1969-12,1970-01,0.010087557137012482,0.014624313451349735,0.005630158819258213,-0.031075511127710342,-0.0007314553949981928,-0.011624776758253574,-0.00129173812456429,0.01619841158390045
train,1970-01,1970-02,0.0017586495960131288,-0.0072725447826087475,0.0070568290539085865,0.006164136342704296,0.001544838072732091,-0.004432039335370064,-0.008412312716245651,-0.008653143420815468
train,1970-02,1970-03,0.018958309665322304,-0.0011479518143460155,0.012842466123402119,-0.003496298100799322,-0.006440786644816399,-0.017022673040628433,-0.006706200540065765,0.0005910759209655225
train,1970-03,1970-04,0.033036328852176666,0.0037217806093394756,0.021233955398201942,-0.0021974239498376846,-0.011583225801587105,-0.03277534991502762,-0.010186631232500076,0.007082686293870211
train,1970-04,1970-05,0.009540850296616554,-0.00560767250135541,0.0036396554205566645,0.0006319888634607196,0.0004057823680341244,-0.005083797965198755,-0.006560771260410547,0.003748111892491579
train,1970-05,1970-06,0.014364427886903286,0.0115595618262887,0.008602910675108433,-0.008073287084698677,-0.01829761080443859,-0.03161633387207985,0.010240895673632622,-0.006486149504780769
train,1970-06,1970-07,0.003467983566224575,-0.008815685287117958,-0.003008092986419797,0.007127667777240276,-0.004196423105895519,-5.569506902247667e-05,-0.0023404008243232965,-0.008788326755166054
train,1970-07,1970-08,-0.009553340263664722,-0.01425156369805336,-0.005239193327724934,0.004763885401189327,0.01121142040938139,0.01975339651107788,-0.00915113091468811,0.002903054701164365
train,1970-08,1970-09,-0.029369868338108063,0.0009095068089663982,-0.013367763720452785,-0.01015809178352356,0.016225479543209076,0.050569333136081696,-0.00838695652782917,0.018984341993927956
train,1970-09,1970-10,0.017279164865612984,0.005403135437518358,0.0014668230433017015,0.0015773368068039417,-0.014690187759697437,-0.03498389199376106,0.009806998074054718,-0.011113104410469532
train,1970-10,1970-11,0.014070678502321243,-0.007855053059756756,-0.0020010629668831825,0.0224941223859787,0.0060366010293364525,-0.010710946284234524,-0.008339122869074345,-0.010869110003113747
train,1970-11,1970-12,0.0007270416244864464,0.0025336937978863716,0.003198247402906418,-0.015871431678533554,-0.005455906502902508,-0.0012125791981816292,-0.0009618611074984074,0.003761580213904381
train,1970-12,1971-01,-0.009146793745458126,-0.0035278722643852234,0.0066350530833005905,-0.03555740416049957,0.008376220241189003,0.026179084554314613,-0.015342255122959614,0.026562852784991264
train,1971-01,1971-02,-0.011120867915451527,0.012188905850052834,-0.00799117423593998,-0.013944447040557861,-0.009129581972956657,0.003954942338168621,0.01206265576183796,0.0037975660525262356
train,1971-02,1971-03,-0.0189251359552145,-0.002069867216050625,0.004584203474223614,-0.006512102205306292,-0.013857564888894558,0.009992697276175022,-0.0005771983414888382,-0.0010148324072360992
train,1971-03,1971-04,-0.005552272312343121,-0.007393332663923502,0.007700778543949127,0.0005019208183512092,-0.004101676866412163,0.0026631972286850214,-0.007251961622387171,-0.0017652923706918955
train,1971-04,1971-05,0.0020645218901336193,0.009427670389413834,-0.003628387115895748,-0.0002462221309542656,-0.006446348037570715,-0.011999005451798439,0.004962836392223835,9.646359831094742e-05
train,1971-05,1971-06,0.0035498328506946564,0.0056771645322442055,-0.0036690363194793463,0.008718583732843399,-0.003934862092137337,-0.007673722691833973,0.0019455984001979232,-0.0024029267951846123
train,1971-06,1971-07,0.0192569587379694,0.007806848734617233,-0.0034069069661200047,-0.0009470619261264801,-0.005013866350054741,-0.016240349039435387,0.003825887804850936,0.009312344714999199
train,1971-07,1971-08,-0.01327414158731699,-0.00938527099788189,0.00964068342000246,-0.0009688893333077431,-0.003488517366349697,0.0033054614905267954,-0.004466587677598,-0.016195420175790787
train,1971-08,1971-09,-0.0011645243503153324,0.009937139227986336,-0.008809654042124748,-0.003445645794272423,-0.013036461547017097,-0.00995537731796503,0.012820248492062092,-0.0056297616101801395
train,1971-09,1971-10,0.015180602669715881,0.013341552577912807,-0.004383373539894819,0.0003841549623757601,-0.0052686212584376335,-0.01348150335252285,0.0035314124543219805,0.01095953956246376
train,1971-10,1971-11,-0.002923969877883792,0.0004669270711019635,0.0015787596348673105,0.0072551509365439415,-0.00861576572060585,-0.0041199661791324615,0.0002499045804142952,-0.0021978183649480343
train,1971-11,1971-12,-0.015467634424567223,-0.0019023603526875377,0.004309320822358131,-8.661852916702628e-05,0.002095501869916916,0.02020908147096634,-0.010871386155486107,0.0020633023232221603
train,1971-12,1972-01,-0.015225301496684551,-6.163923535495996e-05,0.014804285019636154,-0.04077483341097832,0.022574935108423233,0.021590683609247208,-0.021791940554976463,0.0005557350814342499
train,1972-01,1972-02,-0.016489868983626366,0.0030252558644860983,0.00777936726808548,-0.012897860258817673,-0.007542587351053953,0.006447687745094299,-0.002725935773923993,-0.0026297210715711117
train,1972-02,1972-03,-0.001797687029466033,0.006648777052760124,-0.001460342900827527,-0.0020780134946107864,-0.0071924179792404175,-0.009261565282940865,0.0030510828364640474,-0.0009969446109607816
train,1972-03,1972-04,-0.0065244706347584724,-0.0017080644611269236,0.008800922892987728,-0.0035705072805285454,-0.005791233852505684,-0.005324770230799913,-0.002076944103464484,-0.005019624717533588
train,1972-04,1972-05,-0.000274458434432745,0.007817404344677925,-0.0031905577052384615,0.003936643712222576,-0.009574677795171738,-0.011996631510555744,0.0054078251123428345,0.0003991771664004773
train,1972-05,1972-06,0.000716428505256772,0.007540561258792877,0.0025704833678901196,-0.0009295782074332237,-0.0030712296720594168,-0.00678454153239727,-0.001730295130982995,0.004187470301985741
train,1972-06,1972-07,0.0043997615575790405,0.007246561348438263,0.008303310722112656,-0.002940737409517169,-0.006161291152238846,-0.01307872124016285,-0.003415132639929652,0.0032589121256023645
train,1972-07,1972-08,0.010093782097101212,-0.009471844881772995,0.006685448344796896,0.0022033543791621923,-0.002148340456187725,-0.0059356666170060635,-0.010194619186222553,0.0004204349825158715
train,1972-08,1972-09,0.0063506560400128365,0.002128058113157749,-0.0003661889350041747,0.0029809048864990473,-0.005604928359389305,-0.009551242925226688,0.002975238487124443,0.002436029491946101
train,1972-09,1972-10,0.011145751923322678,0.0005839299410581589,0.0027058273553848267,0.006683039478957653,-0.008116314187645912,-0.01184779405593872,0.000438462826423347,0.003046591766178608
train,1972-10,1972-11,0.004725320264697075,-0.014648080803453922,-0.003427252173423767,0.006949353497475386,-0.004768924787640572,0.003598135896027088,0.0005070163169875741,-0.009116739965975285
train,1972-11,1972-12,-0.005070340819656849,0.004129610024392605,0.003073375206440687,0.0008088139584288001,-0.01156255416572094,-0.011193186044692993,0.005439447239041328,-0.002839490072801709
train,1972-12,1973-01,0.009718913584947586,0.0018011886859312654,0.015465454198420048,-0.017053209245204926,0.0027026538737118244,-0.018424073234200478,-0.01140827126801014,0.012770168483257294
train,1973-01,1973-02,0.008548403158783913,0.001715992228128016,0.00369030493311584,-0.0019207607256248593,-0.00218789279460907,-0.010724067687988281,-0.0033268912229686975,0.00841589830815792
train,1973-02,1973-03,-0.0015697365161031485,-0.005809480790048838,0.006909687537699938,-0.0046902247704565525,-0.005239859223365784,-0.0022295434027910233,-0.005636485293507576,0.000383735925424844
train,1973-03,1973-04,0.006816391367465258,0.0030885059386491776,0.006900072563439608,-0.005642952397465706,-0.006070639006793499,-0.015493997372686863,-0.0037568844854831696,0.0029010495636612177
train,1973-04,1973-05,0.003511905437335372,0.0038991649635136127,0.004552322439849377,0.0024684821255505085,-0.006505365949124098,-0.009372278116643429,-0.002935420023277402,0.0012557010632008314
train,1973-05,1973-06,-0.006128828041255474,-0.0034064343199133873,0.010501304641366005,-0.006832788232713938,-0.008194096386432648,-2.2708671167492867e-05,-0.00804551225155592,-0.00016565609257668257
train,1973-06,1973-07,-0.029193144291639328,-0.011997988447546959,0.007374843582510948,-0.01595408469438553,-0.00961303524672985,0.04279206693172455,-0.011807027272880077,0.013999531045556068
train,1973-07,1973-08,0.0017934022471308708,-0.001964560942724347,0.0017100244294852018,0.004201722797006369,-0.0020198533311486244,-0.013209732249379158,0.0009006431791931391,-0.006640718784183264
train,1973-08,1973-09,-0.022278565913438797,-0.008054655976593494,0.016537100076675415,-0.003052821382880211,-0.012292676605284214,0.024964207783341408,-0.015855390578508377,0.00615905923768878
train,1973-09,1973-10,-0.0022219710517674685,-0.0011378260096535087,0.009284688159823418,-0.009416448883712292,-0.007635010406374931,-0.011704893782734871,-0.004544971976429224,-0.0025210462044924498
train,1973-10,1973-11,0.022659363225102425,-0.005839113146066666,-0.00455054547637701,0.008976520039141178,0.0074859438464045525,-0.02908310666680336,0.002816820051521063,-0.007636532187461853
train,1973-11,1973-12,-0.009960565716028214,-0.011544661596417427,0.013886078260838985,0.005513750948011875,-0.013964301906526089,-0.0016645329305902123,-0.005867840722203255,-0.00768650509417057
train,1973-12,1974-01,0.003926701378077269,-0.007775625679641962,0.0030016275122761726,-0.02758094295859337,0.012613089755177498,0.02558804303407669,-0.015317159704864025,0.016260020434856415
train,1974-01,1974-02,0.005387977231293917,-0.0041690790094435215,0.0028054015710949898,-0.0031596929766237736,-0.0009882102021947503,-0.007612787187099457,-0.004545030649751425,-0.0026444909162819386
train,1974-02,1974-03,0.006707037799060345,0.0009840885177254677,-0.0037272702902555466,-0.0017765252850949764,0.0019169219303876162,-0.005641496740281582,-0.002403608523309231,0.00976951140910387
train,1974-03,1974-04,0.00014797609765082598,-0.0002059076796285808,0.005418882239609957,-0.008160427212715149,-0.007284001912921667,-0.010482678189873695,-0.0003288181032985449,-0.004712181631475687
train,1974-04,1974-05,0.0008174063405022025,0.008391475304961205,0.0025900881737470627,-0.0044533866457641125,-0.005899080540984869,-0.008421692997217178,0.0006422786973416805,0.005585984792560339
train,1974-05,1974-06,-0.004942348692566156,0.002502204617485404,0.009447421878576279,-0.010057089850306511,-0.012115025892853737,-0.003930984064936638,-0.002274150028824806,0.0018148841336369514
train,1974-06,1974-07,0.004318502731621265,-0.009036494418978691,0.00817082915455103,-0.010370615869760513,-0.0063513717614114285,-0.0051360903307795525,-0.0015283080283552408,-0.007964295335114002
train,1974-07,1974-08,0.00014374684542417526,-0.0031322231516242027,0.006403784267604351,-0.008143069222569466,-0.006058970931917429,-0.010424604639410973,-0.0030600200407207012,-0.0032564611174166203
train,1974-08,1974-09,0.019844667986035347,-0.005657991394400597,-0.004769403487443924,-0.0029221437871456146,-0.00036224524956196547,-0.018696414306759834,0.007841633632779121,-0.0016330452635884285
train,1974-09,1974-10,-0.03113890066742897,0.008434119634330273,0.015428923070430756,0.0023501727264374495,-0.013022349216043949,0.03589005768299103,-0.018840156495571136,0.003237293101847172
train,1974-10,1974-11,0.009343700483441353,0.004907980095595121,-0.004142513033002615,-0.0018893557135015726,-0.004706165287643671,-0.01518270093947649,0.008377395570278168,-0.004978393204510212
train,1974-11,1974-12,-0.0015797482337802649,0.0008816756308078766,0.004069759976118803,0.0009827201720327139,-0.01442558690905571,-0.004472050815820694,0.005644416436553001,-9.18777659535408e-05
train,1974-12,1975-01,-0.01829361356794834,-0.007502569817006588,0.019191991537809372,-0.02722146548330784,0.02127695083618164,0.08354828506708145,-0.044324588030576706,0.015679551288485527
train,1975-01,1975-02,-0.007937755435705185,-0.002187359379604459,-0.005529570858925581,0.007165108807384968,0.01344970054924488,-0.0014100440312176943,-0.007340730167925358,0.003247608430683613
train,1975-02,1975-03,-0.02899232506752014,-0.0005355644971132278,0.018609005957841873,-0.011529527604579926,-0.006747815292328596,0.040025413036346436,-0.01804213412106037,-0.00503516523167491
train,1975-03,1975-04,-0.022095298394560814,-0.00012827361933887005,0.00862862914800644,0.0003643636591732502,-0.007195279933512211,0.009283669292926788,-0.007472869474440813,-0.0012004715390503407
train,1975-04,1975-05,-0.016648005694150925,-0.0014706291258335114,0.0031743457075208426,0.00639311084523797,0.007317116018384695,0.016036244109272957,-0.011820297688245773,0.004158634692430496
train,1975-05,1975-06,-0.009427759796380997,0.00021350738825276494,0.01506340317428112,-0.011053476482629776,-0.0028416477143764496,0.018296489492058754,-0.015209846198558807,0.0020375519525259733
train,1975-06,1975-07,0.01089606061577797,-0.0053380629979074,-0.00531466118991375,-2.7939677238464355e-05,0.013227525167167187,-0.015836656093597412,-0.0034108590334653854,0.005692333914339542
train,1975-07,1975-08,0.012397718615829945,-0.0021471960935741663,-0.009621184319257736,0.009011765941977501,-0.0005386462435126305,-0.010431668721139431,0.006154750008136034,0.005677854176610708
train,1975-08,1975-09,0.004247230011969805,0.004173393826931715,-0.0005024028941988945,-0.002973871538415551,-0.007688447833061218,-0.009162234142422676,0.004865808878093958,0.003772017313167453
train,1975-09,1975-10,-0.014790525659918785,0.006401685997843742,0.009774970822036266,-0.004203543998301029,-0.010265015065670013,0.016201138496398926,-0.006015365477651358,-0.00012128311209380627
train,1975-10,1975-11,-0.00534861208871007,0.004752135835587978,0.006127317436039448,-0.012100023217499256,-0.01432331558316946,0.008269635029137135,0.00032101699616760015,-0.005242680665105581
train,1975-11,1975-12,0.004321904852986336,-0.01351060252636671,-0.001375354826450348,0.005706107243895531,0.005154581740498543,0.002204776741564274,-0.004406512249261141,0.0016098920023068786
train,1975-12,1976-01,-0.04099337011575699,0.010904738679528236,0.044847507029771805,-0.04799891635775566,-0.007012381684035063,0.04524305835366249,-0.03668242692947388,-0.018562480807304382
train,1976-01,1976-02,-0.01418738067150116,-0.004867692478001118,0.01750313676893711,-0.025406477972865105,0.01736045815050602,0.011796086095273495,-0.02150263823568821,-0.022167224436998367
train,1976-02,1976-03,-0.0007618273375555873,-0.011430829763412476,-0.0017961703706532717,0.00851275771856308,0.01040553767234087,-0.007548087276518345,-0.0029448317363858223,-0.007794694043695927
train,1976-03,1976-04,0.015042861923575401,-0.013256453908979893,-0.010705431923270226,0.015676699578762054,0.012325800955295563,-0.016569076105952263,0.0022884965874254704,0.0055710431188344955
train,1976-04,1976-05,0.013806380331516266,-0.0015418864786624908,-0.013956704176962376,0.010420157574117184,0.0036807365249842405,-0.0099541787058115,0.00622874079272151,0.009899836964905262
train,1976-05,1976-06,-0.00660652294754982,-7.320212898775935e-05,0.0013883854262530804,-0.00472886860370636,-0.010832736268639565,0.012186430394649506,0.0010462772333994508,-0.005042606964707375
train,1976-06,1976-07,0.013264011591672897,-0.0014082890702411532,-0.0055457050912082195,0.003245808882638812,0.0038947472348809242,-0.0115746408700943,0.0032130416948348284,0.0032349522225558758
train,1976-07,1976-08,0.010167617350816727,-0.0034196877386420965,-0.0067120203748345375,0.0001870161504484713,-0.005341940559446812,-0.01044125109910965,0.005805507302284241,0.0014722105115652084
train,1976-08,1976-09,-0.006330193020403385,1.0384537745267153e-05,0.004338688217103481,-0.003996330313384533,-0.008801211602985859,0.004609732888638973,-0.0008474852656945586,-0.003137499326840043
train,1976-09,1976-10,0.009136300534009933,-0.0056862859055399895,-0.004246402531862259,0.004288095980882645,-0.0011080376571044326,-0.01286656316369772,0.007046823855489492,0.0020984357688575983
train,1976-10,1976-11,-0.00524980528280139,-0.004872714634984732,0.0018025926547124982,0.0026514565106481314,-0.0011058864183723927,0.0027399940881878138,-0.002959734760224819,-0.006463846191763878
train,1976-11,1976-12,-0.0040939305908977985,0.0021107890643179417,0.00651831878349185,-0.007668887730687857,0.006118694320321083,0.010781142860651016,-0.014697534032166004,0.0007841165643185377
train,1976-12,1977-01,0.004899634979665279,-0.0012067868374288082,0.0002596808481030166,-0.007572954520583153,0.017145682126283646,-0.011529797688126564,-0.010168015956878662,-0.0021151697728782892
train,1977-01,1977-02,0.011664442718029022,-0.007830089889466763,-0.009499107487499714,0.0019749558996409178,0.013926785439252853,-0.01848120242357254,0.001336901681497693,-0.0012055437546223402
train,1977-02,1977-03,0.0003215539618395269,-0.0031350876670330763,0.004328859504312277,0.003713785670697689,0.008570280857384205,-0.006198037415742874,-0.007701147347688675,-0.00016036303713917732
train,1977-03,1977-04,0.002060157246887684,-0.004777078982442617,0.0021821570117026567,-0.00034103874349966645,0.0026653155218809843,-0.005095220170915127,-0.002274993807077408,-0.008075115270912647
train,1977-04,1977-05,0.0028629677835851908,-0.0043713185004889965,0.0018215911695733666,-0.0013181285466998816,0.003474068595096469,-0.007236349396407604,-0.006152324378490448,-0.0021530622616410255
train,1977-05,1977-06,-0.017569079995155334,0.004423798993229866,0.0067481896840035915,-0.009742189198732376,-0.012812498025596142,0.019284509122371674,-0.0027365153655409813,-0.006985209416598082
train,1977-06,1977-07,0.011698535643517971,0.0007478408515453339,-0.006609897129237652,0.004658261779695749,0.015721963718533516,-0.015924982726573944,-0.005682993680238724,0.0012050564400851727
train,1977-07,1977-08,0.004155416507273912,0.0005976054235361516,-0.007990289479494095,0.00858076848089695,0.010534591972827911,-0.011660251766443253,-0.0014307483797892928,-0.0014718349557369947
train,1977-08,1977-09,0.0032004076056182384,0.0012429676717147231,-0.007106035016477108,-0.00014070940960664302,0.0017330693081021309,-0.006548792123794556,0.002420712262392044,-0.00476904958486557
train,1977-09,1977-10,0.01089511439204216,-0.0010505859972909093,-0.007047838997095823,-0.00027629430405795574,0.004039907827973366,-0.010534431785345078,0.003854529932141304,0.001704167458228767
train,1977-10,1977-11,-0.020492196083068848,0.0020139217376708984,0.006676425226032734,-0.01284589059650898,-0.007376002613455057,0.015019012615084648,-0.0048224846832454205,-0.00884091854095459
train,1977-11,1977-12,-0.0009386427118442953,-0.0018606724916025996,-0.003251922782510519,0.002989474218338728,0.007672595791518688,-0.00899173878133297,-0.003969857003539801,-0.006617190781980753
train,1977-12,1978-01,0.01417863555252552,-0.006430379580706358,-0.00335087557323277,-0.002502140589058399,0.01471857912838459,-0.01071414165198803,-0.008116304874420166,0.0015941233141347766
train,1978-01,1978-02,-0.00030550447991117835,-0.0005692635313607752,-0.0036759143695235252,-0.004550624638795853,0.008008946664631367,-0.00692709069699049,-0.005252219270914793,-0.008627671748399734
train,1978-02,1978-03,-0.013158170506358147,-0.002534083556383848,0.006299820728600025,-0.009993359446525574,0.0009532808908261359,0.010290021076798439,-0.00947946310043335,-0.012996363453567028
train,1978-03,1978-04,-0.014371020719408989,0.0029073834884911776,0.007014206610620022,-0.0053398567251861095,0.00041631655767560005,0.010200975462794304,-0.01028547901660204,-0.004124201834201813
train,1978-04,1978-05,-0.01178090088069439,-0.00035525154089555144,-0.0006460921140387654,-0.004199865739792585,0.011595936492085457,-0.001322999014519155,-0.008047493174672127,-0.009531996212899685
train,1978-05,1978-06,0.00738575728610158,-0.0017134579829871655,-0.00288058421574533,0.001862622331827879,0.011131195351481438,-0.013251018710434437,-0.004888237453997135,0.00030455453088507056
train,1978-06,1978-07,-0.013472379185259342,-0.0024418658576905727,0.006959306541830301,-0.00422254391014576,-0.00664953887462616,0.008436344563961029,-0.003690713085234165,-0.010254441760480404
train,1978-07,1978-08,-0.012475300580263138,0.010833865962922573,-0.002835265127941966,-0.012934833765029907,0.010679416358470917,-0.0012238832423463464,-0.006154774688184261,-0.017894260585308075
train,1978-08,1978-09,0.014093984849750996,-0.006959557067602873,-0.003746261354535818,0.0016622375696897507,0.012339063920080662,-0.01093602180480957,-0.0018884334713220596,0.0035705366171896458
train,1978-09,1978-10,0.05589732527732849,-0.008943777531385422,-0.022779710590839386,0.0190978292375803,0.010069403797388077,-0.036116622388362885,0.009673933498561382,0.031244859099388123
train,1978-10,1978-11,-0.03442441299557686,0.010223203338682652,0.008819984272122383,-0.012505944818258286,-0.014665374532341957,0.024651363492012024,-0.0020699654705822468,-0.017273738980293274
train,1978-11,1978-12,-0.004422053694725037,-0.0018123181071132421,-0.0036454051733016968,0.008734199218451977,0.006441632751375437,-0.005328904837369919,-0.003017301205545664,-0.007243389263749123
train,1978-12,1979-01,-0.0133749321103096,-0.002926197834312916,0.009144897572696209,-0.01064699050039053,0.0027904121670871973,0.016402214765548706,-0.013983601704239845,-0.0064309826120734215
train,1979-01,1979-02,0.016365770250558853,-0.0068538859486579895,-0.00895280297845602,0.0035980644170194864,0.006782907992601395,-0.017371727153658867,0.006830960512161255,-0.0001564942649565637
train,1979-02,1979-03,-0.019823653623461723,-0.004354916512966156,0.0011421613162383437,-0.0010974338511005044,0.001319004106335342,0.020103415474295616,-0.009734448045492172,-0.016251619905233383
train,1979-03,1979-04,0.0015537680592387915,-0.0036464419681578875,0.0012216524919494987,-0.002020083134993911,0.006622746586799622,-0.006271720863878727,-0.004960017278790474,-0.0072803497314453125
train,1979-04,1979-05,0.008548945188522339,0.0005423710099421442,-0.003527924418449402,-0.0050575523637235165,0.00231797993183136,-0.009632352739572525,0.003924890421330929,2.5297922547906637e-05
train,1979-05,1979-06,-0.0004823526833206415,-0.005950957536697388,-0.0005029916646890342,0.0071733202785253525,0.0067865741439163685,0.0013258489780128002,-0.003940025344491005,-0.001958517823368311
train,1979-06,1979-07,0.001040087197907269,-0.0016548101557418704,0.0006421152502298355,-0.001024860655888915,-0.004891410004347563,0.0014550229534506798,0.00029036880005151033,0.0014009552542120218
train,1979-07,1979-08,-0.017750393599271774,0.0049370331689715385,0.0028505639638751745,-0.006590648088604212,-0.00643300823867321,0.011621057987213135,-0.0015108365332707763,-0.006477171555161476
train,1979-08,1979-09,0.0005220809252932668,-0.0004044914385303855,0.0009099065791815519,0.002104775980114937,0.0018568129744380713,-0.01256486028432846,0.0003043666947633028,-0.0014741618651896715
train,1979-09,1979-10,0.0062740882858633995,0.0037256726063787937,-0.0005607114871963859,0.000510760466568172,-0.0006922618485987186,-0.010869555175304413,0.0027840551920235157,0.006923713721334934
train,1979-10,1979-11,-0.022818727418780327,0.003372390754520893,-0.001382272457703948,0.0024828840978443623,-0.0037015904672443867,0.010577590204775333,0.0010453818831592798,-0.01860254444181919
train,1979-11,1979-12,-0.009801087900996208,0.002075348049402237,-0.013063615188002586,0.0059524658136069775,0.020180176943540573,-0.008610074408352375,-0.002951508853584528,-0.018068689852952957
train,1979-12,1980-01,-0.006692910101264715,0.006923114415258169,-0.0079468609765172,-0.0016000852920114994,0.02363504096865654,-0.011249618604779243,-0.008851948194205761,-0.014435050077736378
train,1980-01,1980-02,0.002292915713042021,-0.004798067733645439,-0.005519397556781769,0.01625438779592514,0.019225215539336205,-0.020590918138623238,-0.0023971020709723234,-0.007497072219848633
train,1980-02,1980-03,0.02160220593214035,0.008076225407421589,0.002240037079900503,-0.014547628350555897,-0.019445467740297318,-0.006646998226642609,0.006483449134975672,0.02790745720267296
train,1980-03,1980-04,-0.0015998964663594961,-0.006186695769429207,0.0010604122653603554,-0.002670855261385441,-0.0033820527605712414,0.008071414195001125,-0.005837652832269669,-0.005106946919113398
train,1980-04,1980-05,-0.0070259468629956245,-0.002647244604304433,0.0002530827187001705,-0.0003412312362343073,-0.003991599194705486,0.013132665306329727,-0.002660463098436594,-0.000664070132188499
train,1980-05,1980-06,0.004641213454306126,-0.0020154432859271765,-0.0036036670207977295,0.003438028274103999,0.005636150017380714,-0.007435428909957409,-0.001195681863464415,-0.0015893920790404081
train,1980-06,1980-07,-0.029697678983211517,0.016804665327072144,-0.0042226784862577915,-0.010253793559968472,-0.006903487723320723,0.021550962701439857,0.0011418410576879978,-0.01530042476952076
train,1980-07,1980-08,-0.025460809469223022,0.009915187023580074,0.005715485662221909,-0.0025291205383837223,0.014550944790244102,0.005284062121063471,-0.01798791065812111,-0.007538755889981985
train,1980-08,1980-09,0.0015311636961996555,0.010407153517007828,-0.01363991480320692,0.012729017063975334,0.02172033116221428,-0.018760673701763153,-0.0017780542839318514,-0.0012306984281167388
train,1980-09,1980-10,-0.0019230949692428112,0.00892617553472519,-0.02006804198026657,0.014444423839449883,0.022190751507878304,-0.022119980305433273,0.002592326607555151,-0.018442219123244286
train,1980-10,1980-11,-0.020003903657197952,0.015508369542658329,-0.01746542751789093,0.030175983905792236,0.018159810453653336,-0.011015273630619049,0.003259641584008932,-0.02695545181632042
train,1980-11,1980-12,0.016738761216402054,0.004319682717323303,-0.0055296518839895725,-0.01287432573735714,-0.009997500106692314,-0.004370216280221939,0.006194352172315121,0.00914653018116951
train,1980-12,1981-01,0.022535890340805054,-0.008834078907966614,-0.0029305401258170605,-0.01261366717517376,0.005504644941538572,-0.0014297743327915668,-0.004239590838551521,0.00985479261726141
train,1981-01,1981-02,0.0032419885974377394,-0.00687937717884779,0.011996565386652946,-0.01474573090672493,-0.01899685338139534,0.007280929014086723,3.4569238778203726e-05,0.0021868115290999413
train,1981-02,1981-03,-0.013898483477532864,0.0004462084034457803,0.007317730691283941,-0.01394286472350359,-0.009870683774352074,0.018508359789848328,-0.0034358445554971695,-0.0050501273944973946
train,1981-03,1981-04,-0.003453355748206377,0.00851537100970745,0.007955797016620636,-0.007671731058508158,0.0035711871460080147,-0.004662197548896074,-0.009643638506531715,0.003878716379404068
train,1981-04,1981-05,-0.011842521838843822,0.0022895103320479393,0.003086940385401249,-0.004586460534483194,0.00026994291692972183,0.002165558049455285,-0.003669325727969408,-0.006140035577118397
train,1981-05,1981-06,0.008130836300551891,-0.010401219129562378,0.02161322347819805,-0.024090617895126343,-0.022638965398073196,0.00022949930280447006,-0.004321387503296137,0.010597004555165768
train,1981-06,1981-07,0.004392504226416349,-0.009038490243256092,0.001168535673059523,0.0002007716684602201,-0.0020232871174812317,-0.0018028880003839731,-0.0025309997145086527,0.003461290616542101
train,1981-07,1981-08,0.018159929662942886,-0.011939764022827148,0.007990460842847824,-0.009591944515705109,-0.01391937118023634,-0.012218242511153221,0.005490836687386036,0.008740698918700218
train,1981-08,1981-09,0.00714426813647151,0.0012315998319536448,0.013773086480796337,-0.02215345948934555,-0.021891096606850624,-0.002513810060918331,0.002141855424270034,0.006049266085028648
train,1981-09,1981-10,-0.01580861397087574,0.016194913536310196,-0.006651359144598246,-0.003661123802885413,-0.004693383350968361,0.006341948173940182,0.0016999391373246908,-0.008481636643409729
train,1981-10,1981-11,0.01368832029402256,0.004485654644668102,-0.0020192747469991446,-0.013346352614462376,-0.01907578855752945,-0.010878375731408596,0.014734124764800072,-0.006514749024063349
train,1981-11,1981-12,0.0032194671221077442,0.005164013709872961,-0.0009569211397320032,-0.011957497335970402,-0.005455534439533949,-0.009110680781304836,0.004215224180370569,-0.008421067148447037
train,1981-12,1982-01,0.0028034131973981857,-0.00026128318859264255,0.002828906988725066,-0.009073363617062569,0.0023255872074514627,-0.0019796709530055523,-0.005765133537352085,0.0011167686898261309
train,1982-01,1982-02,0.005787761881947517,0.0017898257356137037,0.018476571887731552,-0.017372485250234604,-0.012690132483839989,-0.0031615891493856907,-0.006139621138572693,0.00220398954115808
train,1982-02,1982-03,0.0027841650880873203,0.001300609321333468,0.004572698380798101,-0.012402364984154701,-0.01004231721162796,-0.0018934665713459253,0.0007939604693092406,-0.007028925232589245
train,1982-03,1982-04,-0.00936198327690363,0.0016785645857453346,0.0006536340806633234,0.004056851379573345,0.0043952688574790955,0.005656871944665909,-0.006444054190069437,-0.0015309482114389539
train,1982-04,1982-05,0.004895229358226061,0.0007163239060901105,0.003406103467568755,-0.0029740086756646633,-0.0006557500455528498,-0.009505697526037693,-0.0029991529881954193,0.0012927884235978127
train,1982-05,1982-06,-0.0002802681119646877,0.003434008453041315,0.010358570143580437,-0.02261013351380825,-0.021782055497169495,-0.0016528329579159617,0.0074598719365894794,-0.008677986450493336
train,1982-06,1982-07,0.0018726564012467861,0.008960912004113197,0.0012619512854143977,-0.015366809442639351,-0.008205794729292393,-0.006744420155882835,0.004692906979471445,-0.008994314819574356
train,1982-07,1982-08,0.005277520976960659,0.0022095723543316126,-0.012645557522773743,-0.011073446832597256,-0.020993249490857124,0.020853549242019653,0.019204378128051758,-0.012900210916996002
train,1982-08,1982-09,0.005497077014297247,0.012432129122316837,0.002051451476290822,-0.01399560272693634,-0.006712781265377998,-0.020657498389482498,0.003966908901929855,-0.012818563729524612
train,1982-09,1982-10,-0.01848204992711544,0.016427285969257355,-0.0035804114304482937,-0.00879295077174902,-0.009267675690352917,0.013712911866605282,0.0051714167930185795,-0.00601245416328311
train,1982-10,1982-11,-0.014115381985902786,0.015472457744181156,0.004196246154606342,-0.015377040952444077,-0.0011200483422726393,-0.008382328785955906,0.0015439415583387017,-0.01975623518228531
train,1982-11,1982-12,-0.005619232077151537,0.000992395682260394,0.0034255918581038713,-0.004665488842874765,-0.0007749219657853246,-0.004471424035727978,-0.002949255285784602,2.7404457796365023e-05
train,1982-12,1983-01,-0.02278224751353264,0.002494803862646222,-0.006309801712632179,0.021255910396575928,0.05671078711748123,0.014035799540579319,-0.038883276283741,0.03816869482398033
train,1983-01,1983-02,0.000217226188397035,0.018688606098294258,0.0005426682764664292,-0.028286930173635483,-0.006714287213981152,-0.01214164774864912,0.006124863401055336,-0.013738760724663734
train,1983-02,1983-03,0.005232628434896469,0.002139618154615164,0.006391709670424461,-0.014988012611865997,0.0028244941495358944,-0.0025741849094629288,-0.01174915675073862,0.0007810159586369991
train,1983-03,1983-04,-0.0021196596790105104,0.0032504298724234104,0.002548505086451769,-0.008661504834890366,0.0023928042501211166,-0.006484683603048325,-0.0035715014673769474,-0.0024397943634539843
train,1983-04,1983-05,-0.0175724346190691,0.005606921389698982,0.004987114109098911,0.006773278117179871,0.025681093335151672,0.010321257635951042,-0.021914126351475716,0.02137616276741028
train,1983-05,1983-06,-0.012694618664681911,0.011810069903731346,0.005342070944607258,-0.006329180207103491,0.006723869126290083,0.0017023460241034627,-0.007290381006896496,0.006268466357141733
train,1983-06,1983-07,0.016824491322040558,0.004694510716944933,0.008450908586382866,-0.013502194546163082,-0.005279910750687122,-0.011081431061029434,-0.004903228487819433,0.016471680253744125
train,1983-07,1983-08,0.01357095967978239,-0.00579750444740057,0.004640291910618544,-0.0050087301060557365,-0.01287786103785038,-0.0011034845374524593,-0.0028017298318445683,0.007823346182703972
train,1983-08,1983-09,0.008512125350534916,0.0013985249679535627,0.00632693013176322,-0.013763763941824436,-0.02148207649588585,-0.008436640724539757,0.005429951474070549,-0.0029007045086473227
train,1983-09,1983-10,0.01867428794503212,0.002876137848943472,0.010948865674436092,-0.01815050095319748,-0.022759009152650833,-0.014064076356589794,0.006013268139213324,0.01003455650061369
train,1983-10,1983-11,-0.007114930544048548,-0.0020458947401493788,0.0041367290541529655,-0.003979548811912537,-0.014903954230248928,0.010976534336805344,0.0010984560940414667,-0.01342807151377201
train,1983-11,1983-12,0.007648557890206575,0.0017594979144632816,0.008496652357280254,-0.013943061232566833,-0.015606101602315903,-0.009871715679764748,0.0033111649099737406,-0.0029583964496850967
train,1983-12,1984-01,0.009836891666054726,-0.0005375122418627143,0.008481377735733986,-0.009108933620154858,0.009264490567147732,-0.0031900578178465366,-0.015030218288302422,0.01939210295677185
train,1984-01,1984-02,0.008659531362354755,-0.00012388767208904028,0.007062895223498344,-0.004727957304567099,-0.004263443872332573,-0.010213661938905716,-0.0014685713686048985,0.004751436412334442
train,1984-02,1984-03,-0.0013081119395792484,-0.0033061110880225897,0.009109682403504848,-0.006369149312376976,-0.008575866930186749,-0.0006943772896192968,-0.004697106312960386,-0.0008565984317101538
train,1984-03,1984-04,0.0011321167694404721,0.0003955431457143277,0.0034941311459988356,-0.008102292194962502,-0.013185139745473862,-0.0077142976224422455,0.002790946513414383,-0.007879238575696945
train,1984-04,1984-05,0.0026199244894087315,0.008849550038576126,0.0046403007581830025,-0.0131874680519104,-0.008750714361667633,-0.009958373382687569,-0.0019277767278254032,0.005891519598662853
train,1984-05,1984-06,-0.009388988837599754,-0.003343520686030388,0.0009339493117295206,-0.007989216595888138,-0.01984359137713909,0.006155075505375862,0.0057963295839726925,-0.00786392018198967
train,1984-06,1984-07,0.012247759848833084,0.010242026299238205,0.0003418230917304754,-0.014898663386702538,-0.01273677684366703,-0.016145702451467514,0.00723992008715868,-0.004409353248775005
train,1984-07,1984-08,-0.02172471210360527,-0.018184224143624306,0.005135326646268368,0.003638435620814562,-0.021716348826885223,0.025827061384916306,-0.0019846889190375805,-0.009647548198699951
train,1984-08,1984-09,0.016681302338838577,0.0034676820505410433,-0.00041215214878320694,-0.012547509744763374,-0.005874840077012777,-0.016478389501571655,0.00600091740489006,-0.0072158086113631725
train,1984-09,1984-10,0.012592899613082409,0.00650642579421401,-0.0060868277214467525,-0.013877598568797112,-0.014476523734629154,-0.01467398926615715,0.01324365846812725,-0.011820503510534763
train,1984-10,1984-11,0.013750776648521423,0.0033193184062838554,-0.0014994388911873102,-0.01655121147632599,-0.01755976304411888,-0.020094970241189003,0.01352392416447401,-0.017090827226638794
train,1984-11,1984-12,0.0012472332455217838,-0.001039228867739439,0.0007689069025218487,-0.008790801279246807,-0.009028628468513489,-0.00028337351977825165,0.0012003884185105562,-0.010035702958703041
train,1984-12,1985-01,-0.016620971262454987,-0.007458979729562998,-0.012553700245916843,0.007593674119561911,0.009270808659493923,0.01937144435942173,-0.00016418448649346828,0.010416870936751366
train,1985-01,1985-02,-0.0034602568484842777,0.017046352848410606,-0.0036856692750006914,-0.013926912099123001,0.012684318237006664,-0.0015496039995923638,-0.009871028363704681,0.014931201934814453
train,1985-02,1985-03,0.012158112600445747,0.0049273003824055195,0.0013656991068273783,-0.007890946231782436,-0.003077233675867319,-0.014009317383170128,-0.0019094472518190742,-0.00019529531709849834
train,1985-03,1985-04,0.014994589611887932,-0.002689721994102001,-0.0028015016578137875,-0.002735980087891221,-0.002664748812094331,-0.015107088722288609,0.005453851073980331,-0.007933100685477257
train,1985-04,1985-05,-0.004530899226665497,-0.005439490079879761,0.0013717621332034469,-0.0020199748687446117,-0.015231076627969742,0.003351687453687191,0.0008011723402887583,-0.010728327557444572
train,1985-05,1985-06,0.007010655477643013,-0.0014192662201821804,5.8121251640841365e-05,-0.002266602125018835,-0.013283070176839828,-0.008291782811284065,0.007484764792025089,-0.011250972747802734
train,1985-06,1985-07,-0.002434617141261697,-0.0013414372224360704,-0.0013673598878085613,-0.0008555719978176057,-0.0001521262456662953,-0.002871180884540081,0.0014049659948796034,-0.001937245950102806
train,1985-07,1985-08,0.009580173529684544,0.005267927423119545,-0.005256580654531717,-0.007905935868620872,0.000721513875760138,-0.012957547791302204,0.005866572260856628,-0.005109942518174648
train,1985-08,1985-09,0.011423435993492603,0.0037654240150004625,0.0037216709461063147,-0.012138375081121922,-0.013101419433951378,-0.012360803782939911,0.003071343991905451,-0.003012923989444971
train,1985-09,1985-10,0.0005056640366092324,-0.00681206863373518,0.0017235997365787625,-0.000398182834032923,-0.014550735242664814,-0.0011270808754488826,0.006019541062414646,-0.013883224688470364
train,1985-10,1985-11,-0.002952447859570384,-0.005768266972154379,-0.0023495431523770094,-0.005466630682349205,-0.010736767202615738,0.00429724995046854,0.0044149793684482574,-0.014406220987439156
train,1985-11,1985-12,0.0013992793392390013,0.0045709568075835705,-0.011966370046138763,-0.0047403546050190926,-0.008095412515103817,-0.007058419287204742,0.014862613752484322,-0.012623285874724388
train,1985-12,1986-01,0.0024929193314164877,0.013375328853726387,-0.013780600391328335,-0.009026434272527695,0.016790304332971573,-0.007737067528069019,0.0001458285842090845,0.005377842579036951
train,1986-01,1986-02,-0.0002412011381238699,-0.0012984368950128555,-0.0031540710479021072,-0.010815158486366272,-0.004494580440223217,-0.0007972099119797349,0.0044533987529575825,-0.010094232857227325
train,1986-02,1986-03,-0.0009509987430647016,0.0004395126015879214,-9.313144255429506e-05,-0.005216474179178476,-0.0011008302681148052,-0.0012682171072810888,-0.0017448797589167953,-0.006097441539168358
train,1986-03,1986-04,-0.0010842542396858335,0.016508527100086212,-0.0069650569930672646,-0.009451053105294704,0.0022367455530911684,-0.012514634057879448,0.006489304825663567,0.0011452557519078255
train,1986-04,1986-05,-0.0022351748775690794,0.0008515699300915003,0.003220572602003813,-0.0031353970989584923,-0.0035608666948974133,-0.004002571105957031,-0.0030927304178476334,-0.0009447202319279313
train,1986-05,1986-06,0.007868192158639431,0.011672353371977806,-0.0014870882732793689,-0.010933023877441883,-0.00045845145359635353,-0.016888532787561417,0.003380134701728821,-0.0031481385231018066
train,1986-06,1986-07,0.01407685037702322,0.010777890682220459,0.0024431501515209675,-0.01557849533855915,-0.004370533861219883,-0.016497105360031128,0.001227387459948659,0.0069063142873346806
train,1986-07,1986-08,0.0033717011101543903,-0.018128277733922005,0.009346842765808105,0.0024735676124691963,-0.01577090099453926,0.01264716126024723,-0.007094339467585087,-0.004853229969739914
train,1986-08,1986-09,0.004878543317317963,-0.002807122655212879,0.016268398612737656,-0.010572945699095726,-0.008321377448737621,-0.003093681763857603,-0.007126109674572945,0.007556997239589691
train,1986-09,1986-10,-0.009194033220410347,-0.008764887228608131,-0.0013380211312323809,0.000689988024532795,-0.014363782480359077,0.008722326718270779,0.0038138634990900755,-0.01704094558954239
train,1986-10,1986-11,-0.0032547612208873034,-0.0010247366735711694,0.0003492431715130806,-0.008070817217230797,-0.012839064933359623,0.005490710027515888,0.003190377727150917,-0.006437299773097038
train,1986-11,1986-12,0.00241283280774951,-0.0017699194140732288,0.0014904362615197897,-0.009677665308117867,-0.009814918041229248,-0.000883581000380218,0.001208944828249514,-0.005308807827532291
train,1986-12,1987-01,-0.004373230040073395,-0.005941316485404968,-0.004572971723973751,0.005157461389899254,0.0026767835952341557,0.01012079045176506,-0.00201626168563962,-0.00619858643040061
train,1987-01,1987-02,-0.017526376992464066,0.0016264414880424738,-0.00019282056018710136,-0.0029168124310672283,0.007862288504838943,0.00935501977801323,-0.009830530732870102,0.00242207245901227
train,1987-02,1987-03,-0.00162767234724015,0.004382304847240448,0.011645334772765636,-0.00541487243026495,0.00018584635108709335,-0.0020756907761096954,-0.008583341725170612,0.015030335634946823
train,1987-03,1987-04,-0.004981350153684616,0.00028998684138059616,0.010362452827394009,-0.008318692445755005,0.0014008911093696952,-0.0031509872060269117,-0.007701110560446978,-0.0007329035433940589
train,1987-04,1987-05,-0.011459743604063988,0.00528840022161603,0.016411516815423965,-0.006996086798608303,-0.006365081295371056,0.009434470906853676,-0.015225096605718136,0.00875463429838419
train,1987-05,1987-06,-0.0022084841039031744,-0.005050491541624069,0.00963551551103592,-0.0037730461917817593,-0.013535257428884506,0.0064946748316287994,-0.004986729938536882,0.002206187229603529
train,1987-06,1987-07,-0.008617274463176727,-0.002249648794531822,0.019625280052423477,-0.005378684960305691,-0.0038358611054718494,0.009735239669680595,-0.018989790230989456,0.004137455020099878
train,1987-07,1987-08,0.0019380126614123583,-0.007621333003044128,-0.0009180183988064528,-0.0060035292990505695,-0.01160413771867752,-0.0011423022951930761,0.005115214269608259,-0.01106018666177988
train,1987-08,1987-09,-0.006802334915846586,0.0008854667539708316,0.007416073698550463,-0.00804128497838974,-0.0026193903759121895,0.0007306954939849675,-0.006989273242652416,-0.00013764447066932917
train,1987-09,1987-10,0.04194992035627365,0.007394370622932911,-0.0091426195576787,-0.019985727965831757,-0.003714661579579115,-0.03339643403887749,0.01086115837097168,0.00946457963436842
train,1987-10,1987-11,0.006709009408950806,0.0020287525840103626,0.002293173223733902,-0.015783274546265602,-0.009293667040765285,-0.014003382064402103,0.005599682219326496,-0.005460175219923258
train,1987-11,1987-12,-0.027376893907785416,-0.021400051191449165,0.0008335002930834889,0.01095341145992279,-0.027271529659628868,0.020993242040276527,0.008869275450706482,-0.04038235917687416
train,1987-12,1988-01,0.007959060370922089,0.0010860520415008068,-0.003660520538687706,0.001093570375815034,0.019263114780187607,0.0067591886036098,-0.009581228718161583,0.019728679209947586
train,1988-01,1988-02,-0.010440214537084103,-0.013948715291917324,0.0019468318205326796,0.005588838364928961,-0.010546182282269001,0.01530776359140873,-0.0009272882016375661,-0.008142267353832722
train,1988-02,1988-03,-0.0064847152680158615,0.006365701090544462,0.0036428472958505154,-0.012436368502676487,0.0017847234848886728,6.317370571196079e-05,-0.006070795003324747,0.0033012148924171925
train,1988-03,1988-04,-0.004468793049454689,-6.922928150743246e-05,0.004782942123711109,-0.006981983315199614,-0.0015154769644141197,-0.0006314650527201593,-0.0038912747986614704,-0.006419170647859573
train,1988-04,1988-05,0.008401027880609035,0.0007915255846455693,0.002059122547507286,-0.011949669569730759,-0.002986325416713953,-0.006307104602456093,-0.001537545002065599,-0.005055558867752552
train,1988-05,1988-06,-0.007477776147425175,-0.017353080213069916,0.002394538838416338,0.0008910703472793102,-0.013120122253894806,0.007754815276712179,0.003074212931096554,-0.013709797523915768
train,1988-06,1988-07,0.008241905830800533,0.005445805378258228,-0.005348787643015385,0.001789113855920732,0.008592438884079456,-0.009388323873281479,0.002457309514284134,0.00021081767044961452
train,1988-07,1988-08,0.010042143985629082,0.0009120901813730597,-0.0015515254344791174,-0.009663857519626617,0.0011330596171319485,-0.009199472144246101,0.0009030555374920368,0.00020601379219442606
train,1988-08,1988-09,-0.002896539866924286,-0.005199183244258165,0.0034505832009017467,-0.005773297045379877,-0.010890956968069077,0.004597839899361134,0.0019681258127093315,-0.004579802509397268
train,1988-09,1988-10,0.006489683873951435,-0.005666499026119709,0.0033157519064843655,-0.004509796854108572,-0.015210781246423721,-0.005437646061182022,0.005804631393402815,-0.011719672940671444
train,1988-10,1988-11,0.007782106753438711,-0.0007037057657726109,0.0015804821159690619,-0.004119540099054575,-0.006370618008077145,-0.008198827505111694,0.005963279865682125,-0.007596462965011597
train,1988-11,1988-12,-0.017987625673413277,-0.0037299261894077063,0.004535271320492029,-0.006945059169083834,-0.011655471287667751,0.013455571606755257,-0.005442851223051548,-0.011504165828227997
train,1988-12,1989-01,-0.010698627680540085,-0.0016424395143985748,0.011059694923460484,-0.004843465983867645,0.006697951350361109,0.01598528027534485,-0.019120803102850914,0.01475109625607729
train,1989-01,1989-02,-0.004450470209121704,0.006899191066622734,0.0053681014105677605,-0.008509315550327301,-0.004620553459972143,0.0002486741868779063,-0.007377326488494873,0.0044135479256510735
train,1989-02,1989-03,-0.0040969946421682835,-0.004019451327621937,0.008063185960054398,-0.005771713797003031,-0.006746908184140921,0.0026644577737897635,-0.005397097207605839,-0.003565466031432152
train,1989-03,1989-04,-0.008471724577248096,-0.006778540089726448,0.008252015337347984,-0.006322178058326244,-0.014387551695108414,0.008256325498223305,-0.003380460198968649,-0.0034099603071808815
train,1989-04,1989-05,-0.006704904139041901,-0.002827797085046768,0.006361483596265316,-0.005869999527931213,-0.010680095292627811,0.007097652181982994,-0.0041424864903092384,-0.005992342717945576
train,1989-05,1989-06,0.013527514412999153,0.006250517908483744,-0.0011857401113957167,-0.0067766886204481125,0.0012256510090082884,-0.012051889672875404,0.0001384614733979106,0.005082986317574978
train,1989-06,1989-07,-0.003263329155743122,-0.008436576463282108,0.0037558076437562704,0.0017144570592790842,-0.017592981457710266,-0.0027716374024748802,0.0062927668914198875,-0.01706470549106598
train,1989-07,1989-08,0.0028450083918869495,-0.008035523816943169,-0.00399826793000102,-0.0006881567533127964,-0.007365969009697437,-0.0039573488757014275,0.008651061914861202,-0.011492934077978134
train,1989-08,1989-09,-0.0035867264959961176,0.006396086886525154,-0.0003749377792701125,-0.0037481796462088823,0.0004546716809272766,-0.0078004226088523865,-0.0017798078479245305,-0.0003781476989388466
train,1989-09,1989-10,-0.0013251963537186384,0.014253966510295868,0.0027490865904837847,-0.007192868739366531,-0.005228729918599129,-0.011343236081302166,-0.0004716911935247481,0.011697806417942047
train,1989-10,1989-11,-0.0038273122627288103,-0.0027307847049087286,-0.00020605348981916904,0.0021801453549414873,-0.011957712471485138,-0.003667794167995453,0.0065024178475141525,-0.010053669102489948
train,1989-11,1989-12,-0.014657504856586456,-0.0005787938134744763,0.010941771790385246,-0.008674453012645245,-0.025353241711854935,0.006733252666890621,-0.0006386105087585747,-0.008210971020162106
train,1989-12,1990-01,0.005482670851051807,0.012641978450119495,0.001931315753608942,-0.008720384910702705,0.017078768461942673,-0.01008369866758585,-0.012174810282886028,0.017752755433321
train,1990-01,1990-02,-0.011171429418027401,-0.0033981960732489824,0.006186384242027998,-0.006246628705412149,-0.003948236349970102,0.0091796163469553,-0.008335989899933338,-0.005374608561396599
train,1990-02,1990-03,-0.021864207461476326,-0.0009185036178678274,0.004713026341050863,-0.006116302218288183,-0.011601156555116177,0.015153750777244568,-0.004445077385753393,-0.004961702972650528
train,1990-03,1990-04,-0.008207634091377258,0.015024799853563309,0.003530158195644617,-0.003981436137109995,0.002721509663388133,-0.003093841951340437,-0.0036567356437444687,0.015521401539444923
train,1990-04,1990-05,-0.02749982476234436,-0.014337187632918358,0.008598485961556435,0.0058987932279706,-0.02108721435070038,0.023502815514802933,-0.003625096520408988,-0.011447819881141186
train,1990-05,1990-06,-0.011294055730104446,0.012358134612441063,0.004558338318020105,-0.0035291111562401056,-0.001158991944976151,0.0005106528988108039,-0.00784965418279171,0.005635878536850214
train,1990-06,1990-07,-0.00034303904976695776,0.011144483461976051,0.006703232415020466,-0.010057189501821995,-0.0004980855737812817,-0.005978759378194809,-0.009765450842678547,0.005470155738294125
train,1990-07,1990-08,0.01487528532743454,0.009655766189098358,0.007721968926489353,-0.013954512774944305,0.0059218090027570724,-0.023705948144197464,-0.011074471287429333,0.008520061150193214
train,1990-08,1990-09,0.0024427876342087984,0.016875727102160454,0.009561890736222267,-0.0123245008289814,-0.00511220283806324,-0.01625126227736473,-0.005497822538018227,0.01092358585447073
train,1990-09,1990-10,-0.003321379190310836,-0.0014098540414124727,0.00402325764298439,-0.003762178122997284,-0.013541338965296745,-0.002674417570233345,0.004093193914741278,1.3944227248430252e-06
train,1990-10,1990-11,-0.011212412267923355,-0.016921818256378174,-0.0018523583421483636,0.006671321112662554,-0.018216077238321304,0.027131710201501846,0.0005873385234735906,-0.01349415723234415
train,1990-11,1990-12,-0.014265422709286213,-0.009875092655420303,0.004053439479321241,-0.008115779608488083,-0.033399567008018494,0.004454882815480232,0.013217059895396233,-0.026079749688506126
train,1990-12,1991-01,-0.025340687483549118,-0.016453493386507034,0.007285174913704395,-0.009946666657924652,-0.003166541224345565,0.04423044994473457,-0.017907818779349327,0.0013158535584807396
train,1991-01,1991-02,-0.00825968012213707,-0.006457473151385784,-0.006464673671871424,0.0028128980193287134,0.027555378153920174,0.032722651958465576,-0.023386914283037186,0.015684418380260468
train,1991-02,1991-03,-0.012277010828256607,0.019976045936346054,0.0039632609114050865,-0.01611759327352047,0.008517855778336525,0.01284824963659048,-0.013740424066781998,0.012890750542283058
train,1991-03,1991-04,0.0036683822982013226,0.023356741294264793,-0.00014273589476943016,-0.009981343522667885,0.01578786037862301,-0.00609705550596118,-0.013218426145613194,0.020622391253709793
train,1991-04,1991-05,-0.005432472564280033,-0.0031871299725025892,0.007206273265182972,-0.00976282823830843,-0.016591506078839302,-0.001791441347450018,0.0016272435896098614,-0.005905112251639366
train,1991-05,1991-06,0.007141075097024441,0.012336490675807,0.00530761806294322,-0.00010514390305615962,0.0009025213657878339,-0.009157675318419933,-0.0042198351584374905,0.01392524316906929
train,1991-06,1991-07,-0.005378429312258959,-0.005655086599290371,0.006617595441639423,-0.0007337237475439906,0.0035760519094765186,-0.0017896483186632395,-0.007611880078911781,-0.005429028533399105
train,1991-07,1991-08,-0.007358563132584095,-0.00030688790138810873,0.004350993316620588,0.0002695426228456199,0.007686000317335129,0.007318141404539347,-0.013637250289320946,-0.0016001835465431213
train,1991-08,1991-09,-0.007461478002369404,0.014616237953305244,-0.0043797981925308704,0.001098011271096766,0.009971579536795616,-0.005233327392488718,-0.003198168706148863,0.0035145077854394913
train,1991-09,1991-10,-0.0025895198341459036,0.009523995220661163,-0.008259449154138565,-0.001011350192129612,0.009136359207332134,-0.00034070154651999474,-0.0017883419059216976,0.004417805001139641
train,1991-10,1991-11,-0.00068039505276829,0.019942177459597588,0.005771077238023281,-0.010296549648046494,0.0035077284555882215,-0.012380755506455898,-0.006783965975046158,0.011749018914997578
train,1991-11,1991-12,-0.01570141315460205,-0.02146786078810692,-0.00021691143047064543,0.007790314964950085,-0.025620903819799423,0.011662095785140991,0.011070579290390015,-0.03836540877819061
train,1991-12,1992-01,-0.013133827596902847,0.02539224922657013,0.020877722650766373,-0.03379335254430771,0.07362248748540878,0.034183207899332047,-0.06837523728609085,0.034662652760744095
train,1992-01,1992-02,-0.0012761307880282402,0.01585613377392292,0.013267457485198975,-0.028968404978513718,0.006267590448260307,0.006161464378237724,-0.020076965913176537,0.007999700494110584
train,1992-02,1992-03,0.008392764255404472,0.00939366314560175,0.01841667853295803,-0.018804490566253662,0.0005193351535126567,-0.012580742128193378,-0.013672620989382267,0.017037635669112206
train,1992-03,1992-04,0.021016672253608704,0.0005392392631620169,0.011865131556987762,-0.016191838309168816,-0.016862686723470688,-0.015463276766240597,5.96481841057539e-05,0.006798975169658661
train,1992-04,1992-05,0.0036850720643997192,0.0004605782451108098,0.006025005131959915,-0.007058410905301571,-0.00033501809230074286,-0.0022245144937187433,-0.0057355137541890144,0.0060208747163414955
train,1992-05,1992-06,0.017468880861997604,0.0033477311953902245,0.00590434530749917,-0.011963414028286934,-0.01178771909326315,-0.017705027014017105,0.007478271145373583,0.0030060559511184692
train,1992-06,1992-07,0.00886626448482275,-0.004217856097966433,-0.007572278380393982,0.0010468903928995132,-0.006457501091063023,-0.00933496281504631,0.014069800265133381,-0.012456975877285004
train,1992-07,1992-08,0.013127351179718971,0.005401734262704849,-0.009299617260694504,-0.005243747960776091,-0.00798293761909008,-0.008392659947276115,0.012184275314211845,0.003805997781455517
train,1992-08,1992-09,-0.004709785338491201,-0.003210631897673011,0.0017107363091781735,-0.001557846087962389,-0.004680108278989792,0.0005614696419797838,0.000604777131229639,-0.003961255773901939
train,1992-09,1992-10,-0.004911244846880436,-0.0006591359851881862,-0.007864740677177906,0.0002648915397003293,-0.0028500044718384743,0.0006021977751515806,0.005277211777865887,-0.017365816980600357
train,1992-10,1992-11,-0.013058500364422798,-0.0006380542181432247,-0.008474891074001789,-0.0037892055697739124,0.00217730482108891,0.00923169031739235,0.0016608560690656304,-0.015582490712404251
train,1992-11,1992-12,0.005201008170843124,0.0023986068554222584,0.0033455106895416975,-0.01405156310647726,0.0026398533955216408,-0.007492132484912872,-0.0021405317820608616,-0.00944679044187069
train,1992-12,1993-01,0.004542971961200237,0.023831309750676155,0.0057042608968913555,-0.027464555576443672,0.02160581201314926,-0.006217717193067074,-0.02009396441280842,0.009206457994878292
train,1993-01,1993-02,0.013063361868262291,0.0007360866875387728,0.017145244404673576,-0.01508469507098198,-0.0038984855636954308,-0.007053028792142868,-0.014833233319222927,0.004695741459727287
train,1993-02,1993-03,0.004042660351842642,0.0024936473928391933,0.0023527208250015974,-0.007215948775410652,0.0008817696943879128,-0.010219806805253029,-0.0020299479365348816,-0.006229059305042028
train,1993-03,1993-04,0.0025338437408208847,0.009752843528985977,0.006021782755851746,-0.0061526852659881115,0.0036683802027255297,-0.010130021721124649,-0.005877982825040817,0.008781379088759422
train,1993-04,1993-05,-0.02201429009437561,-0.0037200781516730785,0.007190767675638199,0.004195018671452999,-0.0020362003706395626,0.01983589492738247,-0.012371530756354332,0.005049514584243298
train,1993-05,1993-06,-0.006141583435237408,0.005432350095361471,0.00881311483681202,-0.009368344210088253,-0.0021350339520722628,-0.003096509026363492,-0.005297555588185787,0.0008584702736698091
train,1993-06,1993-07,0.007835821248590946,0.005073476117104292,0.0035158121027052402,-0.013956615701317787,0.002416422124952078,-0.011263172142207623,-0.003326076315715909,0.0011723763309419155
train,1993-07,1993-08,-0.0064707547426223755,-0.0032813558354973793,-0.0005675273714587092,0.01038157194852829,0.010538524948060513,-0.0009986802469938993,-0.007553732022643089,-0.007987404242157936
train,1993-08,1993-09,-0.004040075000375509,0.009040526114404202,-0.0039032490458339453,-0.0102842403575778,0.005204434506595135,-0.008430661633610725,0.002143559977412224,-0.003464161418378353
train,1993-09,1993-10,-0.01161497924476862,0.012619296088814735,0.0005945456796325743,-0.006834067404270172,0.005082173738628626,0.008613061159849167,-0.008657388389110565,0.006014272104948759
train,1993-10,1993-11,-0.0007921864744275808,0.0031028706580400467,0.0035326879005879164,-0.012585440650582314,-0.008200576528906822,0.004043789580464363,-0.0009487422648817301,-0.003275711555033922
train,1993-11,1993-12,0.0003829393535852432,-0.0032432659063488245,0.003965568263083696,-0.00697603914886713,-0.018268832936882973,-0.0009428474004380405,0.0052861678414046764,-0.01107017695903778
train,1993-12,1994-01,-0.003282352350652218,0.002906033070757985,0.006010322831571102,-0.013490797951817513,0.0066867368295788765,0.004464486613869667,-0.009410224854946136,0.0021272264420986176
train,1994-01,1994-02,-0.004289926029741764,0.0010338707361370325,0.004616633057594299,-0.012676723301410675,-0.008262569084763527,0.0016312544466927648,-0.001149468240328133,-0.003936366643756628
train,1994-02,1994-03,0.008362216874957085,0.004382722079753876,0.004220420029014349,-0.01429898664355278,0.00026720017194747925,-0.0068852584809064865,-0.003487673820927739,0.006365380249917507
train,1994-03,1994-04,0.004853364080190659,-0.0077250683680176735,0.01005063857883215,-0.013297177851200104,-0.02121882326900959,-0.00841864850372076,0.004510675556957722,-0.008380834944546223
train,1994-04,1994-05,0.007199025712907314,0.003947645425796509,0.003662684466689825,-0.01118786446750164,9.56656294874847e-05,-0.006042742636054754,-0.005119644105434418,0.003301717806607485
train,1994-05,1994-06,0.018779488280415535,0.0075161270797252655,0.0012440243735909462,-0.013222604990005493,-0.004366670735180378,-0.022669276222586632,0.009103619493544102,0.002034631557762623
train,1994-06,1994-07,-0.0014450752642005682,-0.0031211944296956062,0.004576499108225107,-0.0008006410207599401,-0.006424684543162584,0.001998047111555934,-0.0011825929395854473,-0.007836034521460533
train,1994-07,1994-08,-0.010649224743247032,-0.011643506586551666,-0.005861572455614805,0.0021787211298942566,-0.002638532780110836,0.010642568580806255,-0.003540678881108761,-0.010812049731612206
train,1994-08,1994-09,-0.006694807205349207,0.004952855408191681,0.0013795935083180666,-0.012951657176017761,0.0003453658428043127,-0.004009675234556198,-0.0022279242984950542,-0.0011350656859576702
train,1994-09,1994-10,-0.0077635543420910835,-0.002593652345240116,-0.0014430086594074965,-0.011001807637512684,-0.01240409817546606,3.3984018955379725e-05,0.005900771822780371,-0.009936075657606125
train,1994-10,1994-11,-0.0073873791843652725,0.0020872915629297495,0.004563853144645691,-0.010929157957434654,-0.012693632394075394,-0.0019347094930708408,-0.0004647019086405635,-0.005181699059903622
train,1994-11,1994-12,-0.0009589322144165635,-0.005241984501481056,0.010609522461891174,-0.015364774502813816,-0.022836467251181602,-0.004999764263629913,0.004279423505067825,-0.015391195192933083
train,1994-12,1995-01,0.0009085368365049362,0.015352126210927963,1.2019416317343712e-05,-0.013002805411815643,0.014764559455215931,0.008366428315639496,-0.01622072048485279,0.02334737591445446
train,1995-01,1995-02,-0.0018569508101791143,-0.003637949237599969,0.006683883722871542,-0.003497327910736203,-0.006728990003466606,0.002476912224665284,-0.006188470870256424,-0.00238067377358675
train,1995-02,1995-03,-0.005146043840795755,0.0020178130362182856,-0.003394699888303876,-0.0009328820742666721,-0.0019705393351614475,-0.0011515525402501225,0.002200809773057699,-0.006270607002079487
train,1995-03,1995-04,-0.0005768771516159177,-0.00017333566211163998,0.004028851166367531,-0.013452275656163692,-0.003455841913819313,-0.0036983436439186335,-0.0004544290713965893,-0.006178646814078093
train,1995-04,1995-05,-0.0017215233528986573,0.004335531033575535,0.004524202086031437,-0.00797575619071722,-0.0025074942968785763,-0.0015285355038940907,-0.0074362363666296005,-0.0008703704224899411
train,1995-05,1995-06,-0.017586877569556236,0.0036038251128047705,-0.00988866202533245,0.004370342940092087,0.012472240254282951,0.009057983756065369,-0.007044857367873192,-0.0019946752581745386
train,1995-06,1995-07,-0.012085886672139168,0.005022800527513027,-0.011831673793494701,0.004530358128249645,0.013729829341173172,0.0004289563512429595,-0.0022850660607218742,-0.008941379375755787
train,1995-07,1995-08,-0.0007749575888738036,0.015356520190834999,0.008169665932655334,-0.010170090943574905,0.008334447629749775,-0.004115151707082987,-0.015243000350892544,0.012553958222270012
train,1995-08,1995-09,-0.004941774066537619,0.011499934829771519,0.00600565318018198,-0.010757685638964176,0.009064104408025742,0.001346161006949842,-0.014498932287096977,0.0051070572808384895
train,1995-09,1995-10,0.021453458815813065,0.010067482478916645,0.007298148237168789,-0.02226428873836994,-0.013810538686811924,-0.028625695034861565,0.006855148822069168,-0.002441732445731759
train,1995-10,1995-11,0.006186357699334621,-0.002714645117521286,-0.0008003609254956245,-0.00021788410958833992,-0.017107130959630013,-0.008924698457121849,0.011959301307797432,-0.017135966569185257
train,1995-11,1995-12,-0.0010902471840381622,0.008332150988280773,0.010638417676091194,-0.009269000962376595,-0.006989882793277502,-0.007479362189769745,-0.004419822711497545,0.0009211504366248846
train,1995-12,1996-01,-0.006336003541946411,0.00828179158270359,0.0023486847057938576,-0.004563841037452221,0.018587861210107803,0.00742989219725132,-0.021133698523044586,0.02065115235745907
train,1996-01,1996-02,-0.014046922326087952,0.00596393970772624,-0.0037831226363778114,-0.002310495125129819,0.010440276935696602,0.008088577538728714,-0.007620357908308506,-0.0015223685186356306
train,1996-02,1996-03,-0.0068544913083314896,-0.0018528569489717484,0.005098126828670502,-0.004231257364153862,-0.004266024567186832,0.009617529809474945,-0.004222165793180466,0.00820835679769516
train,1996-03,1996-04,-0.02438792958855629,-0.0023565420415252447,-0.018789585679769516,0.005167548079043627,0.007750055752694607,0.02108566090464592,0.0028567365370690823,-0.015310361050069332
train,1996-04,1996-05,-0.019644979387521744,0.005890826694667339,-0.01020580343902111,-0.0036752852611243725,0.02173748053610325,0.017217205837368965,-0.011279037222266197,0.0047835600562393665
train,1996-05,1996-06,0.018384719267487526,0.00237818225286901,0.017213836312294006,-0.02023020014166832,-0.016362376511096954,-0.014698753133416176,-0.0019412761321291327,0.010746954940259457
train,1996-06,1996-07,0.02079879865050316,-0.0027578475419431925,0.030320221558213234,-0.026488851755857468,-0.025675058364868164,-0.016586655750870705,-0.011572262272238731,0.01655459590256214
train,1996-07,1996-08,-0.00364692066796124,-0.003971096593886614,-0.004383491817861795,0.0028550680726766586,-0.0007831475813873112,-7.730760262347758e-05,0.0034271019976586103,-0.008878901600837708
train,1996-08,1996-09,-0.0015442697331309319,0.0006228953716345131,-0.0055147809907794,-0.0010811875108629465,-0.004539643879979849,-0.002613141667097807,0.00661114975810051,-0.009458980523049831
train,1996-09,1996-10,0.01770179159939289,-0.002210866194218397,0.023401157930493355,-0.02496909722685814,-0.025335712358355522,-0.019441496580839157,-0.003919873386621475,-0.0007180648972280324
train,1996-10,1996-11,0.0025467476807534695,-0.009663043543696404,0.01551446970552206,-0.011178879998624325,-0.021655643358826637,0.000813901424407959,-0.0029475605115294456,-0.005812983959913254
train,1996-11,1996-12,0.005648007616400719,0.00713071133941412,0.0055506168864667416,-0.014837483875453472,-0.023971250280737877,-0.01715186983346939,0.01434441190212965,-0.013399574905633926
train,1996-12,1997-01,-0.012422475963830948,0.003386010183021426,-0.006222514435648918,0.003267086111009121,0.026585306972265244,0.01553991436958313,-0.017790406942367554,0.0198640376329422
train,1997-01,1997-02,0.022600673139095306,0.004184622783213854,0.01911807805299759,-0.016610685735940933,-0.007235073484480381,-0.016859270632267,-0.008519824594259262,0.012563672848045826
train,1997-02,1997-03,0.012140348553657532,-0.00298101338557899,0.02145853266119957,-0.020705781877040863,-0.017168888822197914,-0.012490229681134224,-0.007173015736043453,0.0006262795068323612
train,1997-03,1997-04,0.00442955456674099,-0.0008414591429755092,0.018723513931035995,-0.00994262658059597,-0.023397088050842285,-0.008564439602196217,-0.00267175305634737,-0.0016997756902128458
train,1997-04,1997-05,-0.019523359835147858,-0.011201465502381325,-0.017866434529423714,0.014082959853112698,-0.000541231594979763,0.020518828183412552,0.0052551403641700745,-0.015520277433097363
train,1997-05,1997-06,0.010537255555391312,-0.0008583291200920939,0.005719663575291634,-0.009611854329705238,-0.009358486160635948,-0.014899302273988724,0.004861564375460148,-0.011919975280761719
train,1997-06,1997-07,-0.005052011460065842,-0.004422328434884548,0.006711057387292385,-0.0026759053580462933,-0.012085984461009502,0.004586280323565006,0.0014869521837681532,-0.0061220331117510796
train,1997-07,1997-08,-0.0124503243714571,0.002784131094813347,-0.0009238956845365465,-0.006449488922953606,0.010110985487699509,0.006732587702572346,-0.009838718920946121,0.005759781692177057
train,1997-08,1997-09,-0.007154207210987806,0.005792954470962286,0.002007972914725542,-0.0039000872056931257,0.007917540147900581,-0.002694680355489254,-0.008944674395024776,3.01648979075253e-05
train,1997-09,1997-10,0.015195820480585098,0.011343477293848991,0.01135304570198059,-0.013603825122117996,0.009886471554636955,-0.009407156147062778,-0.015254378318786621,0.01670418307185173
train,1997-10,1997-11,0.02007131464779377,-0.004804566036909819,0.015277750790119171,-0.02061876468360424,-0.028105299919843674,-0.017868898808956146,0.005535902921110392,-0.01123267225921154
train,1997-11,1997-12,0.04208884760737419,-0.005095810629427433,0.022117160260677338,-0.016408352181315422,-0.03687170520424843,-0.041101034730672836,0.01279452908784151,-0.020243437960743904
train,1997-12,1998-01,-0.01121651753783226,0.002113387919962406,-0.009709405712783337,0.0074106925167143345,0.024895787239074707,0.020060338079929352,-0.013187820091843605,0.015736185014247894
train,1998-01,1998-02,-0.00818688329309225,-0.006333868019282818,-0.0021589635871350765,0.004451543092727661,-0.004977335687726736,0.006686586886644363,0.0013464572839438915,-0.01132297609001398
train,1998-02,1998-03,-0.0020006182603538036,0.0019107102416455746,0.006079366430640221,-0.0050219264812767506,-0.002805994590744376,-0.0024852107744663954,-0.0008200182346627116,0.00349118048325181
train,1998-03,1998-04,-0.001543296966701746,0.013431575149297714,-0.003913456574082375,-0.011354835703969002,0.003198083955794573,0.003425025613978505,-0.0023073507472872734,0.003834088332951069
train,1998-04,1998-05,0.010958435945212841,0.006869895849376917,0.01491263136267662,-0.017559628933668137,-0.009840348735451698,-0.012477361597120762,-0.003028991399332881,0.006660446524620056
train,1998-05,1998-06,-0.0014955773949623108,-0.0028535870369523764,0.011196741834282875,-0.000966558582149446,-0.021852746605873108,-0.006948815658688545,0.004409335553646088,-0.012970647774636745
train,1998-06,1998-07,0.013694440945982933,0.011811897158622742,0.008350269868969917,-0.014753645285964012,0.0018815589137375355,-0.014276372268795967,-0.006268737372010946,0.009022697806358337
train,1998-07,1998-08,0.031077489256858826,0.013668062165379524,0.024368584156036377,-0.03645927459001541,-0.03357088565826416,-0.030477365478873253,0.010228496044874191,0.0041951448656618595
train,1998-08,1998-09,-0.020958533510565758,-0.0066581424325704575,-0.003518520388752222,0.019229600206017494,-0.0015369493048638105,0.01755438558757305,-0.01106196641921997,-0.0018672007136046886
train,1998-09,1998-10,-0.009418242610991001,-0.01843029260635376,-0.017569389194250107,0.019256211817264557,-0.006456107832491398,0.018877122551202774,0.00891293864697218,-0.01638883724808693
train,1998-10,1998-11,-0.032013826072216034,-0.001488102599978447,-0.01931634359061718,-0.005194300319999456,0.018191276118159294,0.02285926043987274,-0.0076915184035897255,-0.005756222642958164
train,1998-11,1998-12,-0.016065511852502823,0.0008784009842202067,-0.008518217131495476,0.00364983850158751,-0.010128865949809551,0.001861223136074841,0.014650735072791576,-0.026476401835680008
train,1998-12,1999-01,-0.037110328674316406,0.02063240483403206,-0.017048882320523262,-0.0032471518497914076,0.044975120574235916,0.032121691852808,-0.02511782944202423,0.031724631786346436
train,1999-01,1999-02,0.010666262358427048,0.01067215297371149,0.0076268985867500305,-0.017905663698911667,-0.001465517794713378,-0.012515475042164326,-0.0020796218886971474,0.005229054484516382
train,1999-02,1999-03,0.007623662706464529,-0.012570826336741447,-0.020127668976783752,0.022574907168745995,0.015540767461061478,-0.0029191328212618828,-0.0004370079841464758,-0.011786302551627159
train,1999-03,1999-04,-0.013792924582958221,-0.018496885895729065,0.0019597369246184826,0.009914131835103035,0.0020174658857285976,0.024382391944527626,-0.011406268924474716,-0.00549424160271883
train,1999-04,1999-05,-0.020620349794626236,0.0035702241584658623,0.01772969961166382,-0.016646139323711395,-0.010552843101322651,0.024146925657987595,-0.01896953396499157,0.011046604253351688
train,1999-05,1999-06,-0.018117548897862434,-0.0016791089437901974,0.001951694255694747,-0.0003005567705258727,-0.005098971538245678,0.006184447556734085,-0.001864024205133319,-0.013506252318620682
train,1999-06,1999-07,-0.010693725198507309,0.006332796066999435,0.01197354681789875,-0.015122435986995697,0.005380426533520222,0.00766027020290494,-0.018730975687503815,0.013340356759727001
train,1999-07,1999-08,-0.00473904749378562,0.003329035360366106,0.01279052346944809,-0.012607445940375328,-0.0027625602670013905,-0.009562727063894272,-0.008825927041471004,-0.005297547671943903
train,1999-08,1999-09,-0.010327786207199097,0.011076835915446281,-0.012786153703927994,0.007854292169213295,0.014477207325398922,-0.004821453709155321,-0.001141475047916174,-0.01084892638027668
train,1999-09,1999-10,-0.001766332658007741,0.011675748974084854,-0.011333763599395752,-0.00033639330649748445,0.008832477033138275,-0.014968076720833778,0.005116086918860674,-0.017654769122600555
train,1999-10,1999-11,-0.06328731775283813,0.031343974173069,-0.0315479077398777,0.016925612464547157,0.0634232833981514,0.03606889396905899,-0.027902288362383842,-0.017122451215982437
train,1999-11,1999-12,-0.07448883354663849,0.041047073900699615,-0.021758604794740677,0.02304215170443058,0.044288866221904755,0.02685210481286049,-0.02424701303243637,-0.02220539189875126
validation,1999-12,2000-01,-0.06049518659710884,0.03150375932455063,0.021644629538059235,-0.014457873068749905,0.05070563405752182,0.04189399629831314,-0.06026341766119003,0.03921419382095337
validation,2000-01,2000-02,-0.13784950971603394,0.05865301936864853,0.010181926190853119,0.02360016480088234,0.0866040512919426,0.041926346719264984,-0.06244292110204697,-0.00460727047175169
validation,2000-02,2000-03,0.006603384390473366,-0.026366103440523148,0.025863351300358772,-0.01520160585641861,-0.042865317314863205,0.01673828437924385,-0.014106720685958862,0.009260077029466629
validation,2000-03,2000-04,0.03407270461320877,-0.024379543960094452,0.05824125558137894,-0.04414067789912224,-0.07175534218549728,0.0025438466109335423,-0.02471953257918358,0.04009317606687546
validation,2000-04,2000-05,0.02365414798259735,-0.011073337867856026,0.04149729385972023,-0.026393720880150795,-0.046669308096170425,-0.010536604560911655,-0.012306628748774529,0.027888871729373932
validation,2000-05,2000-06,-0.04040037840604782,0.016733083873987198,-0.051279935985803604,0.02942080609500408,0.06396143138408661,0.0015378864482045174,0.006114787422120571,-0.05145835503935814
validation,2000-06,2000-07,0.01685243658721447,-0.003338741371408105,0.028208905830979347,-0.025507451966404915,-0.03840183466672897,-0.009959745220839977,0.00334176910109818,0.01973925717175007
validation,2000-07,2000-08,-0.03213125094771385,0.0043263123370707035,0.006298628635704517,0.010225349105894566,0.010178914293646812,0.014865854755043983,-0.021744433790445328,-0.01558093074709177
validation,2000-08,2000-09,0.01822005584836006,-0.011264989152550697,0.04545583948493004,-0.03675972670316696,-0.038666799664497375,-0.025946184992790222,-0.0010609363671392202,0.010023398324847221
validation,2000-09,2000-10,0.013380071148276329,-0.019422627985477448,0.042928919196128845,-0.03267011418938637,-0.05664307624101639,-0.014436086639761925,0.0034005458001047373,0.011782027781009674
validation,2000-10,2000-11,0.036089666187763214,-0.0355340801179409,0.08386413753032684,-0.06878603994846344,-0.10290065407752991,-0.04181395471096039,0.017146700993180275,0.020047392696142197
validation,2000-11,2000-12,0.021504942327737808,-0.037298042327165604,0.036741189658641815,-0.014202408492565155,-0.05807843059301376,-0.04016614705324173,0.024550853297114372,-0.033366668969392776
validation,2000-12,2001-01,-0.056255728006362915,0.019443100318312645,-0.10857224464416504,0.054474133998155594,0.1447123885154724,0.1412336826324463,-0.06705952435731888,0.06590349972248077
validation,2001-01,2001-02,0.025505831465125084,-0.010015751235187054,0.082517609000206,-0.05807297304272652,-0.07223193347454071,-0.03809307888150215,-0.012262829579412937,0.004791728220880032
validation,2001-02,2001-03,0.013630452565848827,-0.00910116732120514,0.06585288047790527,-0.044651251286268234,-0.046136524528265,-0.023125600069761276,-0.030684694647789,0.008381771855056286
validation,2001-03,2001-04,-0.030524441972374916,-0.008694587275385857,-0.03634370490908623,0.03377729654312134,0.01811361499130726,0.031861063092947006,0.006468386389315128,-0.008510995656251907
validation,2001-04,2001-05,-0.0059867859818041325,0.007143914699554443,0.0025126473046839237,-0.011161102913320065,0.005802240688353777,0.002288144314661622,-0.0067383283749222755,0.004770246800035238
validation,2001-05,2001-06,0.00242153974249959,0.012156480923295021,0.009224474430084229,-0.01964232325553894,-0.018161237239837646,-0.01036667637526989,0.004620593041181564,0.002995861228555441
validation,2001-06,2001-07,0.011930836364626884,-0.001144579378888011,0.048913974314928055,-0.036257050931453705,-0.033992696553468704,-0.020299840718507767,-0.017984917387366295,0.002351465169340372
validation,2001-07,2001-08,0.02790810540318489,0.0018832916393876076,0.028417721390724182,-0.031139830127358437,-0.025914208963513374,-0.021222800016403198,0.0023346415255218744,-0.008722593076527119
validation,2001-08,2001-09,0.043013036251068115,0.013873368501663208,0.04295939952135086,-0.04457802325487137,-0.023312704637646675,-0.05879795923829079,0.003070364473387599,-0.0017890895251184702
validation,2001-09,2001-10,-0.06043436378240585,-0.011707896366715431,-0.043586358428001404,0.035611849278211594,0.04171987622976303,0.05139194801449776,-0.01193374115973711,0.006558772176504135
validation,2001-10,2001-11,-0.028410859405994415,-0.005689548794180155,-0.03171928972005844,0.016600526869297028,0.014918219298124313,0.036285072565078735,-0.004611428361386061,0.011301778256893158
validation,2001-11,2001-12,-0.016867274418473244,0.0002690853434614837,-0.012168590910732746,0.0004638808313757181,-0.0017828699201345444,0.012248625978827477,0.008630308322608471,-0.002754884073510766
validation,2001-12,2002-01,0.00042836664943024516,0.0022978861816227436,0.026095248758792877,-0.03778839111328125,-0.010758406482636929,0.00841643288731575,-0.017064819112420082,0.0005977596156299114
validation,2002-01,2002-02,0.0374222993850708,-0.00990079902112484,0.02857215888798237,-0.033115074038505554,-0.03946256637573242,-0.03382425382733345,0.009818421676754951,-0.014592941850423813
validation,2002-02,2002-03,-0.015559438616037369,-0.011706964112818241,-0.006499782204627991,0.0016886278754100204,-0.0019733328372240067,0.021209927275776863,-0.002127215499058366,-0.006726652849465609
validation,2002-03,2002-04,0.03420474752783775,-0.014115577563643456,0.03655265271663666,-0.03862321376800537,-0.046100080013275146,-0.03400770574808121,0.022039039060473442,-0.022144094109535217
validation,2002-04,2002-05,0.020009981468319893,-0.002396724885329604,0.022595517337322235,-0.03094356879591942,-0.01617009937763214,-0.01874770037829876,-0.0016309486236423254,-0.010749750770628452
validation,2002-05,2002-06,0.03353916108608246,-0.00626481045037508,0.029472585767507553,-0.03279665857553482,-0.034864991903305054,-0.05014044791460037,0.02131788246333599,-0.019597353413701057
validation,2002-06,2002-07,0.02652042731642723,0.011311779730021954,0.027917517349123955,-0.024186791852116585,-0.007875403389334679,-0.03440042585134506,-0.006667395122349262,0.006552805192768574
validation,2002-07,2002-08,0.009119115769863129,-0.004494443070143461,0.005642910022288561,-0.0068706851452589035,-0.0050659263506531715,-0.0077745383605360985,-0.003106367774307728,-0.0012985717039555311
validation,2002-08,2002-09,0.02798055112361908,0.023109814152121544,0.008445763029158115,-0.024255501106381416,-0.021005310118198395,-0.047920335084199905,0.026653308421373367,-0.002383094746619463
validation,2002-09,2002-10,-0.031080562621355057,-0.024316659197211266,-0.0058518266305327415,0.02200974151492119,0.021275941282510757,0.03919021040201187,-0.03146059066057205,-0.00332013051956892
validation,2002-10,2002-11,-0.05799383297562599,-0.0359039343893528,-0.009195026941597462,0.04887951910495758,0.07630278170108795,0.10849818587303162,-0.09334422647953033,0.025126099586486816
validation,2002-11,2002-12,0.03704351559281349,0.021833352744579315,0.005485032219439745,-0.043234024196863174,-0.034057147800922394,-0.052133362740278244,0.03352489322423935,-0.010273678228259087
validation,2002-12,2003-01,-0.0006496683927252889,0.01809963397681713,0.011432965286076069,-0.01661878265440464,0.017106441780924797,-0.00454745814204216,-0.021355006843805313,0.014523535966873169
validation,2003-01,2003-02,0.008578244596719742,0.0047622243873775005,0.015397626906633377,-0.01034338679164648,-2.7705769753083587e-05,-0.01652616634964943,-0.007349868305027485,-0.0005669459933415055
validation,2003-02,2003-03,-0.007647024933248758,0.004896979779005051,0.0006733867921866477,0.0016935791354626417,0.00044656737009063363,0.0005804311949759722,-0.005001507233828306,0.0008650567615404725
validation,2003-03,2003-04,-0.029631884768605232,-0.007668028119951487,-0.0019619662780314684,0.02245195396244526,0.016806453466415405,0.041283003985881805,-0.02425006777048111,0.012728163041174412
validation,2003-04,2003-05,-0.05739155039191246,-0.002286294475197792,0.0031027256045490503,0.040802162140607834,0.06254009157419205,0.07504799962043762,-0.07059022784233093,0.046785030514001846
validation,2003-05,2003-06,-0.01845037005841732,0.008617551065981388,-0.001045383047312498,-0.012390035204589367,0.003121105022728443,0.007685443386435509,-0.009704193100333214,0.0008894390193745494
validation,2003-06,2003-07,-0.029804090037941933,-0.0009867590852081776,0.019077982753515244,-0.010204768739640713,0.005703167524188757,0.01603325828909874,-0.022556714713573456,-0.007238419260829687
validation,2003-07,2003-08,-0.024001803249120712,-0.0040444135665893555,0.008959691040217876,-0.000787641853094101,0.0028144370298832655,0.014426934532821178,-0.011879818513989449,-0.011850444599986076
validation,2003-08,2003-09,-0.01200050301849842,0.009819582104682922,0.017859891057014465,-0.01628018356859684,0.026720890775322914,0.0037779712583869696,-0.03554583340883255,0.012529807165265083
validation,2003-09,2003-10,-0.02492775395512581,-0.00622050603851676,0.01867781952023506,-0.007661107927560806,-0.003430082928389311,0.010937568731606007,-0.013564935885369778,-0.02337142452597618
validation,2003-10,2003-11,-0.008213464170694351,-0.0031848205253481865,0.012059057131409645,-0.013947973027825356,-0.009047728963196278,0.0028654425404965878,-0.003144322894513607,-0.00470197107642889
validation,2003-11,2003-12,0.008108901791274548,-0.005790543742477894,-0.0009118400048464537,-0.0038374532014131546,-0.004780696704983711,0.0006191714783199131,0.004891856573522091,0.007342381868511438
validation,2003-12,2004-01,-0.03751571848988533,0.015976939350366592,0.021684424951672554,-0.008796321228146553,0.029580529779195786,0.027849990874528885,-0.048559755086898804,0.0009235097095370293
validation,2004-01,2004-02,0.016713522374629974,-0.00774962455034256,-0.0023842817172408104,-0.0065330080687999725,-0.015966441482305527,-0.010009429417550564,0.017241468653082848,0.0034174753818660975
validation,2004-02,2004-03,0.004753162618726492,0.000309760682284832,0.000481966242659837,-0.00946599617600441,-0.00826292298734188,-0.005321518983691931,0.006417594384402037,-0.0004830684047192335
validation,2004-03,2004-04,0.011469186283648014,0.008447496220469475,-0.005939328111708164,-0.008439803496003151,-0.018260547891259193,-0.011742901057004929,0.023186039179563522,0.009539320133626461
validation,2004-04,2004-05,-0.002735755406320095,-0.004529312718659639,0.00558969471603632,-0.002926920773461461,-0.010985116474330425,-0.002107056090608239,0.002864562440663576,-0.009860467165708542
validation,2004-05,2004-06,-0.00426064245402813,-0.0112138157710433,0.00889013335108757,-0.006443280726671219,-0.020207779482007027,0.0008114215452224016,0.009556859731674194,-0.010025488212704659
validation,2004-06,2004-07,0.0400533564388752,-0.00711577944457531,0.007391414605081081,-0.019454317167401314,-0.02317185327410698,-0.03699459135532379,0.028128651902079582,0.012045693583786488
validation,2004-07,2004-08,0.019518667832016945,-0.006244386546313763,0.0031682653352618217,-0.008698340505361557,-0.007932777516543865,-0.01909773051738739,0.006072197575122118,0.0011402328964322805
validation,2004-08,2004-09,-0.0143808051943779,0.004863462410867214,-0.0046259695664048195,0.001107759540900588,-0.00017386983381584287,0.002371925860643387,0.0031534533482044935,-0.013367891311645508
validation,2004-09,2004-10,0.0020383195951581,-0.00245499424636364,-0.000959360389970243,-0.0025858525186777115,0.0005996911786496639,0.002188409212976694,-0.0006245524855330586,-0.0005296698655001819
validation,2004-10,2004-11,-0.01724836602807045,-0.005965166725218296,-0.0014469895977526903,0.0036981068551540375,0.010458847507834435,0.024446748197078705,-0.013252201490104198,-0.0007081741932779551
validation,2004-11,2004-12,-0.020358862355351448,0.008665716275572777,-0.006154350470751524,-0.00042884889990091324,0.013686147518455982,0.024317707866430283,-0.011236617341637611,0.003756862599402666
validation,2004-12,2005-01,0.011027954518795013,0.005005281418561935,0.008584522642195225,-0.013664158061146736,-0.012789643369615078,-0.022069118916988373,0.01029866561293602,-0.00020980217959731817
validation,2005-01,2005-02,-0.0008468398009426892,-0.012076939456164837,0.001975070685148239,-0.00032419408671557903,-0.005322535987943411,-0.007536782417446375,0.002651110989972949,-0.010827343910932541
validation,2005-02,2005-03,0.009186944924294949,-0.003042604774236679,0.006829629652202129,-0.014633439481258392,-0.021684324368834496,-0.00803533848375082,0.011871159076690674,-0.007205946370959282
validation,2005-03,2005-04,0.018911276012659073,0.008543392643332481,0.0026959471870213747,-0.005491918884217739,-0.007137139327824116,-0.019879670813679695,0.008763832971453667,0.008380183018743992
validation,2005-04,2005-05,-0.016114523634314537,-0.008846393786370754,-0.002275570295751095,0.007065154612064362,-0.004719887860119343,0.013459707610309124,-0.0018534146947786212,-0.014235042035579681
validation,2005-05,2005-06,0.0001325600314885378,-0.0009142905473709106,-0.008268062025308609,-0.0011554000666365027,0.0037588991690427065,-0.0055648088455200195,0.001799438614398241,-0.006907587870955467
validation,2005-06,2005-07,-0.013729734346270561,-0.007811784278601408,-0.000775687862187624,0.00648979377001524,0.009120404720306396,0.010505584999918938,-0.007863027974963188,-0.0066197216510772705
validation,2005-07,2005-08,-0.0008481061086058617,0.0013890678528696299,0.0078049153089523315,-0.006668253801763058,-0.005649075843393803,-0.004804955329746008,-0.0016725934110581875,-0.004547696560621262
validation,2005-08,2005-09,-0.00807080790400505,0.004053435288369656,0.0020393598824739456,-0.0021504315081983805,0.0002673136768862605,-0.0012294697808101773,-0.0059154219925403595,0.0017247360665351152
validation,2005-09,2005-10,0.011019936762750149,0.0019169707084074616,0.001830088091082871,-0.015246773138642311,-0.019645268097519875,-0.01449364423751831,0.011461070738732815,-0.000531903060618788
validation,2005-10,2005-11,-0.010179847478866577,-0.004202764015644789,-0.0043911500833928585,0.001479471568018198,-0.006379397120326757,0.00674060545861721,0.002752450294792652,-0.01374213956296444
validation,2005-11,2005-12,-0.00016505568055436015,0.00377265433780849,-0.0028639931697398424,-0.0019049177644774318,0.004510560072958469,-0.002815645420923829,0.0002929060719907284,-0.005045153200626373
validation,2005-12,2006-01,-0.025097522884607315,-0.000550784869119525,-0.013017270714044571,0.014668777585029602,0.025456087663769722,0.01355958916246891,-0.012752167880535126,-0.005055413581430912
validation,2006-01,2006-02,-0.0006556999869644642,0.007910569198429585,0.004302830435335636,-0.005664517171680927,-0.002921811770647764,0.002097258111461997,-0.0022838583681732416,0.00905424915254116
validation,2006-02,2006-03,-0.010996544733643532,-0.004864593036472797,0.0021613691933453083,0.0012782483827322721,0.006912230048328638,0.005787351634353399,-0.008218680508434772,-0.0027299593202769756
validation,2006-03,2006-04,0.0008762243087403476,-0.008053169585764408,4.6218279749155045e-05,-0.004790620878338814,-0.00610535079613328,0.00104479119181633,0.003269437002018094,-0.008000235073268414
validation,2006-04,2006-05,0.02258985862135887,-0.00629778765141964,0.013115841895341873,-0.01870320551097393,-0.02630813978612423,-0.014387127943336964,0.012651359662413597,0.004356514662504196
validation,2006-05,2006-06,0.0030183158814907074,-0.005844099447131157,0.007728157099336386,-0.005753641948103905,-0.014710362069308758,-0.003992741461843252,0.0013788596261292696,-0.002624201588332653
validation,2006-06,2006-07,0.013676268979907036,-0.009245272725820541,0.018298961222171783,-0.01669098436832428,-0.02540825493633747,-0.014178664423525333,0.006907633040100336,0.0016764258034527302
validation,2006-07,2006-08,-0.010056549683213234,0.00246502086520195,0.003767392598092556,-0.00020093820057809353,0.0016420972533524036,0.01297822780907154,-0.012153154239058495,0.0007827988592907786
validation,2006-08,2006-09,0.002435063710436225,-0.0003045724588446319,-0.004244536627084017,-0.008553262799978256,-0.016974415630102158,0.001344145624898374,0.014939842745661736,-0.007769471034407616
validation,2006-09,2006-10,-0.008777896873652935,-0.0013679481344297528,-0.011021849699318409,0.009587439708411694,0.008951429277658463,0.01275772973895073,-0.004307243041694164,-0.0026228236965835094
validation,2006-10,2006-11,0.0015923457685858011,-0.00367235136218369,-0.00907418318092823,0.005235886201262474,0.008530611172318459,0.001195729011669755,0.0027146409265697002,-0.003352654865011573
validation,2006-11,2006-12,0.0024521530140191317,0.0015760138630867004,0.004137134179472923,-0.01149589940905571,-0.008157137781381607,-0.0034649386070668697,0.004373972304165363,-0.0013624487910419703
validation,2006-12,2007-01,-0.006155665963888168,0.0021810780744999647,0.001619230955839157,0.0020040986128151417,0.001391753787174821,0.008773055858910084,-0.0014032607432454824,-0.0024164568167179823
validation,2007-01,2007-02,-0.000323864514939487,0.0027244724333286285,-0.000464833399746567,-0.002341077197343111,0.000821925699710846,0.0036433981731534004,0.0015722343232482672,0.002052220981568098
validation,2007-02,2007-03,-0.005050275009125471,-0.0005719807231798768,-0.001473219832405448,0.00027874030638486147,-0.007074145134538412,-0.0022309450432658195,0.005781162064522505,-0.005527543369680643
validation,2007-03,2007-04,-0.010044440627098083,0.0006600262713618577,-0.006399358157068491,0.007049771957099438,-0.0024990499950945377,0.006607746705412865,0.00738498754799366,-0.0043812282383441925
validation,2007-04,2007-05,-0.0075851744040846825,-0.00493416003882885,-0.0029897221829742193,0.005074302665889263,-0.012300821952521801,0.008062786422669888,0.006556748412549496,-0.012364747002720833
validation,2007-05,2007-06,-0.0032639363780617714,0.0016277107642963529,-0.003638101741671562,-0.006589415017515421,-0.0029176976531744003,-0.003178166691213846,0.00710959080606699,-0.005380873568356037
validation,2007-06,2007-07,-0.007112804800271988,0.00776240648701787,0.0036482797004282475,-0.006108392495661974,-0.0033227084204554558,-0.0009683375246822834,0.003562488593161106,0.0022352782543748617
validation,2007-07,2007-08,0.0035456204786896706,-0.004342270083725452,0.002917597768828273,0.0021072733215987682,-0.013348780572414398,-0.00545760290697217,0.002916184952482581,0.00043267267756164074
validation,2007-08,2007-09,-0.006200137548148632,0.005762710236012936,-0.012480169534683228,0.010098138824105263,0.0036460631527006626,-0.006902571767568588,0.010345893912017345,-0.007010788191109896
validation,2007-09,2007-10,-0.007659641094505787,0.006999217439442873,-0.014959637075662613,0.008971838280558586,0.002602318534627557,0.0022230572067201138,0.008259010501205921,-0.009495684877038002
validation,2007-10,2007-11,0.014380198903381824,-0.0058541204780340195,0.0077180140651762486,-0.010697201825678349,-0.02723676711320877,-0.023068075999617577,0.01932438462972641,-0.008054311387240887
validation,2007-11,2007-12,-0.00894014909863472,-0.0023594251833856106,-0.006027631461620331,0.0031029973179101944,-0.004216096363961697,-0.004489634186029434,0.009200938045978546,-0.016195958480238914
validation,2007-12,2008-01,0.0242135189473629,-0.015184679999947548,0.012882525101304054,-0.015401652082800865,-0.006032494828104973,-0.00039988686330616474,-0.011478518135845661,0.019972262904047966
validation,2008-01,2008-02,-0.0070982035249471664,0.0022392927203327417,0.008147170767188072,0.0006352472119033337,0.0015070601366460323,-0.0023794264998286963,-0.007265838794410229,-0.0008792083244770765
validation,2008-02,2008-03,-0.003661792492493987,-0.015415146946907043,0.013308873400092125,-0.007876595482230186,-0.023993398994207382,0.0020210854709148407,0.0018627616809681058,-0.008754882030189037
validation,2008-03,2008-04,-0.01983177289366722,-0.006649188231676817,-0.0046964907087385654,0.013493780978024006,-0.006064610555768013,0.008481435477733612,0.006545787677168846,-0.02825063094496727
validation,2008-04,2008-05,-0.017384886741638184,-0.0009014985989779234,-0.005601993761956692,0.01680336520075798,0.005465198308229446,0.012296076864004135,-0.005539742298424244,-0.009029858745634556
validation,2008-05,2008-06,-0.005451940931379795,0.0120109673589468,-0.0044478075578808784,0.0036757441703230143,0.000602628686465323,-0.023004816845059395,0.014291779138147831,-0.010351592674851418
validation,2008-06,2008-07,-0.0016821571625769138,-0.0036237610038369894,0.01031495537608862,-0.013898628763854504,-0.02029561810195446,0.0030453046783804893,-0.005120960064232349,0.0002492597559466958
validation,2008-07,2008-08,-0.002595508936792612,-0.008754732087254524,-0.003774210810661316,-0.014447852037847042,-0.022488683462142944,0.019589629024267197,0.010342382825911045,-0.010262680239975452
validation,2008-08,2008-09,0.03420890122652054,-0.009368057362735271,0.011877438984811306,-0.026996063068509102,-0.04335670918226242,-0.02342941239476204,0.029136760160326958,-0.0015404913574457169
validation,2008-09,2008-10,0.03094283863902092,0.009472985751926899,0.017985278740525246,-0.03914351388812065,-0.01781005784869194,-0.05417773872613907,0.00945542473345995,0.003525692503899336
validation,2008-10,2008-11,0.01699291355907917,0.01776461862027645,0.00046751322224736214,-0.01569266803562641,-0.027309907600283623,-0.03982064500451088,0.02792849950492382,-0.013089312240481377
validation,2008-11,2008-12,-0.029777396470308304,-0.017998632043600082,-0.01567624881863594,0.013902897946536541,-0.016356335952878,0.02807522565126419,0.010899842716753483,-0.02825143188238144
validation,2008-12,2009-01,-0.011255748569965363,0.03823791444301605,-0.02007928490638733,0.0123194744810462,0.05669304355978966,0.011218922212719917,-0.026972869411110878,0.050668634474277496
validation,2009-01,2009-02,-0.004961954429745674,0.021720848977565765,-0.009809045121073723,-0.010338708758354187,-0.010623067617416382,-0.015695877373218536,0.024832237511873245,-0.006880724336951971
validation,2009-02,2009-03,0.000832707155495882,0.01518496498465538,-0.012600632384419441,0.01969452016055584,0.040544766932725906,0.030483655631542206,-0.023979786783456802,0.0362861305475235
validation,2009-03,2009-04,-0.025378286838531494,-0.05482154339551926,-0.01170708891004324,0.022970007732510567,0.024209599941968918,0.12940339744091034,-0.05760280787944794,0.0030909311026334763
validation,2009-04,2009-05,-0.020446263253688812,0.009272705763578415,0.0050118230283260345,-0.00156683218665421,0.040581852197647095,0.019747711718082428,-0.049360938370227814,0.04024640470743179
validation,2009-05,2009-06,-0.02296873927116394,0.03406830132007599,-0.0059890360571444035,-0.005550751928240061,0.01027178019285202,-0.003079475136473775,-0.0020394830498844385,0.0160369910299778
validation,2009-06,2009-07,-0.017815718427300453,-0.015317056328058243,0.003957771696150303,0.004572512581944466,-0.006453229114413261,0.03348422423005104,-0.010009417310357094,-0.019116491079330444
validation,2009-07,2009-08,-0.014724170789122581,-0.006184614263474941,0.03678884357213974,-0.014107802882790565,0.024160323664546013,0.06461486220359802,-0.05960835888981819,0.015567777678370476
validation,2009-08,2009-09,-0.02991940639913082,-0.019294220954179764,0.0009394098306074739,0.01769164390861988,0.01968350261449814,0.03022194840013981,-0.03148217871785164,-0.0074762022122740746
validation,2009-09,2009-10,0.017997443675994873,0.007852299138903618,-0.01802491396665573,-0.01327585056424141,-0.029631678014993668,-0.016083814203739166,0.028617285192012787,-0.011428581550717354
validation,2009-10,2009-11,-0.007052930537611246,-0.003115764120593667,-0.004038756247609854,0.013171229511499405,-0.002555328421294689,-0.007047590799629688,0.0037694075144827366,-0.02280297316610813
validation,2009-11,2009-12,-0.015337256714701653,0.0005742316134274006,-0.007085226010531187,0.010488810017704964,0.011722473427653313,0.01682308502495289,-0.012527581304311752,-0.008792641572654247
development,2009-12,2010-01,0.013309545814990997,0.0029925848357379436,0.028876015916466713,-0.026933206245303154,0.010759813711047173,-0.002734649693593383,-0.017466288059949875,0.0331001803278923
development,2010-01,2010-02,-0.010364051908254623,0.000651542330160737,0.0037325958255678415,-0.00020728795789182186,-0.005642056465148926,0.0037396715488284826,-0.002160291885957122,-0.014657975174486637
development,2010-02,2010-03,-0.009716748259961605,0.0015873962547630072,0.008254502899944782,-0.0027556130662560463,-0.001698268111795187,0.018323317170143127,-0.015066979452967644,-0.003207332454621792
development,2010-03,2010-04,-0.009502606466412544,0.004789442289620638,0.037424929440021515,-0.01858292706310749,0.02158159390091896,0.024580270051956177,-0.0403573177754879,0.024260926991701126
development,2010-04,2010-05,0.006148581858724356,0.010660811327397823,-0.007963654585182667,-0.007787200156599283,-0.019936395809054375,-0.017864007502794266,0.021052692085504532,-0.0027777105569839478
development,2010-05,2010-06,0.01597699522972107,0.011078106239438057,-0.0216868594288826,-0.006482473574578762,-0.01616126298904419,-0.02204984985291958,0.019477728754281998,0.004675113596022129
development,2010-06,2010-07,-0.017985749989748,-0.009726607240736485,0.005360828712582588,0.010387543588876724,-0.002943702507764101,0.021454710513353348,-0.015064998529851437,-0.016493836417794228
development,2010-07,2010-08,0.009753305464982986,0.0022107188124209642,-0.002803635783493519,-0.0015409593470394611,-0.011211080476641655,-0.010009778663516045,0.010855256579816341,0.004908460192382336
development,2010-08,2010-09,-0.036245204508304596,4.388485103845596e-05,-0.008718895725905895,0.018286017701029778,-0.0009711429011076689,0.02954748272895813,-0.00797262042760849,-0.02437158115208149
development,2010-09,2010-10,-0.00826859287917614,0.008465089835226536,-0.003459039842709899,0.002128439722582698,0.0048277778550982475,-0.0020311831030994654,-0.00042945705354213715,-0.008038653992116451
development,2010-10,2010-11,-0.011282701976597309,-0.002355230040848255,-0.0035947011783719063,0.0018624672666192055,-0.012216945178806782,0.0007921094074845314,0.008543683215975761,-0.018588928505778313
development,2010-11,2010-12,-0.007996175438165665,-0.008963385596871376,0.009200085885822773,0.011028019711375237,0.02138601243495941,0.02702352963387966,-0.02624484710395336,0.005278668366372585
development,2010-12,2011-01,0.004620854742825031,0.0021913854870945215,0.017159458249807358,-0.008919952437281609,0.01237503532320261,-0.00030633009737357497,-0.01551307924091816,0.012442657724022865
development,2011-01,2011-02,-0.013156000524759293,-0.0032414630986750126,0.012854065746068954,-0.0026245038025081158,-0.012131051160395145,0.00341670005582273,-0.009249215945601463,-0.00855184905230999
development,2011-02,2011-03,-0.014056460931897163,0.005301005207002163,0.0006983302300795913,0.003048614365980029,-0.008687066845595837,0.0005944102304056287,-0.0010606037685647607,-0.008043946698307991
development,2011-03,2011-04,-0.0040307315066456795,0.0004597797815222293,-0.00563858263194561,0.0061853202059865,-0.011931055225431919,0.0018727675778791308,0.008221878670156002,-0.008589154109358788
development,2011-04,2011-05,0.0030066382605582476,0.004422665573656559,-0.0016184174455702305,0.0010393208358436823,-0.014097131788730621,-0.0038381055928766727,0.010359234176576138,0.0009037405252456665
development,2011-05,2011-06,-0.0006955976132303476,0.0004912117728963494,0.009652010165154934,-0.00951378047466278,-0.019056227058172226,-0.0095817930996418,0.006569753400981426,-0.00396608654409647
development,2011-06,2011-07,0.002521831076592207,-0.0017152922227978706,0.003378805471584201,-0.004627399146556854,0.005205082707107067,-0.000600287807174027,-0.0074587007984519005,0.002808482851833105
development,2011-07,2011-08,0.022651292383670807,-0.0033632011618465185,0.0006693452596664429,-0.010866128839552402,-0.02699250914156437,-0.028763726353645325,0.028060972690582275,-0.0005233653355389833
development,2011-08,2011-09,0.01909324899315834,0.00925438106060028,0.0025665152352303267,-0.022176045924425125,-0.023433800786733627,-0.024762926623225212,0.021440070122480392,0.012837577611207962
development,2011-09,2011-10,-0.03345063328742981,-0.013822432607412338,-0.018195031210780144,0.0351485013961792,0.0024563982151448727,0.03255065530538559,-0.012729983776807785,-0.034733206033706665
development,2011-10,2011-11,0.0016915635205805302,-0.005225543864071369,0.009272434748709202,-0.0046859011054039,-0.02077656053006649,-0.007399082649499178,0.011707975529134274,-0.012511663138866425
development,2011-11,2011-12,0.004674308933317661,0.0037335886154323816,0.007372225169092417,-0.013240616768598557,-0.013263661414384842,-0.002543486189097166,0.0029161167331039906,-0.0029561184346675873
development,2011-12,2012-01,-0.018755240365862846,0.008523982018232346,-0.00716453418135643,0.0029885137919336557,0.03187689930200577,0.03170409053564072,-0.03099333494901657,0.016959555447101593
development,2012-01,2012-02,-0.000124964804854244,0.0021582739427685738,-0.00024981412570923567,2.02888622879982e-06,0.010230707004666328,0.0025552564766258,-0.0031993119046092033,0.000715064350515604
development,2012-02,2012-03,-0.00022878951858729124,0.013549810275435448,0.010281939059495926,-0.01717383787035942,0.0015940368175506592,-0.006219820119440556,-0.004516320768743753,0.006637473590672016
development,2012-03,2012-04,0.011771172285079956,0.0022543673403561115,0.004751729778945446,-0.007943125441670418,0.00041318859439343214,-0.011839685961604118,0.007150980643928051,0.0004244790761731565
development,2012-04,2012-05,0.01519997138530016,0.02123880945146084,0.011407697573304176,-0.019073016941547394,-0.006650336552411318,-0.020778411999344826,0.003714615246281028,0.013131040148437023
development,2012-05,2012-06,-0.0036385306157171726,-0.003522070124745369,-0.004805863369256258,0.003546658903360367,-0.004301654640585184,0.004056237172335386,-0.0004773406544700265,-0.00421520508825779
development,2012-06,2012-07,0.0019878295715898275,0.0030883927829563618,0.009760342538356781,-0.007806669920682907,-0.0029987869784235954,-0.00884631834924221,-0.005279875826090574,0.004855594597756863
development,2012-07,2012-08,-0.015237322077155113,-0.0050463019870221615,0.007984519004821777,0.001933826133608818,-0.0030251438729465008,0.010270163416862488,-0.004627728834748268,-0.005501879379153252
development,2012-08,2012-09,-0.0036823726259171963,0.004388537257909775,0.0060775866732001305,-0.0018196594901382923,0.009476376697421074,0.00122504448518157,-0.01329483650624752,0.002953934483230114
development,2012-09,2012-10,0.013248621486127377,-0.003457574639469385,0.010538196191191673,-0.017379965633153915,-0.017120135948061943,-0.014771876856684685,0.01163194514811039,-0.003996849991381168
development,2012-10,2012-11,-0.00246345903724432,-0.006718993186950684,-0.0022158240899443626,0.007616241462528706,-0.007537749595940113,0.009119119495153427,0.00519587891176343,-0.011174031533300877
development,2012-11,2012-12,0.001300311298109591,-0.0094520915299654,0.004384699277579784,-0.0031508305110037327,-0.0062062786892056465,0.010873062536120415,-0.005309904459863901,-0.004294098354876041
development,2012-12,2013-01,-0.006860681809484959,0.005768939852714539,0.008997742086648941,-0.009031008929014206,0.004793964792042971,0.0006816983222961426,-0.012735270895063877,0.006183232646435499
development,2013-01,2013-02,0.007886949926614761,0.005732754245400429,0.004049035254865885,-0.013441254384815693,-0.0047761257737874985,-0.013396513648331165,0.006585943046957254,-0.0010103420354425907
development,2013-02,2013-03,-0.0013132039457559586,0.007634187117218971,-0.00395115464925766,0.0001664867450017482,-0.005813891999423504,-0.0011091702617704868,0.00921686552464962,-0.0030297553166747093
development,2013-03,2013-04,-0.003300957614555955,0.009012752212584019,-0.0019542386289685965,-0.001437744009308517,-0.006968471221625805,-0.0002427074359729886,0.005226097069680691,-0.004941078368574381
development,2013-04,2013-05,-0.014376849867403507,-0.0061540184542536736,0.0006180652417242527,-0.0015345971332862973,-0.0005798650672659278,0.014258263632655144,-0.007259501609951258,-0.0057142432779073715
development,2013-05,2013-06,0.008801055140793324,0.0072859907522797585,-0.0011726957745850086,-0.015095126815140247,-0.0068977270275354385,-0.01899021863937378,0.0106146689504385,-0.002520787063986063
development,2013-06,2013-07,-0.00961743202060461,0.005299745127558708,0.003556071547791362,-0.002997981384396553,0.0028342842124402523,0.008681176230311394,-0.01001475378870964,0.005675829015672207
development,2013-07,2013-08,-0.0035504470579326153,0.008425084874033928,-0.002179410308599472,-0.0031157606281340122,0.0007824786007404327,-0.0007032281719148159,0.0031529529951512814,0.007847629487514496
development,2013-08,2013-09,-0.009030823595821857,0.005334307439625263,-0.005829839035868645,0.003170951269567013,0.0070678843185305595,0.003014043439179659,-0.0009258493082597852,-0.003908261191099882
development,2013-09,2013-10,0.008889442309737206,-0.012693632394075394,0.013439780101180077,-0.012198684737086296,-0.02210514433681965,-0.001298838178627193,9.634328307583928e-06,-0.010639986954629421
development,2013-10,2013-11,-0.01340546552091837,0.009120402857661247,0.003650378668680787,-0.003460688516497612,-0.0005425899289548397,0.008427892811596394,-0.009527290239930153,0.004998831078410149
development,2013-11,2013-12,0.001368453842587769,0.006318109109997749,-0.011508739553391933,0.004590104799717665,0.011115164496004581,-0.0008656118880026042,0.003849386004731059,-0.0010717820841819048
development,2013-12,2014-01,-0.0065498994663357735,0.02449774369597435,-0.003125253599137068,0.001447478774935007,0.03835310414433479,-0.006436815019696951,-0.0128403902053833,0.02671380341053009
development,2014-01,2014-02,-0.006364880595356226,-0.002333677839487791,-0.001242422149516642,0.009608538821339607,0.0072204116731882095,0.00641696946695447,-0.005369469057768583,-0.0031006354838609695
development,2014-02,2014-03,0.011165160685777664,-0.01256861723959446,0.015472134575247765,-0.014157806523144245,-0.012575696222484112,-0.0015888249035924673,-0.008035307750105858,0.004864880815148354
development,2014-03,2014-04,0.008372430689632893,-0.021853772923350334,0.02086518332362175,-0.006410425994545221,-0.030139755457639694,0.006630455143749714,-0.006186017766594887,-0.0007966815028339624
development,2014-04,2014-05,0.001786902779713273,-0.0018175762379541993,0.0007243839791044593,0.0018257790943607688,-0.00902695395052433,-0.003498883917927742,0.0005044286954216659,-0.0030628719832748175
development,2014-05,2014-06,0.0020876512862741947,-0.002084392122924328,-0.01619858667254448,0.013111235573887825,0.02024548500776291,-0.00021195464069023728,-0.0003849426284432411,-0.00841211061924696
development,2014-06,2014-07,-0.002052530413493514,-0.001713627832941711,0.020805226638913155,-0.018499135971069336,-0.020640026777982712,0.0005184020847082138,-0.0025755027309060097,0.010265410877764225
development,2014-07,2014-08,-0.005823071114718914,-0.0023473070468753576,-0.005230596289038658,0.009977403096854687,0.004406392574310303,0.004343898966908455,0.0009601464262232184,-0.008393287658691406
development,2014-08,2014-09,0.012895488180220127,0.012872276827692986,-0.006330790463835001,-0.018848175182938576,-0.019829386845231056,-0.023022502660751343,0.02643277496099472,0.0027114730328321457
development,2014-09,2014-10,-0.003786626271903515,0.009737793356180191,-0.0007756308186799288,-0.007689943071454763,-0.033480871468782425,-0.004475338850170374,0.017863214015960693,0.0006931382231414318
development,2014-10,2014-11,-0.0020601190626621246,0.0038764621131122112,-0.00012954045087099075,-0.004711728543043137,-0.020179051905870438,-0.0032717494759708643,0.02044997178018093,-0.006025572307407856
development,2014-11,2014-12,0.006169769912958145,0.019992345944046974,-0.008458834141492844,-0.013551837764680386,-0.010153910145163536,-0.013806027360260487,0.018269790336489677,0.005506463348865509
development,2014-12,2015-01,-0.001178767066448927,0.019842755049467087,-0.0019077339675277472,-0.005898264702409506,0.006036373320966959,-0.013886585831642151,0.003105181735008955,0.006149603053927422
development,2015-01,2015-02,-0.003793755080550909,-0.005654209293425083,-0.012324430048465729,0.023121461272239685,0.020628809928894043,0.01627134531736374,-0.009967038407921791,-0.004183093085885048
development,2015-02,2015-03,0.0042378343641757965,0.009710250422358513,0.0012018035631626844,-0.00987211987376213,-0.01597573235630989,-0.019144199788570404,0.015452379360795021,-0.0028330518398433924
development,2015-03,2015-04,0.00028690893668681383,-0.013326222077012062,0.006237355526536703,0.006829933263361454,0.01144300028681755,0.017425894737243652,-0.023114029318094254,0.006784939672797918
development,2015-04,2015-05,0.0025658186059445143,0.014922244474291801,-0.010805346071720123,0.000882572028785944,0.0032151001505553722,-0.02015923708677292,0.01742241345345974,-0.007485348731279373
development,2015-05,2015-06,0.006345413625240326,0.01427728682756424,-0.0070739854127168655,-0.011317568831145763,-0.005676781293004751,-0.016490228474140167,0.011549530550837517,0.00702747143805027
development,2015-06,2015-07,0.009109186008572578,0.02131437510251999,-0.0013330538058653474,-0.00494134146720171,-0.026907645165920258,-0.030973687767982483,0.028202323243021965,-0.010147813707590103
development,2015-07,2015-08,0.01119082048535347,-0.016052108258008957,0.018985440954566002,-0.018767360597848892,-0.007190576754510403,-0.0009333881316706538,-0.011043758131563663,0.003293242072686553
development,2015-08,2015-09,0.019203709438443184,0.006209106650203466,0.014550069347023964,-0.026463478803634644,-0.0382014736533165,-0.031465113162994385,0.02283594012260437,0.00031502131605520844
development,2015-09,2015-10,-0.01206292025744915,-0.011475086212158203,0.0036506152246147394,0.006062682718038559,-0.013392077758908272,0.02111334726214409,-0.010922449640929699,-0.00574149563908577
development,2015-10,2015-11,-0.016642926260828972,0.0132487453520298,-0.0007545121479779482,-0.0012555555440485477,0.018315251916646957,0.0006469073705375195,-0.005286022555083036,0.010616869665682316
development,2015-11,2015-12,0.0027179645840078592,0.009092781692743301,-0.002824488328769803,-0.01177062839269638,-0.013780676759779453,-0.01899722032248974,0.022756902500987053,-0.0076566580682992935
development,2015-12,2016-01,0.014978607185184956,-0.017357902601361275,0.01584358885884285,-0.02399562858045101,-0.04372452199459076,-0.0135823804885149,0.01767471432685852,-0.01439905446022749
development,2016-01,2016-02,-0.010232423432171345,-0.015973934903740883,0.007645989768207073,-0.003439740976318717,-0.0197586789727211,0.012113615870475769,0.0045032799243927,-0.013248661532998085
development,2016-02,2016-03,0.001014980487525463,-0.012035815045237541,-0.007708732970058918,0.012187540531158447,0.015920085832476616,0.03360501304268837,-0.019167151302099228,0.005282352212816477
development,2016-03,2016-04,0.0031047172378748655,-0.008672320283949375,0.004308432340621948,0.005512323696166277,0.020339611917734146,0.012401733547449112,-0.025896642357110977,0.015212955884635448
development,2016-04,2016-05,0.003927179146558046,0.011756403371691704,-0.0033055092208087444,0.00012835010420531034,-0.004519436974078417,-0.007741877809166908,0.001471279771067202,0.005535043776035309
development,2016-05,2016-06,0.003437991254031658,-0.002945506013929844,0.006969422101974487,-0.0073600695468485355,-0.007451700046658516,-0.00160531559959054,0.0008955304510891438,0.00023600272834300995
development,2016-06,2016-07,-0.014396823942661285,0.0004819636233150959,0.00014114542864263058,0.002336299978196621,0.007530124392360449,0.018099073320627213,-0.008822599425911903,0.005506609566509724
development,2016-07,2016-08,0.0019255013903602958,0.0012095600832253695,0.0033233456779271364,-0.008008084259927273,0.011609695851802826,0.004337054677307606,-0.01267076563090086,0.006257977336645126
development,2016-08,2016-09,-0.011659614741802216,0.013680457137525082,0.0024283407256007195,-0.003811226226389408,0.01507278811186552,-0.0037202632520347834,-0.008634701371192932,0.0078004454262554646
development,2016-09,2016-10,0.02571753039956093,-0.007049883715808392,0.009029005654156208,-0.01679905503988266,-0.03644634038209915,-0.025489088147878647,0.014874954707920551,-0.0125238336622715
development,2016-10,2016-11,0.0022429570090025663,-0.025755058974027634,0.026070881634950638,-0.020054452121257782,-0.015405620448291302,-0.004853082820773125,-0.014512276276946068,-0.017828654497861862
development,2016-11,2016-12,0.01972953788936138,-0.009852027520537376,0.013984380289912224,-0.021014712750911713,-0.023123599588871002,-0.01933009922504425,0.004971305839717388,-0.005883190780878067
development,2016-12,2017-01,-0.011763464659452438,0.005382345523685217,0.004268428776413202,0.00403532525524497,0.018109511584043503,0.012588122859597206,-0.0183166041970253,0.011394246481359005
development,2017-01,2017-02,0.004131491295993328,0.0054611945524811745,-0.007661575451493263,0.004343757405877113,0.0001765142078511417,-0.007116460707038641,0.011923356913030148,0.008615411818027496
development,2017-02,2017-03,-0.008160751312971115,0.004697402473539114,-0.0035998106468468904,-0.0011340430937707424,-0.002030672039836645,-0.002183646196499467,0.006597713567316532,0.0034543450456112623
development,2017-03,2017-04,-0.0017513911006972194,0.004424601793289185,-0.002579681808128953,-0.002452236833050847,-0.018956243991851807,-0.009766372852027416,0.010347887873649597,-0.0063959634862840176
development,2017-04,2017-05,0.004009799100458622,0.004718650598078966,-0.005709072574973106,-0.004098523408174515,-0.01947973296046257,-0.01137874647974968,0.01692122593522072,-0.009019453078508377
development,2017-05,2017-06,-0.005750874988734722,0.009019938297569752,-0.003507570130750537,0.007621338590979576,0.017774205654859543,0.008579016663134098,-0.00969734601676464,0.016402462497353554
development,2017-06,2017-07,0.0009207349503412843,-0.00012374369543977082,0.006704953033477068,-0.0026519170496612787,-0.009803317487239838,-0.007816077210009098,0.0008700113976374269,-0.0074435267597436905
development,2017-07,2017-08,-0.005960504524409771,0.006361664738506079,-0.0023907157592475414,0.0016417084261775017,-0.003024056786671281,-0.00494554964825511,0.004941414576023817,0.004494602791965008
development,2017-08,2017-09,-0.014273025095462799,0.000573435565456748,0.011315179988741875,0.0008508531609550118,0.024986248463392258,0.01354337390512228,-0.02510330080986023,0.005017426330596209
development,2017-09,2017-10,-8.442223770543933e-05,0.0017933421768248081,0.009571146219968796,-0.013852637261152267,-0.01780625805258751,-0.013469930738210678,0.005233336240053177,-0.011676395311951637
development,2017-10,2017-11,0.0026666561607271433,-0.01228664256632328,0.0034972119610756636,0.006032384000718594,-0.00451890891417861,0.007072869222611189,0.0035907053388655186,-0.0020302990451455116
development,2017-11,2017-12,0.0005814849864691496,-0.00156557431910187,-0.006417150143533945,0.003145762486383319,0.009645097889006138,0.0056882016360759735,0.001147225615568459,-0.0037287769373506308
development,2017-12,2018-01,-0.00993184745311737,0.005288721993565559,0.0053852517157793045,0.0011555596720427275,0.004648594185709953,0.0069132158532738686,-0.008430750109255314,-0.00021653174189850688
development,2018-01,2018-02,-0.001676732674241066,0.016208702698349953,-0.0024000920820981264,-0.00798038486391306,-0.005884635262191296,-0.0072053661569952965,0.005713772960007191,0.0023252321407198906
development,2018-02,2018-03,0.002467749873176217,0.0042822412215173244,0.0021860310807824135,-0.011528822593390942,-0.005731914658099413,-0.005617125891149044,0.0039971936494112015,0.0101819708943367
development,2018-03,2018-04,-0.003050403669476509,-0.0042938729748129845,0.0080964220687747,0.0015518802683800459,-0.0009463098831474781,0.0036004879511892796,-0.0071803731843829155,0.0006239353679120541
development,2018-04,2018-05,-0.015138586983084679,0.010418230667710304,-0.006811083760112524,-0.004358056932687759,0.012177584692835808,0.0017189054051414132,-0.0033848737366497517,0.0005999570712447166
development,2018-05,2018-06,0.010049378499388695,-0.0028981640934944153,-0.006137981545180082,0.0011777274776250124,-0.012936647981405258,-0.005595644935965538,0.017245939001441002,0.0015605747466906905
development,2018-06,2018-07,-0.00038466346450150013,-0.0009931698441505432,0.006464807316660881,-0.005498621147125959,-0.02482396550476551,-0.003748821560293436,0.00834164209663868,-0.009466045536100864
development,2018-07,2018-08,-0.0261442419141531,0.018363462761044502,-0.01186465285718441,0.005516245029866695,-0.0008670587558299303,0.0038329577073454857,0.011196993291378021,-0.003032110398635268
development,2018-08,2018-09,0.0032022385857999325,0.005692228674888611,-0.005035725887864828,0.006202425342053175,-0.002665986306965351,-0.0039169276133179665,0.0062326593324542046,0.00039440992986783385
development,2018-09,2018-10,0.016707168892025948,-0.01294682826846838,0.0098738893866539,-0.01528511568903923,-0.02552284672856331,-0.012743092142045498,0.010008218698203564,0.0014833547174930573
development,2018-10,2018-11,0.007967013865709305,-0.00449763610959053,-0.00510717136785388,0.005461535416543484,-0.01875757798552513,-0.008294621482491493,0.017596442252397537,-0.004081342834979296
development,2018-11,2018-12,0.01682848110795021,0.005478115286678076,-0.00803517084568739,-0.010717730037868023,-0.03211371228098869,-0.036615803837776184,0.04042137414216995,-0.01372416689991951
development,2018-12,2019-01,-0.028697419911623,0.009711659513413906,-0.0052020554430782795,0.026553858071565628,0.05043923109769821,0.044903144240379333,-0.036612123250961304,0.04215694218873978
development,2019-01,2019-02,-0.0028786160983145237,0.011492008343338966,-0.008279498666524887,-0.0022658577654510736,0.01242249459028244,0.0022152375895529985,-0.0036456359084695578,-0.002836548024788499
development,2019-02,2019-03,-0.0037283054552972317,0.012910963967442513,-0.008714667521417141,0.015266021713614464,0.020628400146961212,0.00014549423940479755,-0.0033863228745758533,0.009371824562549591
development,2019-03,2019-04,0.004399340599775314,-0.01223287545144558,0.0018644372466951609,-0.0016488536493852735,-0.018223877996206284,-0.0022552579175680876,0.007932556793093681,-0.010014001280069351
development,2019-04,2019-05,0.017320042476058006,0.026786616072058678,-0.002530732424929738,-0.005955834407359362,-0.0022205892018973827,-0.0366324707865715,0.018455512821674347,0.011211659759283066
development,2019-05,2019-06,-0.007242069113999605,-0.00929170474410057,-0.000123465433716774,0.0098471874371171,-0.017782391980290413,-0.0023002028465270996,0.010471496731042862,-0.014100629836320877
development,2019-06,2019-07,-0.0032493099570274353,0.0010207253508269787,0.01160029973834753,-0.011462434194982052,-0.025447141379117966,-0.008810789324343204,0.007997698150575161,-0.008334157057106495
development,2019-07,2019-08,0.004035072401165962,0.02244488149881363,-0.004363458603620529,0.0023072143085300922,-0.004391157999634743,-0.011819140985608101,0.01898106560111046,0.0004106436390429735
development,2019-08,2019-09,0.001920278649777174,-0.02566996030509472,0.02143106795847416,-0.017221763730049133,-0.02940220758318901,0.020594198256731033,-0.004518634174019098,-0.0011317236348986626
development,2019-09,2019-10,-0.0060393172316253185,0.01066000759601593,0.002742235315963626,0.00045099598355591297,-0.01368804182857275,-0.0036624171771109104,0.008664618246257305,-0.0037764273583889008
development,2019-10,2019-11,0.003847528249025345,0.012338886968791485,-0.02191217616200447,0.017945732921361923,0.01329831313341856,-0.006175133865326643,0.015632499009370804,-0.010349895805120468
development,2019-11,2019-12,0.008444571867585182,-0.014385132119059563,-0.014620487578213215,0.002729033585637808,0.031076932325959206,0.0054506100714206696,-0.01422899030148983,-0.0016330122016370296
