true_dimension,months,asset_count,signal,rho,spanning,geometry,evaluation,candidate_dimension,selected_count,selection_rate,selection_ci_low,selection_ci_high
1,72,25,strong,0.0,full,equal,oracle,1,3000,1.0,0.9987211512746742,1.0000000000000002
1,72,25,strong,0.0,full,equal,oracle,2,0,0.0,0.0,0.0012788487253259
1,72,25,strong,0.0,full,equal,oracle,3,0,0.0,0.0,0.0012788487253259
1,72,25,strong,0.0,full,equal,oracle,4,0,0.0,0.0,0.0012788487253259
1,72,25,strong,0.0,full,equal,oracle,5,0,0.0,0.0,0.0012788487253259
1,72,25,strong,0.0,full,equal,oracle,8,0,0.0,0.0,0.0012788487253259
1,72,25,strong,0.0,full,equal,feasible,1,1396,0.4653333333333333,0.447540142970134,0.4832151905414885
1,72,25,strong,0.0,full,equal,feasible,2,496,0.1653333333333333,0.1524698946498182,0.1790527480969999
1,72,25,strong,0.0,full,equal,feasible,3,327,0.109,0.0983442896606771,0.1206557700425277
1,72,25,strong,0.0,full,equal,feasible,4,253,0.0843333333333333,0.0749131829751923,0.0948166332651286
1,72,25,strong,0.0,full,equal,feasible,5,262,0.0873333333333333,0.0777511404001296,0.0979710027478393
1,72,25,strong,0.0,full,equal,feasible,8,266,0.0886666666666666,0.0790136064964452,0.0993717930549228
1,72,25,strong,0.0,full,hj,oracle,1,3000,1.0,0.9987211512746742,1.0000000000000002
1,72,25,strong,0.0,full,hj,oracle,2,0,0.0,0.0,0.0012788487253259
1,72,25,strong,0.0,full,hj,oracle,3,0,0.0,0.0,0.0012788487253259
1,72,25,strong,0.0,full,hj,oracle,4,0,0.0,0.0,0.0012788487253259
1,72,25,strong,0.0,full,hj,oracle,5,0,0.0,0.0,0.0012788487253259
1,72,25,strong,0.0,full,hj,oracle,8,0,0.0,0.0,0.0012788487253259
1,72,25,strong,0.0,full,hj,feasible,1,1501,0.5003333333333333,0.4824524137848881,0.5182134003159616
1,72,25,strong,0.0,full,hj,feasible,2,529,0.1763333333333333,0.1631123291340318,0.1903821789408291
1,72,25,strong,0.0,full,hj,feasible,3,327,0.109,0.0983442896606771,0.1206557700425277
1,72,25,strong,0.0,full,hj,feasible,4,240,0.08,0.0708205450384302,0.0902536878908435
1,72,25,strong,0.0,full,hj,feasible,5,220,0.0733333333333333,0.0645407421688828,0.0832172087433952
1,72,25,strong,0.0,full,hj,feasible,8,183,0.061,0.0529843310254596,0.0701384981553765
1,72,25,strong,0.0,weak_tail,equal,oracle,1,3000,1.0,0.9987211512746742,1.0000000000000002
1,72,25,strong,0.0,weak_tail,equal,oracle,2,0,0.0,0.0,0.0012788487253259
1,72,25,strong,0.0,weak_tail,equal,oracle,3,0,0.0,0.0,0.0012788487253259
1,72,25,strong,0.0,weak_tail,equal,oracle,4,0,0.0,0.0,0.0012788487253259
1,72,25,strong,0.0,weak_tail,equal,oracle,5,0,0.0,0.0,0.0012788487253259
1,72,25,strong,0.0,weak_tail,equal,oracle,8,0,0.0,0.0,0.0012788487253259
1,72,25,strong,0.0,weak_tail,equal,feasible,1,1403,0.4676666666666667,0.4498648962635153,0.4855511359540558
1,72,25,strong,0.0,weak_tail,equal,feasible,2,505,0.1683333333333333,0.1553703576642514,0.1821446119902147
1,72,25,strong,0.0,weak_tail,equal,feasible,3,298,0.0993333333333333,0.0891370228596733,0.1105544279188878
1,72,25,strong,0.0,weak_tail,equal,feasible,4,258,0.086,0.0764893768640401,0.0965695098805297
1,72,25,strong,0.0,weak_tail,equal,feasible,5,267,0.089,0.0793293311169906,0.0997218825352272
1,72,25,strong,0.0,weak_tail,equal,feasible,8,269,0.0896666666666666,0.0799609085468936,0.1004219333070238
1,72,25,strong,0.0,weak_tail,hj,oracle,1,3000,1.0,0.9987211512746742,1.0000000000000002
1,72,25,strong,0.0,weak_tail,hj,oracle,2,0,0.0,0.0,0.0012788487253259
1,72,25,strong,0.0,weak_tail,hj,oracle,3,0,0.0,0.0,0.0012788487253259
1,72,25,strong,0.0,weak_tail,hj,oracle,4,0,0.0,0.0,0.0012788487253259
1,72,25,strong,0.0,weak_tail,hj,oracle,5,0,0.0,0.0,0.0012788487253259
1,72,25,strong,0.0,weak_tail,hj,oracle,8,0,0.0,0.0,0.0012788487253259
1,72,25,strong,0.0,weak_tail,hj,feasible,1,1521,0.507,0.4891123009584909,0.5248697951593545
1,72,25,strong,0.0,weak_tail,hj,feasible,2,524,0.1746666666666666,0.1614985493922378,0.1886668881783742
1,72,25,strong,0.0,weak_tail,hj,feasible,3,303,0.101,0.09072237153681,0.112298149746
1,72,25,strong,0.0,weak_tail,hj,feasible,4,245,0.0816666666666666,0.0723936799057444,0.0920096235277782
1,72,25,strong,0.0,weak_tail,hj,feasible,5,216,0.072,0.0632873717982991,0.0818073227105798
1,72,25,strong,0.0,weak_tail,hj,feasible,8,191,0.0636666666666666,0.0554755189160109,0.0729738230716234
1,72,25,strong,0.7,full,equal,oracle,1,3000,1.0,0.9987211512746742,1.0000000000000002
1,72,25,strong,0.7,full,equal,oracle,2,0,0.0,0.0,0.0012788487253259
1,72,25,strong,0.7,full,equal,oracle,3,0,0.0,0.0,0.0012788487253259
1,72,25,strong,0.7,full,equal,oracle,4,0,0.0,0.0,0.0012788487253259
1,72,25,strong,0.7,full,equal,oracle,5,0,0.0,0.0,0.0012788487253259
1,72,25,strong,0.7,full,equal,oracle,8,0,0.0,0.0,0.0012788487253259
1,72,25,strong,0.7,full,equal,feasible,1,1374,0.458,0.4402363275196907,0.4758710957732366
1,72,25,strong,0.7,full,equal,feasible,2,423,0.141,0.1290050447960565,0.1539131685887274
1,72,25,strong,0.7,full,equal,feasible,3,311,0.1036666666666666,0.09326080066579,0.1150862334238183
1,72,25,strong,0.7,full,equal,feasible,4,232,0.0773333333333333,0.0683061163278667,0.0874416037946087
1,72,25,strong,0.7,full,equal,feasible,5,255,0.085,0.0755435241310502,0.0955179203109702
1,72,25,strong,0.7,full,equal,feasible,8,405,0.135,0.1232374934904672,0.1476960660790207
1,72,25,strong,0.7,full,hj,oracle,1,3000,1.0,0.9987211512746742,1.0000000000000002
1,72,25,strong,0.7,full,hj,oracle,2,0,0.0,0.0,0.0012788487253259
1,72,25,strong,0.7,full,hj,oracle,3,0,0.0,0.0,0.0012788487253259
1,72,25,strong,0.7,full,hj,oracle,4,0,0.0,0.0,0.0012788487253259
1,72,25,strong,0.7,full,hj,oracle,5,0,0.0,0.0,0.0012788487253259
1,72,25,strong,0.7,full,hj,oracle,8,0,0.0,0.0,0.0012788487253259
1,72,25,strong,0.7,full,hj,feasible,1,1501,0.5003333333333333,0.4824524137848881,0.5182134003159616
1,72,25,strong,0.7,full,hj,feasible,2,537,0.179,0.1656953054242355,0.1931257154574237
1,72,25,strong,0.7,full,hj,feasible,3,323,0.1076666666666666,0.0970726114165808,0.1192641918832248
1,72,25,strong,0.7,full,hj,feasible,4,270,0.09,0.080276760927978,0.1007718950267892
1,72,25,strong,0.7,full,hj,feasible,5,204,0.068,0.0595328433782643,0.0775720819204173
1,72,25,strong,0.7,full,hj,feasible,8,165,0.055,0.0473964489846813,0.0637417263808587
1,72,25,strong,0.7,weak_tail,equal,oracle,1,3000,1.0,0.9987211512746742,1.0000000000000002
1,72,25,strong,0.7,weak_tail,equal,oracle,2,0,0.0,0.0,0.0012788487253259
1,72,25,strong,0.7,weak_tail,equal,oracle,3,0,0.0,0.0,0.0012788487253259
1,72,25,strong,0.7,weak_tail,equal,oracle,4,0,0.0,0.0,0.0012788487253259
1,72,25,strong,0.7,weak_tail,equal,oracle,5,0,0.0,0.0,0.0012788487253259
1,72,25,strong,0.7,weak_tail,equal,oracle,8,0,0.0,0.0,0.0012788487253259
1,72,25,strong,0.7,weak_tail,equal,feasible,1,1353,0.451,0.4332681253168471,0.4688572018582348
1,72,25,strong,0.7,weak_tail,equal,feasible,2,408,0.136,0.1241982057271253,0.1487327961449119
1,72,25,strong,0.7,weak_tail,equal,feasible,3,283,0.0943333333333333,0.0843866042755233,0.1053176349902911
1,72,25,strong,0.7,weak_tail,equal,feasible,4,230,0.0766666666666666,0.0676780212037324,0.0867380707170435
1,72,25,strong,0.7,weak_tail,equal,feasible,5,285,0.095,0.0850194922059652,0.1060163752615488
1,72,25,strong,0.7,weak_tail,equal,feasible,8,441,0.147,0.1347802097912442,0.1601226574088358
1,72,25,strong,0.7,weak_tail,hj,oracle,1,3000,1.0,0.9987211512746742,1.0000000000000002
1,72,25,strong,0.7,weak_tail,hj,oracle,2,0,0.0,0.0,0.0012788487253259
1,72,25,strong,0.7,weak_tail,hj,oracle,3,0,0.0,0.0,0.0012788487253259
1,72,25,strong,0.7,weak_tail,hj,oracle,4,0,0.0,0.0,0.0012788487253259
1,72,25,strong,0.7,weak_tail,hj,oracle,5,0,0.0,0.0,0.0012788487253259
1,72,25,strong,0.7,weak_tail,hj,oracle,8,0,0.0,0.0,0.0012788487253259
1,72,25,strong,0.7,weak_tail,hj,feasible,1,1502,0.5006666666666667,0.4827853327404069,0.5185462954612928
1,72,25,strong,0.7,weak_tail,hj,feasible,2,551,0.1836666666666666,0.1702182107442257,0.1979242075493304
1,72,25,strong,0.7,weak_tail,hj,feasible,3,337,0.1123333333333333,0.1015257549568429,0.1241324457548597
1,72,25,strong,0.7,weak_tail,hj,feasible,4,227,0.0756666666666666,0.0667362724633172,0.0856823771549093
1,72,25,strong,0.7,weak_tail,hj,feasible,5,191,0.0636666666666666,0.0554755189160109,0.0729738230716234
1,72,25,strong,0.7,weak_tail,hj,feasible,8,192,0.064,0.0557872275770516,0.0733279285114325
1,72,25,weak,0.0,full,equal,oracle,1,3000,1.0,0.9987211512746742,1.0000000000000002
1,72,25,weak,0.0,full,equal,oracle,2,0,0.0,0.0,0.0012788487253259
1,72,25,weak,0.0,full,equal,oracle,3,0,0.0,0.0,0.0012788487253259
1,72,25,weak,0.0,full,equal,oracle,4,0,0.0,0.0,0.0012788487253259
1,72,25,weak,0.0,full,equal,oracle,5,0,0.0,0.0,0.0012788487253259
1,72,25,weak,0.0,full,equal,oracle,8,0,0.0,0.0,0.0012788487253259
1,72,25,weak,0.0,full,equal,feasible,1,1451,0.4836666666666667,0.4658165878733658,0.5015585211849949
1,72,25,weak,0.0,full,equal,feasible,2,498,0.166,0.153114307914255,0.1797399630342627
1,72,25,weak,0.0,full,equal,feasible,3,317,0.1056666666666666,0.0951660932105743,0.1171758254841327
1,72,25,weak,0.0,full,equal,feasible,4,219,0.073,0.0642273151202552,0.0828648216911731
1,72,25,weak,0.0,full,equal,feasible,5,254,0.0846666666666666,0.0752283306584788,0.0951672996826919
1,72,25,weak,0.0,full,equal,feasible,8,261,0.087,0.0774356330836624,0.0976206959634568
1,72,25,weak,0.0,full,hj,oracle,1,3000,1.0,0.9987211512746742,1.0000000000000002
1,72,25,weak,0.0,full,hj,oracle,2,0,0.0,0.0,0.0012788487253259
1,72,25,weak,0.0,full,hj,oracle,3,0,0.0,0.0,0.0012788487253259
1,72,25,weak,0.0,full,hj,oracle,4,0,0.0,0.0,0.0012788487253259
1,72,25,weak,0.0,full,hj,oracle,5,0,0.0,0.0,0.0012788487253259
1,72,25,weak,0.0,full,hj,oracle,8,0,0.0,0.0,0.0012788487253259
1,72,25,weak,0.0,full,hj,feasible,1,1561,0.5203333333333333,0.502441605220763,0.5381730549310737
1,72,25,weak,0.0,full,hj,feasible,2,522,0.174,0.1608531639130219,0.1879806454558906
1,72,25,weak,0.0,full,hj,feasible,3,317,0.1056666666666666,0.0951660932105743,0.1171758254841327
1,72,25,weak,0.0,full,hj,feasible,4,193,0.0643333333333333,0.0560990034943369,0.073681966694997
1,72,25,weak,0.0,full,hj,feasible,5,216,0.072,0.0632873717982991,0.0818073227105798
1,72,25,weak,0.0,full,hj,feasible,8,191,0.0636666666666666,0.0554755189160109,0.0729738230716234
1,72,25,weak,0.0,weak_tail,equal,oracle,1,3000,1.0,0.9987211512746742,1.0000000000000002
1,72,25,weak,0.0,weak_tail,equal,oracle,2,0,0.0,0.0,0.0012788487253259
1,72,25,weak,0.0,weak_tail,equal,oracle,3,0,0.0,0.0,0.0012788487253259
1,72,25,weak,0.0,weak_tail,equal,oracle,4,0,0.0,0.0,0.0012788487253259
1,72,25,weak,0.0,weak_tail,equal,oracle,5,0,0.0,0.0,0.0012788487253259
1,72,25,weak,0.0,weak_tail,equal,oracle,8,0,0.0,0.0,0.0012788487253259
1,72,25,weak,0.0,weak_tail,equal,feasible,1,1406,0.4686666666666667,0.4508613389253555,0.4865521355947649
1,72,25,weak,0.0,weak_tail,equal,feasible,2,510,0.17,0.1569823900215444,0.1838616501371707
1,72,25,weak,0.0,weak_tail,equal,feasible,3,322,0.1073333333333333,0.0967547745523614,0.1189162146465945
1,72,25,weak,0.0,weak_tail,equal,feasible,4,253,0.0843333333333333,0.0749131829751923,0.0948166332651286
1,72,25,weak,0.0,weak_tail,equal,feasible,5,255,0.085,0.0755435241310502,0.0955179203109702
1,72,25,weak,0.0,weak_tail,equal,feasible,8,254,0.0846666666666666,0.0752283306584788,0.0951672996826919
1,72,25,weak,0.0,weak_tail,hj,oracle,1,3000,1.0,0.9987211512746742,1.0000000000000002
1,72,25,weak,0.0,weak_tail,hj,oracle,2,0,0.0,0.0,0.0012788487253259
1,72,25,weak,0.0,weak_tail,hj,oracle,3,0,0.0,0.0,0.0012788487253259
1,72,25,weak,0.0,weak_tail,hj,oracle,4,0,0.0,0.0,0.0012788487253259
1,72,25,weak,0.0,weak_tail,hj,oracle,5,0,0.0,0.0,0.0012788487253259
1,72,25,weak,0.0,weak_tail,hj,oracle,8,0,0.0,0.0,0.0012788487253259
1,72,25,weak,0.0,weak_tail,hj,feasible,1,1524,0.508,0.4901115578991594,0.5258679805212355
1,72,25,weak,0.0,weak_tail,hj,feasible,2,545,0.1816666666666666,0.1682794072954085,0.1958681263930489
1,72,25,weak,0.0,weak_tail,hj,feasible,3,314,0.1046666666666666,0.0942132918077672,0.1161311845843904
1,72,25,weak,0.0,weak_tail,hj,feasible,4,228,0.076,0.0670501357645342,0.0860343279545421
1,72,25,weak,0.0,weak_tail,hj,feasible,5,214,0.0713333333333333,0.0626610280287148,0.0811020382784646
1,72,25,weak,0.0,weak_tail,hj,feasible,8,175,0.0583333333333333,0.0504977475977078,0.06729856877633
1,72,25,weak,0.7,full,equal,oracle,1,3000,1.0,0.9987211512746742,1.0000000000000002
1,72,25,weak,0.7,full,equal,oracle,2,0,0.0,0.0,0.0012788487253259
1,72,25,weak,0.7,full,equal,oracle,3,0,0.0,0.0,0.0012788487253259
1,72,25,weak,0.7,full,equal,oracle,4,0,0.0,0.0,0.0012788487253259
1,72,25,weak,0.7,full,equal,oracle,5,0,0.0,0.0,0.0012788487253259
1,72,25,weak,0.7,full,equal,oracle,8,0,0.0,0.0,0.0012788487253259
1,72,25,weak,0.7,full,equal,feasible,1,1359,0.453,0.4352586784974549,0.4708615332827257
1,72,25,weak,0.7,full,equal,feasible,2,418,0.1393333333333333,0.1274021660500632,0.1521869768304719
1,72,25,weak,0.7,full,equal,feasible,3,277,0.0923333333333333,0.0824888965377186,0.1032204581229971
1,72,25,weak,0.7,full,equal,feasible,4,224,0.0746666666666666,0.0657950040909828,0.0846262032246944
1,72,25,weak,0.7,full,equal,feasible,5,305,0.1016666666666666,0.0913567650996293,0.1129953843848803
1,72,25,weak,0.7,full,equal,feasible,8,417,0.139,0.1270816615381816,0.1518416672415037
1,72,25,weak,0.7,full,hj,oracle,1,3000,1.0,0.9987211512746742,1.0000000000000002
1,72,25,weak,0.7,full,hj,oracle,2,0,0.0,0.0,0.0012788487253259
1,72,25,weak,0.7,full,hj,oracle,3,0,0.0,0.0,0.0012788487253259
1,72,25,weak,0.7,full,hj,oracle,4,0,0.0,0.0,0.0012788487253259
1,72,25,weak,0.7,full,hj,oracle,5,0,0.0,0.0,0.0012788487253259
1,72,25,weak,0.7,full,hj,oracle,8,0,0.0,0.0,0.0012788487253259
1,72,25,weak,0.7,full,hj,feasible,1,1514,0.5046666666666667,0.4867809792879964,0.5225404181239006
1,72,25,weak,0.7,full,hj,feasible,2,508,0.1693333333333333,0.1563375207000919,0.1831748912569236
1,72,25,weak,0.7,full,hj,feasible,3,346,0.1153333333333333,0.1043917638923796,0.1272587637269711
1,72,25,weak,0.7,full,hj,feasible,4,212,0.0706666666666666,0.0620349157781521,0.0803965223273277
1,72,25,weak,0.7,full,hj,feasible,5,228,0.076,0.0670501357645342,0.0860343279545421
1,72,25,weak,0.7,full,hj,feasible,8,192,0.064,0.0557872275770516,0.0733279285114325
1,72,25,weak,0.7,weak_tail,equal,oracle,1,3000,1.0,0.9987211512746742,1.0000000000000002
1,72,25,weak,0.7,weak_tail,equal,oracle,2,0,0.0,0.0,0.0012788487253259
1,72,25,weak,0.7,weak_tail,equal,oracle,3,0,0.0,0.0,0.0012788487253259
1,72,25,weak,0.7,weak_tail,equal,oracle,4,0,0.0,0.0,0.0012788487253259
1,72,25,weak,0.7,weak_tail,equal,oracle,5,0,0.0,0.0,0.0012788487253259
1,72,25,weak,0.7,weak_tail,equal,oracle,8,0,0.0,0.0,0.0012788487253259
1,72,25,weak,0.7,weak_tail,equal,feasible,1,1402,0.4673333333333333,0.4495327646816128,0.4852174534351085
1,72,25,weak,0.7,weak_tail,equal,feasible,2,418,0.1393333333333333,0.1274021660500632,0.1521869768304719
1,72,25,weak,0.7,weak_tail,equal,feasible,3,263,0.0876666666666666,0.0780666916239497,0.0983212656248691
1,72,25,weak,0.7,weak_tail,equal,feasible,4,228,0.076,0.0670501357645342,0.0860343279545421
1,72,25,weak,0.7,weak_tail,equal,feasible,5,287,0.0956666666666666,0.0856525369816895,0.106714958687524
1,72,25,weak,0.7,weak_tail,equal,feasible,8,402,0.134,0.1222770045212897,0.1466591127456489
1,72,25,weak,0.7,weak_tail,hj,oracle,1,3000,1.0,0.9987211512746742,1.0000000000000002
1,72,25,weak,0.7,weak_tail,hj,oracle,2,0,0.0,0.0,0.0012788487253259
1,72,25,weak,0.7,weak_tail,hj,oracle,3,0,0.0,0.0,0.0012788487253259
1,72,25,weak,0.7,weak_tail,hj,oracle,4,0,0.0,0.0,0.0012788487253259
1,72,25,weak,0.7,weak_tail,hj,oracle,5,0,0.0,0.0,0.0012788487253259
1,72,25,weak,0.7,weak_tail,hj,oracle,8,0,0.0,0.0,0.0012788487253259
1,72,25,weak,0.7,weak_tail,hj,feasible,1,1506,0.502,0.4841170879302668,0.519877796674832
1,72,25,weak,0.7,weak_tail,hj,feasible,2,542,0.1806666666666666,0.1673102384283093,0.1948398529575989
1,72,25,weak,0.7,weak_tail,hj,feasible,3,346,0.1153333333333333,0.1043917638923796,0.1272587637269711
1,72,25,weak,0.7,weak_tail,hj,feasible,4,206,0.0686666666666666,0.0601579986645532,0.0782785548358279
1,72,25,weak,0.7,weak_tail,hj,feasible,5,221,0.0736666666666666,0.0648542249346063,0.0835695400785215
1,72,25,weak,0.7,weak_tail,hj,feasible,8,179,0.0596666666666666,0.0517404459622769,0.0687191268151601
1,72,74,strong,0.0,full,equal,oracle,1,3000,1.0,0.9987211512746742,1.0000000000000002
1,72,74,strong,0.0,full,equal,oracle,2,0,0.0,0.0,0.0012788487253259
1,72,74,strong,0.0,full,equal,oracle,3,0,0.0,0.0,0.0012788487253259
1,72,74,strong,0.0,full,equal,oracle,4,0,0.0,0.0,0.0012788487253259
1,72,74,strong,0.0,full,equal,oracle,5,0,0.0,0.0,0.0012788487253259
1,72,74,strong,0.0,full,equal,oracle,8,0,0.0,0.0,0.0012788487253259
1,72,74,strong,0.0,full,equal,feasible,1,1374,0.458,0.4402363275196907,0.4758710957732366
1,72,74,strong,0.0,full,equal,feasible,2,535,0.1783333333333333,0.1650494550600036,0.1924399376199561
1,72,74,strong,0.0,full,equal,feasible,3,304,0.1013333333333333,0.0910395503276963,0.1126467850559635
1,72,74,strong,0.0,full,equal,feasible,4,248,0.0826666666666666,0.0733381400781085,0.0930626056579635
1,72,74,strong,0.0,full,equal,feasible,5,267,0.089,0.0793293311169906,0.0997218825352272
1,72,74,strong,0.0,full,equal,feasible,8,272,0.0906666666666666,0.0809085919663415,0.1014716921901253
1,72,74,strong,0.0,full,hj,oracle,1,3000,1.0,0.9987211512746742,1.0000000000000002
1,72,74,strong,0.0,full,hj,oracle,2,0,0.0,0.0,0.0012788487253259
1,72,74,strong,0.0,full,hj,oracle,3,0,0.0,0.0,0.0012788487253259
1,72,74,strong,0.0,full,hj,oracle,4,0,0.0,0.0,0.0012788487253259
1,72,74,strong,0.0,full,hj,oracle,5,0,0.0,0.0,0.0012788487253259
1,72,74,strong,0.0,full,hj,oracle,8,0,0.0,0.0,0.0012788487253259
1,72,74,strong,0.0,full,hj,feasible,1,1492,0.4973333333333333,0.4794565003396984,0.5152169868535034
1,72,74,strong,0.0,full,hj,feasible,2,567,0.189,0.1753913363912125,0.2034041075159402
1,72,74,strong,0.0,full,hj,feasible,3,303,0.101,0.09072237153681,0.112298149746
1,72,74,strong,0.0,full,hj,feasible,4,230,0.0766666666666666,0.0676780212037324,0.0867380707170435
1,72,74,strong,0.0,full,hj,feasible,5,222,0.074,0.0651677630711757,0.0839218160428019
1,72,74,strong,0.0,full,hj,feasible,8,186,0.062,0.0539180018316461,0.0712022696517394
1,72,74,strong,0.0,weak_tail,equal,oracle,1,3000,1.0,0.9987211512746742,1.0000000000000002
1,72,74,strong,0.0,weak_tail,equal,oracle,2,0,0.0,0.0,0.0012788487253259
1,72,74,strong,0.0,weak_tail,equal,oracle,3,0,0.0,0.0,0.0012788487253259
1,72,74,strong,0.0,weak_tail,equal,oracle,4,0,0.0,0.0,0.0012788487253259
1,72,74,strong,0.0,weak_tail,equal,oracle,5,0,0.0,0.0,0.0012788487253259
1,72,74,strong,0.0,weak_tail,equal,oracle,8,0,0.0,0.0,0.0012788487253259
1,72,74,strong,0.0,weak_tail,equal,feasible,1,1430,0.4766666666666667,0.4588354647967835,0.4945575481437317
1,72,74,strong,0.0,weak_tail,equal,feasible,2,531,0.177,0.1637579666024505,0.19106816967411
1,72,74,strong,0.0,weak_tail,equal,feasible,3,289,0.0963333333333333,0.0862857371430787,0.1074133867278344
1,72,74,strong,0.0,weak_tail,equal,feasible,4,240,0.08,0.0708205450384302,0.0902536878908435
1,72,74,strong,0.0,weak_tail,equal,feasible,5,250,0.0833333333333333,0.0739680171288828,0.0937643568088887
1,72,74,strong,0.0,weak_tail,equal,feasible,8,260,0.0866666666666666,0.0771201699020327,0.0972703450442366
1,72,74,strong,0.0,weak_tail,hj,oracle,1,3000,1.0,0.9987211512746742,1.0000000000000002
1,72,74,strong,0.0,weak_tail,hj,oracle,2,0,0.0,0.0,0.0012788487253259
1,72,74,strong,0.0,weak_tail,hj,oracle,3,0,0.0,0.0,0.0012788487253259
1,72,74,strong,0.0,weak_tail,hj,oracle,4,0,0.0,0.0,0.0012788487253259
1,72,74,strong,0.0,weak_tail,hj,oracle,5,0,0.0,0.0,0.0012788487253259
1,72,74,strong,0.0,weak_tail,hj,oracle,8,0,0.0,0.0,0.0012788487253259
1,72,74,strong,0.0,weak_tail,hj,feasible,1,1555,0.5183333333333333,0.5004413988680428,0.5361783766786951
1,72,74,strong,0.0,weak_tail,hj,feasible,2,558,0.186,0.1724809241162921,0.2003221928832126
1,72,74,strong,0.0,weak_tail,hj,feasible,3,287,0.0956666666666666,0.0856525369816895,0.106714958687524
1,72,74,strong,0.0,weak_tail,hj,feasible,4,221,0.0736666666666666,0.0648542249346063,0.0835695400785215
1,72,74,strong,0.0,weak_tail,hj,feasible,5,211,0.0703333333333333,0.0617219474124772,0.0800436765921528
1,72,74,strong,0.0,weak_tail,hj,feasible,8,168,0.056,0.0483259967828237,0.0648096208852656
1,72,74,strong,0.7,full,equal,oracle,1,3000,1.0,0.9987211512746742,1.0000000000000002
1,72,74,strong,0.7,full,equal,oracle,2,0,0.0,0.0,0.0012788487253259
1,72,74,strong,0.7,full,equal,oracle,3,0,0.0,0.0,0.0012788487253259
1,72,74,strong,0.7,full,equal,oracle,4,0,0.0,0.0,0.0012788487253259
1,72,74,strong,0.7,full,equal,oracle,5,0,0.0,0.0,0.0012788487253259
1,72,74,strong,0.7,full,equal,oracle,8,0,0.0,0.0,0.0012788487253259
1,72,74,strong,0.7,full,equal,feasible,1,1411,0.4703333333333333,0.4525222363550081,0.4882203086693611
1,72,74,strong,0.7,full,equal,feasible,2,398,0.1326666666666666,0.1209967035150731,0.1452761573484662
1,72,74,strong,0.7,full,equal,feasible,3,245,0.0816666666666666,0.0723936799057444,0.0920096235277782
1,72,74,strong,0.7,full,equal,feasible,4,211,0.0703333333333333,0.0617219474124772,0.0800436765921528
1,72,74,strong,0.7,full,equal,feasible,5,319,0.1063333333333333,0.0958014645991679,0.1178720822972387
1,72,74,strong,0.7,full,equal,feasible,8,416,0.1386666666666666,0.1267611809384436,0.1514963337403918
1,72,74,strong,0.7,full,hj,oracle,1,3000,1.0,0.9987211512746742,1.0000000000000002
1,72,74,strong,0.7,full,hj,oracle,2,0,0.0,0.0,0.0012788487253259
1,72,74,strong,0.7,full,hj,oracle,3,0,0.0,0.0,0.0012788487253259
1,72,74,strong,0.7,full,hj,oracle,4,0,0.0,0.0,0.0012788487253259
1,72,74,strong,0.7,full,hj,oracle,5,0,0.0,0.0,0.0012788487253259
1,72,74,strong,0.7,full,hj,oracle,8,0,0.0,0.0,0.0012788487253259
1,72,74,strong,0.7,full,hj,feasible,1,1529,0.5096666666666667,0.4917771449327175,0.5275314639919261
1,72,74,strong,0.7,full,hj,feasible,2,540,0.18,0.1666642127723977,0.1941542504118108
1,72,74,strong,0.7,full,hj,feasible,3,308,0.1026666666666666,0.0923086237446457,0.1140409680424132
1,72,74,strong,0.7,full,hj,feasible,4,243,0.081,0.0717642797966503,0.0913073954351728
1,72,74,strong,0.7,full,hj,feasible,5,217,0.0723333333333333,0.0636006295788421,0.0821598790308866
1,72,74,strong,0.7,full,hj,feasible,8,163,0.0543333333333333,0.0467771648925451,0.0630293822712954
1,72,74,strong,0.7,weak_tail,equal,oracle,1,3000,1.0,0.9987211512746742,1.0000000000000002
1,72,74,strong,0.7,weak_tail,equal,oracle,2,0,0.0,0.0,0.0012788487253259
1,72,74,strong,0.7,weak_tail,equal,oracle,3,0,0.0,0.0,0.0012788487253259
1,72,74,strong,0.7,weak_tail,equal,oracle,4,0,0.0,0.0,0.0012788487253259
1,72,74,strong,0.7,weak_tail,equal,oracle,5,0,0.0,0.0,0.0012788487253259
1,72,74,strong,0.7,weak_tail,equal,oracle,8,0,0.0,0.0,0.0012788487253259
1,72,74,strong,0.7,weak_tail,equal,feasible,1,1355,0.4516666666666666,0.4339316108512974,0.4695253445254841
1,72,74,strong,0.7,weak_tail,equal,feasible,2,381,0.127,0.1155600153108971,0.139394005838196
1,72,74,strong,0.7,weak_tail,equal,feasible,3,274,0.0913333333333333,0.0815405899871373,0.1021713223710291
1,72,74,strong,0.7,weak_tail,equal,feasible,4,243,0.081,0.0717642797966503,0.0913073954351728
1,72,74,strong,0.7,weak_tail,equal,feasible,5,297,0.099,0.0888200633103788,0.1102055733673325
1,72,74,strong,0.7,weak_tail,equal,feasible,8,450,0.15,0.1376705255739948,0.1632246685337333
1,72,74,strong,0.7,weak_tail,hj,oracle,1,3000,1.0,0.9987211512746742,1.0000000000000002
1,72,74,strong,0.7,weak_tail,hj,oracle,2,0,0.0,0.0,0.0012788487253259
1,72,74,strong,0.7,weak_tail,hj,oracle,3,0,0.0,0.0,0.0012788487253259
1,72,74,strong,0.7,weak_tail,hj,oracle,4,0,0.0,0.0,0.0012788487253259
1,72,74,strong,0.7,weak_tail,hj,oracle,5,0,0.0,0.0,0.0012788487253259
1,72,74,strong,0.7,weak_tail,hj,oracle,8,0,0.0,0.0,0.0012788487253259
1,72,74,strong,0.7,weak_tail,hj,feasible,1,1536,0.512,0.4941093003189193,0.5298600073116729
1,72,74,strong,0.7,weak_tail,hj,feasible,2,521,0.1736666666666666,0.160530498425913,0.1876374968421496
1,72,74,strong,0.7,weak_tail,hj,feasible,3,321,0.107,0.096436971036717,0.1185682040613891
1,72,74,strong,0.7,weak_tail,hj,feasible,4,238,0.0793333333333333,0.0701916353654692,0.089550969362105
1,72,74,strong,0.7,weak_tail,hj,feasible,5,202,0.0673333333333333,0.0589079354279717,0.0768653616690102
1,72,74,strong,0.7,weak_tail,hj,feasible,8,182,0.0606666666666666,0.0526732505118863,0.0697837645681
1,72,74,weak,0.0,full,equal,oracle,1,3000,1.0,0.9987211512746742,1.0000000000000002
1,72,74,weak,0.0,full,equal,oracle,2,0,0.0,0.0,0.0012788487253259
1,72,74,weak,0.0,full,equal,oracle,3,0,0.0,0.0,0.0012788487253259
1,72,74,weak,0.0,full,equal,oracle,4,0,0.0,0.0,0.0012788487253259
1,72,74,weak,0.0,full,equal,oracle,5,0,0.0,0.0,0.0012788487253259
1,72,74,weak,0.0,full,equal,oracle,8,0,0.0,0.0,0.0012788487253259
1,72,74,weak,0.0,full,equal,feasible,1,1374,0.458,0.4402363275196907,0.4758710957732366
1,72,74,weak,0.0,full,equal,feasible,2,549,0.183,0.1695718742751529,0.1972389158167036
1,72,74,weak,0.0,full,equal,feasible,3,301,0.1003333333333333,0.0900881225298914,0.1116007705512191
1,72,74,weak,0.0,full,equal,feasible,4,237,0.079,0.0698772554261935,0.0891995352005309
1,72,74,weak,0.0,full,equal,feasible,5,256,0.0853333333333333,0.0758587631496972,0.095868495393173
1,72,74,weak,0.0,full,equal,feasible,8,283,0.0943333333333333,0.0843866042755233,0.1053176349902911
1,72,74,weak,0.0,full,hj,oracle,1,3000,1.0,0.9987211512746742,1.0000000000000002
1,72,74,weak,0.0,full,hj,oracle,2,0,0.0,0.0,0.0012788487253259
1,72,74,weak,0.0,full,hj,oracle,3,0,0.0,0.0,0.0012788487253259
1,72,74,weak,0.0,full,hj,oracle,4,0,0.0,0.0,0.0012788487253259
1,72,74,weak,0.0,full,hj,oracle,5,0,0.0,0.0,0.0012788487253259
1,72,74,weak,0.0,full,hj,oracle,8,0,0.0,0.0,0.0012788487253259
1,72,74,weak,0.0,full,hj,feasible,1,1498,0.4993333333333333,0.4814537045387073,0.5172146672595932
1,72,74,weak,0.0,full,hj,feasible,2,583,0.1943333333333333,0.1805686899436536,0.2088797795770955
1,72,74,weak,0.0,full,hj,feasible,3,303,0.101,0.09072237153681,0.112298149746
1,72,74,weak,0.0,full,hj,feasible,4,217,0.0723333333333333,0.0636006295788421,0.0821598790308866
1,72,74,weak,0.0,full,hj,feasible,5,211,0.0703333333333333,0.0617219474124772,0.0800436765921528
1,72,74,weak,0.0,full,hj,feasible,8,188,0.0626666666666666,0.0545408014028638,0.0719110982822212
1,72,74,weak,0.0,weak_tail,equal,oracle,1,3000,1.0,0.9987211512746742,1.0000000000000002
1,72,74,weak,0.0,weak_tail,equal,oracle,2,0,0.0,0.0,0.0012788487253259
1,72,74,weak,0.0,weak_tail,equal,oracle,3,0,0.0,0.0,0.0012788487253259
1,72,74,weak,0.0,weak_tail,equal,oracle,4,0,0.0,0.0,0.0012788487253259
1,72,74,weak,0.0,weak_tail,equal,oracle,5,0,0.0,0.0,0.0012788487253259
1,72,74,weak,0.0,weak_tail,equal,oracle,8,0,0.0,0.0,0.0012788487253259
1,72,74,weak,0.0,weak_tail,equal,feasible,1,1401,0.467,0.449200641087459,0.4848837629284125
1,72,74,weak,0.0,weak_tail,equal,feasible,2,530,0.1766666666666666,0.1634351389387287,0.190725183236982
1,72,74,weak,0.0,weak_tail,equal,feasible,3,301,0.1003333333333333,0.0900881225298914,0.1116007705512191
1,72,74,weak,0.0,weak_tail,equal,feasible,4,227,0.0756666666666666,0.0667362724633172,0.0856823771549093
1,72,74,weak,0.0,weak_tail,equal,feasible,5,290,0.0966666666666666,0.0866023950440781,0.1077625429276848
1,72,74,weak,0.0,weak_tail,equal,feasible,8,251,0.0836666666666666,0.0742830259611942,0.0941151620774271
1,72,74,weak,0.0,weak_tail,hj,oracle,1,3000,1.0,0.9987211512746742,1.0000000000000002
1,72,74,weak,0.0,weak_tail,hj,oracle,2,0,0.0,0.0,0.0012788487253259
1,72,74,weak,0.0,weak_tail,hj,oracle,3,0,0.0,0.0,0.0012788487253259
1,72,74,weak,0.0,weak_tail,hj,oracle,4,0,0.0,0.0,0.0012788487253259
1,72,74,weak,0.0,weak_tail,hj,oracle,5,0,0.0,0.0,0.0012788487253259
1,72,74,weak,0.0,weak_tail,hj,oracle,8,0,0.0,0.0,0.0012788487253259
1,72,74,weak,0.0,weak_tail,hj,feasible,1,1528,0.5093333333333333,0.4914440116448362,0.5271987831789577
1,72,74,weak,0.0,weak_tail,hj,feasible,2,563,0.1876666666666666,0.1740976532383266,0.2020345342654269
1,72,74,weak,0.0,weak_tail,hj,feasible,3,300,0.1,0.0897710526329483,0.1112520263473124
1,72,74,weak,0.0,weak_tail,hj,feasible,4,196,0.0653333333333333,0.0570347299761277,0.0747436825157556
1,72,74,weak,0.0,weak_tail,hj,feasible,5,244,0.0813333333333333,0.072078955672542,0.0916585336601309
1,72,74,weak,0.0,weak_tail,hj,feasible,8,169,0.0563333333333333,0.0486360090473604,0.0651654227215788
1,72,74,weak,0.7,full,equal,oracle,1,3000,1.0,0.9987211512746742,1.0000000000000002
1,72,74,weak,0.7,full,equal,oracle,2,0,0.0,0.0,0.0012788487253259
1,72,74,weak,0.7,full,equal,oracle,3,0,0.0,0.0,0.0012788487253259
1,72,74,weak,0.7,full,equal,oracle,4,0,0.0,0.0,0.0012788487253259
1,72,74,weak,0.7,full,equal,oracle,5,0,0.0,0.0,0.0012788487253259
1,72,74,weak,0.7,full,equal,oracle,8,0,0.0,0.0,0.0012788487253259
1,72,74,weak,0.7,full,equal,feasible,1,1380,0.46,0.4422278927407642,0.4778744151572619
1,72,74,weak,0.7,full,equal,feasible,2,430,0.1433333333333333,0.1312500596496788,0.1563288524410537
1,72,74,weak,0.7,full,equal,feasible,3,275,0.0916666666666666,0.0818566511032748,0.1025210753557413
1,72,74,weak,0.7,full,equal,feasible,4,224,0.0746666666666666,0.0657950040909828,0.0846262032246944
1,72,74,weak,0.7,full,equal,feasible,5,293,0.0976666666666666,0.0875525979080362,0.108809782366276
1,72,74,weak,0.7,full,equal,feasible,8,398,0.1326666666666666,0.1209967035150731,0.1452761573484662
1,72,74,weak,0.7,full,hj,oracle,1,3000,1.0,0.9987211512746742,1.0000000000000002
1,72,74,weak,0.7,full,hj,oracle,2,0,0.0,0.0,0.0012788487253259
1,72,74,weak,0.7,full,hj,oracle,3,0,0.0,0.0,0.0012788487253259
1,72,74,weak,0.7,full,hj,oracle,4,0,0.0,0.0,0.0012788487253259
1,72,74,weak,0.7,full,hj,oracle,5,0,0.0,0.0,0.0012788487253259
1,72,74,weak,0.7,full,hj,oracle,8,0,0.0,0.0,0.0012788487253259
1,72,74,weak,0.7,full,hj,feasible,1,1532,0.5106666666666667,0.4927765924446521,0.5285294587825411
1,72,74,weak,0.7,full,hj,feasible,2,552,0.184,0.1705414045967915,0.1982668277976145
1,72,74,weak,0.7,full,hj,feasible,3,315,0.105,0.0945308579948152,0.1164794324981922
1,72,74,weak,0.7,full,hj,feasible,4,223,0.0743333333333333,0.0654813562361791,0.0842740369786483
1,72,74,weak,0.7,full,hj,feasible,5,219,0.073,0.0642273151202552,0.0828648216911731
1,72,74,weak,0.7,full,hj,feasible,8,159,0.053,0.0455396173166764,0.0616036734437649
1,72,74,weak,0.7,weak_tail,equal,oracle,1,3000,1.0,0.9987211512746742,1.0000000000000002
1,72,74,weak,0.7,weak_tail,equal,oracle,2,0,0.0,0.0,0.0012788487253259
1,72,74,weak,0.7,weak_tail,equal,oracle,3,0,0.0,0.0,0.0012788487253259
1,72,74,weak,0.7,weak_tail,equal,oracle,4,0,0.0,0.0,0.0012788487253259
1,72,74,weak,0.7,weak_tail,equal,oracle,5,0,0.0,0.0,0.0012788487253259
1,72,74,weak,0.7,weak_tail,equal,oracle,8,0,0.0,0.0,0.0012788487253259
1,72,74,weak,0.7,weak_tail,equal,feasible,1,1412,0.4706666666666667,0.4528544397810928,0.4885539193441263
1,72,74,weak,0.7,weak_tail,equal,feasible,2,342,0.114,0.1031176735490427,0.1258695976669089
1,72,74,weak,0.7,weak_tail,equal,feasible,3,273,0.091,0.0812245702069326,0.101821528050384
1,72,74,weak,0.7,weak_tail,equal,feasible,4,222,0.074,0.0651677630711757,0.0839218160428019
1,72,74,weak,0.7,weak_tail,equal,feasible,5,297,0.099,0.0888200633103788,0.1102055733673325
1,72,74,weak,0.7,weak_tail,equal,feasible,8,454,0.1513333333333333,0.1389556785262004,0.1646027719849269
1,72,74,weak,0.7,weak_tail,hj,oracle,1,3000,1.0,0.9987211512746742,1.0000000000000002
1,72,74,weak,0.7,weak_tail,hj,oracle,2,0,0.0,0.0,0.0012788487253259
1,72,74,weak,0.7,weak_tail,hj,oracle,3,0,0.0,0.0,0.0012788487253259
1,72,74,weak,0.7,weak_tail,hj,oracle,4,0,0.0,0.0,0.0012788487253259
1,72,74,weak,0.7,weak_tail,hj,oracle,5,0,0.0,0.0,0.0012788487253259
1,72,74,weak,0.7,weak_tail,hj,oracle,8,0,0.0,0.0,0.0012788487253259
1,72,74,weak,0.7,weak_tail,hj,feasible,1,1526,0.5086666666666667,0.490777768891394,0.5265333977307004
1,72,74,weak,0.7,weak_tail,hj,feasible,2,539,0.1796666666666666,0.1663412261336967,0.193811422949662
1,72,74,weak,0.7,weak_tail,hj,feasible,3,333,0.111,0.1002527848792385,0.1227421594290651
1,72,74,weak,0.7,weak_tail,hj,feasible,4,212,0.0706666666666666,0.0620349157781521,0.0803965223273277
1,72,74,weak,0.7,weak_tail,hj,feasible,5,200,0.0666666666666666,0.0582832782097589,0.0761583906855235
1,72,74,weak,0.7,weak_tail,hj,feasible,8,190,0.0633333333333333,0.055163878001273,0.0726196498855116
1,240,25,strong,0.0,full,equal,oracle,1,3000,1.0,0.9987211512746742,1.0000000000000002
1,240,25,strong,0.0,full,equal,oracle,2,0,0.0,0.0,0.0012788487253259
1,240,25,strong,0.0,full,equal,oracle,3,0,0.0,0.0,0.0012788487253259
1,240,25,strong,0.0,full,equal,oracle,4,0,0.0,0.0,0.0012788487253259
1,240,25,strong,0.0,full,equal,oracle,5,0,0.0,0.0,0.0012788487253259
1,240,25,strong,0.0,full,equal,oracle,8,0,0.0,0.0,0.0012788487253259
1,240,25,strong,0.0,full,equal,feasible,1,1465,0.4883333333333333,0.4704726179061674,0.5062238885640902
1,240,25,strong,0.0,full,equal,feasible,2,469,0.1563333333333333,0.1437780383114927,0.1697676237123813
1,240,25,strong,0.0,full,equal,feasible,3,312,0.104,0.0935782629971758,0.1154345851932822
1,240,25,strong,0.0,full,equal,feasible,4,238,0.0793333333333333,0.0701916353654692,0.089550969362105
1,240,25,strong,0.0,full,equal,feasible,5,242,0.0806666666666666,0.0714496525492431,0.0909562085817302
1,240,25,strong,0.0,full,equal,feasible,8,274,0.0913333333333333,0.0815405899871373,0.1021713223710291
1,240,25,strong,0.0,full,hj,oracle,1,3000,1.0,0.9987211512746742,1.0000000000000002
1,240,25,strong,0.0,full,hj,oracle,2,0,0.0,0.0,0.0012788487253259
1,240,25,strong,0.0,full,hj,oracle,3,0,0.0,0.0,0.0012788487253259
1,240,25,strong,0.0,full,hj,oracle,4,0,0.0,0.0,0.0012788487253259
1,240,25,strong,0.0,full,hj,oracle,5,0,0.0,0.0,0.0012788487253259
1,240,25,strong,0.0,full,hj,oracle,8,0,0.0,0.0,0.0012788487253259
1,240,25,strong,0.0,full,hj,feasible,1,1572,0.524,0.5061093942353027,0.5418292210258818
1,240,25,strong,0.0,full,hj,feasible,2,511,0.1703333333333333,0.1573048527397292,0.1842050015198357
1,240,25,strong,0.0,full,hj,feasible,3,308,0.1026666666666666,0.0923086237446457,0.1140409680424132
1,240,25,strong,0.0,full,hj,feasible,4,219,0.073,0.0642273151202552,0.0828648216911731
1,240,25,strong,0.0,full,hj,feasible,5,207,0.069,0.0604706680196548,0.0786316995815761
1,240,25,strong,0.0,full,hj,feasible,8,183,0.061,0.0529843310254596,0.0701384981553765
1,240,25,strong,0.0,weak_tail,equal,oracle,1,3000,1.0,0.9987211512746742,1.0000000000000002
1,240,25,strong,0.0,weak_tail,equal,oracle,2,0,0.0,0.0,0.0012788487253259
1,240,25,strong,0.0,weak_tail,equal,oracle,3,0,0.0,0.0,0.0012788487253259
1,240,25,strong,0.0,weak_tail,equal,oracle,4,0,0.0,0.0,0.0012788487253259
1,240,25,strong,0.0,weak_tail,equal,oracle,5,0,0.0,0.0,0.0012788487253259
1,240,25,strong,0.0,weak_tail,equal,oracle,8,0,0.0,0.0,0.0012788487253259
1,240,25,strong,0.0,weak_tail,equal,feasible,1,1415,0.4716666666666667,0.4538510979225739,0.4895547035051946
1,240,25,strong,0.0,weak_tail,equal,feasible,2,517,0.1723333333333333,0.1592400191255968,0.1862647197390668
1,240,25,strong,0.0,weak_tail,equal,feasible,3,340,0.1133333333333333,0.1024808128255836,0.1251748301886684
1,240,25,strong,0.0,weak_tail,equal,feasible,4,245,0.0816666666666666,0.0723936799057444,0.0920096235277782
1,240,25,strong,0.0,weak_tail,equal,feasible,5,228,0.076,0.0670501357645342,0.0860343279545421
1,240,25,strong,0.0,weak_tail,equal,feasible,8,255,0.085,0.0755435241310502,0.0955179203109702
1,240,25,strong,0.0,weak_tail,hj,oracle,1,3000,1.0,0.9987211512746742,1.0000000000000002
1,240,25,strong,0.0,weak_tail,hj,oracle,2,0,0.0,0.0,0.0012788487253259
1,240,25,strong,0.0,weak_tail,hj,oracle,3,0,0.0,0.0,0.0012788487253259
1,240,25,strong,0.0,weak_tail,hj,oracle,4,0,0.0,0.0,0.0012788487253259
1,240,25,strong,0.0,weak_tail,hj,oracle,5,0,0.0,0.0,0.0012788487253259
1,240,25,strong,0.0,weak_tail,hj,oracle,8,0,0.0,0.0,0.0012788487253259
1,240,25,strong,0.0,weak_tail,hj,feasible,1,1521,0.507,0.4891123009584909,0.5248697951593545
1,240,25,strong,0.0,weak_tail,hj,feasible,2,552,0.184,0.1705414045967915,0.1982668277976145
1,240,25,strong,0.0,weak_tail,hj,feasible,3,337,0.1123333333333333,0.1015257549568429,0.1241324457548597
1,240,25,strong,0.0,weak_tail,hj,feasible,4,224,0.0746666666666666,0.0657950040909828,0.0846262032246944
1,240,25,strong,0.0,weak_tail,hj,feasible,5,188,0.0626666666666666,0.0545408014028638,0.0719110982822212
1,240,25,strong,0.0,weak_tail,hj,feasible,8,178,0.0593333333333333,0.0514296586660764,0.0683641000105108
1,240,25,strong,0.7,full,equal,oracle,1,3000,1.0,0.9987211512746742,1.0000000000000002
1,240,25,strong,0.7,full,equal,oracle,2,0,0.0,0.0,0.0012788487253259
1,240,25,strong,0.7,full,equal,oracle,3,0,0.0,0.0,0.0012788487253259
1,240,25,strong,0.7,full,equal,oracle,4,0,0.0,0.0,0.0012788487253259
1,240,25,strong,0.7,full,equal,oracle,5,0,0.0,0.0,0.0012788487253259
1,240,25,strong,0.7,full,equal,oracle,8,0,0.0,0.0,0.0012788487253259
1,240,25,strong,0.7,full,equal,feasible,1,1381,0.4603333333333333,0.4425598483322413,0.4782082736666345
1,240,25,strong,0.7,full,equal,feasible,2,392,0.1306666666666666,0.1190770144629567,0.143200961795484
1,240,25,strong,0.7,full,equal,feasible,3,267,0.089,0.0793293311169906,0.0997218825352272
1,240,25,strong,0.7,full,equal,feasible,4,231,0.077,0.0679920427108074,0.0870898633108182
1,240,25,strong,0.7,full,equal,feasible,5,302,0.1006666666666666,0.0904052288845772,0.1119494782973831
1,240,25,strong,0.7,full,equal,feasible,8,427,0.1423333333333333,0.130287771007287,0.1552936987808961
1,240,25,strong,0.7,full,hj,oracle,1,3000,1.0,0.9987211512746742,1.0000000000000002
1,240,25,strong,0.7,full,hj,oracle,2,0,0.0,0.0,0.0012788487253259
1,240,25,strong,0.7,full,hj,oracle,3,0,0.0,0.0,0.0012788487253259
1,240,25,strong,0.7,full,hj,oracle,4,0,0.0,0.0,0.0012788487253259
1,240,25,strong,0.7,full,hj,oracle,5,0,0.0,0.0,0.0012788487253259
1,240,25,strong,0.7,full,hj,oracle,8,0,0.0,0.0,0.0012788487253259
1,240,25,strong,0.7,full,hj,feasible,1,1478,0.4926666666666666,0.4747974684473218,0.5105546213339829
1,240,25,strong,0.7,full,hj,feasible,2,530,0.1766666666666666,0.1634351389387287,0.190725183236982
1,240,25,strong,0.7,full,hj,feasible,3,346,0.1153333333333333,0.1043917638923796,0.1272587637269711
1,240,25,strong,0.7,full,hj,feasible,4,224,0.0746666666666666,0.0657950040909828,0.0846262032246944
1,240,25,strong,0.7,full,hj,feasible,5,239,0.0796666666666666,0.0705060653313456,0.0899023534970783
1,240,25,strong,0.7,full,hj,feasible,8,183,0.061,0.0529843310254596,0.0701384981553765
1,240,25,strong,0.7,weak_tail,equal,oracle,1,3000,1.0,0.9987211512746742,1.0000000000000002
1,240,25,strong,0.7,weak_tail,equal,oracle,2,0,0.0,0.0,0.0012788487253259
1,240,25,strong,0.7,weak_tail,equal,oracle,3,0,0.0,0.0,0.0012788487253259
1,240,25,strong,0.7,weak_tail,equal,oracle,4,0,0.0,0.0,0.0012788487253259
1,240,25,strong,0.7,weak_tail,equal,oracle,5,0,0.0,0.0,0.0012788487253259
1,240,25,strong,0.7,weak_tail,equal,oracle,8,0,0.0,0.0,0.0012788487253259
1,240,25,strong,0.7,weak_tail,equal,feasible,1,1383,0.461,0.4432237835503742,0.4788759666502012
1,240,25,strong,0.7,weak_tail,equal,feasible,2,393,0.131,0.119396898488012,0.1435468918712785
1,240,25,strong,0.7,weak_tail,equal,feasible,3,284,0.0946666666666666,0.0847030285428707,0.1056670248237935
1,240,25,strong,0.7,weak_tail,equal,feasible,4,234,0.078,0.0689344186666951,0.08814492965748
1,240,25,strong,0.7,weak_tail,equal,feasible,5,286,0.0953333333333333,0.0853359950799826,0.1063656864883812
1,240,25,strong,0.7,weak_tail,equal,feasible,8,420,0.14,0.1280432465237866,0.152877524558448
1,240,25,strong,0.7,weak_tail,hj,oracle,1,3000,1.0,0.9987211512746742,1.0000000000000002
1,240,25,strong,0.7,weak_tail,hj,oracle,2,0,0.0,0.0,0.0012788487253259
1,240,25,strong,0.7,weak_tail,hj,oracle,3,0,0.0,0.0,0.0012788487253259
1,240,25,strong,0.7,weak_tail,hj,oracle,4,0,0.0,0.0,0.0012788487253259
1,240,25,strong,0.7,weak_tail,hj,oracle,5,0,0.0,0.0,0.0012788487253259
1,240,25,strong,0.7,weak_tail,hj,oracle,8,0,0.0,0.0,0.0012788487253259
1,240,25,strong,0.7,weak_tail,hj,feasible,1,1500,0.5,0.4821195027661004,0.5178804972338996
1,240,25,strong,0.7,weak_tail,hj,feasible,2,564,0.188,0.174421049140717,0.2023769524638863
1,240,25,strong,0.7,weak_tail,hj,feasible,3,325,0.1083333333333333,0.0977083846489878,0.1199600468525174
1,240,25,strong,0.7,weak_tail,hj,feasible,4,231,0.077,0.0679920427108074,0.0870898633108182
1,240,25,strong,0.7,weak_tail,hj,feasible,5,191,0.0636666666666666,0.0554755189160109,0.0729738230716234
1,240,25,strong,0.7,weak_tail,hj,feasible,8,189,0.063,0.0548523053292578,0.072265408456677
1,240,25,weak,0.0,full,equal,oracle,1,3000,1.0,0.9987211512746742,1.0000000000000002
1,240,25,weak,0.0,full,equal,oracle,2,0,0.0,0.0,0.0012788487253259
1,240,25,weak,0.0,full,equal,oracle,3,0,0.0,0.0,0.0012788487253259
1,240,25,weak,0.0,full,equal,oracle,4,0,0.0,0.0,0.0012788487253259
1,240,25,weak,0.0,full,equal,oracle,5,0,0.0,0.0,0.0012788487253259
1,240,25,weak,0.0,full,equal,oracle,8,0,0.0,0.0,0.0012788487253259
1,240,25,weak,0.0,full,equal,feasible,1,1389,0.463,0.4452157813959999,0.4808788534096742
1,240,25,weak,0.0,full,equal,feasible,2,498,0.166,0.153114307914255,0.1797399630342627
1,240,25,weak,0.0,full,equal,feasible,3,310,0.1033333333333333,0.0929433732470459,0.1147378467417126
1,240,25,weak,0.0,full,equal,feasible,4,252,0.084,0.07459808132677,0.0944659208127011
1,240,25,weak,0.0,full,equal,feasible,5,271,0.0903333333333333,0.0805926554708909,0.101121814584726
1,240,25,weak,0.0,full,equal,feasible,8,280,0.0933333333333333,0.0834375697204818,0.1042692272427832
1,240,25,weak,0.0,full,hj,oracle,1,3000,1.0,0.9987211512746742,1.0000000000000002
1,240,25,weak,0.0,full,hj,oracle,2,0,0.0,0.0,0.0012788487253259
1,240,25,weak,0.0,full,hj,oracle,3,0,0.0,0.0,0.0012788487253259
1,240,25,weak,0.0,full,hj,oracle,4,0,0.0,0.0,0.0012788487253259
1,240,25,weak,0.0,full,hj,oracle,5,0,0.0,0.0,0.0012788487253259
1,240,25,weak,0.0,full,hj,oracle,8,0,0.0,0.0,0.0012788487253259
1,240,25,weak,0.0,full,hj,feasible,1,1510,0.5033333333333333,0.4854489701109927,0.5212091708975052
1,240,25,weak,0.0,full,hj,feasible,2,539,0.1796666666666666,0.1663412261336967,0.193811422949662
1,240,25,weak,0.0,full,hj,feasible,3,303,0.101,0.09072237153681,0.112298149746
1,240,25,weak,0.0,full,hj,feasible,4,230,0.0766666666666666,0.0676780212037324,0.0867380707170435
1,240,25,weak,0.0,full,hj,feasible,5,218,0.0726666666666666,0.0639139441388719,0.0825123785717067
1,240,25,weak,0.0,full,hj,feasible,8,200,0.0666666666666666,0.0582832782097589,0.0761583906855235
1,240,25,weak,0.0,weak_tail,equal,oracle,1,3000,1.0,0.9987211512746742,1.0000000000000002
1,240,25,weak,0.0,weak_tail,equal,oracle,2,0,0.0,0.0,0.0012788487253259
1,240,25,weak,0.0,weak_tail,equal,oracle,3,0,0.0,0.0,0.0012788487253259
1,240,25,weak,0.0,weak_tail,equal,oracle,4,0,0.0,0.0,0.0012788487253259
1,240,25,weak,0.0,weak_tail,equal,oracle,5,0,0.0,0.0,0.0012788487253259
1,240,25,weak,0.0,weak_tail,equal,oracle,8,0,0.0,0.0,0.0012788487253259
1,240,25,weak,0.0,weak_tail,equal,feasible,1,1388,0.4626666666666666,0.4448837617423217,0.4805450589625026
1,240,25,weak,0.0,weak_tail,equal,feasible,2,533,0.1776666666666666,0.1644036753490813,0.1917540891291787
1,240,25,weak,0.0,weak_tail,equal,feasible,3,346,0.1153333333333333,0.1043917638923796,0.1272587637269711
1,240,25,weak,0.0,weak_tail,equal,feasible,4,252,0.084,0.07459808132677,0.0944659208127011
1,240,25,weak,0.0,weak_tail,equal,feasible,5,230,0.0766666666666666,0.0676780212037324,0.0867380707170435
1,240,25,weak,0.0,weak_tail,equal,feasible,8,251,0.0836666666666666,0.0742830259611942,0.0941151620774271
1,240,25,weak,0.0,weak_tail,hj,oracle,1,3000,1.0,0.9987211512746742,1.0000000000000002
1,240,25,weak,0.0,weak_tail,hj,oracle,2,0,0.0,0.0,0.0012788487253259
1,240,25,weak,0.0,weak_tail,hj,oracle,3,0,0.0,0.0,0.0012788487253259
1,240,25,weak,0.0,weak_tail,hj,oracle,4,0,0.0,0.0,0.0012788487253259
1,240,25,weak,0.0,weak_tail,hj,oracle,5,0,0.0,0.0,0.0012788487253259
1,240,25,weak,0.0,weak_tail,hj,oracle,8,0,0.0,0.0,0.0012788487253259
1,240,25,weak,0.0,weak_tail,hj,feasible,1,1513,0.5043333333333333,0.4864479650874466,0.5222076182236004
1,240,25,weak,0.0,weak_tail,hj,feasible,2,556,0.1853333333333333,0.1718343499593245,0.1996371388384805
1,240,25,weak,0.0,weak_tail,hj,feasible,3,347,0.1156666666666666,0.1047103626552952,0.1276059790649053
1,240,25,weak,0.0,weak_tail,hj,feasible,4,230,0.0766666666666666,0.0676780212037324,0.0867380707170435
1,240,25,weak,0.0,weak_tail,hj,feasible,5,192,0.064,0.0557872275770516,0.0733279285114325
1,240,25,weak,0.0,weak_tail,hj,feasible,8,162,0.054,0.0464676493165852,0.0626730837464055
1,240,25,weak,0.7,full,equal,oracle,1,3000,1.0,0.9987211512746742,1.0000000000000002
1,240,25,weak,0.7,full,equal,oracle,2,0,0.0,0.0,0.0012788487253259
1,240,25,weak,0.7,full,equal,oracle,3,0,0.0,0.0,0.0012788487253259
1,240,25,weak,0.7,full,equal,oracle,4,0,0.0,0.0,0.0012788487253259
1,240,25,weak,0.7,full,equal,oracle,5,0,0.0,0.0,0.0012788487253259
1,240,25,weak,0.7,full,equal,oracle,8,0,0.0,0.0,0.0012788487253259
1,240,25,weak,0.7,full,equal,feasible,1,1383,0.461,0.4432237835503742,0.4788759666502012
1,240,25,weak,0.7,full,equal,feasible,2,389,0.1296666666666666,0.1181175178479563,0.1421630161079351
1,240,25,weak,0.7,full,equal,feasible,3,292,0.0973333333333333,0.0872358256013769,0.1084607405720855
1,240,25,weak,0.7,full,equal,feasible,4,227,0.0756666666666666,0.0667362724633172,0.0856823771549093
1,240,25,weak,0.7,full,equal,feasible,5,295,0.0983333333333333,0.0881862557142715,0.1095077527617403
1,240,25,weak,0.7,full,equal,feasible,8,414,0.138,0.1261202917644312,0.1508055947127048
1,240,25,weak,0.7,full,hj,oracle,1,3000,1.0,0.9987211512746742,1.0000000000000002
1,240,25,weak,0.7,full,hj,oracle,2,0,0.0,0.0,0.0012788487253259
1,240,25,weak,0.7,full,hj,oracle,3,0,0.0,0.0,0.0012788487253259
1,240,25,weak,0.7,full,hj,oracle,4,0,0.0,0.0,0.0012788487253259
1,240,25,weak,0.7,full,hj,oracle,5,0,0.0,0.0,0.0012788487253259
1,240,25,weak,0.7,full,hj,oracle,8,0,0.0,0.0,0.0012788487253259
1,240,25,weak,0.7,full,hj,feasible,1,1499,0.4996666666666666,0.4817865996840383,0.5175475862151119
1,240,25,weak,0.7,full,hj,feasible,2,535,0.1783333333333333,0.1650494550600036,0.1924399376199561
1,240,25,weak,0.7,full,hj,feasible,3,342,0.114,0.1031176735490427,0.1258695976669089
1,240,25,weak,0.7,full,hj,feasible,4,226,0.0753333333333333,0.0664224625339994,0.0853303729833774
1,240,25,weak,0.7,full,hj,feasible,5,220,0.0733333333333333,0.0645407421688828,0.0832172087433952
1,240,25,weak,0.7,full,hj,feasible,8,178,0.0593333333333333,0.0514296586660764,0.0683641000105108
1,240,25,weak,0.7,weak_tail,equal,oracle,1,3000,1.0,0.9987211512746742,1.0000000000000002
1,240,25,weak,0.7,weak_tail,equal,oracle,2,0,0.0,0.0,0.0012788487253259
1,240,25,weak,0.7,weak_tail,equal,oracle,3,0,0.0,0.0,0.0012788487253259
1,240,25,weak,0.7,weak_tail,equal,oracle,4,0,0.0,0.0,0.0012788487253259
1,240,25,weak,0.7,weak_tail,equal,oracle,5,0,0.0,0.0,0.0012788487253259
1,240,25,weak,0.7,weak_tail,equal,oracle,8,0,0.0,0.0,0.0012788487253259
1,240,25,weak,0.7,weak_tail,equal,feasible,1,1401,0.467,0.449200641087459,0.4848837629284125
1,240,25,weak,0.7,weak_tail,equal,feasible,2,392,0.1306666666666666,0.1190770144629567,0.143200961795484
1,240,25,weak,0.7,weak_tail,equal,feasible,3,259,0.0863333333333333,0.0768047510848826,0.096919949760537
1,240,25,weak,0.7,weak_tail,equal,feasible,4,234,0.078,0.0689344186666951,0.08814492965748
1,240,25,weak,0.7,weak_tail,equal,feasible,5,299,0.0996666666666666,0.0894540193552607,0.1109032455241502
1,240,25,weak,0.7,weak_tail,equal,feasible,8,415,0.1383333333333333,0.1264407243229997,0.151150976254986
1,240,25,weak,0.7,weak_tail,hj,oracle,1,3000,1.0,0.9987211512746742,1.0000000000000002
1,240,25,weak,0.7,weak_tail,hj,oracle,2,0,0.0,0.0,0.0012788487253259
1,240,25,weak,0.7,weak_tail,hj,oracle,3,0,0.0,0.0,0.0012788487253259
1,240,25,weak,0.7,weak_tail,hj,oracle,4,0,0.0,0.0,0.0012788487253259
1,240,25,weak,0.7,weak_tail,hj,oracle,5,0,0.0,0.0,0.0012788487253259
1,240,25,weak,0.7,weak_tail,hj,oracle,8,0,0.0,0.0,0.0012788487253259
1,240,25,weak,0.7,weak_tail,hj,feasible,1,1523,0.5076666666666667,0.4897784643128273,0.5255352600067178
1,240,25,weak,0.7,weak_tail,hj,feasible,2,548,0.1826666666666666,0.1692487317308373,0.1968962442601695
1,240,25,weak,0.7,weak_tail,hj,feasible,3,315,0.105,0.0945308579948152,0.1164794324981922
1,240,25,weak,0.7,weak_tail,hj,feasible,4,230,0.0766666666666666,0.0676780212037324,0.0867380707170435
1,240,25,weak,0.7,weak_tail,hj,feasible,5,195,0.065,0.0567227551685354,0.0743898432224981
1,240,25,weak,0.7,weak_tail,hj,feasible,8,189,0.063,0.0548523053292578,0.072265408456677
1,240,74,strong,0.0,full,equal,oracle,1,3000,1.0,0.9987211512746742,1.0000000000000002
1,240,74,strong,0.0,full,equal,oracle,2,0,0.0,0.0,0.0012788487253259
1,240,74,strong,0.0,full,equal,oracle,3,0,0.0,0.0,0.0012788487253259
1,240,74,strong,0.0,full,equal,oracle,4,0,0.0,0.0,0.0012788487253259
1,240,74,strong,0.0,full,equal,oracle,5,0,0.0,0.0,0.0012788487253259
1,240,74,strong,0.0,full,equal,oracle,8,0,0.0,0.0,0.0012788487253259
1,240,74,strong,0.0,full,equal,feasible,1,1385,0.4616666666666666,0.4438877508069859,0.479543627595289
1,240,74,strong,0.0,full,equal,feasible,2,507,0.169,0.1560151141844806,0.1828314836716851
1,240,74,strong,0.0,full,equal,feasible,3,319,0.1063333333333333,0.0958014645991679,0.1178720822972387
1,240,74,strong,0.0,full,equal,feasible,4,245,0.0816666666666666,0.0723936799057444,0.0920096235277782
1,240,74,strong,0.0,full,equal,feasible,5,268,0.0893333333333333,0.079645098538847,0.1000719292142207
1,240,74,strong,0.0,full,equal,feasible,8,276,0.092,0.0821727533534877,0.1028707872063782
1,240,74,strong,0.0,full,hj,oracle,1,3000,1.0,0.9987211512746742,1.0000000000000002
1,240,74,strong,0.0,full,hj,oracle,2,0,0.0,0.0,0.0012788487253259
1,240,74,strong,0.0,full,hj,oracle,3,0,0.0,0.0,0.0012788487253259
1,240,74,strong,0.0,full,hj,oracle,4,0,0.0,0.0,0.0012788487253259
1,240,74,strong,0.0,full,hj,oracle,5,0,0.0,0.0,0.0012788487253259
1,240,74,strong,0.0,full,hj,oracle,8,0,0.0,0.0,0.0012788487253259
1,240,74,strong,0.0,full,hj,feasible,1,1503,0.501,0.4831182596326723,0.518879182669877
1,240,74,strong,0.0,full,hj,feasible,2,531,0.177,0.1637579666024505,0.19106816967411
1,240,74,strong,0.0,full,hj,feasible,3,317,0.1056666666666666,0.0951660932105743,0.1171758254841327
1,240,74,strong,0.0,full,hj,feasible,4,234,0.078,0.0689344186666951,0.08814492965748
1,240,74,strong,0.0,full,hj,feasible,5,212,0.0706666666666666,0.0620349157781521,0.0803965223273277
1,240,74,strong,0.0,full,hj,feasible,8,203,0.0676666666666666,0.059220358275795,0.0772187529220367
1,240,74,strong,0.0,weak_tail,equal,oracle,1,3000,1.0,0.9987211512746742,1.0000000000000002
1,240,74,strong,0.0,weak_tail,equal,oracle,2,0,0.0,0.0,0.0012788487253259
1,240,74,strong,0.0,weak_tail,equal,oracle,3,0,0.0,0.0,0.0012788487253259
1,240,74,strong,0.0,weak_tail,equal,oracle,4,0,0.0,0.0,0.0012788487253259
1,240,74,strong,0.0,weak_tail,equal,oracle,5,0,0.0,0.0,0.0012788487253259
1,240,74,strong,0.0,weak_tail,equal,oracle,8,0,0.0,0.0,0.0012788487253259
1,240,74,strong,0.0,weak_tail,equal,feasible,1,1349,0.4496666666666666,0.4319412508884104,0.4675208198832724
1,240,74,strong,0.0,weak_tail,equal,feasible,2,528,0.176,0.1627895372280653,0.1900391567459458
1,240,74,strong,0.0,weak_tail,equal,feasible,3,322,0.1073333333333333,0.0967547745523614,0.1189162146465945
1,240,74,strong,0.0,weak_tail,equal,feasible,4,276,0.092,0.0821727533534877,0.1028707872063782
1,240,74,strong,0.0,weak_tail,equal,feasible,5,258,0.086,0.0764893768640401,0.0965695098805297
1,240,74,strong,0.0,weak_tail,equal,feasible,8,267,0.089,0.0793293311169906,0.0997218825352272
1,240,74,strong,0.0,weak_tail,hj,oracle,1,3000,1.0,0.9987211512746742,1.0000000000000002
1,240,74,strong,0.0,weak_tail,hj,oracle,2,0,0.0,0.0,0.0012788487253259
1,240,74,strong,0.0,weak_tail,hj,oracle,3,0,0.0,0.0,0.0012788487253259
1,240,74,strong,0.0,weak_tail,hj,oracle,4,0,0.0,0.0,0.0012788487253259
1,240,74,strong,0.0,weak_tail,hj,oracle,5,0,0.0,0.0,0.0012788487253259
1,240,74,strong,0.0,weak_tail,hj,oracle,8,0,0.0,0.0,0.0012788487253259
1,240,74,strong,0.0,weak_tail,hj,feasible,1,1480,0.4933333333333333,0.4754629491730258,0.5112207688099786
1,240,74,strong,0.0,weak_tail,hj,feasible,2,558,0.186,0.1724809241162921,0.2003221928832126
1,240,74,strong,0.0,weak_tail,hj,feasible,3,312,0.104,0.0935782629971758,0.1154345851932822
1,240,74,strong,0.0,weak_tail,hj,feasible,4,249,0.083,0.0736530550827237,0.0934135047541981
1,240,74,strong,0.0,weak_tail,hj,feasible,5,207,0.069,0.0604706680196548,0.0786316995815761
1,240,74,strong,0.0,weak_tail,hj,feasible,8,194,0.0646666666666666,0.0564108461840562,0.0740359381061275
1,240,74,strong,0.7,full,equal,oracle,1,3000,1.0,0.9987211512746742,1.0000000000000002
1,240,74,strong,0.7,full,equal,oracle,2,0,0.0,0.0,0.0012788487253259
1,240,74,strong,0.7,full,equal,oracle,3,0,0.0,0.0,0.0012788487253259
1,240,74,strong,0.7,full,equal,oracle,4,0,0.0,0.0,0.0012788487253259
1,240,74,strong,0.7,full,equal,oracle,5,0,0.0,0.0,0.0012788487253259
1,240,74,strong,0.7,full,equal,oracle,8,0,0.0,0.0,0.0012788487253259
1,240,74,strong,0.7,full,equal,feasible,1,1367,0.4556666666666666,0.4379131997562436,0.4735335248307353
1,240,74,strong,0.7,full,equal,feasible,2,424,0.1413333333333333,0.1293256912893121,0.1542583361963217
1,240,74,strong,0.7,full,equal,feasible,3,267,0.089,0.0793293311169906,0.0997218825352272
1,240,74,strong,0.7,full,equal,feasible,4,220,0.0733333333333333,0.0645407421688828,0.0832172087433952
1,240,74,strong,0.7,full,equal,feasible,5,282,0.094,0.0840702195903577,0.1049682055746069
1,240,74,strong,0.7,full,equal,feasible,8,440,0.1466666666666666,0.1344591742737874,0.1597778788254428
1,240,74,strong,0.7,full,hj,oracle,1,3000,1.0,0.9987211512746742,1.0000000000000002
1,240,74,strong,0.7,full,hj,oracle,2,0,0.0,0.0,0.0012788487253259
1,240,74,strong,0.7,full,hj,oracle,3,0,0.0,0.0,0.0012788487253259
1,240,74,strong,0.7,full,hj,oracle,4,0,0.0,0.0,0.0012788487253259
1,240,74,strong,0.7,full,hj,oracle,5,0,0.0,0.0,0.0012788487253259
1,240,74,strong,0.7,full,hj,oracle,8,0,0.0,0.0,0.0012788487253259
1,240,74,strong,0.7,full,hj,feasible,1,1481,0.4936666666666666,0.4757957014442459,0.5115538306396081
1,240,74,strong,0.7,full,hj,feasible,2,586,0.1953333333333333,0.1815399035289136,0.2099060082943849
1,240,74,strong,0.7,full,hj,feasible,3,312,0.104,0.0935782629971758,0.1154345851932822
1,240,74,strong,0.7,full,hj,feasible,4,210,0.07,0.0614090380633049,0.0796907718404753
1,240,74,strong,0.7,full,hj,feasible,5,206,0.0686666666666666,0.0601579986645532,0.0782785548358279
1,240,74,strong,0.7,full,hj,feasible,8,205,0.0683333333333333,0.0598453903134665,0.0779253490860648
1,240,74,strong,0.7,weak_tail,equal,oracle,1,3000,1.0,0.9987211512746742,1.0000000000000002
1,240,74,strong,0.7,weak_tail,equal,oracle,2,0,0.0,0.0,0.0012788487253259
1,240,74,strong,0.7,weak_tail,equal,oracle,3,0,0.0,0.0,0.0012788487253259
1,240,74,strong,0.7,weak_tail,equal,oracle,4,0,0.0,0.0,0.0012788487253259
1,240,74,strong,0.7,weak_tail,equal,oracle,5,0,0.0,0.0,0.0012788487253259
1,240,74,strong,0.7,weak_tail,equal,oracle,8,0,0.0,0.0,0.0012788487253259
1,240,74,strong,0.7,weak_tail,equal,feasible,1,1374,0.458,0.4402363275196907,0.4758710957732366
1,240,74,strong,0.7,weak_tail,equal,feasible,2,389,0.1296666666666666,0.1181175178479563,0.1421630161079351
1,240,74,strong,0.7,weak_tail,equal,feasible,3,280,0.0933333333333333,0.0834375697204818,0.1042692272427832
1,240,74,strong,0.7,weak_tail,equal,feasible,4,244,0.0813333333333333,0.072078955672542,0.0916585336601309
1,240,74,strong,0.7,weak_tail,equal,feasible,5,279,0.093,0.0831213049168724,0.1039196779455428
1,240,74,strong,0.7,weak_tail,equal,feasible,8,434,0.1446666666666666,0.132533433032468,0.1577087354616636
1,240,74,strong,0.7,weak_tail,hj,oracle,1,3000,1.0,0.9987211512746742,1.0000000000000002
1,240,74,strong,0.7,weak_tail,hj,oracle,2,0,0.0,0.0,0.0012788487253259
1,240,74,strong,0.7,weak_tail,hj,oracle,3,0,0.0,0.0,0.0012788487253259
1,240,74,strong,0.7,weak_tail,hj,oracle,4,0,0.0,0.0,0.0012788487253259
1,240,74,strong,0.7,weak_tail,hj,oracle,5,0,0.0,0.0,0.0012788487253259
1,240,74,strong,0.7,weak_tail,hj,oracle,8,0,0.0,0.0,0.0012788487253259
1,240,74,strong,0.7,weak_tail,hj,feasible,1,1540,0.5133333333333333,0.4954421352906655,0.5311904287433258
1,240,74,strong,0.7,weak_tail,hj,feasible,2,532,0.1773333333333333,0.1640808120856788,0.1914111382917315
1,240,74,strong,0.7,weak_tail,hj,feasible,3,304,0.1013333333333333,0.0910395503276963,0.1126467850559635
1,240,74,strong,0.7,weak_tail,hj,feasible,4,234,0.078,0.0689344186666951,0.08814492965748
1,240,74,strong,0.7,weak_tail,hj,feasible,5,213,0.071,0.0623479427766477,0.0807493094296818
1,240,74,strong,0.7,weak_tail,hj,feasible,8,177,0.059,0.0511189461113044,0.068008998464433
1,240,74,weak,0.0,full,equal,oracle,1,3000,1.0,0.9987211512746742,1.0000000000000002
1,240,74,weak,0.0,full,equal,oracle,2,0,0.0,0.0,0.0012788487253259
1,240,74,weak,0.0,full,equal,oracle,3,0,0.0,0.0,0.0012788487253259
1,240,74,weak,0.0,full,equal,oracle,4,0,0.0,0.0,0.0012788487253259
1,240,74,weak,0.0,full,equal,oracle,5,0,0.0,0.0,0.0012788487253259
1,240,74,weak,0.0,full,equal,oracle,8,0,0.0,0.0,0.0012788487253259
1,240,74,weak,0.0,full,equal,feasible,1,1354,0.4513333333333333,0.4335998640587148,0.4691912772172167
1,240,74,weak,0.0,full,equal,feasible,2,485,0.1616666666666666,0.1489270134352054,0.1752716742022651
1,240,74,weak,0.0,full,equal,feasible,3,309,0.103,0.0926259808899368,0.1143894249979719
1,240,74,weak,0.0,full,equal,feasible,4,274,0.0913333333333333,0.0815405899871373,0.1021713223710291
1,240,74,weak,0.0,full,equal,feasible,5,254,0.0846666666666666,0.0752283306584788,0.0951672996826919
1,240,74,weak,0.0,full,equal,feasible,8,324,0.108,0.0973904814936781,0.1196121359069774
1,240,74,weak,0.0,full,hj,oracle,1,3000,1.0,0.9987211512746742,1.0000000000000002
1,240,74,weak,0.0,full,hj,oracle,2,0,0.0,0.0,0.0012788487253259
1,240,74,weak,0.0,full,hj,oracle,3,0,0.0,0.0,0.0012788487253259
1,240,74,weak,0.0,full,hj,oracle,4,0,0.0,0.0,0.0012788487253259
1,240,74,weak,0.0,full,hj,oracle,5,0,0.0,0.0,0.0012788487253259
1,240,74,weak,0.0,full,hj,oracle,8,0,0.0,0.0,0.0012788487253259
1,240,74,weak,0.0,full,hj,feasible,1,1487,0.4956666666666666,0.4777923817763995,0.5135520349125533
1,240,74,weak,0.0,full,hj,feasible,2,534,0.178,0.1647265563535108,0.192097022225599
1,240,74,weak,0.0,full,hj,feasible,3,312,0.104,0.0935782629971758,0.1154345851932822
1,240,74,weak,0.0,full,hj,feasible,4,249,0.083,0.0736530550827237,0.0934135047541981
1,240,74,weak,0.0,full,hj,feasible,5,208,0.0693333333333333,0.0607833979717976,0.0789847837302831
1,240,74,weak,0.0,full,hj,feasible,8,210,0.07,0.0614090380633049,0.0796907718404753
1,240,74,weak,0.0,weak_tail,equal,oracle,1,3000,1.0,0.9987211512746742,1.0000000000000002
1,240,74,weak,0.0,weak_tail,equal,oracle,2,0,0.0,0.0,0.0012788487253259
1,240,74,weak,0.0,weak_tail,equal,oracle,3,0,0.0,0.0,0.0012788487253259
1,240,74,weak,0.0,weak_tail,equal,oracle,4,0,0.0,0.0,0.0012788487253259
1,240,74,weak,0.0,weak_tail,equal,oracle,5,0,0.0,0.0,0.0012788487253259
1,240,74,weak,0.0,weak_tail,equal,oracle,8,0,0.0,0.0,0.0012788487253259
1,240,74,weak,0.0,weak_tail,equal,feasible,1,1388,0.4626666666666666,0.4448837617423217,0.4805450589625026
1,240,74,weak,0.0,weak_tail,equal,feasible,2,518,0.1726666666666666,0.1595626114701634,0.1866079414953499
1,240,74,weak,0.0,weak_tail,equal,feasible,3,335,0.1116666666666666,0.1008892065936596,0.1234373659163434
1,240,74,weak,0.0,weak_tail,equal,feasible,4,252,0.084,0.07459808132677,0.0944659208127011
1,240,74,weak,0.0,weak_tail,equal,feasible,5,256,0.0853333333333333,0.0758587631496972,0.095868495393173
1,240,74,weak,0.0,weak_tail,equal,feasible,8,251,0.0836666666666666,0.0742830259611942,0.0941151620774271
1,240,74,weak,0.0,weak_tail,hj,oracle,1,3000,1.0,0.9987211512746742,1.0000000000000002
1,240,74,weak,0.0,weak_tail,hj,oracle,2,0,0.0,0.0,0.0012788487253259
1,240,74,weak,0.0,weak_tail,hj,oracle,3,0,0.0,0.0,0.0012788487253259
1,240,74,weak,0.0,weak_tail,hj,oracle,4,0,0.0,0.0,0.0012788487253259
1,240,74,weak,0.0,weak_tail,hj,oracle,5,0,0.0,0.0,0.0012788487253259
1,240,74,weak,0.0,weak_tail,hj,oracle,8,0,0.0,0.0,0.0012788487253259
1,240,74,weak,0.0,weak_tail,hj,feasible,1,1512,0.504,0.4861149588245158,0.5218748103856815
1,240,74,weak,0.0,weak_tail,hj,feasible,2,555,0.185,0.1715110881969003,0.199294586500055
1,240,74,weak,0.0,weak_tail,hj,feasible,3,339,0.113,0.1021624289875907,0.1248273999258115
1,240,74,weak,0.0,weak_tail,hj,feasible,4,230,0.0766666666666666,0.0676780212037324,0.0867380707170435
1,240,74,weak,0.0,weak_tail,hj,feasible,5,199,0.0663333333333333,0.0579710447093083,0.0758048100851243
1,240,74,weak,0.0,weak_tail,hj,feasible,8,165,0.055,0.0473964489846813,0.0637417263808587
1,240,74,weak,0.7,full,equal,oracle,1,3000,1.0,0.9987211512746742,1.0000000000000002
1,240,74,weak,0.7,full,equal,oracle,2,0,0.0,0.0,0.0012788487253259
1,240,74,weak,0.7,full,equal,oracle,3,0,0.0,0.0,0.0012788487253259
1,240,74,weak,0.7,full,equal,oracle,4,0,0.0,0.0,0.0012788487253259
1,240,74,weak,0.7,full,equal,oracle,5,0,0.0,0.0,0.0012788487253259
1,240,74,weak,0.7,full,equal,oracle,8,0,0.0,0.0,0.0012788487253259
1,240,74,weak,0.7,full,equal,feasible,1,1409,0.4696666666666667,0.4518578534400973,0.4875530633825724
1,240,74,weak,0.7,full,equal,feasible,2,400,0.1333333333333333,0.1216368036183175,0.1459676854469214
1,240,74,weak,0.7,full,equal,feasible,3,263,0.0876666666666666,0.0780666916239497,0.0983212656248691
1,240,74,weak,0.7,full,equal,feasible,4,219,0.073,0.0642273151202552,0.0828648216911731
1,240,74,weak,0.7,full,equal,feasible,5,286,0.0953333333333333,0.0853359950799826,0.1063656864883812
1,240,74,weak,0.7,full,equal,feasible,8,423,0.141,0.1290050447960565,0.1539131685887274
1,240,74,weak,0.7,full,hj,oracle,1,3000,1.0,0.9987211512746742,1.0000000000000002
1,240,74,weak,0.7,full,hj,oracle,2,0,0.0,0.0,0.0012788487253259
1,240,74,weak,0.7,full,hj,oracle,3,0,0.0,0.0,0.0012788487253259
1,240,74,weak,0.7,full,hj,oracle,4,0,0.0,0.0,0.0012788487253259
1,240,74,weak,0.7,full,hj,oracle,5,0,0.0,0.0,0.0012788487253259
1,240,74,weak,0.7,full,hj,oracle,8,0,0.0,0.0,0.0012788487253259
1,240,74,weak,0.7,full,hj,feasible,1,1532,0.5106666666666667,0.4927765924446521,0.5285294587825411
1,240,74,weak,0.7,full,hj,feasible,2,549,0.183,0.1695718742751529,0.1972389158167036
1,240,74,weak,0.7,full,hj,feasible,3,314,0.1046666666666666,0.0942132918077672,0.1161311845843904
1,240,74,weak,0.7,full,hj,feasible,4,215,0.0716666666666666,0.0629741711594646,0.0814547092485646
1,240,74,weak,0.7,full,hj,feasible,5,216,0.072,0.0632873717982991,0.0818073227105798
1,240,74,weak,0.7,full,hj,feasible,8,174,0.058,0.0501872628455823,0.0669432394276058
1,240,74,weak,0.7,weak_tail,equal,oracle,1,3000,1.0,0.9987211512746742,1.0000000000000002
1,240,74,weak,0.7,weak_tail,equal,oracle,2,0,0.0,0.0,0.0012788487253259
1,240,74,weak,0.7,weak_tail,equal,oracle,3,0,0.0,0.0,0.0012788487253259
1,240,74,weak,0.7,weak_tail,equal,oracle,4,0,0.0,0.0,0.0012788487253259
1,240,74,weak,0.7,weak_tail,equal,oracle,5,0,0.0,0.0,0.0012788487253259
1,240,74,weak,0.7,weak_tail,equal,oracle,8,0,0.0,0.0,0.0012788487253259
1,240,74,weak,0.7,weak_tail,equal,feasible,1,1341,0.447,0.4292878889588085,0.464847669006076
1,240,74,weak,0.7,weak_tail,equal,feasible,2,386,0.1286666666666666,0.1171582562059892,0.1411248354473528
1,240,74,weak,0.7,weak_tail,equal,feasible,3,265,0.0883333333333333,0.0786979248943257,0.0990216605561926
1,240,74,weak,0.7,weak_tail,equal,feasible,4,220,0.0733333333333333,0.0645407421688828,0.0832172087433952
1,240,74,weak,0.7,weak_tail,equal,feasible,5,304,0.1013333333333333,0.0910395503276963,0.1126467850559635
1,240,74,weak,0.7,weak_tail,equal,feasible,8,484,0.1613333333333333,0.1486050514585751,0.1749278220780456
1,240,74,weak,0.7,weak_tail,hj,oracle,1,3000,1.0,0.9987211512746742,1.0000000000000002
1,240,74,weak,0.7,weak_tail,hj,oracle,2,0,0.0,0.0,0.0012788487253259
1,240,74,weak,0.7,weak_tail,hj,oracle,3,0,0.0,0.0,0.0012788487253259
1,240,74,weak,0.7,weak_tail,hj,oracle,4,0,0.0,0.0,0.0012788487253259
1,240,74,weak,0.7,weak_tail,hj,oracle,5,0,0.0,0.0,0.0012788487253259
1,240,74,weak,0.7,weak_tail,hj,oracle,8,0,0.0,0.0,0.0012788487253259
1,240,74,weak,0.7,weak_tail,hj,feasible,1,1513,0.5043333333333333,0.4864479650874466,0.5222076182236004
1,240,74,weak,0.7,weak_tail,hj,feasible,2,535,0.1783333333333333,0.1650494550600036,0.1924399376199561
1,240,74,weak,0.7,weak_tail,hj,feasible,3,299,0.0996666666666666,0.0894540193552607,0.1109032455241502
1,240,74,weak,0.7,weak_tail,hj,feasible,4,235,0.0783333333333333,0.0692486467839035,0.0884965156411213
1,240,74,weak,0.7,weak_tail,hj,feasible,5,230,0.0766666666666666,0.0676780212037324,0.0867380707170435
1,240,74,weak,0.7,weak_tail,hj,feasible,8,188,0.0626666666666666,0.0545408014028638,0.0719110982822212
1,600,25,strong,0.0,full,equal,oracle,1,3000,1.0,0.9987211512746742,1.0000000000000002
1,600,25,strong,0.0,full,equal,oracle,2,0,0.0,0.0,0.0012788487253259
1,600,25,strong,0.0,full,equal,oracle,3,0,0.0,0.0,0.0012788487253259
1,600,25,strong,0.0,full,equal,oracle,4,0,0.0,0.0,0.0012788487253259
1,600,25,strong,0.0,full,equal,oracle,5,0,0.0,0.0,0.0012788487253259
1,600,25,strong,0.0,full,equal,oracle,8,0,0.0,0.0,0.0012788487253259
1,600,25,strong,0.0,full,equal,feasible,1,1418,0.4726666666666667,0.4548478278396507,0.4905554158906671
1,600,25,strong,0.0,full,equal,feasible,2,508,0.1693333333333333,0.1563375207000919,0.1831748912569236
1,600,25,strong,0.0,full,equal,feasible,3,338,0.1126666666666666,0.1018440763245357,0.1244799384880167
1,600,25,strong,0.0,full,equal,feasible,4,226,0.0753333333333333,0.0664224625339994,0.0853303729833774
1,600,25,strong,0.0,full,equal,feasible,5,242,0.0806666666666666,0.0714496525492431,0.0909562085817302
1,600,25,strong,0.0,full,equal,feasible,8,268,0.0893333333333333,0.079645098538847,0.1000719292142207
1,600,25,strong,0.0,full,hj,oracle,1,3000,1.0,0.9987211512746742,1.0000000000000002
1,600,25,strong,0.0,full,hj,oracle,2,0,0.0,0.0,0.0012788487253259
1,600,25,strong,0.0,full,hj,oracle,3,0,0.0,0.0,0.0012788487253259
1,600,25,strong,0.0,full,hj,oracle,4,0,0.0,0.0,0.0012788487253259
1,600,25,strong,0.0,full,hj,oracle,5,0,0.0,0.0,0.0012788487253259
1,600,25,strong,0.0,full,hj,oracle,8,0,0.0,0.0,0.0012788487253259
1,600,25,strong,0.0,full,hj,feasible,1,1540,0.5133333333333333,0.4954421352906655,0.5311904287433258
1,600,25,strong,0.0,full,hj,feasible,2,538,0.1793333333333333,0.1660182570049551,0.1934685779775538
1,600,25,strong,0.0,full,hj,feasible,3,332,0.1106666666666666,0.0999346218259094,0.1223945083815443
1,600,25,strong,0.0,full,hj,feasible,4,204,0.068,0.0595328433782643,0.0775720819204173
1,600,25,strong,0.0,full,hj,feasible,5,204,0.068,0.0595328433782643,0.0775720819204173
1,600,25,strong,0.0,full,hj,feasible,8,182,0.0606666666666666,0.0526732505118863,0.0697837645681
1,600,25,strong,0.0,weak_tail,equal,oracle,1,3000,1.0,0.9987211512746742,1.0000000000000002
1,600,25,strong,0.0,weak_tail,equal,oracle,2,0,0.0,0.0,0.0012788487253259
1,600,25,strong,0.0,weak_tail,equal,oracle,3,0,0.0,0.0,0.0012788487253259
1,600,25,strong,0.0,weak_tail,equal,oracle,4,0,0.0,0.0,0.0012788487253259
1,600,25,strong,0.0,weak_tail,equal,oracle,5,0,0.0,0.0,0.0012788487253259
1,600,25,strong,0.0,weak_tail,equal,oracle,8,0,0.0,0.0,0.0012788487253259
1,600,25,strong,0.0,weak_tail,equal,feasible,1,1365,0.455,0.4372495212256457,0.4728655751596335
1,600,25,strong,0.0,weak_tail,equal,feasible,2,539,0.1796666666666666,0.1663412261336967,0.193811422949662
1,600,25,strong,0.0,weak_tail,equal,feasible,3,293,0.0976666666666666,0.0875525979080362,0.108809782366276
1,600,25,strong,0.0,weak_tail,equal,feasible,4,279,0.093,0.0831213049168724,0.1039196779455428
1,600,25,strong,0.0,weak_tail,equal,feasible,5,254,0.0846666666666666,0.0752283306584788,0.0951672996826919
1,600,25,strong,0.0,weak_tail,equal,feasible,8,270,0.09,0.080276760927978,0.1007718950267892
1,600,25,strong,0.0,weak_tail,hj,oracle,1,3000,1.0,0.9987211512746742,1.0000000000000002
1,600,25,strong,0.0,weak_tail,hj,oracle,2,0,0.0,0.0,0.0012788487253259
1,600,25,strong,0.0,weak_tail,hj,oracle,3,0,0.0,0.0,0.0012788487253259
1,600,25,strong,0.0,weak_tail,hj,oracle,4,0,0.0,0.0,0.0012788487253259
1,600,25,strong,0.0,weak_tail,hj,oracle,5,0,0.0,0.0,0.0012788487253259
1,600,25,strong,0.0,weak_tail,hj,oracle,8,0,0.0,0.0,0.0012788487253259
1,600,25,strong,0.0,weak_tail,hj,feasible,1,1510,0.5033333333333333,0.4854489701109927,0.5212091708975052
1,600,25,strong,0.0,weak_tail,hj,feasible,2,566,0.1886666666666666,0.1750678907508921,0.2030617390554108
1,600,25,strong,0.0,weak_tail,hj,feasible,3,290,0.0966666666666666,0.0866023950440781,0.1077625429276848
1,600,25,strong,0.0,weak_tail,hj,feasible,4,252,0.084,0.07459808132677,0.0944659208127011
1,600,25,strong,0.0,weak_tail,hj,feasible,5,197,0.0656666666666666,0.0573467701411072,0.0750974564516258
1,600,25,strong,0.0,weak_tail,hj,feasible,8,185,0.0616666666666666,0.0536067072261021,0.0708477501564336
1,600,25,strong,0.7,full,equal,oracle,1,3000,1.0,0.9987211512746742,1.0000000000000002
1,600,25,strong,0.7,full,equal,oracle,2,0,0.0,0.0,0.0012788487253259
1,600,25,strong,0.7,full,equal,oracle,3,0,0.0,0.0,0.0012788487253259
1,600,25,strong,0.7,full,equal,oracle,4,0,0.0,0.0,0.0012788487253259
1,600,25,strong,0.7,full,equal,oracle,5,0,0.0,0.0,0.0012788487253259
1,600,25,strong,0.7,full,equal,oracle,8,0,0.0,0.0,0.0012788487253259
1,600,25,strong,0.7,full,equal,feasible,1,1384,0.4613333333333333,0.4435557631744966,0.4792098011269286
1,600,25,strong,0.7,full,equal,feasible,2,401,0.1336666666666666,0.1219568915096465,0.1463134116564423
1,600,25,strong,0.7,full,equal,feasible,3,292,0.0973333333333333,0.0872358256013769,0.1084607405720855
1,600,25,strong,0.7,full,equal,feasible,4,221,0.0736666666666666,0.0648542249346063,0.0835695400785215
1,600,25,strong,0.7,full,equal,feasible,5,282,0.094,0.0840702195903577,0.1049682055746069
1,600,25,strong,0.7,full,equal,feasible,8,420,0.14,0.1280432465237866,0.152877524558448
1,600,25,strong,0.7,full,hj,oracle,1,3000,1.0,0.9987211512746742,1.0000000000000002
1,600,25,strong,0.7,full,hj,oracle,2,0,0.0,0.0,0.0012788487253259
1,600,25,strong,0.7,full,hj,oracle,3,0,0.0,0.0,0.0012788487253259
1,600,25,strong,0.7,full,hj,oracle,4,0,0.0,0.0,0.0012788487253259
1,600,25,strong,0.7,full,hj,oracle,5,0,0.0,0.0,0.0012788487253259
1,600,25,strong,0.7,full,hj,oracle,8,0,0.0,0.0,0.0012788487253259
1,600,25,strong,0.7,full,hj,feasible,1,1482,0.494,0.4761284616540998,0.511886884530604
1,600,25,strong,0.7,full,hj,feasible,2,540,0.18,0.1666642127723977,0.1941542504118108
1,600,25,strong,0.7,full,hj,feasible,3,330,0.11,0.0992983919562981,0.121699110049456
1,600,25,strong,0.7,full,hj,feasible,4,218,0.0726666666666666,0.0639139441388719,0.0825123785717067
1,600,25,strong,0.7,full,hj,feasible,5,240,0.08,0.0708205450384302,0.0902536878908435
1,600,25,strong,0.7,full,hj,feasible,8,190,0.0633333333333333,0.055163878001273,0.0726196498855116
1,600,25,strong,0.7,weak_tail,equal,oracle,1,3000,1.0,0.9987211512746742,1.0000000000000002
1,600,25,strong,0.7,weak_tail,equal,oracle,2,0,0.0,0.0,0.0012788487253259
1,600,25,strong,0.7,weak_tail,equal,oracle,3,0,0.0,0.0,0.0012788487253259
1,600,25,strong,0.7,weak_tail,equal,oracle,4,0,0.0,0.0,0.0012788487253259
1,600,25,strong,0.7,weak_tail,equal,oracle,5,0,0.0,0.0,0.0012788487253259
1,600,25,strong,0.7,weak_tail,equal,oracle,8,0,0.0,0.0,0.0012788487253259
1,600,25,strong,0.7,weak_tail,equal,feasible,1,1395,0.465,0.4472080673249535,0.4828814520858193
1,600,25,strong,0.7,weak_tail,equal,feasible,2,410,0.1366666666666666,0.1248388035658095,0.1494238265079272
1,600,25,strong,0.7,weak_tail,equal,feasible,3,288,0.096,0.0859691177294244,0.1070641920406389
1,600,25,strong,0.7,weak_tail,equal,feasible,4,228,0.076,0.0670501357645342,0.0860343279545421
1,600,25,strong,0.7,weak_tail,equal,feasible,5,269,0.0896666666666666,0.0799609085468936,0.1004219333070238
1,600,25,strong,0.7,weak_tail,equal,feasible,8,410,0.1366666666666666,0.1248388035658095,0.1494238265079272
1,600,25,strong,0.7,weak_tail,hj,oracle,1,3000,1.0,0.9987211512746742,1.0000000000000002
1,600,25,strong,0.7,weak_tail,hj,oracle,2,0,0.0,0.0,0.0012788487253259
1,600,25,strong,0.7,weak_tail,hj,oracle,3,0,0.0,0.0,0.0012788487253259
1,600,25,strong,0.7,weak_tail,hj,oracle,4,0,0.0,0.0,0.0012788487253259
1,600,25,strong,0.7,weak_tail,hj,oracle,5,0,0.0,0.0,0.0012788487253259
1,600,25,strong,0.7,weak_tail,hj,oracle,8,0,0.0,0.0,0.0012788487253259
1,600,25,strong,0.7,weak_tail,hj,feasible,1,1478,0.4926666666666666,0.4747974684473218,0.5105546213339829
1,600,25,strong,0.7,weak_tail,hj,feasible,2,562,0.1873333333333333,0.1737742739829623,0.2016920994199414
1,600,25,strong,0.7,weak_tail,hj,feasible,3,296,0.0986666666666666,0.0885031408729331,0.1098566817039285
1,600,25,strong,0.7,weak_tail,hj,feasible,4,245,0.0816666666666666,0.0723936799057444,0.0920096235277782
1,600,25,strong,0.7,weak_tail,hj,feasible,5,235,0.0783333333333333,0.0692486467839035,0.0884965156411213
1,600,25,strong,0.7,weak_tail,hj,feasible,8,184,0.0613333333333333,0.0532954834449924,0.0704931598366934
1,600,25,weak,0.0,full,equal,oracle,1,3000,1.0,0.9987211512746742,1.0000000000000002
1,600,25,weak,0.0,full,equal,oracle,2,0,0.0,0.0,0.0012788487253259
1,600,25,weak,0.0,full,equal,oracle,3,0,0.0,0.0,0.0012788487253259
1,600,25,weak,0.0,full,equal,oracle,4,0,0.0,0.0,0.0012788487253259
1,600,25,weak,0.0,full,equal,oracle,5,0,0.0,0.0,0.0012788487253259
1,600,25,weak,0.0,full,equal,oracle,8,0,0.0,0.0,0.0012788487253259
1,600,25,weak,0.0,full,equal,feasible,1,1352,0.4506666666666666,0.4329363946272799,0.4685231184469521
1,600,25,weak,0.0,full,equal,feasible,2,497,0.1656666666666666,0.1527920916440501,0.1793963652036178
1,600,25,weak,0.0,full,equal,feasible,3,354,0.118,0.106941394512901,0.130035645913248
1,600,25,weak,0.0,full,equal,feasible,4,239,0.0796666666666666,0.0705060653313456,0.0899023534970783
1,600,25,weak,0.0,full,equal,feasible,5,270,0.09,0.080276760927978,0.1007718950267892
1,600,25,weak,0.0,full,equal,feasible,8,288,0.096,0.0859691177294244,0.1070641920406389
1,600,25,weak,0.0,full,hj,oracle,1,3000,1.0,0.9987211512746742,1.0000000000000002
1,600,25,weak,0.0,full,hj,oracle,2,0,0.0,0.0,0.0012788487253259
1,600,25,weak,0.0,full,hj,oracle,3,0,0.0,0.0,0.0012788487253259
1,600,25,weak,0.0,full,hj,oracle,4,0,0.0,0.0,0.0012788487253259
1,600,25,weak,0.0,full,hj,oracle,5,0,0.0,0.0,0.0012788487253259
1,600,25,weak,0.0,full,hj,oracle,8,0,0.0,0.0,0.0012788487253259
1,600,25,weak,0.0,full,hj,feasible,1,1468,0.4893333333333333,0.471470541217459,0.507223407555348
1,600,25,weak,0.0,full,hj,feasible,2,533,0.1776666666666666,0.1644036753490813,0.1917540891291787
1,600,25,weak,0.0,full,hj,feasible,3,346,0.1153333333333333,0.1043917638923796,0.1272587637269711
1,600,25,weak,0.0,full,hj,feasible,4,221,0.0736666666666666,0.0648542249346063,0.0835695400785215
1,600,25,weak,0.0,full,hj,feasible,5,230,0.0766666666666666,0.0676780212037324,0.0867380707170435
1,600,25,weak,0.0,full,hj,feasible,8,202,0.0673333333333333,0.0589079354279717,0.0768653616690102
1,600,25,weak,0.0,weak_tail,equal,oracle,1,3000,1.0,0.9987211512746742,1.0000000000000002
1,600,25,weak,0.0,weak_tail,equal,oracle,2,0,0.0,0.0,0.0012788487253259
1,600,25,weak,0.0,weak_tail,equal,oracle,3,0,0.0,0.0,0.0012788487253259
1,600,25,weak,0.0,weak_tail,equal,oracle,4,0,0.0,0.0,0.0012788487253259
1,600,25,weak,0.0,weak_tail,equal,oracle,5,0,0.0,0.0,0.0012788487253259
1,600,25,weak,0.0,weak_tail,equal,oracle,8,0,0.0,0.0,0.0012788487253259
1,600,25,weak,0.0,weak_tail,equal,feasible,1,1398,0.466,0.4482043182420676,0.4838826434712546
1,600,25,weak,0.0,weak_tail,equal,feasible,2,509,0.1696666666666666,0.1566599459937584,0.1835182800641069
1,600,25,weak,0.0,weak_tail,equal,feasible,3,319,0.1063333333333333,0.0958014645991679,0.1178720822972387
1,600,25,weak,0.0,weak_tail,equal,feasible,4,240,0.08,0.0708205450384302,0.0902536878908435
1,600,25,weak,0.0,weak_tail,equal,feasible,5,254,0.0846666666666666,0.0752283306584788,0.0951672996826919
1,600,25,weak,0.0,weak_tail,equal,feasible,8,280,0.0933333333333333,0.0834375697204818,0.1042692272427832
1,600,25,weak,0.0,weak_tail,hj,oracle,1,3000,1.0,0.9987211512746742,1.0000000000000002
1,600,25,weak,0.0,weak_tail,hj,oracle,2,0,0.0,0.0,0.0012788487253259
1,600,25,weak,0.0,weak_tail,hj,oracle,3,0,0.0,0.0,0.0012788487253259
1,600,25,weak,0.0,weak_tail,hj,oracle,4,0,0.0,0.0,0.0012788487253259
1,600,25,weak,0.0,weak_tail,hj,oracle,5,0,0.0,0.0,0.0012788487253259
1,600,25,weak,0.0,weak_tail,hj,oracle,8,0,0.0,0.0,0.0012788487253259
1,600,25,weak,0.0,weak_tail,hj,feasible,1,1520,0.5066666666666667,0.4887792311900214,0.5245370508269742
1,600,25,weak,0.0,weak_tail,hj,feasible,2,533,0.1776666666666666,0.1644036753490813,0.1917540891291787
1,600,25,weak,0.0,weak_tail,hj,feasible,3,320,0.1066666666666666,0.0961192010063877,0.1182201599908687
1,600,25,weak,0.0,weak_tail,hj,feasible,4,225,0.075,0.0661087063006732,0.0849783151158538
1,600,25,weak,0.0,weak_tail,hj,feasible,5,210,0.07,0.0614090380633049,0.0796907718404753
1,600,25,weak,0.0,weak_tail,hj,feasible,8,192,0.064,0.0557872275770516,0.0733279285114325
1,600,25,weak,0.7,full,equal,oracle,1,3000,1.0,0.9987211512746742,1.0000000000000002
1,600,25,weak,0.7,full,equal,oracle,2,0,0.0,0.0,0.0012788487253259
1,600,25,weak,0.7,full,equal,oracle,3,0,0.0,0.0,0.0012788487253259
1,600,25,weak,0.7,full,equal,oracle,4,0,0.0,0.0,0.0012788487253259
1,600,25,weak,0.7,full,equal,oracle,5,0,0.0,0.0,0.0012788487253259
1,600,25,weak,0.7,full,equal,oracle,8,0,0.0,0.0,0.0012788487253259
1,600,25,weak,0.7,full,equal,feasible,1,1376,0.4586666666666666,0.4409001505221875,0.4765389009724393
1,600,25,weak,0.7,full,equal,feasible,2,408,0.136,0.1241982057271253,0.1487327961449119
1,600,25,weak,0.7,full,equal,feasible,3,271,0.0903333333333333,0.0805926554708909,0.101121814584726
1,600,25,weak,0.7,full,equal,feasible,4,242,0.0806666666666666,0.0714496525492431,0.0909562085817302
1,600,25,weak,0.7,full,equal,feasible,5,275,0.0916666666666666,0.0818566511032748,0.1025210753557413
1,600,25,weak,0.7,full,equal,feasible,8,428,0.1426666666666666,0.1306085107645784,0.1556387731244545
1,600,25,weak,0.7,full,hj,oracle,1,3000,1.0,0.9987211512746742,1.0000000000000002
1,600,25,weak,0.7,full,hj,oracle,2,0,0.0,0.0,0.0012788487253259
1,600,25,weak,0.7,full,hj,oracle,3,0,0.0,0.0,0.0012788487253259
1,600,25,weak,0.7,full,hj,oracle,4,0,0.0,0.0,0.0012788487253259
1,600,25,weak,0.7,full,hj,oracle,5,0,0.0,0.0,0.0012788487253259
1,600,25,weak,0.7,full,hj,oracle,8,0,0.0,0.0,0.0012788487253259
1,600,25,weak,0.7,full,hj,feasible,1,1475,0.4916666666666666,0.4737993069040172,0.5095553405747381
1,600,25,weak,0.7,full,hj,feasible,2,551,0.1836666666666666,0.1702182107442257,0.1979242075493304
1,600,25,weak,0.7,full,hj,feasible,3,331,0.1103333333333333,0.0996164908093316,0.1220468252972723
1,600,25,weak,0.7,full,hj,feasible,4,236,0.0786666666666666,0.0695629258018801,0.0888480507239944
1,600,25,weak,0.7,full,hj,feasible,5,228,0.076,0.0670501357645342,0.0860343279545421
1,600,25,weak,0.7,full,hj,feasible,8,179,0.0596666666666666,0.0517404459622769,0.0687191268151601
1,600,25,weak,0.7,weak_tail,equal,oracle,1,3000,1.0,0.9987211512746742,1.0000000000000002
1,600,25,weak,0.7,weak_tail,equal,oracle,2,0,0.0,0.0,0.0012788487253259
1,600,25,weak,0.7,weak_tail,equal,oracle,3,0,0.0,0.0,0.0012788487253259
1,600,25,weak,0.7,weak_tail,equal,oracle,4,0,0.0,0.0,0.0012788487253259
1,600,25,weak,0.7,weak_tail,equal,oracle,5,0,0.0,0.0,0.0012788487253259
1,600,25,weak,0.7,weak_tail,equal,oracle,8,0,0.0,0.0,0.0012788487253259
1,600,25,weak,0.7,weak_tail,equal,feasible,1,1366,0.4553333333333333,0.4375813564746615,0.4731995540114675
1,600,25,weak,0.7,weak_tail,equal,feasible,2,385,0.1283333333333333,0.1168385549428043,0.1407787226096878
1,600,25,weak,0.7,weak_tail,equal,feasible,3,291,0.097,0.0869190912553642,0.1081116608172484
1,600,25,weak,0.7,weak_tail,equal,feasible,4,230,0.0766666666666666,0.0676780212037324,0.0867380707170435
1,600,25,weak,0.7,weak_tail,equal,feasible,5,294,0.098,0.0878694080027249,0.1091587863724371
1,600,25,weak,0.7,weak_tail,equal,feasible,8,434,0.1446666666666666,0.132533433032468,0.1577087354616636
1,600,25,weak,0.7,weak_tail,hj,oracle,1,3000,1.0,0.9987211512746742,1.0000000000000002
1,600,25,weak,0.7,weak_tail,hj,oracle,2,0,0.0,0.0,0.0012788487253259
1,600,25,weak,0.7,weak_tail,hj,oracle,3,0,0.0,0.0,0.0012788487253259
1,600,25,weak,0.7,weak_tail,hj,oracle,4,0,0.0,0.0,0.0012788487253259
1,600,25,weak,0.7,weak_tail,hj,oracle,5,0,0.0,0.0,0.0012788487253259
1,600,25,weak,0.7,weak_tail,hj,oracle,8,0,0.0,0.0,0.0012788487253259
1,600,25,weak,0.7,weak_tail,hj,feasible,1,1524,0.508,0.4901115578991594,0.5258679805212355
1,600,25,weak,0.7,weak_tail,hj,feasible,2,538,0.1793333333333333,0.1660182570049551,0.1934685779775538
1,600,25,weak,0.7,weak_tail,hj,feasible,3,306,0.102,0.0916740156962751,0.1133439478890842
1,600,25,weak,0.7,weak_tail,hj,feasible,4,231,0.077,0.0679920427108074,0.0870898633108182
1,600,25,weak,0.7,weak_tail,hj,feasible,5,210,0.07,0.0614090380633049,0.0796907718404753
1,600,25,weak,0.7,weak_tail,hj,feasible,8,191,0.0636666666666666,0.0554755189160109,0.0729738230716234
1,600,74,strong,0.0,full,equal,oracle,1,3000,1.0,0.9987211512746742,1.0000000000000002
1,600,74,strong,0.0,full,equal,oracle,2,0,0.0,0.0,0.0012788487253259
1,600,74,strong,0.0,full,equal,oracle,3,0,0.0,0.0,0.0012788487253259
1,600,74,strong,0.0,full,equal,oracle,4,0,0.0,0.0,0.0012788487253259
1,600,74,strong,0.0,full,equal,oracle,5,0,0.0,0.0,0.0012788487253259
1,600,74,strong,0.0,full,equal,oracle,8,0,0.0,0.0,0.0012788487253259
1,600,74,strong,0.0,full,equal,feasible,1,1371,0.457,0.4392406531796186,0.4748693278107594
1,600,74,strong,0.0,full,equal,feasible,2,522,0.174,0.1608531639130219,0.1879806454558906
1,600,74,strong,0.0,full,equal,feasible,3,337,0.1123333333333333,0.1015257549568429,0.1241324457548597
1,600,74,strong,0.0,full,equal,feasible,4,260,0.0866666666666666,0.0771201699020327,0.0972703450442366
1,600,74,strong,0.0,full,equal,feasible,5,281,0.0936666666666666,0.0837538746754388,0.104618736388676
1,600,74,strong,0.0,full,equal,feasible,8,229,0.0763333333333333,0.0673640521170559,0.0863862257028702
1,600,74,strong,0.0,full,hj,oracle,1,3000,1.0,0.9987211512746742,1.0000000000000002
1,600,74,strong,0.0,full,hj,oracle,2,0,0.0,0.0,0.0012788487253259
1,600,74,strong,0.0,full,hj,oracle,3,0,0.0,0.0,0.0012788487253259
1,600,74,strong,0.0,full,hj,oracle,4,0,0.0,0.0,0.0012788487253259
1,600,74,strong,0.0,full,hj,oracle,5,0,0.0,0.0,0.0012788487253259
1,600,74,strong,0.0,full,hj,oracle,8,0,0.0,0.0,0.0012788487253259
1,600,74,strong,0.0,full,hj,feasible,1,1489,0.4963333333333333,0.4784580053897241,0.5142180395009283
1,600,74,strong,0.0,full,hj,feasible,2,553,0.1843333333333333,0.1708646154801897,0.198609431015066
1,600,74,strong,0.0,full,hj,feasible,3,331,0.1103333333333333,0.0996164908093316,0.1220468252972723
1,600,74,strong,0.0,full,hj,feasible,4,234,0.078,0.0689344186666951,0.08814492965748
1,600,74,strong,0.0,full,hj,feasible,5,223,0.0743333333333333,0.0654813562361791,0.0842740369786483
1,600,74,strong,0.0,full,hj,feasible,8,170,0.0566666666666666,0.0489461016834046,0.0655211441863843
1,600,74,strong,0.0,weak_tail,equal,oracle,1,3000,1.0,0.9987211512746742,1.0000000000000002
1,600,74,strong,0.0,weak_tail,equal,oracle,2,0,0.0,0.0,0.0012788487253259
1,600,74,strong,0.0,weak_tail,equal,oracle,3,0,0.0,0.0,0.0012788487253259
1,600,74,strong,0.0,weak_tail,equal,oracle,4,0,0.0,0.0,0.0012788487253259
1,600,74,strong,0.0,weak_tail,equal,oracle,5,0,0.0,0.0,0.0012788487253259
1,600,74,strong,0.0,weak_tail,equal,oracle,8,0,0.0,0.0,0.0012788487253259
1,600,74,strong,0.0,weak_tail,equal,feasible,1,1367,0.4556666666666666,0.4379131997562436,0.4735335248307353
1,600,74,strong,0.0,weak_tail,equal,feasible,2,515,0.1716666666666666,0.1585948896494907,0.1855782210134733
1,600,74,strong,0.0,weak_tail,equal,feasible,3,314,0.1046666666666666,0.0942132918077672,0.1161311845843904
1,600,74,strong,0.0,weak_tail,equal,feasible,4,267,0.089,0.0793293311169906,0.0997218825352272
1,600,74,strong,0.0,weak_tail,equal,feasible,5,265,0.0883333333333333,0.0786979248943257,0.0990216605561926
1,600,74,strong,0.0,weak_tail,equal,feasible,8,272,0.0906666666666666,0.0809085919663415,0.1014716921901253
1,600,74,strong,0.0,weak_tail,hj,oracle,1,3000,1.0,0.9987211512746742,1.0000000000000002
1,600,74,strong,0.0,weak_tail,hj,oracle,2,0,0.0,0.0,0.0012788487253259
1,600,74,strong,0.0,weak_tail,hj,oracle,3,0,0.0,0.0,0.0012788487253259
1,600,74,strong,0.0,weak_tail,hj,oracle,4,0,0.0,0.0,0.0012788487253259
1,600,74,strong,0.0,weak_tail,hj,oracle,5,0,0.0,0.0,0.0012788487253259
1,600,74,strong,0.0,weak_tail,hj,oracle,8,0,0.0,0.0,0.0012788487253259
1,600,74,strong,0.0,weak_tail,hj,feasible,1,1488,0.496,0.4781251896143184,0.5138850411754841
1,600,74,strong,0.0,weak_tail,hj,feasible,2,539,0.1796666666666666,0.1663412261336967,0.193811422949662
1,600,74,strong,0.0,weak_tail,hj,feasible,3,307,0.1023333333333333,0.0919913019625578,0.1136924757236513
1,600,74,strong,0.0,weak_tail,hj,feasible,4,252,0.084,0.07459808132677,0.0944659208127011
1,600,74,strong,0.0,weak_tail,hj,feasible,5,216,0.072,0.0632873717982991,0.0818073227105798
1,600,74,strong,0.0,weak_tail,hj,feasible,8,198,0.066,0.0576588752035653,0.0754511654900176
1,600,74,strong,0.7,full,equal,oracle,1,3000,1.0,0.9987211512746742,1.0000000000000002
1,600,74,strong,0.7,full,equal,oracle,2,0,0.0,0.0,0.0012788487253259
1,600,74,strong,0.7,full,equal,oracle,3,0,0.0,0.0,0.0012788487253259
1,600,74,strong,0.7,full,equal,oracle,4,0,0.0,0.0,0.0012788487253259
1,600,74,strong,0.7,full,equal,oracle,5,0,0.0,0.0,0.0012788487253259
1,600,74,strong,0.7,full,equal,oracle,8,0,0.0,0.0,0.0012788487253259
1,600,74,strong,0.7,full,equal,feasible,1,1398,0.466,0.4482043182420676,0.4838826434712546
1,600,74,strong,0.7,full,equal,feasible,2,406,0.1353333333333333,0.1235577061981365,0.1480416674722011
1,600,74,strong,0.7,full,equal,feasible,3,244,0.0813333333333333,0.072078955672542,0.0916585336601309
1,600,74,strong,0.7,full,equal,feasible,4,216,0.072,0.0632873717982991,0.0818073227105798
1,600,74,strong,0.7,full,equal,feasible,5,292,0.0973333333333333,0.0872358256013769,0.1084607405720855
1,600,74,strong,0.7,full,equal,feasible,8,444,0.148,0.1357434499003774,0.161156859602252
1,600,74,strong,0.7,full,hj,oracle,1,3000,1.0,0.9987211512746742,1.0000000000000002
1,600,74,strong,0.7,full,hj,oracle,2,0,0.0,0.0,0.0012788487253259
1,600,74,strong,0.7,full,hj,oracle,3,0,0.0,0.0,0.0012788487253259
1,600,74,strong,0.7,full,hj,oracle,4,0,0.0,0.0,0.0012788487253259
1,600,74,strong,0.7,full,hj,oracle,5,0,0.0,0.0,0.0012788487253259
1,600,74,strong,0.7,full,hj,oracle,8,0,0.0,0.0,0.0012788487253259
1,600,74,strong,0.7,full,hj,feasible,1,1501,0.5003333333333333,0.4824524137848881,0.5182134003159616
1,600,74,strong,0.7,full,hj,feasible,2,548,0.1826666666666666,0.1692487317308373,0.1968962442601695
1,600,74,strong,0.7,full,hj,feasible,3,300,0.1,0.0897710526329483,0.1112520263473124
1,600,74,strong,0.7,full,hj,feasible,4,247,0.0823333333333333,0.0730232723729681,0.0927116592622541
1,600,74,strong,0.7,full,hj,feasible,5,208,0.0693333333333333,0.0607833979717976,0.0789847837302831
1,600,74,strong,0.7,full,hj,feasible,8,196,0.0653333333333333,0.0570347299761277,0.0747436825157556
1,600,74,strong,0.7,weak_tail,equal,oracle,1,3000,1.0,0.9987211512746742,1.0000000000000002
1,600,74,strong,0.7,weak_tail,equal,oracle,2,0,0.0,0.0,0.0012788487253259
1,600,74,strong,0.7,weak_tail,equal,oracle,3,0,0.0,0.0,0.0012788487253259
1,600,74,strong,0.7,weak_tail,equal,oracle,4,0,0.0,0.0,0.0012788487253259
1,600,74,strong,0.7,weak_tail,equal,oracle,5,0,0.0,0.0,0.0012788487253259
1,600,74,strong,0.7,weak_tail,equal,oracle,8,0,0.0,0.0,0.0012788487253259
1,600,74,strong,0.7,weak_tail,equal,feasible,1,1394,0.4646666666666667,0.4468759996751175,0.4825477056348055
1,600,74,strong,0.7,weak_tail,equal,feasible,2,382,0.1273333333333333,0.1158796102287621,0.1397402250211807
1,600,74,strong,0.7,weak_tail,equal,feasible,3,241,0.0803333333333333,0.0711350742042567,0.0906049728258668
1,600,74,strong,0.7,weak_tail,equal,feasible,4,246,0.082,0.0727084522278079,0.0923606653065645
1,600,74,strong,0.7,weak_tail,equal,feasible,5,282,0.094,0.0840702195903577,0.1049682055746069
1,600,74,strong,0.7,weak_tail,equal,feasible,8,455,0.1516666666666666,0.1392770207000517,0.1649472439119253
1,600,74,strong,0.7,weak_tail,hj,oracle,1,3000,1.0,0.9987211512746742,1.0000000000000002
1,600,74,strong,0.7,weak_tail,hj,oracle,2,0,0.0,0.0,0.0012788487253259
1,600,74,strong,0.7,weak_tail,hj,oracle,3,0,0.0,0.0,0.0012788487253259
1,600,74,strong,0.7,weak_tail,hj,oracle,4,0,0.0,0.0,0.0012788487253259
1,600,74,strong,0.7,weak_tail,hj,oracle,5,0,0.0,0.0,0.0012788487253259
1,600,74,strong,0.7,weak_tail,hj,oracle,8,0,0.0,0.0,0.0012788487253259
1,600,74,strong,0.7,weak_tail,hj,feasible,1,1473,0.491,0.4731339055748811,0.5088891137021746
1,600,74,strong,0.7,weak_tail,hj,feasible,2,551,0.1836666666666666,0.1702182107442257,0.1979242075493304
1,600,74,strong,0.7,weak_tail,hj,feasible,3,308,0.1026666666666666,0.0923086237446457,0.1140409680424132
1,600,74,strong,0.7,weak_tail,hj,feasible,4,249,0.083,0.0736530550827237,0.0934135047541981
1,600,74,strong,0.7,weak_tail,hj,feasible,5,233,0.0776666666666666,0.0686202417477886,0.0877932924755366
1,600,74,strong,0.7,weak_tail,hj,feasible,8,186,0.062,0.0539180018316461,0.0712022696517394
1,600,74,weak,0.0,full,equal,oracle,1,3000,1.0,0.9987211512746742,1.0000000000000002
1,600,74,weak,0.0,full,equal,oracle,2,0,0.0,0.0,0.0012788487253259
1,600,74,weak,0.0,full,equal,oracle,3,0,0.0,0.0,0.0012788487253259
1,600,74,weak,0.0,full,equal,oracle,4,0,0.0,0.0,0.0012788487253259
1,600,74,weak,0.0,full,equal,oracle,5,0,0.0,0.0,0.0012788487253259
1,600,74,weak,0.0,full,equal,oracle,8,0,0.0,0.0,0.0012788487253259
1,600,74,weak,0.0,full,equal,feasible,1,1428,0.476,0.4581707789741183,0.4938906057646973
1,600,74,weak,0.0,full,equal,feasible,2,471,0.157,0.1444213751539748,0.1704559150715987
1,600,74,weak,0.0,full,equal,feasible,3,319,0.1063333333333333,0.0958014645991679,0.1178720822972387
1,600,74,weak,0.0,full,equal,feasible,4,265,0.0883333333333333,0.0786979248943257,0.0990216605561926
1,600,74,weak,0.0,full,equal,feasible,5,250,0.0833333333333333,0.0739680171288828,0.0937643568088887
1,600,74,weak,0.0,full,equal,feasible,8,267,0.089,0.0793293311169906,0.0997218825352272
1,600,74,weak,0.0,full,hj,oracle,1,3000,1.0,0.9987211512746742,1.0000000000000002
1,600,74,weak,0.0,full,hj,oracle,2,0,0.0,0.0,0.0012788487253259
1,600,74,weak,0.0,full,hj,oracle,3,0,0.0,0.0,0.0012788487253259
1,600,74,weak,0.0,full,hj,oracle,4,0,0.0,0.0,0.0012788487253259
1,600,74,weak,0.0,full,hj,oracle,5,0,0.0,0.0,0.0012788487253259
1,600,74,weak,0.0,full,hj,oracle,8,0,0.0,0.0,0.0012788487253259
1,600,74,weak,0.0,full,hj,feasible,1,1555,0.5183333333333333,0.5004413988680428,0.5361783766786951
1,600,74,weak,0.0,full,hj,feasible,2,505,0.1683333333333333,0.1553703576642514,0.1821446119902147
1,600,74,weak,0.0,full,hj,feasible,3,308,0.1026666666666666,0.0923086237446457,0.1140409680424132
1,600,74,weak,0.0,full,hj,feasible,4,241,0.0803333333333333,0.0711350742042567,0.0906049728258668
1,600,74,weak,0.0,full,hj,feasible,5,209,0.0696666666666666,0.0610961881188224,0.079337807684108
1,600,74,weak,0.0,full,hj,feasible,8,182,0.0606666666666666,0.0526732505118863,0.0697837645681
1,600,74,weak,0.0,weak_tail,equal,oracle,1,3000,1.0,0.9987211512746742,1.0000000000000002
1,600,74,weak,0.0,weak_tail,equal,oracle,2,0,0.0,0.0,0.0012788487253259
1,600,74,weak,0.0,weak_tail,equal,oracle,3,0,0.0,0.0,0.0012788487253259
1,600,74,weak,0.0,weak_tail,equal,oracle,4,0,0.0,0.0,0.0012788487253259
1,600,74,weak,0.0,weak_tail,equal,oracle,5,0,0.0,0.0,0.0012788487253259
1,600,74,weak,0.0,weak_tail,equal,oracle,8,0,0.0,0.0,0.0012788487253259
1,600,74,weak,0.0,weak_tail,equal,feasible,1,1374,0.458,0.4402363275196907,0.4758710957732366
1,600,74,weak,0.0,weak_tail,equal,feasible,2,550,0.1833333333333333,0.1698950339583418,0.1975815702343645
1,600,74,weak,0.0,weak_tail,equal,feasible,3,306,0.102,0.0916740156962751,0.1133439478890842
1,600,74,weak,0.0,weak_tail,equal,feasible,4,255,0.085,0.0755435241310502,0.0955179203109702
1,600,74,weak,0.0,weak_tail,equal,feasible,5,247,0.0823333333333333,0.0730232723729681,0.0927116592622541
1,600,74,weak,0.0,weak_tail,equal,feasible,8,268,0.0893333333333333,0.079645098538847,0.1000719292142207
1,600,74,weak,0.0,weak_tail,hj,oracle,1,3000,1.0,0.9987211512746742,1.0000000000000002
1,600,74,weak,0.0,weak_tail,hj,oracle,2,0,0.0,0.0,0.0012788487253259
1,600,74,weak,0.0,weak_tail,hj,oracle,3,0,0.0,0.0,0.0012788487253259
1,600,74,weak,0.0,weak_tail,hj,oracle,4,0,0.0,0.0,0.0012788487253259
1,600,74,weak,0.0,weak_tail,hj,oracle,5,0,0.0,0.0,0.0012788487253259
1,600,74,weak,0.0,weak_tail,hj,oracle,8,0,0.0,0.0,0.0012788487253259
1,600,74,weak,0.0,weak_tail,hj,feasible,1,1490,0.4966666666666666,0.4787908291024949,0.5145510298890074
1,600,74,weak,0.0,weak_tail,hj,feasible,2,590,0.1966666666666666,0.1828350774722357,0.211274090754462
1,600,74,weak,0.0,weak_tail,hj,feasible,3,305,0.1016666666666666,0.0913567650996293,0.1129953843848803
1,600,74,weak,0.0,weak_tail,hj,feasible,4,228,0.076,0.0670501357645342,0.0860343279545421
1,600,74,weak,0.0,weak_tail,hj,feasible,5,203,0.0676666666666666,0.059220358275795,0.0772187529220367
1,600,74,weak,0.0,weak_tail,hj,feasible,8,184,0.0613333333333333,0.0532954834449924,0.0704931598366934
1,600,74,weak,0.7,full,equal,oracle,1,3000,1.0,0.9987211512746742,1.0000000000000002
1,600,74,weak,0.7,full,equal,oracle,2,0,0.0,0.0,0.0012788487253259
1,600,74,weak,0.7,full,equal,oracle,3,0,0.0,0.0,0.0012788487253259
1,600,74,weak,0.7,full,equal,oracle,4,0,0.0,0.0,0.0012788487253259
1,600,74,weak,0.7,full,equal,oracle,5,0,0.0,0.0,0.0012788487253259
1,600,74,weak,0.7,full,equal,oracle,8,0,0.0,0.0,0.0012788487253259
1,600,74,weak,0.7,full,equal,feasible,1,1432,0.4773333333333333,0.4595001824702183,0.4952244586719964
1,600,74,weak,0.7,full,equal,feasible,2,384,0.128,0.1165188801334941,0.1404325833181483
1,600,74,weak,0.7,full,equal,feasible,3,250,0.0833333333333333,0.0739680171288828,0.0937643568088887
1,600,74,weak,0.7,full,equal,feasible,4,202,0.0673333333333333,0.0589079354279717,0.0768653616690102
1,600,74,weak,0.7,full,equal,feasible,5,286,0.0953333333333333,0.0853359950799826,0.1063656864883812
1,600,74,weak,0.7,full,equal,feasible,8,446,0.1486666666666666,0.1363857206503237,0.1618462170540053
1,600,74,weak,0.7,full,hj,oracle,1,3000,1.0,0.9987211512746742,1.0000000000000002
1,600,74,weak,0.7,full,hj,oracle,2,0,0.0,0.0,0.0012788487253259
1,600,74,weak,0.7,full,hj,oracle,3,0,0.0,0.0,0.0012788487253259
1,600,74,weak,0.7,full,hj,oracle,4,0,0.0,0.0,0.0012788487253259
1,600,74,weak,0.7,full,hj,oracle,5,0,0.0,0.0,0.0012788487253259
1,600,74,weak,0.7,full,hj,oracle,8,0,0.0,0.0,0.0012788487253259
1,600,74,weak,0.7,full,hj,feasible,1,1517,0.5056666666666667,0.4877800695168382,0.5235387701976082
1,600,74,weak,0.7,full,hj,feasible,2,559,0.1863333333333333,0.1728042364409041,0.2006646946594503
1,600,74,weak,0.7,full,hj,feasible,3,295,0.0983333333333333,0.0881862557142715,0.1095077527617403
1,600,74,weak,0.7,full,hj,feasible,4,217,0.0723333333333333,0.0636006295788421,0.0821598790308866
1,600,74,weak,0.7,full,hj,feasible,5,217,0.0723333333333333,0.0636006295788421,0.0821598790308866
1,600,74,weak,0.7,full,hj,feasible,8,195,0.065,0.0567227551685354,0.0743898432224981
1,600,74,weak,0.7,weak_tail,equal,oracle,1,3000,1.0,0.9987211512746742,1.0000000000000002
1,600,74,weak,0.7,weak_tail,equal,oracle,2,0,0.0,0.0,0.0012788487253259
1,600,74,weak,0.7,weak_tail,equal,oracle,3,0,0.0,0.0,0.0012788487253259
1,600,74,weak,0.7,weak_tail,equal,oracle,4,0,0.0,0.0,0.0012788487253259
1,600,74,weak,0.7,weak_tail,equal,oracle,5,0,0.0,0.0,0.0012788487253259
1,600,74,weak,0.7,weak_tail,equal,oracle,8,0,0.0,0.0,0.0012788487253259
1,600,74,weak,0.7,weak_tail,equal,feasible,1,1436,0.4786666666666667,0.4608297133461093,0.4965581841995046
1,600,74,weak,0.7,weak_tail,equal,feasible,2,371,0.1236666666666666,0.1123655557111198,0.1359303244294755
1,600,74,weak,0.7,weak_tail,equal,feasible,3,253,0.0843333333333333,0.0749131829751923,0.0948166332651286
1,600,74,weak,0.7,weak_tail,equal,feasible,4,232,0.0773333333333333,0.0683061163278667,0.0874416037946087
1,600,74,weak,0.7,weak_tail,equal,feasible,5,289,0.0963333333333333,0.0862857371430787,0.1074133867278344
1,600,74,weak,0.7,weak_tail,equal,feasible,8,419,0.1396666666666666,0.1277226944023648,0.1525322625790201
1,600,74,weak,0.7,weak_tail,hj,oracle,1,3000,1.0,0.9987211512746742,1.0000000000000002
1,600,74,weak,0.7,weak_tail,hj,oracle,2,0,0.0,0.0,0.0012788487253259
1,600,74,weak,0.7,weak_tail,hj,oracle,3,0,0.0,0.0,0.0012788487253259
1,600,74,weak,0.7,weak_tail,hj,oracle,4,0,0.0,0.0,0.0012788487253259
1,600,74,weak,0.7,weak_tail,hj,oracle,5,0,0.0,0.0,0.0012788487253259
1,600,74,weak,0.7,weak_tail,hj,oracle,8,0,0.0,0.0,0.0012788487253259
1,600,74,weak,0.7,weak_tail,hj,feasible,1,1492,0.4973333333333333,0.4794565003396984,0.5152169868535034
1,600,74,weak,0.7,weak_tail,hj,feasible,2,556,0.1853333333333333,0.1718343499593245,0.1996371388384805
1,600,74,weak,0.7,weak_tail,hj,feasible,3,328,0.1093333333333333,0.0986622912527874,0.1210035825512672
1,600,74,weak,0.7,weak_tail,hj,feasible,4,230,0.0766666666666666,0.0676780212037324,0.0867380707170435
1,600,74,weak,0.7,weak_tail,hj,feasible,5,228,0.076,0.0670501357645342,0.0860343279545421
1,600,74,weak,0.7,weak_tail,hj,feasible,8,166,0.0553333333333333,0.0477062160648364,0.0640977734015534
3,72,25,strong,0.0,full,equal,oracle,1,491,0.1636666666666666,0.1508592004587268,0.1773343717838424
3,72,25,strong,0.0,full,equal,oracle,2,627,0.209,0.1948271635659634,0.2239171263921762
3,72,25,strong,0.0,full,equal,oracle,3,1882,0.6273333333333333,0.6098787689649345,0.6444622175596824
3,72,25,strong,0.0,full,equal,oracle,4,0,0.0,0.0,0.0012788487253259
3,72,25,strong,0.0,full,equal,oracle,5,0,0.0,0.0,0.0012788487253259
3,72,25,strong,0.0,full,equal,oracle,8,0,0.0,0.0,0.0012788487253259
3,72,25,strong,0.0,full,equal,feasible,1,722,0.2406666666666666,0.225707312061597,0.256289317477272
3,72,25,strong,0.0,full,equal,feasible,2,527,0.1756666666666666,0.1624667632607233,0.189696116612438
3,72,25,strong,0.0,full,equal,feasible,3,759,0.253,0.2377662558049164,0.2688654954653945
3,72,25,strong,0.0,full,equal,feasible,4,356,0.1186666666666666,0.1075790990429635,0.1307295695848851
3,72,25,strong,0.0,full,equal,feasible,5,348,0.116,0.1050289916604557,0.1279531641605946
3,72,25,strong,0.0,full,equal,feasible,8,288,0.096,0.0859691177294244,0.1070641920406389
3,72,25,strong,0.0,full,hj,oracle,1,523,0.1743333333333333,0.1611758475821472,0.1883237758876151
3,72,25,strong,0.0,full,hj,oracle,2,627,0.209,0.1948271635659634,0.2239171263921762
3,72,25,strong,0.0,full,hj,oracle,3,1850,0.6166666666666667,0.5991298890483508,0.6339050462490731
3,72,25,strong,0.0,full,hj,oracle,4,0,0.0,0.0,0.0012788487253259
3,72,25,strong,0.0,full,hj,oracle,5,0,0.0,0.0,0.0012788487253259
3,72,25,strong,0.0,full,hj,oracle,8,0,0.0,0.0,0.0012788487253259
3,72,25,strong,0.0,full,hj,feasible,1,803,0.2676666666666666,0.2521280739978235,0.2837994977098779
3,72,25,strong,0.0,full,hj,feasible,2,556,0.1853333333333333,0.1718343499593245,0.1996371388384805
3,72,25,strong,0.0,full,hj,feasible,3,768,0.256,0.2407020419072522,0.2719220362707069
3,72,25,strong,0.0,full,hj,feasible,4,345,0.115,0.1040731954853902,0.1269115180331107
3,72,25,strong,0.0,full,hj,feasible,5,313,0.1043333333333333,0.0938957600933863,0.1157829021979216
3,72,25,strong,0.0,full,hj,feasible,8,215,0.0716666666666666,0.0629741711594646,0.0814547092485646
3,72,25,strong,0.0,weak_tail,equal,oracle,1,706,0.2353333333333333,0.2204979633429702,0.2508456405823023
3,72,25,strong,0.0,weak_tail,equal,oracle,2,1519,0.5063333333333333,0.4884461693603918,0.524204298555754
3,72,25,strong,0.0,weak_tail,equal,oracle,3,775,0.2583333333333333,0.2429860996583675,0.2742986772255401
3,72,25,strong,0.0,weak_tail,equal,oracle,4,0,0.0,0.0,0.0012788487253259
3,72,25,strong,0.0,weak_tail,equal,oracle,5,0,0.0,0.0,0.0012788487253259
3,72,25,strong,0.0,weak_tail,equal,oracle,8,0,0.0,0.0,0.0012788487253259
3,72,25,strong,0.0,weak_tail,equal,feasible,1,878,0.2926666666666667,0.2766588778224963,0.3092047514489389
3,72,25,strong,0.0,weak_tail,equal,feasible,2,610,0.2033333333333333,0.1893146967081466,0.2181107535355468
3,72,25,strong,0.0,weak_tail,equal,feasible,3,381,0.127,0.1155600153108971,0.139394005838196
3,72,25,strong,0.0,weak_tail,equal,feasible,4,410,0.1366666666666666,0.1248388035658095,0.1494238265079272
3,72,25,strong,0.0,weak_tail,equal,feasible,5,354,0.118,0.106941394512901,0.130035645913248
3,72,25,strong,0.0,weak_tail,equal,feasible,8,367,0.1223333333333333,0.1110885432781107,0.1345440804590854
3,72,25,strong,0.0,weak_tail,hj,oracle,1,690,0.23,0.2152919395665815,0.2453986387450944
3,72,25,strong,0.0,weak_tail,hj,oracle,2,1519,0.5063333333333333,0.4884461693603918,0.524204298555754
3,72,25,strong,0.0,weak_tail,hj,oracle,3,791,0.2636666666666666,0.2482089703846506,0.2797288321128535
3,72,25,strong,0.0,weak_tail,hj,oracle,4,0,0.0,0.0,0.0012788487253259
3,72,25,strong,0.0,weak_tail,hj,oracle,5,0,0.0,0.0,0.0012788487253259
3,72,25,strong,0.0,weak_tail,hj,oracle,8,0,0.0,0.0,0.0012788487253259
3,72,25,strong,0.0,weak_tail,hj,feasible,1,912,0.304,0.2877993092287877,0.3207019994715399
3,72,25,strong,0.0,weak_tail,hj,feasible,2,859,0.2863333333333333,0.2704386186475016,0.3027745427077877
3,72,25,strong,0.0,weak_tail,hj,feasible,3,455,0.1516666666666666,0.1392770207000517,0.1649472439119253
3,72,25,strong,0.0,weak_tail,hj,feasible,4,298,0.0993333333333333,0.0891370228596733,0.1105544279188878
3,72,25,strong,0.0,weak_tail,hj,feasible,5,241,0.0803333333333333,0.0711350742042567,0.0906049728258668
3,72,25,strong,0.0,weak_tail,hj,feasible,8,235,0.0783333333333333,0.0692486467839035,0.0884965156411213
3,72,25,strong,0.7,full,equal,oracle,1,512,0.1706666666666666,0.1576273341048057,0.184548334255609
3,72,25,strong,0.7,full,equal,oracle,2,504,0.168,0.1550480077485939,0.1818011478050225
3,72,25,strong,0.7,full,equal,oracle,3,1984,0.6613333333333333,0.6442016377670553,0.6780523870442395
3,72,25,strong,0.7,full,equal,oracle,4,0,0.0,0.0,0.0012788487253259
3,72,25,strong,0.7,full,equal,oracle,5,0,0.0,0.0,0.0012788487253259
3,72,25,strong,0.7,full,equal,oracle,8,0,0.0,0.0,0.0012788487253259
3,72,25,strong,0.7,full,equal,feasible,1,594,0.198,0.1841305039096707,0.2126419207204261
3,72,25,strong,0.7,full,equal,feasible,2,606,0.202,0.1880182791607313,0.2167439146795629
3,72,25,strong,0.7,full,equal,feasible,3,686,0.2286666666666666,0.2139909624715193,0.2440363594367575
3,72,25,strong,0.7,full,equal,feasible,4,286,0.0953333333333333,0.0853359950799826,0.1063656864883812
3,72,25,strong,0.7,full,equal,feasible,5,366,0.122,0.1107693602442333,0.134197449392113
3,72,25,strong,0.7,full,equal,feasible,8,462,0.154,0.1415270135161161,0.1673579498018094
3,72,25,strong,0.7,full,hj,oracle,1,46,0.0153333333333333,0.0115155239447749,0.020390773419641
3,72,25,strong,0.7,full,hj,oracle,2,496,0.1653333333333333,0.1524698946498182,0.1790527480969999
3,72,25,strong,0.7,full,hj,oracle,3,2458,0.8193333333333334,0.8051601470424011,0.8326897615716907
3,72,25,strong,0.7,full,hj,oracle,4,0,0.0,0.0,0.0012788487253259
3,72,25,strong,0.7,full,hj,oracle,5,0,0.0,0.0,0.0012788487253259
3,72,25,strong,0.7,full,hj,oracle,8,0,0.0,0.0,0.0012788487253259
3,72,25,strong,0.7,full,hj,feasible,1,314,0.1046666666666666,0.0942132918077672,0.1161311845843904
3,72,25,strong,0.7,full,hj,feasible,2,696,0.232,0.217243803836326,0.2474416590804487
3,72,25,strong,0.7,full,hj,feasible,3,990,0.33,0.3134007245339622,0.3470340840326486
3,72,25,strong,0.7,full,hj,feasible,4,412,0.1373333333333333,0.1254794991104197,0.1501147591650166
3,72,25,strong,0.7,full,hj,feasible,5,352,0.1173333333333333,0.1063038078579456,0.1293416043665038
3,72,25,strong,0.7,full,hj,feasible,8,236,0.0786666666666666,0.0695629258018801,0.0888480507239944
3,72,25,strong,0.7,weak_tail,equal,oracle,1,752,0.2506666666666666,0.235483541829078,0.2664875107352845
3,72,25,strong,0.7,weak_tail,equal,oracle,2,1444,0.4813333333333333,0.4634891570605682,0.4992252532918438
3,72,25,strong,0.7,weak_tail,equal,oracle,3,804,0.268,0.2524547405555595,0.2841386452529918
3,72,25,strong,0.7,weak_tail,equal,oracle,4,0,0.0,0.0,0.0012788487253259
3,72,25,strong,0.7,weak_tail,equal,oracle,5,0,0.0,0.0,0.0012788487253259
3,72,25,strong,0.7,weak_tail,equal,oracle,8,0,0.0,0.0,0.0012788487253259
3,72,25,strong,0.7,weak_tail,equal,feasible,1,899,0.2996666666666667,0.2835383207887608,0.3163074046005198
3,72,25,strong,0.7,weak_tail,equal,feasible,2,605,0.2016666666666666,0.1876942129861411,0.2164021667533033
3,72,25,strong,0.7,weak_tail,equal,feasible,3,354,0.118,0.106941394512901,0.130035645913248
3,72,25,strong,0.7,weak_tail,equal,feasible,4,302,0.1006666666666666,0.0904052288845772,0.1119494782973831
3,72,25,strong,0.7,weak_tail,equal,feasible,5,346,0.1153333333333333,0.1043917638923796,0.1272587637269711
3,72,25,strong,0.7,weak_tail,equal,feasible,8,494,0.1646666666666666,0.1518255586760466,0.1783654558690719
3,72,25,strong,0.7,weak_tail,hj,oracle,1,517,0.1723333333333333,0.1592400191255968,0.1862647197390668
3,72,25,strong,0.7,weak_tail,hj,oracle,2,1573,0.5243333333333333,0.5064428773707382,0.5421615519912958
3,72,25,strong,0.7,weak_tail,hj,oracle,3,910,0.3033333333333333,0.2871436599312613,0.3200260205673668
3,72,25,strong,0.7,weak_tail,hj,oracle,4,0,0.0,0.0,0.0012788487253259
3,72,25,strong,0.7,weak_tail,hj,oracle,5,0,0.0,0.0,0.0012788487253259
3,72,25,strong,0.7,weak_tail,hj,oracle,8,0,0.0,0.0,0.0012788487253259
3,72,25,strong,0.7,weak_tail,hj,feasible,1,782,0.2606666666666666,0.2452707367280842,0.2766747388617718
3,72,25,strong,0.7,weak_tail,hj,feasible,2,940,0.3133333333333333,0.2969826456709063,0.3301614578532154
3,72,25,strong,0.7,weak_tail,hj,feasible,3,470,0.1566666666666666,0.1440996964213921,0.1701117797033317
3,72,25,strong,0.7,weak_tail,hj,feasible,4,309,0.103,0.0926259808899368,0.1143894249979719
3,72,25,strong,0.7,weak_tail,hj,feasible,5,270,0.09,0.080276760927978,0.1007718950267892
3,72,25,strong,0.7,weak_tail,hj,feasible,8,229,0.0763333333333333,0.0673640521170559,0.0863862257028702
3,72,25,weak,0.0,full,equal,oracle,1,2049,0.683,0.666124468765165,0.6994074726013658
3,72,25,weak,0.0,full,equal,oracle,2,662,0.2206666666666666,0.2061896435492392,0.2358581399386428
3,72,25,weak,0.0,full,equal,oracle,3,289,0.0963333333333333,0.0862857371430787,0.1074133867278344
3,72,25,weak,0.0,full,equal,oracle,4,0,0.0,0.0,0.0012788487253259
3,72,25,weak,0.0,full,equal,oracle,5,0,0.0,0.0,0.0012788487253259
3,72,25,weak,0.0,full,equal,oracle,8,0,0.0,0.0,0.0012788487253259
3,72,25,weak,0.0,full,equal,feasible,1,1317,0.439,0.4213309066072458,0.4568251129372439
3,72,25,weak,0.0,full,equal,feasible,2,530,0.1766666666666666,0.1634351389387287,0.190725183236982
3,72,25,weak,0.0,full,equal,feasible,3,340,0.1133333333333333,0.1024808128255836,0.1251748301886684
3,72,25,weak,0.0,full,equal,feasible,4,268,0.0893333333333333,0.079645098538847,0.1000719292142207
3,72,25,weak,0.0,full,equal,feasible,5,280,0.0933333333333333,0.0834375697204818,0.1042692272427832
3,72,25,weak,0.0,full,equal,feasible,8,265,0.0883333333333333,0.0786979248943257,0.0990216605561926
3,72,25,weak,0.0,full,hj,oracle,1,2059,0.6863333333333334,0.6695008495940491,0.7026892327809795
3,72,25,weak,0.0,full,hj,oracle,2,662,0.2206666666666666,0.2061896435492392,0.2358581399386428
3,72,25,weak,0.0,full,hj,oracle,3,279,0.093,0.0831213049168724,0.1039196779455428
3,72,25,weak,0.0,full,hj,oracle,4,0,0.0,0.0,0.0012788487253259
3,72,25,weak,0.0,full,hj,oracle,5,0,0.0,0.0,0.0012788487253259
3,72,25,weak,0.0,full,hj,oracle,8,0,0.0,0.0,0.0012788487253259
3,72,25,weak,0.0,full,hj,feasible,1,1425,0.475,0.4571738099735662,0.4928901324627
3,72,25,weak,0.0,full,hj,feasible,2,553,0.1843333333333333,0.1708646154801897,0.198609431015066
3,72,25,weak,0.0,full,hj,feasible,3,343,0.1143333333333333,0.1034361501979904,0.126216935118811
3,72,25,weak,0.0,full,hj,feasible,4,248,0.0826666666666666,0.0733381400781085,0.0930626056579635
3,72,25,weak,0.0,full,hj,feasible,5,233,0.0776666666666666,0.0686202417477886,0.0877932924755366
3,72,25,weak,0.0,full,hj,feasible,8,198,0.066,0.0576588752035653,0.0754511654900176
3,72,25,weak,0.0,weak_tail,equal,oracle,1,2055,0.685,0.6681501785890307,0.7013766473825989
3,72,25,weak,0.0,weak_tail,equal,oracle,2,831,0.277,0.2612790081272326,0.2932913584042628
3,72,25,weak,0.0,weak_tail,equal,oracle,3,114,0.038,0.0317279808987635,0.0454536753234376
3,72,25,weak,0.0,weak_tail,equal,oracle,4,0,0.0,0.0,0.0012788487253259
3,72,25,weak,0.0,weak_tail,equal,oracle,5,0,0.0,0.0,0.0012788487253259
3,72,25,weak,0.0,weak_tail,equal,oracle,8,0,0.0,0.0,0.0012788487253259
3,72,25,weak,0.0,weak_tail,equal,feasible,1,1320,0.44,0.4223252742634327,0.4578281875836064
3,72,25,weak,0.0,weak_tail,equal,feasible,2,457,0.1523333333333333,0.1399197693628433,0.1656361234508332
3,72,25,weak,0.0,weak_tail,equal,feasible,3,279,0.093,0.0831213049168724,0.1039196779455428
3,72,25,weak,0.0,weak_tail,equal,feasible,4,317,0.1056666666666666,0.0951660932105743,0.1171758254841327
3,72,25,weak,0.0,weak_tail,equal,feasible,5,319,0.1063333333333333,0.0958014645991679,0.1178720822972387
3,72,25,weak,0.0,weak_tail,equal,feasible,8,308,0.1026666666666666,0.0923086237446457,0.1140409680424132
3,72,25,weak,0.0,weak_tail,hj,oracle,1,2043,0.681,0.6640991133534386,0.6974379434079934
3,72,25,weak,0.0,weak_tail,hj,oracle,2,831,0.277,0.2612790081272326,0.2932913584042628
3,72,25,weak,0.0,weak_tail,hj,oracle,3,126,0.042,0.035388573235952,0.0497828521964464
3,72,25,weak,0.0,weak_tail,hj,oracle,4,0,0.0,0.0,0.0012788487253259
3,72,25,weak,0.0,weak_tail,hj,oracle,5,0,0.0,0.0,0.0012788487253259
3,72,25,weak,0.0,weak_tail,hj,oracle,8,0,0.0,0.0,0.0012788487253259
3,72,25,weak,0.0,weak_tail,hj,feasible,1,1419,0.473,0.4551800870912998,0.4908889707398677
3,72,25,weak,0.0,weak_tail,hj,feasible,2,594,0.198,0.1841305039096707,0.2126419207204261
3,72,25,weak,0.0,weak_tail,hj,feasible,3,356,0.1186666666666666,0.1075790990429635,0.1307295695848851
3,72,25,weak,0.0,weak_tail,hj,feasible,4,234,0.078,0.0689344186666951,0.08814492965748
3,72,25,weak,0.0,weak_tail,hj,feasible,5,217,0.0723333333333333,0.0636006295788421,0.0821598790308866
3,72,25,weak,0.0,weak_tail,hj,feasible,8,180,0.06,0.052051307417182,0.0690740794611047
3,72,25,weak,0.7,full,equal,oracle,1,2015,0.6716666666666666,0.6546520895639794,0.6882421723736587
3,72,25,weak,0.7,full,equal,oracle,2,601,0.2003333333333333,0.1863981019862194,0.2150350213498259
3,72,25,weak,0.7,full,equal,oracle,3,384,0.128,0.1165188801334941,0.1404325833181483
3,72,25,weak,0.7,full,equal,oracle,4,0,0.0,0.0,0.0012788487253259
3,72,25,weak,0.7,full,equal,oracle,5,0,0.0,0.0,0.0012788487253259
3,72,25,weak,0.7,full,equal,oracle,8,0,0.0,0.0,0.0012788487253259
3,72,25,weak,0.7,full,equal,feasible,1,1204,0.4013333333333333,0.383930155749357,0.4189888703991072
3,72,25,weak,0.7,full,equal,feasible,2,482,0.1606666666666666,0.1479611872582543,0.1742400580766669
3,72,25,weak,0.7,full,equal,feasible,3,326,0.1086666666666666,0.0980263207488656,0.1203079248534894
3,72,25,weak,0.7,full,equal,feasible,4,254,0.0846666666666666,0.0752283306584788,0.0951672996826919
3,72,25,weak,0.7,full,equal,feasible,5,312,0.104,0.0935782629971758,0.1154345851932822
3,72,25,weak,0.7,full,equal,feasible,8,422,0.1406666666666666,0.1286844217908889,0.1535679774930453
3,72,25,weak,0.7,full,hj,oracle,1,1278,0.426,0.4084107958147182,0.44377847379663
3,72,25,weak,0.7,full,hj,oracle,2,1076,0.3586666666666667,0.3416951599125653,0.3759996613271268
3,72,25,weak,0.7,full,hj,oracle,3,646,0.2153333333333333,0.2009931937512152,0.2304015641230703
3,72,25,weak,0.7,full,hj,oracle,4,0,0.0,0.0,0.0012788487253259
3,72,25,weak,0.7,full,hj,oracle,5,0,0.0,0.0,0.0012788487253259
3,72,25,weak,0.7,full,hj,oracle,8,0,0.0,0.0,0.0012788487253259
3,72,25,weak,0.7,full,hj,feasible,1,1132,0.3773333333333333,0.360155448124133,0.3948249627631469
3,72,25,weak,0.7,full,hj,feasible,2,709,0.2363333333333333,0.2214744653093139,0.2518665809185079
3,72,25,weak,0.7,full,hj,feasible,3,460,0.1533333333333333,0.1408840522825866,0.1666692828336392
3,72,25,weak,0.7,full,hj,feasible,4,259,0.0863333333333333,0.0768047510848826,0.096919949760537
3,72,25,weak,0.7,full,hj,feasible,5,247,0.0823333333333333,0.0730232723729681,0.0927116592622541
3,72,25,weak,0.7,full,hj,feasible,8,193,0.0643333333333333,0.0560990034943369,0.073681966694997
3,72,25,weak,0.7,weak_tail,equal,oracle,1,2037,0.679,0.6620741105763901,0.6954680615799433
3,72,25,weak,0.7,weak_tail,equal,oracle,2,840,0.28,0.2642222353181794,0.296340458120964
3,72,25,weak,0.7,weak_tail,equal,oracle,3,123,0.041,0.0344716832702416,0.0487022998596075
3,72,25,weak,0.7,weak_tail,equal,oracle,4,0,0.0,0.0,0.0012788487253259
3,72,25,weak,0.7,weak_tail,equal,oracle,5,0,0.0,0.0,0.0012788487253259
3,72,25,weak,0.7,weak_tail,equal,oracle,8,0,0.0,0.0,0.0012788487253259
3,72,25,weak,0.7,weak_tail,equal,feasible,1,1321,0.4403333333333333,0.4226567463736105,0.4581625295742783
3,72,25,weak,0.7,weak_tail,equal,feasible,2,426,0.142,0.1299670544635572,0.1549486012237761
3,72,25,weak,0.7,weak_tail,equal,feasible,3,237,0.079,0.0698772554261935,0.0891995352005309
3,72,25,weak,0.7,weak_tail,equal,feasible,4,217,0.0723333333333333,0.0636006295788421,0.0821598790308866
3,72,25,weak,0.7,weak_tail,equal,feasible,5,340,0.1133333333333333,0.1024808128255836,0.1251748301886684
3,72,25,weak,0.7,weak_tail,equal,feasible,8,459,0.153,0.1405626033953825,0.1663249176199936
3,72,25,weak,0.7,weak_tail,hj,oracle,1,1891,0.6303333333333333,0.6129035039531605,0.6474298094791044
3,72,25,weak,0.7,weak_tail,hj,oracle,2,958,0.3193333333333333,0.3028903457889959,0.336238411550422
3,72,25,weak,0.7,weak_tail,hj,oracle,3,151,0.0503333333333333,0.0430687769985801,0.0587480009550629
3,72,25,weak,0.7,weak_tail,hj,oracle,4,0,0.0,0.0,0.0012788487253259
3,72,25,weak,0.7,weak_tail,hj,oracle,5,0,0.0,0.0,0.0012788487253259
3,72,25,weak,0.7,weak_tail,hj,oracle,8,0,0.0,0.0,0.0012788487253259
3,72,25,weak,0.7,weak_tail,hj,feasible,1,1374,0.458,0.4402363275196907,0.4758710957732366
3,72,25,weak,0.7,weak_tail,hj,feasible,2,611,0.2036666666666666,0.189638839167176,0.2184524251773671
3,72,25,weak,0.7,weak_tail,hj,feasible,3,378,0.126,0.1146013917727821,0.1383551870737617
3,72,25,weak,0.7,weak_tail,hj,feasible,4,230,0.0766666666666666,0.0676780212037324,0.0867380707170435
3,72,25,weak,0.7,weak_tail,hj,feasible,5,212,0.0706666666666666,0.0620349157781521,0.0803965223273277
3,72,25,weak,0.7,weak_tail,hj,feasible,8,195,0.065,0.0567227551685354,0.0743898432224981
3,72,74,strong,0.0,full,equal,oracle,1,412,0.1373333333333333,0.1254794991104197,0.1501147591650166
3,72,74,strong,0.0,full,equal,oracle,2,622,0.2073333333333333,0.1932054016323192,0.2222098178215716
3,72,74,strong,0.0,full,equal,oracle,3,1966,0.6553333333333333,0.6381377736646074,0.6721315973313913
3,72,74,strong,0.0,full,equal,oracle,4,0,0.0,0.0,0.0012788487253259
3,72,74,strong,0.0,full,equal,oracle,5,0,0.0,0.0,0.0012788487253259
3,72,74,strong,0.0,full,equal,oracle,8,0,0.0,0.0,0.0012788487253259
3,72,74,strong,0.0,full,equal,feasible,1,619,0.2063333333333333,0.1922325227711905,0.2211852543801509
3,72,74,strong,0.0,full,equal,feasible,2,620,0.2066666666666666,0.1925568008049528,0.2215267904472384
3,72,74,strong,0.0,full,equal,feasible,3,757,0.2523333333333333,0.2371139912361055,0.2681861318325059
3,72,74,strong,0.0,full,equal,feasible,4,364,0.1213333333333333,0.1101310789562721,0.1335041024783747
3,72,74,strong,0.0,full,equal,feasible,5,337,0.1123333333333333,0.1015257549568429,0.1241324457548597
3,72,74,strong,0.0,full,equal,feasible,8,303,0.101,0.09072237153681,0.112298149746
3,72,74,strong,0.0,full,hj,oracle,1,446,0.1486666666666666,0.1363857206503237,0.1618462170540053
3,72,74,strong,0.0,full,hj,oracle,2,622,0.2073333333333333,0.1932054016323192,0.2222098178215716
3,72,74,strong,0.0,full,hj,oracle,3,1932,0.644,0.626691947660212,0.6609397439068943
3,72,74,strong,0.0,full,hj,oracle,4,0,0.0,0.0,0.0012788487253259
3,72,74,strong,0.0,full,hj,oracle,5,0,0.0,0.0,0.0012788487253259
3,72,74,strong,0.0,full,hj,oracle,8,0,0.0,0.0,0.0012788487253259
3,72,74,strong,0.0,full,hj,feasible,1,686,0.2286666666666666,0.2139909624715193,0.2440363594367575
3,72,74,strong,0.0,full,hj,feasible,2,652,0.2173333333333333,0.2029414394813569,0.2324482029980273
3,72,74,strong,0.0,full,hj,feasible,3,763,0.2543333333333333,0.2390709296283971,0.270224078045313
3,72,74,strong,0.0,full,hj,feasible,4,365,0.1216666666666666,0.110450205437071,0.1338507900984255
3,72,74,strong,0.0,full,hj,feasible,5,319,0.1063333333333333,0.0958014645991679,0.1178720822972387
3,72,74,strong,0.0,full,hj,feasible,8,215,0.0716666666666666,0.0629741711594646,0.0814547092485646
3,72,74,strong,0.0,weak_tail,equal,oracle,1,644,0.2146666666666666,0.2003438924223612,0.2297192372502247
3,72,74,strong,0.0,weak_tail,equal,oracle,2,1186,0.3953333333333333,0.3779823307759264,0.4129520415572418
3,72,74,strong,0.0,weak_tail,equal,oracle,3,1170,0.39,0.3726976833423261,0.4075836633772456
3,72,74,strong,0.0,weak_tail,equal,oracle,4,0,0.0,0.0,0.0012788487253259
3,72,74,strong,0.0,weak_tail,equal,oracle,5,0,0.0,0.0,0.0012788487253259
3,72,74,strong,0.0,weak_tail,equal,oracle,8,0,0.0,0.0,0.0012788487253259
3,72,74,strong,0.0,weak_tail,equal,feasible,1,863,0.2876666666666667,0.2717478273722202,0.3041285903864683
3,72,74,strong,0.0,weak_tail,equal,feasible,2,553,0.1843333333333333,0.1708646154801897,0.198609431015066
3,72,74,strong,0.0,weak_tail,equal,feasible,3,435,0.145,0.1328543334124335,0.1580536491825478
3,72,74,strong,0.0,weak_tail,equal,feasible,4,410,0.1366666666666666,0.1248388035658095,0.1494238265079272
3,72,74,strong,0.0,weak_tail,equal,feasible,5,426,0.142,0.1299670544635572,0.1549486012237761
3,72,74,strong,0.0,weak_tail,equal,feasible,8,313,0.1043333333333333,0.0938957600933863,0.1157829021979216
3,72,74,strong,0.0,weak_tail,hj,oracle,1,591,0.197,0.1831589104857847,0.2116160718417628
3,72,74,strong,0.0,weak_tail,hj,oracle,2,1186,0.3953333333333333,0.3779823307759264,0.4129520415572418
3,72,74,strong,0.0,weak_tail,hj,oracle,3,1223,0.4076666666666667,0.3902113759685727,0.4253581180960374
3,72,74,strong,0.0,weak_tail,hj,oracle,4,0,0.0,0.0,0.0012788487253259
3,72,74,strong,0.0,weak_tail,hj,oracle,5,0,0.0,0.0,0.0012788487253259
3,72,74,strong,0.0,weak_tail,hj,oracle,8,0,0.0,0.0,0.0012788487253259
3,72,74,strong,0.0,weak_tail,hj,feasible,1,866,0.2886666666666667,0.2727298462079355,0.3051440138533022
3,72,74,strong,0.0,weak_tail,hj,feasible,2,826,0.2753333333333333,0.2596442685879877,0.2915970274392587
3,72,74,strong,0.0,weak_tail,hj,feasible,3,543,0.181,0.1676332773702739,0.1951826281164839
3,72,74,strong,0.0,weak_tail,hj,feasible,4,297,0.099,0.0888200633103788,0.1102055733673325
3,72,74,strong,0.0,weak_tail,hj,feasible,5,284,0.0946666666666666,0.0847030285428707,0.1056670248237935
3,72,74,strong,0.0,weak_tail,hj,feasible,8,184,0.0613333333333333,0.0532954834449924,0.0704931598366934
3,72,74,strong,0.7,full,equal,oracle,1,448,0.1493333333333333,0.1370280793696852,0.1625354865363434
3,72,74,strong,0.7,full,equal,oracle,2,469,0.1563333333333333,0.1437780383114927,0.1697676237123813
3,72,74,strong,0.7,full,equal,oracle,3,2083,0.6943333333333334,0.6776082314296166,0.7105613893658067
3,72,74,strong,0.7,full,equal,oracle,4,0,0.0,0.0,0.0012788487253259
3,72,74,strong,0.7,full,equal,oracle,5,0,0.0,0.0,0.0012788487253259
3,72,74,strong,0.7,full,equal,oracle,8,0,0.0,0.0,0.0012788487253259
3,72,74,strong,0.7,full,equal,feasible,1,491,0.1636666666666666,0.1508592004587268,0.1773343717838424
3,72,74,strong,0.7,full,equal,feasible,2,646,0.2153333333333333,0.2009931937512152,0.2304015641230703
3,72,74,strong,0.7,full,equal,feasible,3,690,0.23,0.2152919395665815,0.2453986387450944
3,72,74,strong,0.7,full,equal,feasible,4,312,0.104,0.0935782629971758,0.1154345851932822
3,72,74,strong,0.7,full,equal,feasible,5,341,0.1136666666666666,0.1027992277189632,0.1255222293961385
3,72,74,strong,0.7,full,equal,feasible,8,520,0.1733333333333333,0.1602078511620691,0.1872943300051439
3,72,74,strong,0.7,full,hj,oracle,1,13,0.0043333333333333,0.0025342196904608,0.0074002123459123
3,72,74,strong,0.7,full,hj,oracle,2,376,0.1253333333333333,0.1139624446699189,0.1376625059749252
3,72,74,strong,0.7,full,hj,oracle,3,2611,0.8703333333333333,0.8578369838920649,0.8818824821520436
3,72,74,strong,0.7,full,hj,oracle,4,0,0.0,0.0,0.0012788487253259
3,72,74,strong,0.7,full,hj,oracle,5,0,0.0,0.0,0.0012788487253259
3,72,74,strong,0.7,full,hj,oracle,8,0,0.0,0.0,0.0012788487253259
3,72,74,strong,0.7,full,hj,feasible,1,209,0.0696666666666666,0.0610961881188224,0.079337807684108
3,72,74,strong,0.7,full,hj,feasible,2,651,0.217,0.2026166964001244,0.23210713197841
3,72,74,strong,0.7,full,hj,feasible,3,1057,0.3523333333333333,0.335438208202974,0.3696061451205722
3,72,74,strong,0.7,full,hj,feasible,4,458,0.1526666666666666,0.140241175736516,0.1659805311780103
3,72,74,strong,0.7,full,hj,feasible,5,344,0.1146666666666666,0.1037546575488217,0.1265642418688295
3,72,74,strong,0.7,full,hj,feasible,8,281,0.0936666666666666,0.0837538746754388,0.104618736388676
3,72,74,strong,0.7,weak_tail,equal,oracle,1,645,0.215,0.2006685359392153,0.2300604078342204
3,72,74,strong,0.7,weak_tail,equal,oracle,2,1145,0.3816666666666666,0.3644448094895405,0.3991911847087865
3,72,74,strong,0.7,weak_tail,equal,oracle,3,1210,0.4033333333333333,0.3859133715674664,0.4210005391860965
3,72,74,strong,0.7,weak_tail,equal,oracle,4,0,0.0,0.0,0.0012788487253259
3,72,74,strong,0.7,weak_tail,equal,oracle,5,0,0.0,0.0,0.0012788487253259
3,72,74,strong,0.7,weak_tail,equal,oracle,8,0,0.0,0.0,0.0012788487253259
3,72,74,strong,0.7,weak_tail,equal,feasible,1,834,0.278,0.262259984719566,0.2943078241144787
3,72,74,strong,0.7,weak_tail,equal,feasible,2,580,0.1933333333333333,0.1795976203196379,0.2078534068985619
3,72,74,strong,0.7,weak_tail,equal,feasible,3,389,0.1296666666666666,0.1181175178479563,0.1421630161079351
3,72,74,strong,0.7,weak_tail,equal,feasible,4,301,0.1003333333333333,0.0900881225298914,0.1116007705512191
3,72,74,strong,0.7,weak_tail,equal,feasible,5,378,0.126,0.1146013917727821,0.1383551870737617
3,72,74,strong,0.7,weak_tail,equal,feasible,8,518,0.1726666666666666,0.1595626114701634,0.1866079414953499
3,72,74,strong,0.7,weak_tail,hj,oracle,1,270,0.09,0.080276760927978,0.1007718950267892
3,72,74,strong,0.7,weak_tail,hj,oracle,2,1267,0.4223333333333333,0.4047689122073624,0.4400964022946382
3,72,74,strong,0.7,weak_tail,hj,oracle,3,1463,0.4876666666666667,0.4698073754140661,0.505557502854492
3,72,74,strong,0.7,weak_tail,hj,oracle,4,0,0.0,0.0,0.0012788487253259
3,72,74,strong,0.7,weak_tail,hj,oracle,5,0,0.0,0.0,0.0012788487253259
3,72,74,strong,0.7,weak_tail,hj,oracle,8,0,0.0,0.0,0.0012788487253259
3,72,74,strong,0.7,weak_tail,hj,feasible,1,678,0.226,0.2113896519701337,0.2413111571313449
3,72,74,strong,0.7,weak_tail,hj,feasible,2,865,0.2883333333333333,0.2724024959236405,0.3048055500367475
3,72,74,strong,0.7,weak_tail,hj,feasible,3,606,0.202,0.1880182791607313,0.2167439146795629
3,72,74,strong,0.7,weak_tail,hj,feasible,4,339,0.113,0.1021624289875907,0.1248273999258115
3,72,74,strong,0.7,weak_tail,hj,feasible,5,291,0.097,0.0869190912553642,0.1081116608172484
3,72,74,strong,0.7,weak_tail,hj,feasible,8,221,0.0736666666666666,0.0648542249346063,0.0835695400785215
3,72,74,weak,0.0,full,equal,oracle,1,1929,0.643,0.6256825266752961,0.6599517225892606
3,72,74,weak,0.0,full,equal,oracle,2,687,0.229,0.2143161867227523,0.2443769492863743
3,72,74,weak,0.0,full,equal,oracle,3,384,0.128,0.1165188801334941,0.1404325833181483
3,72,74,weak,0.0,full,equal,oracle,4,0,0.0,0.0,0.0012788487253259
3,72,74,weak,0.0,full,equal,oracle,5,0,0.0,0.0,0.0012788487253259
3,72,74,weak,0.0,full,equal,oracle,8,0,0.0,0.0,0.0012788487253259
3,72,74,weak,0.0,full,equal,feasible,1,1243,0.4143333333333333,0.3968264469428155,0.4320593291387903
3,72,74,weak,0.0,full,equal,feasible,2,551,0.1836666666666666,0.1702182107442257,0.1979242075493304
3,72,74,weak,0.0,full,equal,feasible,3,398,0.1326666666666666,0.1209967035150731,0.1452761573484662
3,72,74,weak,0.0,full,equal,feasible,4,263,0.0876666666666666,0.0780666916239497,0.0983212656248691
3,72,74,weak,0.0,full,equal,feasible,5,277,0.0923333333333333,0.0824888965377186,0.1032204581229971
3,72,74,weak,0.0,full,equal,feasible,8,268,0.0893333333333333,0.079645098538847,0.1000719292142207
3,72,74,weak,0.0,full,hj,oracle,1,1944,0.648,0.6307304463793699,0.6648910143979336
3,72,74,weak,0.0,full,hj,oracle,2,687,0.229,0.2143161867227523,0.2443769492863743
3,72,74,weak,0.0,full,hj,oracle,3,369,0.123,0.1117269936307605,0.1352372583081352
3,72,74,weak,0.0,full,hj,oracle,4,0,0.0,0.0,0.0012788487253259
3,72,74,weak,0.0,full,hj,oracle,5,0,0.0,0.0,0.0012788487253259
3,72,74,weak,0.0,full,hj,oracle,8,0,0.0,0.0,0.0012788487253259
3,72,74,weak,0.0,full,hj,feasible,1,1345,0.4483333333333333,0.4306145054003212,0.4661843089679624
3,72,74,weak,0.0,full,hj,feasible,2,582,0.194,0.1802449840316898,0.2085376713882096
3,72,74,weak,0.0,full,hj,feasible,3,396,0.132,0.1203567048534542,0.1445845278083856
3,72,74,weak,0.0,full,hj,feasible,4,245,0.0816666666666666,0.0723936799057444,0.0920096235277782
3,72,74,weak,0.0,full,hj,feasible,5,235,0.0783333333333333,0.0692486467839035,0.0884965156411213
3,72,74,weak,0.0,full,hj,feasible,8,197,0.0656666666666666,0.0573467701411072,0.0750974564516258
3,72,74,weak,0.0,weak_tail,equal,oracle,1,2044,0.6813333333333333,0.6644366480526301,0.6977662228096516
3,72,74,weak,0.0,weak_tail,equal,oracle,2,788,0.2626666666666666,0.247229454336305,0.2787109058586497
3,72,74,weak,0.0,weak_tail,equal,oracle,3,168,0.056,0.0483259967828237,0.0648096208852656
3,72,74,weak,0.0,weak_tail,equal,oracle,4,0,0.0,0.0,0.0012788487253259
3,72,74,weak,0.0,weak_tail,equal,oracle,5,0,0.0,0.0,0.0012788487253259
3,72,74,weak,0.0,weak_tail,equal,oracle,8,0,0.0,0.0,0.0012788487253259
3,72,74,weak,0.0,weak_tail,equal,feasible,1,1314,0.438,0.4203366120044968,0.4558219652374436
3,72,74,weak,0.0,weak_tail,equal,feasible,2,419,0.1396666666666666,0.1277226944023648,0.1525322625790201
3,72,74,weak,0.0,weak_tail,equal,feasible,3,250,0.0833333333333333,0.0739680171288828,0.0937643568088887
3,72,74,weak,0.0,weak_tail,equal,feasible,4,367,0.1223333333333333,0.1110885432781107,0.1345440804590854
3,72,74,weak,0.0,weak_tail,equal,feasible,5,330,0.11,0.0992983919562981,0.121699110049456
3,72,74,weak,0.0,weak_tail,equal,feasible,8,320,0.1066666666666666,0.0961192010063877,0.1182201599908687
3,72,74,weak,0.0,weak_tail,hj,oracle,1,2033,0.6776666666666666,0.6607243037708744,0.6941546119820597
3,72,74,weak,0.0,weak_tail,hj,oracle,2,788,0.2626666666666666,0.247229454336305,0.2787109058586497
3,72,74,weak,0.0,weak_tail,hj,oracle,3,179,0.0596666666666666,0.0517404459622769,0.0687191268151601
3,72,74,weak,0.0,weak_tail,hj,oracle,4,0,0.0,0.0,0.0012788487253259
3,72,74,weak,0.0,weak_tail,hj,oracle,5,0,0.0,0.0,0.0012788487253259
3,72,74,weak,0.0,weak_tail,hj,oracle,8,0,0.0,0.0,0.0012788487253259
3,72,74,weak,0.0,weak_tail,hj,feasible,1,1407,0.469,0.4511935024479477,0.4868857861730223
3,72,74,weak,0.0,weak_tail,hj,feasible,2,584,0.1946666666666666,0.1808924118512211,0.2092218717703778
3,72,74,weak,0.0,weak_tail,hj,feasible,3,349,0.1163333333333333,0.1053476507949853,0.1283003191269147
3,72,74,weak,0.0,weak_tail,hj,feasible,4,253,0.0843333333333333,0.0749131829751923,0.0948166332651286
3,72,74,weak,0.0,weak_tail,hj,feasible,5,218,0.0726666666666666,0.0639139441388719,0.0825123785717067
3,72,74,weak,0.0,weak_tail,hj,feasible,8,189,0.063,0.0548523053292578,0.072265408456677
3,72,74,weak,0.7,full,equal,oracle,1,1939,0.6463333333333333,0.6290475798152921,0.6632448104577624
3,72,74,weak,0.7,full,equal,oracle,2,588,0.196,0.1821874588175993,0.2105900812073988
3,72,74,weak,0.7,full,equal,oracle,3,473,0.1576666666666666,0.1450647942741924,0.1711441241530807
3,72,74,weak,0.7,full,equal,oracle,4,0,0.0,0.0,0.0012788487253259
3,72,74,weak,0.7,full,equal,oracle,5,0,0.0,0.0,0.0012788487253259
3,72,74,weak,0.7,full,equal,oracle,8,0,0.0,0.0,0.0012788487253259
3,72,74,weak,0.7,full,equal,feasible,1,1184,0.3946666666666666,0.3773216307011078,0.4122811134303608
3,72,74,weak,0.7,full,equal,feasible,2,449,0.1496666666666666,0.1373492915662911,0.1628800884405872
3,72,74,weak,0.7,full,equal,feasible,3,338,0.1126666666666666,0.1018440763245357,0.1244799384880167
3,72,74,weak,0.7,full,equal,feasible,4,240,0.08,0.0708205450384302,0.0902536878908435
3,72,74,weak,0.7,full,equal,feasible,5,322,0.1073333333333333,0.0967547745523614,0.1189162146465945
3,72,74,weak,0.7,full,equal,feasible,8,467,0.1556666666666666,0.143134784174439,0.1690792496477354
3,72,74,weak,0.7,full,hj,oracle,1,1044,0.348,0.3311590263099316,0.3652297437025674
3,72,74,weak,0.7,full,hj,oracle,2,1146,0.382,0.3647748210540685,0.3995269872451084
3,72,74,weak,0.7,full,hj,oracle,3,810,0.27,0.2544149790805807,0.2861732913330693
3,72,74,weak,0.7,full,hj,oracle,4,0,0.0,0.0,0.0012788487253259
3,72,74,weak,0.7,full,hj,oracle,5,0,0.0,0.0,0.0012788487253259
3,72,74,weak,0.7,full,hj,oracle,8,0,0.0,0.0,0.0012788487253259
3,72,74,weak,0.7,full,hj,feasible,1,1095,0.365,0.3479553576411595,0.3823899315146785
3,72,74,weak,0.7,full,hj,feasible,2,710,0.2366666666666666,0.2217999918493151,0.2522068684793564
3,72,74,weak,0.7,full,hj,feasible,3,442,0.1473333333333333,0.1351012676097342,0.1604674136911957
3,72,74,weak,0.7,full,hj,feasible,4,273,0.091,0.0812245702069326,0.101821528050384
3,72,74,weak,0.7,full,hj,feasible,5,257,0.0856666666666666,0.0761740474735487,0.0962190251701713
3,72,74,weak,0.7,full,hj,feasible,8,223,0.0743333333333333,0.0654813562361791,0.0842740369786483
3,72,74,weak,0.7,weak_tail,equal,oracle,1,2065,0.6883333333333334,0.671527154149459,0.7046578128306682
3,72,74,weak,0.7,weak_tail,equal,oracle,2,778,0.2593333333333333,0.2439651591911139,0.2753170599953429
3,72,74,weak,0.7,weak_tail,equal,oracle,3,157,0.0523333333333333,0.0449213658587214,0.0608902967000204
3,72,74,weak,0.7,weak_tail,equal,oracle,4,0,0.0,0.0,0.0012788487253259
3,72,74,weak,0.7,weak_tail,equal,oracle,5,0,0.0,0.0,0.0012788487253259
3,72,74,weak,0.7,weak_tail,equal,oracle,8,0,0.0,0.0,0.0012788487253259
3,72,74,weak,0.7,weak_tail,equal,feasible,1,1288,0.4293333333333333,0.4117224606621597,0.4471249499576863
3,72,74,weak,0.7,weak_tail,equal,feasible,2,422,0.1406666666666666,0.1286844217908889,0.1535679774930453
3,72,74,weak,0.7,weak_tail,equal,feasible,3,215,0.0716666666666666,0.0629741711594646,0.0814547092485646
3,72,74,weak,0.7,weak_tail,equal,feasible,4,240,0.08,0.0708205450384302,0.0902536878908435
3,72,74,weak,0.7,weak_tail,equal,feasible,5,300,0.1,0.0897710526329483,0.1112520263473124
3,72,74,weak,0.7,weak_tail,equal,feasible,8,535,0.1783333333333333,0.1650494550600036,0.1924399376199561
3,72,74,weak,0.7,weak_tail,hj,oracle,1,1755,0.585,0.5672707327298785,0.602511862986816
3,72,74,weak,0.7,weak_tail,hj,oracle,2,1008,0.336,0.3193171217658948,0.3531023406160122
3,72,74,weak,0.7,weak_tail,hj,oracle,3,237,0.079,0.0698772554261935,0.0891995352005309
3,72,74,weak,0.7,weak_tail,hj,oracle,4,0,0.0,0.0,0.0012788487253259
3,72,74,weak,0.7,weak_tail,hj,oracle,5,0,0.0,0.0,0.0012788487253259
3,72,74,weak,0.7,weak_tail,hj,oracle,8,0,0.0,0.0,0.0012788487253259
3,72,74,weak,0.7,weak_tail,hj,feasible,1,1360,0.4533333333333333,0.4355904655202203,0.4711955603608101
3,72,74,weak,0.7,weak_tail,hj,feasible,2,615,0.205,0.1909355604601878,0.2198189602877544
3,72,74,weak,0.7,weak_tail,hj,feasible,3,382,0.1273333333333333,0.1158796102287621,0.1397402250211807
3,72,74,weak,0.7,weak_tail,hj,feasible,4,247,0.0823333333333333,0.0730232723729681,0.0927116592622541
3,72,74,weak,0.7,weak_tail,hj,feasible,5,203,0.0676666666666666,0.059220358275795,0.0772187529220367
3,72,74,weak,0.7,weak_tail,hj,feasible,8,193,0.0643333333333333,0.0560990034943369,0.073681966694997
3,240,25,strong,0.0,full,equal,oracle,1,14,0.0046666666666666,0.0027819139335313,0.0078183322036916
3,240,25,strong,0.0,full,equal,oracle,2,154,0.0513333333333333,0.043994659229371,0.0598195610268214
3,240,25,strong,0.0,full,equal,oracle,3,2832,0.944,0.9351903791147342,0.9516740032171762
3,240,25,strong,0.0,full,equal,oracle,4,0,0.0,0.0,0.0012788487253259
3,240,25,strong,0.0,full,equal,oracle,5,0,0.0,0.0,0.0012788487253259
3,240,25,strong,0.0,full,equal,oracle,8,0,0.0,0.0,0.0012788487253259
3,240,25,strong,0.0,full,equal,feasible,1,190,0.0633333333333333,0.055163878001273,0.0726196498855116
3,240,25,strong,0.0,full,equal,feasible,2,424,0.1413333333333333,0.1293256912893121,0.1542583361963217
3,240,25,strong,0.0,full,equal,feasible,3,1166,0.3886666666666666,0.3713768628242076,0.4062412274919649
3,240,25,strong,0.0,full,equal,feasible,4,463,0.1543333333333333,0.1418485257502546,0.1677022516685206
3,240,25,strong,0.0,full,equal,feasible,5,415,0.1383333333333333,0.1264407243229997,0.151150976254986
3,240,25,strong,0.0,full,equal,feasible,8,342,0.114,0.1031176735490427,0.1258695976669089
3,240,25,strong,0.0,full,hj,oracle,1,17,0.0056666666666666,0.0035410565832478,0.0090566318565244
3,240,25,strong,0.0,full,hj,oracle,2,154,0.0513333333333333,0.043994659229371,0.0598195610268214
3,240,25,strong,0.0,full,hj,oracle,3,2829,0.943,0.934123214058378,0.9507437259709832
3,240,25,strong,0.0,full,hj,oracle,4,0,0.0,0.0,0.0012788487253259
3,240,25,strong,0.0,full,hj,oracle,5,0,0.0,0.0,0.0012788487253259
3,240,25,strong,0.0,full,hj,oracle,8,0,0.0,0.0,0.0012788487253259
3,240,25,strong,0.0,full,hj,feasible,1,220,0.0733333333333333,0.0645407421688828,0.0832172087433952
3,240,25,strong,0.0,full,hj,feasible,2,445,0.1483333333333333,0.1360645742486837,0.1615015493547955
3,240,25,strong,0.0,full,hj,feasible,3,1193,0.3976666666666666,0.3802950482094007,0.415300022829716
3,240,25,strong,0.0,full,hj,feasible,4,454,0.1513333333333333,0.1389556785262004,0.1646027719849269
3,240,25,strong,0.0,full,hj,feasible,5,399,0.133,0.1213167409267973,0.1456219340375919
3,240,25,strong,0.0,full,hj,feasible,8,289,0.0963333333333333,0.0862857371430787,0.1074133867278344
3,240,25,strong,0.0,weak_tail,equal,oracle,1,97,0.0323333333333333,0.0265776557851169,0.0392851607226379
3,240,25,strong,0.0,weak_tail,equal,oracle,2,1240,0.4133333333333333,0.3958339740871071,0.4310543596919493
3,240,25,strong,0.0,weak_tail,equal,oracle,3,1663,0.5543333333333333,0.5364891001115446,0.57203859832697
3,240,25,strong,0.0,weak_tail,equal,oracle,4,0,0.0,0.0,0.0012788487253259
3,240,25,strong,0.0,weak_tail,equal,oracle,5,0,0.0,0.0,0.0012788487253259
3,240,25,strong,0.0,weak_tail,equal,oracle,8,0,0.0,0.0,0.0012788487253259
3,240,25,strong,0.0,weak_tail,equal,feasible,1,473,0.1576666666666666,0.1450647942741924,0.1711441241530807
3,240,25,strong,0.0,weak_tail,equal,feasible,2,754,0.2513333333333333,0.2361356851667563,0.2671669955993058
3,240,25,strong,0.0,weak_tail,equal,feasible,3,603,0.201,0.1870461266894498,0.215718624848295
3,240,25,strong,0.0,weak_tail,equal,feasible,4,465,0.155,0.1424916131750664,0.1683907924454085
3,240,25,strong,0.0,weak_tail,equal,feasible,5,379,0.1263333333333333,0.114920905992387,0.1387014869550066
3,240,25,strong,0.0,weak_tail,equal,feasible,8,326,0.1086666666666666,0.0980263207488656,0.1203079248534894
3,240,25,strong,0.0,weak_tail,hj,oracle,1,85,0.0283333333333333,0.0229723594628776,0.0349006878346798
3,240,25,strong,0.0,weak_tail,hj,oracle,2,1240,0.4133333333333333,0.3958339740871071,0.4310543596919493
3,240,25,strong,0.0,weak_tail,hj,oracle,3,1675,0.5583333333333333,0.5405001835345786,0.5760172841141333
3,240,25,strong,0.0,weak_tail,hj,oracle,4,0,0.0,0.0,0.0012788487253259
3,240,25,strong,0.0,weak_tail,hj,oracle,5,0,0.0,0.0,0.0012788487253259
3,240,25,strong,0.0,weak_tail,hj,oracle,8,0,0.0,0.0,0.0012788487253259
3,240,25,strong,0.0,weak_tail,hj,feasible,1,453,0.151,0.1386343578680825,0.1642582785421949
3,240,25,strong,0.0,weak_tail,hj,feasible,2,1031,0.3436666666666667,0.3268813954693582,0.3608517912320937
3,240,25,strong,0.0,weak_tail,hj,feasible,3,669,0.223,0.2084642147624624,0.2382442674313681
3,240,25,strong,0.0,weak_tail,hj,feasible,4,360,0.12,0.1088548583134849,0.1321170667177627
3,240,25,strong,0.0,weak_tail,hj,feasible,5,289,0.0963333333333333,0.0862857371430787,0.1074133867278344
3,240,25,strong,0.0,weak_tail,hj,feasible,8,198,0.066,0.0576588752035653,0.0754511654900176
3,240,25,strong,0.7,full,equal,oracle,1,48,0.016,0.0120893591294979,0.0211485664366176
3,240,25,strong,0.7,full,equal,oracle,2,120,0.04,0.0335559270537099,0.0476206137735899
3,240,25,strong,0.7,full,equal,oracle,3,2832,0.944,0.9351903791147342,0.9516740032171762
3,240,25,strong,0.7,full,equal,oracle,4,0,0.0,0.0,0.0012788487253259
3,240,25,strong,0.7,full,equal,oracle,5,0,0.0,0.0,0.0012788487253259
3,240,25,strong,0.7,full,equal,oracle,8,0,0.0,0.0,0.0012788487253259
3,240,25,strong,0.7,full,equal,feasible,1,149,0.0496666666666666,0.0424519915854454,0.0580331581664981
3,240,25,strong,0.7,full,equal,feasible,2,499,0.1663333333333333,0.1534365434140316,0.1800835416353358
3,240,25,strong,0.7,full,equal,feasible,3,1099,0.3663333333333333,0.3492737041401629,0.3837348414190742
3,240,25,strong,0.7,full,equal,feasible,4,397,0.1323333333333333,0.12067669146363,0.1449303552990596
3,240,25,strong,0.7,full,equal,feasible,5,389,0.1296666666666666,0.1181175178479563,0.1421630161079351
3,240,25,strong,0.7,full,equal,feasible,8,467,0.1556666666666666,0.143134784174439,0.1690792496477354
3,240,25,strong,0.7,full,hj,oracle,1,0,0.0,0.0,0.0012788487253259
3,240,25,strong,0.7,full,hj,oracle,2,37,0.0123333333333333,0.0089611270980192,0.0169528433587486
3,240,25,strong,0.7,full,hj,oracle,3,2963,0.9876666666666668,0.9830471566412514,0.9910388729019808
3,240,25,strong,0.7,full,hj,oracle,4,0,0.0,0.0,0.0012788487253259
3,240,25,strong,0.7,full,hj,oracle,5,0,0.0,0.0,0.0012788487253259
3,240,25,strong,0.7,full,hj,oracle,8,0,0.0,0.0,0.0012788487253259
3,240,25,strong,0.7,full,hj,feasible,1,39,0.013,0.0095244109875619,0.0177211876709055
3,240,25,strong,0.7,full,hj,feasible,2,365,0.1216666666666666,0.110450205437071,0.1338507900984255
3,240,25,strong,0.7,full,hj,feasible,3,1341,0.447,0.4292878889588085,0.464847669006076
3,240,25,strong,0.7,full,hj,feasible,4,580,0.1933333333333333,0.1795976203196379,0.2078534068985619
3,240,25,strong,0.7,full,hj,feasible,5,394,0.1313333333333333,0.1197168082833848,0.1438927961767554
3,240,25,strong,0.7,full,hj,feasible,8,281,0.0936666666666666,0.0837538746754388,0.104618736388676
3,240,25,strong,0.7,weak_tail,equal,oracle,1,92,0.0306666666666666,0.0250720696116264,0.0374616763918794
3,240,25,strong,0.7,weak_tail,equal,oracle,2,1249,0.4163333333333333,0.3988116166489258,0.4340690440377787
3,240,25,strong,0.7,weak_tail,equal,oracle,3,1659,0.553,0.535152330993924,0.5707121110411916
3,240,25,strong,0.7,weak_tail,equal,oracle,4,0,0.0,0.0,0.0012788487253259
3,240,25,strong,0.7,weak_tail,equal,oracle,5,0,0.0,0.0,0.0012788487253259
3,240,25,strong,0.7,weak_tail,equal,oracle,8,0,0.0,0.0,0.0012788487253259
3,240,25,strong,0.7,weak_tail,equal,feasible,1,404,0.1346666666666666,0.1229173055899808,0.1473504398786573
3,240,25,strong,0.7,weak_tail,equal,feasible,2,770,0.2566666666666666,0.2413545704229422,0.2726011359567163
3,240,25,strong,0.7,weak_tail,equal,feasible,3,601,0.2003333333333333,0.1863981019862194,0.2150350213498259
3,240,25,strong,0.7,weak_tail,equal,feasible,4,356,0.1186666666666666,0.1075790990429635,0.1307295695848851
3,240,25,strong,0.7,weak_tail,equal,feasible,5,371,0.1236666666666666,0.1123655557111198,0.1359303244294755
3,240,25,strong,0.7,weak_tail,equal,feasible,8,498,0.166,0.153114307914255,0.1797399630342627
3,240,25,strong,0.7,weak_tail,hj,oracle,1,19,0.0063333333333333,0.0040583461460374,0.0098709704954344
3,240,25,strong,0.7,weak_tail,hj,oracle,2,1264,0.4213333333333333,0.403775843961599,0.4390920282378522
3,240,25,strong,0.7,weak_tail,hj,oracle,3,1717,0.5723333333333334,0.5545481857197102,0.5899334741646928
3,240,25,strong,0.7,weak_tail,hj,oracle,4,0,0.0,0.0,0.0012788487253259
3,240,25,strong,0.7,weak_tail,hj,oracle,5,0,0.0,0.0,0.0012788487253259
3,240,25,strong,0.7,weak_tail,hj,oracle,8,0,0.0,0.0,0.0012788487253259
3,240,25,strong,0.7,weak_tail,hj,feasible,1,276,0.092,0.0821727533534877,0.1028707872063782
3,240,25,strong,0.7,weak_tail,hj,feasible,2,1082,0.3606666666666667,0.3436717155646396,0.3780179902801512
3,240,25,strong,0.7,weak_tail,hj,feasible,3,711,0.237,0.2221255313001665,0.2525471431293548
3,240,25,strong,0.7,weak_tail,hj,feasible,4,357,0.119,0.1078979952429838,0.1310764874857145
3,240,25,strong,0.7,weak_tail,hj,feasible,5,319,0.1063333333333333,0.0958014645991679,0.1178720822972387
3,240,25,strong,0.7,weak_tail,hj,feasible,8,255,0.085,0.0755435241310502,0.0955179203109702
3,240,25,weak,0.0,full,equal,oracle,1,1220,0.4066666666666667,0.3892194031375169,0.4243526486245439
3,240,25,weak,0.0,full,equal,oracle,2,839,0.2796666666666667,0.2638951660940586,0.296001713244235
3,240,25,weak,0.0,full,equal,oracle,3,941,0.3136666666666666,0.2973107672190205,0.3304991504059508
3,240,25,weak,0.0,full,equal,oracle,4,0,0.0,0.0,0.0012788487253259
3,240,25,weak,0.0,full,equal,oracle,5,0,0.0,0.0,0.0012788487253259
3,240,25,weak,0.0,full,equal,oracle,8,0,0.0,0.0,0.0012788487253259
3,240,25,weak,0.0,full,equal,feasible,1,1091,0.3636666666666667,0.3466371533773554,0.3810448793750835
3,240,25,weak,0.0,full,equal,feasible,2,579,0.193,0.179273962582423,0.2075112505349271
3,240,25,weak,0.0,full,equal,feasible,3,492,0.164,0.1511813003688483,0.1776780859745707
3,240,25,weak,0.0,full,equal,feasible,4,278,0.0926666666666666,0.0828050804576881,0.1035700883038774
3,240,25,weak,0.0,full,equal,feasible,5,301,0.1003333333333333,0.0900881225298914,0.1116007705512191
3,240,25,weak,0.0,full,equal,feasible,8,259,0.0863333333333333,0.0768047510848826,0.096919949760537
3,240,25,weak,0.0,full,hj,oracle,1,1244,0.4146666666666667,0.3971572878299607,0.4323943023524949
3,240,25,weak,0.0,full,hj,oracle,2,839,0.2796666666666667,0.2638951660940586,0.296001713244235
3,240,25,weak,0.0,full,hj,oracle,3,917,0.3056666666666666,0.2894386106341932,0.3223917685703834
3,240,25,weak,0.0,full,hj,oracle,4,0,0.0,0.0,0.0012788487253259
3,240,25,weak,0.0,full,hj,oracle,5,0,0.0,0.0,0.0012788487253259
3,240,25,weak,0.0,full,hj,oracle,8,0,0.0,0.0,0.0012788487253259
3,240,25,weak,0.0,full,hj,feasible,1,1180,0.3933333333333333,0.376000332524318,0.4109391552037515
3,240,25,weak,0.0,full,hj,feasible,2,606,0.202,0.1880182791607313,0.2167439146795629
3,240,25,weak,0.0,full,hj,feasible,3,490,0.1633333333333333,0.1505371201079453,0.1769906380337741
3,240,25,weak,0.0,full,hj,feasible,4,263,0.0876666666666666,0.0780666916239497,0.0983212656248691
3,240,25,weak,0.0,full,hj,feasible,5,265,0.0883333333333333,0.0786979248943257,0.0990216605561926
3,240,25,weak,0.0,full,hj,feasible,8,196,0.0653333333333333,0.0570347299761277,0.0747436825157556
3,240,25,weak,0.0,weak_tail,equal,oracle,1,1431,0.477,0.4591678196525252,0.4948910073888397
3,240,25,weak,0.0,weak_tail,equal,oracle,2,1213,0.4043333333333333,0.386905092960542,0.4220062600955704
3,240,25,weak,0.0,weak_tail,equal,oracle,3,356,0.1186666666666666,0.1075790990429635,0.1307295695848851
3,240,25,weak,0.0,weak_tail,equal,oracle,4,0,0.0,0.0,0.0012788487253259
3,240,25,weak,0.0,weak_tail,equal,oracle,5,0,0.0,0.0,0.0012788487253259
3,240,25,weak,0.0,weak_tail,equal,oracle,8,0,0.0,0.0,0.0012788487253259
3,240,25,weak,0.0,weak_tail,equal,feasible,1,1215,0.405,0.3875662825253734,0.4226766987324385
3,240,25,weak,0.0,weak_tail,equal,feasible,2,525,0.175,0.1618212693024387,0.189009982369023
3,240,25,weak,0.0,weak_tail,equal,feasible,3,288,0.096,0.0859691177294244,0.1070641920406389
3,240,25,weak,0.0,weak_tail,equal,feasible,4,322,0.1073333333333333,0.0967547745523614,0.1189162146465945
3,240,25,weak,0.0,weak_tail,equal,feasible,5,331,0.1103333333333333,0.0996164908093316,0.1220468252972723
3,240,25,weak,0.0,weak_tail,equal,feasible,8,319,0.1063333333333333,0.0958014645991679,0.1178720822972387
3,240,25,weak,0.0,weak_tail,hj,oracle,1,1425,0.475,0.4571738099735662,0.4928901324627
3,240,25,weak,0.0,weak_tail,hj,oracle,2,1213,0.4043333333333333,0.386905092960542,0.4220062600955704
3,240,25,weak,0.0,weak_tail,hj,oracle,3,362,0.1206666666666666,0.1094929113757461,0.1328106418572011
3,240,25,weak,0.0,weak_tail,hj,oracle,4,0,0.0,0.0,0.0012788487253259
3,240,25,weak,0.0,weak_tail,hj,oracle,5,0,0.0,0.0,0.0012788487253259
3,240,25,weak,0.0,weak_tail,hj,oracle,8,0,0.0,0.0,0.0012788487253259
3,240,25,weak,0.0,weak_tail,hj,feasible,1,1275,0.425,0.4074174562363826,0.4427743710724162
3,240,25,weak,0.0,weak_tail,hj,feasible,2,691,0.2303333333333333,0.2156172171433795,0.2457391752691462
3,240,25,weak,0.0,weak_tail,hj,feasible,3,378,0.126,0.1146013917727821,0.1383551870737617
3,240,25,weak,0.0,weak_tail,hj,feasible,4,240,0.08,0.0708205450384302,0.0902536878908435
3,240,25,weak,0.0,weak_tail,hj,feasible,5,228,0.076,0.0670501357645342,0.0860343279545421
3,240,25,weak,0.0,weak_tail,hj,feasible,8,188,0.0626666666666666,0.0545408014028638,0.0719110982822212
3,240,25,weak,0.7,full,equal,oracle,1,1265,0.4216666666666667,0.4041068584733047,0.4394268278269964
3,240,25,weak,0.7,full,equal,oracle,2,653,0.2176666666666666,0.2032661966913996,0.2327892598888344
3,240,25,weak,0.7,full,equal,oracle,3,1082,0.3606666666666667,0.3436717155646396,0.3780179902801512
3,240,25,weak,0.7,full,equal,oracle,4,0,0.0,0.0,0.0012788487253259
3,240,25,weak,0.7,full,equal,oracle,5,0,0.0,0.0,0.0012788487253259
3,240,25,weak,0.7,full,equal,oracle,8,0,0.0,0.0,0.0012788487253259
3,240,25,weak,0.7,full,equal,feasible,1,985,0.3283333333333333,0.3117578276263412,0.3453479104360206
3,240,25,weak,0.7,full,equal,feasible,2,567,0.189,0.1753913363912125,0.2034041075159402
3,240,25,weak,0.7,full,equal,feasible,3,418,0.1393333333333333,0.1274021660500632,0.1521869768304719
3,240,25,weak,0.7,full,equal,feasible,4,275,0.0916666666666666,0.0818566511032748,0.1025210753557413
3,240,25,weak,0.7,full,equal,feasible,5,308,0.1026666666666666,0.0923086237446457,0.1140409680424132
3,240,25,weak,0.7,full,equal,feasible,8,447,0.149,0.1367068890442328,0.162190862760946
3,240,25,weak,0.7,full,hj,oracle,1,436,0.1453333333333333,0.1331752564756045,0.1583985402202267
3,240,25,weak,0.7,full,hj,oracle,2,1015,0.3383333333333333,0.3216187687342258,0.3554613923536296
3,240,25,weak,0.7,full,hj,oracle,3,1549,0.5163333333333333,0.4984414788150051,0.5341834121266342
3,240,25,weak,0.7,full,hj,oracle,4,0,0.0,0.0,0.0012788487253259
3,240,25,weak,0.7,full,hj,oracle,5,0,0.0,0.0,0.0012788487253259
3,240,25,weak,0.7,full,hj,oracle,8,0,0.0,0.0,0.0012788487253259
3,240,25,weak,0.7,full,hj,feasible,1,762,0.254,0.2387447431259844,0.269884450446876
3,240,25,weak,0.7,full,hj,feasible,2,788,0.2626666666666666,0.247229454336305,0.2787109058586497
3,240,25,weak,0.7,full,hj,feasible,3,631,0.2103333333333333,0.1961248386790735,0.2252827076824653
3,240,25,weak,0.7,full,hj,feasible,4,349,0.1163333333333333,0.1053476507949853,0.1283003191269147
3,240,25,weak,0.7,full,hj,feasible,5,260,0.0866666666666666,0.0771201699020327,0.0972703450442366
3,240,25,weak,0.7,full,hj,feasible,8,210,0.07,0.0614090380633049,0.0796907718404753
3,240,25,weak,0.7,weak_tail,equal,oracle,1,1471,0.4903333333333333,0.4724685360080738,0.5082228550672824
3,240,25,weak,0.7,weak_tail,equal,oracle,2,1214,0.4046666666666667,0.3872356835482324,0.4223414836087297
3,240,25,weak,0.7,weak_tail,equal,oracle,3,315,0.105,0.0945308579948152,0.1164794324981922
3,240,25,weak,0.7,weak_tail,equal,oracle,4,0,0.0,0.0,0.0012788487253259
3,240,25,weak,0.7,weak_tail,equal,oracle,5,0,0.0,0.0,0.0012788487253259
3,240,25,weak,0.7,weak_tail,equal,oracle,8,0,0.0,0.0,0.0012788487253259
3,240,25,weak,0.7,weak_tail,equal,feasible,1,1198,0.3993333333333333,0.3819472431714557,0.4169768983719098
3,240,25,weak,0.7,weak_tail,equal,feasible,2,473,0.1576666666666666,0.1450647942741924,0.1711441241530807
3,240,25,weak,0.7,weak_tail,equal,feasible,3,252,0.084,0.07459808132677,0.0944659208127011
3,240,25,weak,0.7,weak_tail,equal,feasible,4,265,0.0883333333333333,0.0786979248943257,0.0990216605561926
3,240,25,weak,0.7,weak_tail,equal,feasible,5,302,0.1006666666666666,0.0904052288845772,0.1119494782973831
3,240,25,weak,0.7,weak_tail,equal,feasible,8,510,0.17,0.1569823900215444,0.1838616501371707
3,240,25,weak,0.7,weak_tail,hj,oracle,1,1197,0.399,0.3816167872762597,0.4166415401662562
3,240,25,weak,0.7,weak_tail,hj,oracle,2,1431,0.477,0.4591678196525252,0.4948910073888397
3,240,25,weak,0.7,weak_tail,hj,oracle,3,372,0.124,0.1126848784070766,0.1362768158343685
3,240,25,weak,0.7,weak_tail,hj,oracle,4,0,0.0,0.0,0.0012788487253259
3,240,25,weak,0.7,weak_tail,hj,oracle,5,0,0.0,0.0,0.0012788487253259
3,240,25,weak,0.7,weak_tail,hj,oracle,8,0,0.0,0.0,0.0012788487253259
3,240,25,weak,0.7,weak_tail,hj,feasible,1,1166,0.3886666666666666,0.3713768628242076,0.4062412274919649
3,240,25,weak,0.7,weak_tail,hj,feasible,2,762,0.254,0.2387447431259844,0.269884450446876
3,240,25,weak,0.7,weak_tail,hj,feasible,3,388,0.1293333333333333,0.1177977377450931,0.1418169821099484
3,240,25,weak,0.7,weak_tail,hj,feasible,4,237,0.079,0.0698772554261935,0.0891995352005309
3,240,25,weak,0.7,weak_tail,hj,feasible,5,215,0.0716666666666666,0.0629741711594646,0.0814547092485646
3,240,25,weak,0.7,weak_tail,hj,feasible,8,232,0.0773333333333333,0.0683061163278667,0.0874416037946087
3,240,74,strong,0.0,full,equal,oracle,1,10,0.0033333333333333,0.0018116337615376,0.0061253559722861
3,240,74,strong,0.0,full,equal,oracle,2,122,0.0406666666666666,0.0341663032710645,0.0483418657579349
3,240,74,strong,0.0,full,equal,oracle,3,2868,0.956,0.9480592935843528,0.96277439637815
3,240,74,strong,0.0,full,equal,oracle,4,0,0.0,0.0,0.0012788487253259
3,240,74,strong,0.0,full,equal,oracle,5,0,0.0,0.0,0.0012788487253259
3,240,74,strong,0.0,full,equal,oracle,8,0,0.0,0.0,0.0012788487253259
3,240,74,strong,0.0,full,equal,feasible,1,203,0.0676666666666666,0.059220358275795,0.0772187529220367
3,240,74,strong,0.0,full,equal,feasible,2,407,0.1356666666666666,0.123877943635897,0.1483872441352904
3,240,74,strong,0.0,full,equal,feasible,3,1145,0.3816666666666666,0.3644448094895405,0.3991911847087865
3,240,74,strong,0.0,full,equal,feasible,4,478,0.1593333333333333,0.1466736992734629,0.1728642896580591
3,240,74,strong,0.0,full,equal,feasible,5,401,0.1336666666666666,0.1219568915096465,0.1463134116564423
3,240,74,strong,0.0,full,equal,feasible,8,366,0.122,0.1107693602442333,0.134197449392113
3,240,74,strong,0.0,full,hj,oracle,1,12,0.004,0.0022896808121085,0.0069789371234148
3,240,74,strong,0.0,full,hj,oracle,2,122,0.0406666666666666,0.0341663032710645,0.0483418657579349
3,240,74,strong,0.0,full,hj,oracle,3,2866,0.9553333333333334,0.9473409336761413,0.962161128084662
3,240,74,strong,0.0,full,hj,oracle,4,0,0.0,0.0,0.0012788487253259
3,240,74,strong,0.0,full,hj,oracle,5,0,0.0,0.0,0.0012788487253259
3,240,74,strong,0.0,full,hj,oracle,8,0,0.0,0.0,0.0012788487253259
3,240,74,strong,0.0,full,hj,feasible,1,239,0.0796666666666666,0.0705060653313456,0.0899023534970783
3,240,74,strong,0.0,full,hj,feasible,2,432,0.144,0.1318917005824091,0.1570188397100229
3,240,74,strong,0.0,full,hj,feasible,3,1186,0.3953333333333333,0.3779823307759264,0.4129520415572418
3,240,74,strong,0.0,full,hj,feasible,4,476,0.1586666666666666,0.1460300763007359,0.1721762844290866
3,240,74,strong,0.0,full,hj,feasible,5,377,0.1256666666666666,0.1142819046346236,0.1380088601110704
3,240,74,strong,0.0,full,hj,feasible,8,290,0.0966666666666666,0.0866023950440781,0.1077625429276848
3,240,74,strong,0.0,weak_tail,equal,oracle,1,61,0.0203333333333333,0.0158623852577926,0.02603112361937
3,240,74,strong,0.0,weak_tail,equal,oracle,2,707,0.2356666666666666,0.2208234510372158,0.2511859669889065
3,240,74,strong,0.0,weak_tail,equal,oracle,3,2232,0.744,0.7280779637292932,0.7592979580927478
3,240,74,strong,0.0,weak_tail,equal,oracle,4,0,0.0,0.0,0.0012788487253259
3,240,74,strong,0.0,weak_tail,equal,oracle,5,0,0.0,0.0,0.0012788487253259
3,240,74,strong,0.0,weak_tail,equal,oracle,8,0,0.0,0.0,0.0012788487253259
3,240,74,strong,0.0,weak_tail,equal,feasible,1,403,0.1343333333333333,0.1225971425742414,0.1470047887935469
3,240,74,strong,0.0,weak_tail,equal,feasible,2,538,0.1793333333333333,0.1660182570049551,0.1934685779775538
3,240,74,strong,0.0,weak_tail,equal,feasible,3,798,0.266,0.2504949128601385,0.282103588343314
3,240,74,strong,0.0,weak_tail,equal,feasible,4,479,0.1596666666666666,0.1469955410913387,0.1732082619410332
3,240,74,strong,0.0,weak_tail,equal,feasible,5,418,0.1393333333333333,0.1274021660500632,0.1521869768304719
3,240,74,strong,0.0,weak_tail,equal,feasible,8,364,0.1213333333333333,0.1101310789562721,0.1335041024783747
3,240,74,strong,0.0,weak_tail,hj,oracle,1,43,0.0143333333333333,0.0106587098144865,0.01925014524738
3,240,74,strong,0.0,weak_tail,hj,oracle,2,707,0.2356666666666666,0.2208234510372158,0.2511859669889065
3,240,74,strong,0.0,weak_tail,hj,oracle,3,2250,0.75,0.7341920228455506,0.7651685527917863
3,240,74,strong,0.0,weak_tail,hj,oracle,4,0,0.0,0.0,0.0012788487253259
3,240,74,strong,0.0,weak_tail,hj,oracle,5,0,0.0,0.0,0.0012788487253259
3,240,74,strong,0.0,weak_tail,hj,oracle,8,0,0.0,0.0,0.0012788487253259
3,240,74,strong,0.0,weak_tail,hj,feasible,1,361,0.1203333333333333,0.1091738704787231,0.1324638686533743
3,240,74,strong,0.0,weak_tail,hj,feasible,2,800,0.2666666666666666,0.2511481429306108,0.2827819864745412
3,240,74,strong,0.0,weak_tail,hj,feasible,3,885,0.295,0.2789515142895954,0.3115728136877882
3,240,74,strong,0.0,weak_tail,hj,feasible,4,387,0.129,0.1174779838356869,0.1414709219185049
3,240,74,strong,0.0,weak_tail,hj,feasible,5,326,0.1086666666666666,0.0980263207488656,0.1203079248534894
3,240,74,strong,0.0,weak_tail,hj,feasible,8,241,0.0803333333333333,0.0711350742042567,0.0906049728258668
3,240,74,strong,0.7,full,equal,oracle,1,26,0.0086666666666666,0.0059212690513622,0.012668746296058
3,240,74,strong,0.7,full,equal,oracle,2,98,0.0326666666666666,0.0268793145026456,0.039649316105959
3,240,74,strong,0.7,full,equal,oracle,3,2876,0.9586666666666668,0.9509373919913736,0.9652228107779274
3,240,74,strong,0.7,full,equal,oracle,4,0,0.0,0.0,0.0012788487253259
3,240,74,strong,0.7,full,equal,oracle,5,0,0.0,0.0,0.0012788487253259
3,240,74,strong,0.7,full,equal,oracle,8,0,0.0,0.0,0.0012788487253259
3,240,74,strong,0.7,full,equal,feasible,1,90,0.03,0.0244711510949618,0.0367309667068445
3,240,74,strong,0.7,full,equal,feasible,2,423,0.141,0.1290050447960565,0.1539131685887274
3,240,74,strong,0.7,full,equal,feasible,3,1096,0.3653333333333333,0.3482849309442762,0.3827261723124115
3,240,74,strong,0.7,full,equal,feasible,4,389,0.1296666666666666,0.1181175178479563,0.1421630161079351
3,240,74,strong,0.7,full,equal,feasible,5,451,0.1503333333333333,0.1379917813330712,0.1635692268755067
3,240,74,strong,0.7,full,equal,feasible,8,551,0.1836666666666666,0.1702182107442257,0.1979242075493304
3,240,74,strong,0.7,full,hj,oracle,1,0,0.0,0.0,0.0012788487253259
3,240,74,strong,0.7,full,hj,oracle,2,15,0.005,0.0030324533483749,0.0082336068896977
3,240,74,strong,0.7,full,hj,oracle,3,2985,0.995,0.9917663931103022,0.996967546651625
3,240,74,strong,0.7,full,hj,oracle,4,0,0.0,0.0,0.0012788487253259
3,240,74,strong,0.7,full,hj,oracle,5,0,0.0,0.0,0.0012788487253259
3,240,74,strong,0.7,full,hj,oracle,8,0,0.0,0.0,0.0012788487253259
3,240,74,strong,0.7,full,hj,feasible,1,14,0.0046666666666666,0.0027819139335313,0.0078183322036916
3,240,74,strong,0.7,full,hj,feasible,2,280,0.0933333333333333,0.0834375697204818,0.1042692272427832
3,240,74,strong,0.7,full,hj,feasible,3,1423,0.4743333333333333,0.4565092038046127,0.492223110429954
3,240,74,strong,0.7,full,hj,feasible,4,550,0.1833333333333333,0.1698950339583418,0.1975815702343645
3,240,74,strong,0.7,full,hj,feasible,5,410,0.1366666666666666,0.1248388035658095,0.1494238265079272
3,240,74,strong,0.7,full,hj,feasible,8,323,0.1076666666666666,0.0970726114165808,0.1192641918832248
3,240,74,strong,0.7,weak_tail,equal,oracle,1,61,0.0203333333333333,0.0158623852577926,0.02603112361937
3,240,74,strong,0.7,weak_tail,equal,oracle,2,628,0.2093333333333333,0.1951515602914392,0.2242585437675502
3,240,74,strong,0.7,weak_tail,equal,oracle,3,2311,0.7703333333333333,0.7549419110798522,0.7850333247093216
3,240,74,strong,0.7,weak_tail,equal,oracle,4,0,0.0,0.0,0.0012788487253259
3,240,74,strong,0.7,weak_tail,equal,oracle,5,0,0.0,0.0,0.0012788487253259
3,240,74,strong,0.7,weak_tail,equal,oracle,8,0,0.0,0.0,0.0012788487253259
3,240,74,strong,0.7,weak_tail,equal,feasible,1,334,0.1113333333333333,0.1005709798434639,0.1230897785656894
3,240,74,strong,0.7,weak_tail,equal,feasible,2,581,0.1936666666666666,0.1799212941465618,0.2081955471724877
3,240,74,strong,0.7,weak_tail,equal,feasible,3,717,0.239,0.2240790380878483,0.2545885209467718
3,240,74,strong,0.7,weak_tail,equal,feasible,4,393,0.131,0.119396898488012,0.1435468918712785
3,240,74,strong,0.7,weak_tail,equal,feasible,5,480,0.16,0.1473174030619614,0.1735522140712602
3,240,74,strong,0.7,weak_tail,equal,feasible,8,495,0.165,0.1521477169781938,0.1787091116677746
3,240,74,strong,0.7,weak_tail,hj,oracle,1,0,0.0,0.0,0.0012788487253259
3,240,74,strong,0.7,weak_tail,hj,oracle,2,549,0.183,0.1695718742751529,0.1972389158167036
3,240,74,strong,0.7,weak_tail,hj,oracle,3,2451,0.817,0.8027610841832963,0.830428125724847
3,240,74,strong,0.7,weak_tail,hj,oracle,4,0,0.0,0.0,0.0012788487253259
3,240,74,strong,0.7,weak_tail,hj,oracle,5,0,0.0,0.0,0.0012788487253259
3,240,74,strong,0.7,weak_tail,hj,oracle,8,0,0.0,0.0,0.0012788487253259
3,240,74,strong,0.7,weak_tail,hj,feasible,1,172,0.0573333333333333,0.0495665254317816,0.0662323486397069
3,240,74,strong,0.7,weak_tail,hj,feasible,2,794,0.2646666666666666,0.2491885907514262,0.2807466540486272
3,240,74,strong,0.7,weak_tail,hj,feasible,3,958,0.3193333333333333,0.3028903457889959,0.336238411550422
3,240,74,strong,0.7,weak_tail,hj,feasible,4,460,0.1533333333333333,0.1408840522825866,0.1666692828336392
3,240,74,strong,0.7,weak_tail,hj,feasible,5,367,0.1223333333333333,0.1110885432781107,0.1345440804590854
3,240,74,strong,0.7,weak_tail,hj,feasible,8,249,0.083,0.0736530550827237,0.0934135047541981
3,240,74,weak,0.0,full,equal,oracle,1,1185,0.395,0.3776519764927686,0.4126165817395498
3,240,74,weak,0.0,full,equal,oracle,2,806,0.2686666666666666,0.253108107892979,0.2848169061172718
3,240,74,weak,0.0,full,equal,oracle,3,1009,0.3363333333333333,0.3196459002940903,0.3534393761886663
3,240,74,weak,0.0,full,equal,oracle,4,0,0.0,0.0,0.0012788487253259
3,240,74,weak,0.0,full,equal,oracle,5,0,0.0,0.0,0.0012788487253259
3,240,74,weak,0.0,full,equal,oracle,8,0,0.0,0.0,0.0012788487253259
3,240,74,weak,0.0,full,equal,feasible,1,1016,0.3386666666666666,0.3219476129557604,0.3557983622329447
3,240,74,weak,0.0,full,equal,feasible,2,600,0.2,0.1860741128039072,0.2146931964312883
3,240,74,weak,0.0,full,equal,feasible,3,505,0.1683333333333333,0.1553703576642514,0.1821446119902147
3,240,74,weak,0.0,full,equal,feasible,4,306,0.102,0.0916740156962751,0.1133439478890842
3,240,74,weak,0.0,full,equal,feasible,5,299,0.0996666666666666,0.0894540193552607,0.1109032455241502
3,240,74,weak,0.0,full,equal,feasible,8,274,0.0913333333333333,0.0815405899871373,0.1021713223710291
3,240,74,weak,0.0,full,hj,oracle,1,1217,0.4056666666666667,0.3882275056347864,0.4233471038247251
3,240,74,weak,0.0,full,hj,oracle,2,806,0.2686666666666666,0.253108107892979,0.2848169061172718
3,240,74,weak,0.0,full,hj,oracle,3,977,0.3256666666666666,0.3091296909788403,0.3426495342767233
3,240,74,weak,0.0,full,hj,oracle,4,0,0.0,0.0,0.0012788487253259
3,240,74,weak,0.0,full,hj,oracle,5,0,0.0,0.0,0.0012788487253259
3,240,74,weak,0.0,full,hj,oracle,8,0,0.0,0.0,0.0012788487253259
3,240,74,weak,0.0,full,hj,feasible,1,1125,0.375,0.3578464010926593,0.3924733110886722
3,240,74,weak,0.0,full,hj,feasible,2,644,0.2146666666666666,0.2003438924223612,0.2297192372502247
3,240,74,weak,0.0,full,hj,feasible,3,513,0.171,0.1579498340734792,0.1848916483877853
3,240,74,weak,0.0,full,hj,feasible,4,272,0.0906666666666666,0.0809085919663415,0.1014716921901253
3,240,74,weak,0.0,full,hj,feasible,5,256,0.0853333333333333,0.0758587631496972,0.095868495393173
3,240,74,weak,0.0,full,hj,feasible,8,190,0.0633333333333333,0.055163878001273,0.0726196498855116
3,240,74,weak,0.0,weak_tail,equal,oracle,1,1343,0.4476666666666666,0.4299511810419892,0.4655160051245948
3,240,74,weak,0.0,weak_tail,equal,oracle,2,1138,0.3793333333333333,0.3621349710520436,0.3968403244403351
3,240,74,weak,0.0,weak_tail,equal,oracle,3,519,0.173,0.1598852221629369,0.1869511449034262
3,240,74,weak,0.0,weak_tail,equal,oracle,4,0,0.0,0.0,0.0012788487253259
3,240,74,weak,0.0,weak_tail,equal,oracle,5,0,0.0,0.0,0.0012788487253259
3,240,74,weak,0.0,weak_tail,equal,oracle,8,0,0.0,0.0,0.0012788487253259
3,240,74,weak,0.0,weak_tail,equal,feasible,1,1110,0.37,0.3528998877455149,0.3874326129230698
3,240,74,weak,0.0,weak_tail,equal,feasible,2,482,0.1606666666666666,0.1479611872582543,0.1742400580766669
3,240,74,weak,0.0,weak_tail,equal,feasible,3,329,0.1096666666666666,0.0989803253945503,0.1213513625103541
3,240,74,weak,0.0,weak_tail,equal,feasible,4,397,0.1323333333333333,0.12067669146363,0.1449303552990596
3,240,74,weak,0.0,weak_tail,equal,feasible,5,344,0.1146666666666666,0.1037546575488217,0.1265642418688295
3,240,74,weak,0.0,weak_tail,equal,feasible,8,338,0.1126666666666666,0.1018440763245357,0.1244799384880167
3,240,74,weak,0.0,weak_tail,hj,oracle,1,1309,0.4363333333333333,0.4186796168231995,0.454149889914492
3,240,74,weak,0.0,weak_tail,hj,oracle,2,1138,0.3793333333333333,0.3621349710520436,0.3968403244403351
3,240,74,weak,0.0,weak_tail,hj,oracle,3,553,0.1843333333333333,0.1708646154801897,0.198609431015066
3,240,74,weak,0.0,weak_tail,hj,oracle,4,0,0.0,0.0,0.0012788487253259
3,240,74,weak,0.0,weak_tail,hj,oracle,5,0,0.0,0.0,0.0012788487253259
3,240,74,weak,0.0,weak_tail,hj,oracle,8,0,0.0,0.0,0.0012788487253259
3,240,74,weak,0.0,weak_tail,hj,feasible,1,1195,0.3983333333333333,0.3809559008329027,0.4159707984079135
3,240,74,weak,0.0,weak_tail,hj,feasible,2,686,0.2286666666666666,0.2139909624715193,0.2440363594367575
3,240,74,weak,0.0,weak_tail,hj,feasible,3,422,0.1406666666666666,0.1286844217908889,0.1535679774930453
3,240,74,weak,0.0,weak_tail,hj,feasible,4,267,0.089,0.0793293311169906,0.0997218825352272
3,240,74,weak,0.0,weak_tail,hj,feasible,5,225,0.075,0.0661087063006732,0.0849783151158538
3,240,74,weak,0.0,weak_tail,hj,feasible,8,205,0.0683333333333333,0.0598453903134665,0.0779253490860648
3,240,74,weak,0.7,full,equal,oracle,1,1138,0.3793333333333333,0.3621349710520436,0.3968403244403351
3,240,74,weak,0.7,full,equal,oracle,2,645,0.215,0.2006685359392153,0.2300604078342204
3,240,74,weak,0.7,full,equal,oracle,3,1217,0.4056666666666667,0.3882275056347864,0.4233471038247251
3,240,74,weak,0.7,full,equal,oracle,4,0,0.0,0.0,0.0012788487253259
3,240,74,weak,0.7,full,equal,oracle,5,0,0.0,0.0,0.0012788487253259
3,240,74,weak,0.7,full,equal,oracle,8,0,0.0,0.0,0.0012788487253259
3,240,74,weak,0.7,full,equal,feasible,1,927,0.309,0.2927179730467492,0.3257705471663253
3,240,74,weak,0.7,full,equal,feasible,2,561,0.187,0.1734509114087352,0.2013496478933187
3,240,74,weak,0.7,full,equal,feasible,3,436,0.1453333333333333,0.1331752564756045,0.1583985402202267
3,240,74,weak,0.7,full,equal,feasible,4,274,0.0913333333333333,0.0815405899871373,0.1021713223710291
3,240,74,weak,0.7,full,equal,feasible,5,333,0.111,0.1002527848792385,0.1227421594290651
3,240,74,weak,0.7,full,equal,feasible,8,469,0.1563333333333333,0.1437780383114927,0.1697676237123813
3,240,74,weak,0.7,full,hj,oracle,1,256,0.0853333333333333,0.0758587631496972,0.095868495393173
3,240,74,weak,0.7,full,hj,oracle,2,1019,0.3396666666666667,0.3229342017392144,0.3568092157520401
3,240,74,weak,0.7,full,hj,oracle,3,1725,0.575,0.5572256289275838,0.5925825437636173
3,240,74,weak,0.7,full,hj,oracle,4,0,0.0,0.0,0.0012788487253259
3,240,74,weak,0.7,full,hj,oracle,5,0,0.0,0.0,0.0012788487253259
3,240,74,weak,0.7,full,hj,oracle,8,0,0.0,0.0,0.0012788487253259
3,240,74,weak,0.7,full,hj,feasible,1,635,0.2116666666666666,0.1974227480676487,0.2266480546972892
3,240,74,weak,0.7,full,hj,feasible,2,830,0.2766666666666666,0.2609520380417026,0.292952514388943
3,240,74,weak,0.7,full,hj,feasible,3,678,0.226,0.2113896519701337,0.2413111571313449
3,240,74,weak,0.7,full,hj,feasible,4,343,0.1143333333333333,0.1034361501979904,0.126216935118811
3,240,74,weak,0.7,full,hj,feasible,5,274,0.0913333333333333,0.0815405899871373,0.1021713223710291
3,240,74,weak,0.7,full,hj,feasible,8,240,0.08,0.0708205450384302,0.0902536878908435
3,240,74,weak,0.7,weak_tail,equal,oracle,1,1353,0.451,0.4332681253168471,0.4688572018582348
3,240,74,weak,0.7,weak_tail,equal,oracle,2,1070,0.3566666666666667,0.3397189279450279,0.3739810086895656
3,240,74,weak,0.7,weak_tail,equal,oracle,3,577,0.1923333333333333,0.1786266955038284,0.2068268894118221
3,240,74,weak,0.7,weak_tail,equal,oracle,4,0,0.0,0.0,0.0012788487253259
3,240,74,weak,0.7,weak_tail,equal,oracle,5,0,0.0,0.0,0.0012788487253259
3,240,74,weak,0.7,weak_tail,equal,oracle,8,0,0.0,0.0,0.0012788487253259
3,240,74,weak,0.7,weak_tail,equal,feasible,1,1083,0.361,0.3440011728928033,0.3783543470528372
3,240,74,weak,0.7,weak_tail,equal,feasible,2,484,0.1613333333333333,0.1486050514585751,0.1749278220780456
3,240,74,weak,0.7,weak_tail,equal,feasible,3,280,0.0933333333333333,0.0834375697204818,0.1042692272427832
3,240,74,weak,0.7,weak_tail,equal,feasible,4,280,0.0933333333333333,0.0834375697204818,0.1042692272427832
3,240,74,weak,0.7,weak_tail,equal,feasible,5,369,0.123,0.1117269936307605,0.1352372583081352
3,240,74,weak,0.7,weak_tail,equal,feasible,8,504,0.168,0.1550480077485939,0.1818011478050225
3,240,74,weak,0.7,weak_tail,hj,oracle,1,937,0.3123333333333333,0.2959983406875305,0.3291483205340418
3,240,74,weak,0.7,weak_tail,hj,oracle,2,1314,0.438,0.4203366120044968,0.4558219652374436
3,240,74,weak,0.7,weak_tail,hj,oracle,3,749,0.2496666666666666,0.2345054182070428,0.2654681920547704
3,240,74,weak,0.7,weak_tail,hj,oracle,4,0,0.0,0.0,0.0012788487253259
3,240,74,weak,0.7,weak_tail,hj,oracle,5,0,0.0,0.0,0.0012788487253259
3,240,74,weak,0.7,weak_tail,hj,oracle,8,0,0.0,0.0,0.0012788487253259
3,240,74,weak,0.7,weak_tail,hj,feasible,1,1043,0.3476666666666667,0.3308299225447216,0.3648930333669277
3,240,74,weak,0.7,weak_tail,hj,feasible,2,778,0.2593333333333333,0.2439651591911139,0.2753170599953429
3,240,74,weak,0.7,weak_tail,hj,feasible,3,426,0.142,0.1299670544635572,0.1549486012237761
3,240,74,weak,0.7,weak_tail,hj,feasible,4,286,0.0953333333333333,0.0853359950799826,0.1063656864883812
3,240,74,weak,0.7,weak_tail,hj,feasible,5,245,0.0816666666666666,0.0723936799057444,0.0920096235277782
3,240,74,weak,0.7,weak_tail,hj,feasible,8,222,0.074,0.0651677630711757,0.0839218160428019
3,600,25,strong,0.0,full,equal,oracle,1,0,0.0,0.0,0.0012788487253259
3,600,25,strong,0.0,full,equal,oracle,2,10,0.0033333333333333,0.0018116337615376,0.0061253559722861
3,600,25,strong,0.0,full,equal,oracle,3,2990,0.9966666666666668,0.993874644027714,0.9981883662384624
3,600,25,strong,0.0,full,equal,oracle,4,0,0.0,0.0,0.0012788487253259
3,600,25,strong,0.0,full,equal,oracle,5,0,0.0,0.0,0.0012788487253259
3,600,25,strong,0.0,full,equal,oracle,8,0,0.0,0.0,0.0012788487253259
3,600,25,strong,0.0,full,equal,feasible,1,44,0.0146666666666666,0.0109437666860068,0.0196309024767095
3,600,25,strong,0.0,full,equal,feasible,2,196,0.0653333333333333,0.0570347299761277,0.0747436825157556
3,600,25,strong,0.0,full,equal,feasible,3,1393,0.4643333333333333,0.4465439400217548,0.4822139511873184
3,600,25,strong,0.0,full,equal,feasible,4,567,0.189,0.1753913363912125,0.2034041075159402
3,600,25,strong,0.0,full,equal,feasible,5,436,0.1453333333333333,0.1331752564756045,0.1583985402202267
3,600,25,strong,0.0,full,equal,feasible,8,364,0.1213333333333333,0.1101310789562721,0.1335041024783747
3,600,25,strong,0.0,full,hj,oracle,1,0,0.0,0.0,0.0012788487253259
3,600,25,strong,0.0,full,hj,oracle,2,10,0.0033333333333333,0.0018116337615376,0.0061253559722861
3,600,25,strong,0.0,full,hj,oracle,3,2990,0.9966666666666668,0.993874644027714,0.9981883662384624
3,600,25,strong,0.0,full,hj,oracle,4,0,0.0,0.0,0.0012788487253259
3,600,25,strong,0.0,full,hj,oracle,5,0,0.0,0.0,0.0012788487253259
3,600,25,strong,0.0,full,hj,oracle,8,0,0.0,0.0,0.0012788487253259
3,600,25,strong,0.0,full,hj,feasible,1,57,0.019,0.0146942684174918,0.0245359840562717
3,600,25,strong,0.0,full,hj,feasible,2,210,0.07,0.0614090380633049,0.0796907718404753
3,600,25,strong,0.0,full,hj,feasible,3,1441,0.4803333333333333,0.4624918060007243,0.4982251620491384
3,600,25,strong,0.0,full,hj,feasible,4,571,0.1903333333333333,0.1766852837405989,0.2047734165699529
3,600,25,strong,0.0,full,hj,feasible,5,420,0.14,0.1280432465237866,0.152877524558448
3,600,25,strong,0.0,full,hj,feasible,8,301,0.1003333333333333,0.0900881225298914,0.1116007705512191
3,600,25,strong,0.0,weak_tail,equal,oracle,1,1,0.0003333333333333,5.8843941871566355e-05,0.0018858188843041
3,600,25,strong,0.0,weak_tail,equal,oracle,2,619,0.2063333333333333,0.1922325227711905,0.2211852543801509
3,600,25,strong,0.0,weak_tail,equal,oracle,3,2380,0.7933333333333333,0.7784732095527616,0.8074431991950473
3,600,25,strong,0.0,weak_tail,equal,oracle,4,0,0.0,0.0,0.0012788487253259
3,600,25,strong,0.0,weak_tail,equal,oracle,5,0,0.0,0.0,0.0012788487253259
3,600,25,strong,0.0,weak_tail,equal,oracle,8,0,0.0,0.0,0.0012788487253259
3,600,25,strong,0.0,weak_tail,equal,feasible,1,166,0.0553333333333333,0.0477062160648364,0.0640977734015534
3,600,25,strong,0.0,weak_tail,equal,feasible,2,638,0.2126666666666666,0.1983963328780061,0.2276719121894812
3,600,25,strong,0.0,weak_tail,equal,feasible,3,947,0.3156666666666666,0.2992797047208759,0.3325250975091943
3,600,25,strong,0.0,weak_tail,equal,feasible,4,491,0.1636666666666666,0.1508592004587268,0.1773343717838424
3,600,25,strong,0.0,weak_tail,equal,feasible,5,434,0.1446666666666666,0.132533433032468,0.1577087354616636
3,600,25,strong,0.0,weak_tail,equal,feasible,8,324,0.108,0.0973904814936781,0.1196121359069774
3,600,25,strong,0.0,weak_tail,hj,oracle,1,0,0.0,0.0,0.0012788487253259
3,600,25,strong,0.0,weak_tail,hj,oracle,2,619,0.2063333333333333,0.1922325227711905,0.2211852543801509
3,600,25,strong,0.0,weak_tail,hj,oracle,3,2381,0.7936666666666666,0.7788147456198491,0.8077674772288095
3,600,25,strong,0.0,weak_tail,hj,oracle,4,0,0.0,0.0,0.0012788487253259
3,600,25,strong,0.0,weak_tail,hj,oracle,5,0,0.0,0.0,0.0012788487253259
3,600,25,strong,0.0,weak_tail,hj,oracle,8,0,0.0,0.0,0.0012788487253259
3,600,25,strong,0.0,weak_tail,hj,feasible,1,139,0.0463333333333333,0.0393739739697314,0.0544530347737143
3,600,25,strong,0.0,weak_tail,hj,feasible,2,870,0.29,0.2740393538134703,0.3064977626511666
3,600,25,strong,0.0,weak_tail,hj,feasible,3,1007,0.3356666666666666,0.3189883526498734,0.3527652956311837
3,600,25,strong,0.0,weak_tail,hj,feasible,4,403,0.1343333333333333,0.1225971425742414,0.1470047887935469
3,600,25,strong,0.0,weak_tail,hj,feasible,5,347,0.1156666666666666,0.1047103626552952,0.1276059790649053
3,600,25,strong,0.0,weak_tail,hj,feasible,8,234,0.078,0.0689344186666951,0.08814492965748
3,600,25,strong,0.7,full,equal,oracle,1,1,0.0003333333333333,5.8843941871566355e-05,0.0018858188843041
3,600,25,strong,0.7,full,equal,oracle,2,7,0.0023333333333333,0.001130732090637,0.0048088153406373
3,600,25,strong,0.7,full,equal,oracle,3,2992,0.9973333333333332,0.9947465032080692,0.9986481352598064
3,600,25,strong,0.7,full,equal,oracle,4,0,0.0,0.0,0.0012788487253259
3,600,25,strong,0.7,full,equal,oracle,5,0,0.0,0.0,0.0012788487253259
3,600,25,strong,0.7,full,equal,oracle,8,0,0.0,0.0,0.0012788487253259
3,600,25,strong,0.7,full,equal,feasible,1,11,0.0036666666666666,0.0020486685952001,0.0065541352394733
3,600,25,strong,0.7,full,equal,feasible,2,213,0.071,0.0623479427766477,0.0807493094296818
3,600,25,strong,0.7,full,equal,feasible,3,1357,0.4523333333333333,0.4345951285823199,0.470193454996161
3,600,25,strong,0.7,full,equal,feasible,4,458,0.1526666666666666,0.140241175736516,0.1659805311780103
3,600,25,strong,0.7,full,equal,feasible,5,414,0.138,0.1261202917644312,0.1508055947127048
3,600,25,strong,0.7,full,equal,feasible,8,547,0.1823333333333333,0.1689256063617392,0.1965535555284177
3,600,25,strong,0.7,full,hj,oracle,1,0,0.0,0.0,0.0012788487253259
3,600,25,strong,0.7,full,hj,oracle,2,0,0.0,0.0,0.0012788487253259
3,600,25,strong,0.7,full,hj,oracle,3,3000,1.0,0.9987211512746742,1.0000000000000002
3,600,25,strong,0.7,full,hj,oracle,4,0,0.0,0.0,0.0012788487253259
3,600,25,strong,0.7,full,hj,oracle,5,0,0.0,0.0,0.0012788487253259
3,600,25,strong,0.7,full,hj,oracle,8,0,0.0,0.0,0.0012788487253259
3,600,25,strong,0.7,full,hj,feasible,1,1,0.0003333333333333,5.8843941871566355e-05,0.0018858188843041
3,600,25,strong,0.7,full,hj,feasible,2,110,0.0366666666666666,0.0305121357694721,0.0440062640493299
3,600,25,strong,0.7,full,hj,feasible,3,1536,0.512,0.4941093003189193,0.5298600073116729
3,600,25,strong,0.7,full,hj,feasible,4,573,0.191,0.1773323558247361,0.2054579726875152
3,600,25,strong,0.7,full,hj,feasible,5,433,0.1443333333333333,0.1322125554006789,0.157363798992603
3,600,25,strong,0.7,full,hj,feasible,8,347,0.1156666666666666,0.1047103626552952,0.1276059790649053
3,600,25,strong,0.7,weak_tail,equal,oracle,1,2,0.0006666666666666,0.0001828430878095,0.0024276338392159
3,600,25,strong,0.7,weak_tail,equal,oracle,2,557,0.1856666666666666,0.1721576286108034,0.1999796742878515
3,600,25,strong,0.7,weak_tail,equal,oracle,3,2441,0.8136666666666666,0.7993353053405496,0.8271957635590959
3,600,25,strong,0.7,weak_tail,equal,oracle,4,0,0.0,0.0,0.0012788487253259
3,600,25,strong,0.7,weak_tail,equal,oracle,5,0,0.0,0.0,0.0012788487253259
3,600,25,strong,0.7,weak_tail,equal,oracle,8,0,0.0,0.0,0.0012788487253259
3,600,25,strong,0.7,weak_tail,equal,feasible,1,139,0.0463333333333333,0.0393739739697314,0.0544530347737143
3,600,25,strong,0.7,weak_tail,equal,feasible,2,616,0.2053333333333333,0.1912597785104649,0.2201605563383271
3,600,25,strong,0.7,weak_tail,equal,feasible,3,888,0.296,0.2799342298231362,0.3125875404567967
3,600,25,strong,0.7,weak_tail,equal,feasible,4,415,0.1383333333333333,0.1264407243229997,0.151150976254986
3,600,25,strong,0.7,weak_tail,equal,feasible,5,402,0.134,0.1222770045212897,0.1466591127456489
3,600,25,strong,0.7,weak_tail,equal,feasible,8,540,0.18,0.1666642127723977,0.1941542504118108
3,600,25,strong,0.7,weak_tail,hj,oracle,1,1,0.0003333333333333,5.8843941871566355e-05,0.0018858188843041
3,600,25,strong,0.7,weak_tail,hj,oracle,2,538,0.1793333333333333,0.1660182570049551,0.1934685779775538
3,600,25,strong,0.7,weak_tail,hj,oracle,3,2461,0.8203333333333334,0.806188577050338,0.8336587738663032
3,600,25,strong,0.7,weak_tail,hj,oracle,4,0,0.0,0.0,0.0012788487253259
3,600,25,strong,0.7,weak_tail,hj,oracle,5,0,0.0,0.0,0.0012788487253259
3,600,25,strong,0.7,weak_tail,hj,oracle,8,0,0.0,0.0,0.0012788487253259
3,600,25,strong,0.7,weak_tail,hj,feasible,1,71,0.0236666666666666,0.0188058283318336,0.0297458215538268
3,600,25,strong,0.7,weak_tail,hj,feasible,2,837,0.279,0.2632410605589315,0.2953241905776626
3,600,25,strong,0.7,weak_tail,hj,feasible,3,1009,0.3363333333333333,0.3196459002940903,0.3534393761886663
3,600,25,strong,0.7,weak_tail,hj,feasible,4,452,0.1506666666666666,0.1383130587841239,0.1639137635253038
3,600,25,strong,0.7,weak_tail,hj,feasible,5,339,0.113,0.1021624289875907,0.1248273999258115
3,600,25,strong,0.7,weak_tail,hj,feasible,8,292,0.0973333333333333,0.0872358256013769,0.1084607405720855
3,600,25,weak,0.0,full,equal,oracle,1,514,0.1713333333333333,0.1582723526026657,0.1852349439594485
3,600,25,weak,0.0,full,equal,oracle,2,718,0.2393333333333333,0.2244046673934464,0.2549287057420235
3,600,25,weak,0.0,full,equal,oracle,3,1768,0.5893333333333334,0.5716259245974478,0.6068122544302941
3,600,25,weak,0.0,full,equal,oracle,4,0,0.0,0.0,0.0012788487253259
3,600,25,weak,0.0,full,equal,oracle,5,0,0.0,0.0,0.0012788487253259
3,600,25,weak,0.0,full,equal,oracle,8,0,0.0,0.0,0.0012788487253259
3,600,25,weak,0.0,full,equal,feasible,1,770,0.2566666666666666,0.2413545704229422,0.2726011359567163
3,600,25,weak,0.0,full,equal,feasible,2,582,0.194,0.1802449840316898,0.2085376713882096
3,600,25,weak,0.0,full,equal,feasible,3,689,0.2296666666666666,0.2149666752906784,0.2450580889201478
3,600,25,weak,0.0,full,equal,feasible,4,337,0.1123333333333333,0.1015257549568429,0.1241324457548597
3,600,25,weak,0.0,full,equal,feasible,5,313,0.1043333333333333,0.0938957600933863,0.1157829021979216
3,600,25,weak,0.0,full,equal,feasible,8,309,0.103,0.0926259808899368,0.1143894249979719
3,600,25,weak,0.0,full,hj,oracle,1,538,0.1793333333333333,0.1660182570049551,0.1934685779775538
3,600,25,weak,0.0,full,hj,oracle,2,718,0.2393333333333333,0.2244046673934464,0.2549287057420235
3,600,25,weak,0.0,full,hj,oracle,3,1744,0.5813333333333334,0.5635866653552398,0.5988719752521073
3,600,25,weak,0.0,full,hj,oracle,4,0,0.0,0.0,0.0012788487253259
3,600,25,weak,0.0,full,hj,oracle,5,0,0.0,0.0,0.0012788487253259
3,600,25,weak,0.0,full,hj,oracle,8,0,0.0,0.0,0.0012788487253259
3,600,25,weak,0.0,full,hj,feasible,1,839,0.2796666666666667,0.2638951660940586,0.296001713244235
3,600,25,weak,0.0,full,hj,feasible,2,617,0.2056666666666666,0.1915840115970688,0.220502137352573
3,600,25,weak,0.0,full,hj,feasible,3,697,0.2323333333333333,0.2175691607968682,0.2477821162207562
3,600,25,weak,0.0,full,hj,feasible,4,328,0.1093333333333333,0.0986622912527874,0.1210035825512672
3,600,25,weak,0.0,full,hj,feasible,5,285,0.095,0.0850194922059652,0.1060163752615488
3,600,25,weak,0.0,full,hj,feasible,8,234,0.078,0.0689344186666951,0.08814492965748
3,600,25,weak,0.0,weak_tail,equal,oracle,1,805,0.2683333333333333,0.2527814185250948,0.2844777813843061
3,600,25,weak,0.0,weak_tail,equal,oracle,2,1455,0.485,0.4671467232374174,0.5028916422243424
3,600,25,weak,0.0,weak_tail,equal,oracle,3,740,0.2466666666666666,0.2315717094237292,0.2624095739304359
3,600,25,weak,0.0,weak_tail,equal,oracle,4,0,0.0,0.0,0.0012788487253259
3,600,25,weak,0.0,weak_tail,equal,oracle,5,0,0.0,0.0,0.0012788487253259
3,600,25,weak,0.0,weak_tail,equal,oracle,8,0,0.0,0.0,0.0012788487253259
3,600,25,weak,0.0,weak_tail,equal,feasible,1,932,0.3106666666666666,0.2943580317725332,0.3274595589447901
3,600,25,weak,0.0,weak_tail,equal,feasible,2,603,0.201,0.1870461266894498,0.215718624848295
3,600,25,weak,0.0,weak_tail,equal,feasible,3,364,0.1213333333333333,0.1101310789562721,0.1335041024783747
3,600,25,weak,0.0,weak_tail,equal,feasible,4,376,0.1253333333333333,0.1139624446699189,0.1376625059749252
3,600,25,weak,0.0,weak_tail,equal,feasible,5,368,0.1226666666666666,0.1114077544397247,0.1348906833983212
3,600,25,weak,0.0,weak_tail,equal,feasible,8,357,0.119,0.1078979952429838,0.1310764874857145
3,600,25,weak,0.0,weak_tail,hj,oracle,1,783,0.261,0.245597160447944,0.2770141292427617
3,600,25,weak,0.0,weak_tail,hj,oracle,2,1455,0.485,0.4671467232374174,0.5028916422243424
3,600,25,weak,0.0,weak_tail,hj,oracle,3,762,0.254,0.2387447431259844,0.269884450446876
3,600,25,weak,0.0,weak_tail,hj,oracle,4,0,0.0,0.0,0.0012788487253259
3,600,25,weak,0.0,weak_tail,hj,oracle,5,0,0.0,0.0,0.0012788487253259
3,600,25,weak,0.0,weak_tail,hj,oracle,8,0,0.0,0.0,0.0012788487253259
3,600,25,weak,0.0,weak_tail,hj,feasible,1,972,0.324,0.3074874185477081,0.3409627362036065
3,600,25,weak,0.0,weak_tail,hj,feasible,2,830,0.2766666666666666,0.2609520380417026,0.292952514388943
3,600,25,weak,0.0,weak_tail,hj,feasible,3,444,0.148,0.1357434499003774,0.161156859602252
3,600,25,weak,0.0,weak_tail,hj,feasible,4,279,0.093,0.0831213049168724,0.1039196779455428
3,600,25,weak,0.0,weak_tail,hj,feasible,5,244,0.0813333333333333,0.072078955672542,0.0916585336601309
3,600,25,weak,0.0,weak_tail,hj,feasible,8,231,0.077,0.0679920427108074,0.0870898633108182
3,600,25,weak,0.7,full,equal,oracle,1,540,0.18,0.1666642127723977,0.1941542504118108
3,600,25,weak,0.7,full,equal,oracle,2,545,0.1816666666666666,0.1682794072954085,0.1958681263930489
3,600,25,weak,0.7,full,equal,oracle,3,1915,0.6383333333333333,0.6209729662554719,0.6553398855971879
3,600,25,weak,0.7,full,equal,oracle,4,0,0.0,0.0,0.0012788487253259
3,600,25,weak,0.7,full,equal,oracle,5,0,0.0,0.0,0.0012788487253259
3,600,25,weak,0.7,full,equal,oracle,8,0,0.0,0.0,0.0012788487253259
3,600,25,weak,0.7,full,equal,feasible,1,615,0.205,0.1909355604601878,0.2198189602877544
3,600,25,weak,0.7,full,equal,feasible,2,641,0.2136666666666666,0.1993700478845727,0.2286956394854639
3,600,25,weak,0.7,full,equal,feasible,3,630,0.21,0.1958003978736887,0.2249413343870003
3,600,25,weak,0.7,full,equal,feasible,4,318,0.106,0.0954837619539176,0.1175239708416391
3,600,25,weak,0.7,full,equal,feasible,5,343,0.1143333333333333,0.1034361501979904,0.126216935118811
3,600,25,weak,0.7,full,equal,feasible,8,453,0.151,0.1386343578680825,0.1642582785421949
3,600,25,weak,0.7,full,hj,oracle,1,52,0.0173333333333333,0.0132427788334055,0.0226584031361091
3,600,25,weak,0.7,full,hj,oracle,2,540,0.18,0.1666642127723977,0.1941542504118108
3,600,25,weak,0.7,full,hj,oracle,3,2408,0.8026666666666666,0.7880419628214838,0.8165172407501188
3,600,25,weak,0.7,full,hj,oracle,4,0,0.0,0.0,0.0012788487253259
3,600,25,weak,0.7,full,hj,oracle,5,0,0.0,0.0,0.0012788487253259
3,600,25,weak,0.7,full,hj,oracle,8,0,0.0,0.0,0.0012788487253259
3,600,25,weak,0.7,full,hj,feasible,1,363,0.121,0.1098119809021613,0.1331573864316357
3,600,25,weak,0.7,full,hj,feasible,2,726,0.242,0.2270101597760919,0.2576497261661761
3,600,25,weak,0.7,full,hj,feasible,3,901,0.3003333333333333,0.2841937445397229,0.3169836090512571
3,600,25,weak,0.7,full,hj,feasible,4,402,0.134,0.1222770045212897,0.1466591127456489
3,600,25,weak,0.7,full,hj,feasible,5,373,0.1243333333333333,0.1130042287457097,0.1366232795965851
3,600,25,weak,0.7,full,hj,feasible,8,235,0.0783333333333333,0.0692486467839035,0.0884965156411213
3,600,25,weak,0.7,weak_tail,equal,oracle,1,719,0.2396666666666666,0.2247303094617957,0.255268877774524
3,600,25,weak,0.7,weak_tail,equal,oracle,2,1562,0.5206666666666667,0.5027750007900371,0.5385054734626495
3,600,25,weak,0.7,weak_tail,equal,oracle,3,719,0.2396666666666666,0.2247303094617957,0.255268877774524
3,600,25,weak,0.7,weak_tail,equal,oracle,4,0,0.0,0.0,0.0012788487253259
3,600,25,weak,0.7,weak_tail,equal,oracle,5,0,0.0,0.0,0.0012788487253259
3,600,25,weak,0.7,weak_tail,equal,oracle,8,0,0.0,0.0,0.0012788487253259
3,600,25,weak,0.7,weak_tail,equal,feasible,1,857,0.2856666666666667,0.2697840786523445,0.3020974545012452
3,600,25,weak,0.7,weak_tail,equal,feasible,2,637,0.2123333333333333,0.1980717901085717,0.2273306408580657
3,600,25,weak,0.7,weak_tail,equal,feasible,3,341,0.1136666666666666,0.1027992277189632,0.1255222293961385
3,600,25,weak,0.7,weak_tail,equal,feasible,4,304,0.1013333333333333,0.0910395503276963,0.1126467850559635
3,600,25,weak,0.7,weak_tail,equal,feasible,5,350,0.1166666666666666,0.1056663399468057,0.1286474440759441
3,600,25,weak,0.7,weak_tail,equal,feasible,8,511,0.1703333333333333,0.1573048527397292,0.1842050015198357
3,600,25,weak,0.7,weak_tail,hj,oracle,1,493,0.1643333333333333,0.1515034197904832,0.1780217806537856
3,600,25,weak,0.7,weak_tail,hj,oracle,2,1688,0.5626666666666666,0.5448468405079683,0.5803262104517908
3,600,25,weak,0.7,weak_tail,hj,oracle,3,819,0.273,0.2573561008874148,0.2892244964338832
3,600,25,weak,0.7,weak_tail,hj,oracle,4,0,0.0,0.0,0.0012788487253259
3,600,25,weak,0.7,weak_tail,hj,oracle,5,0,0.0,0.0,0.0012788487253259
3,600,25,weak,0.7,weak_tail,hj,oracle,8,0,0.0,0.0,0.0012788487253259
3,600,25,weak,0.7,weak_tail,hj,feasible,1,791,0.2636666666666666,0.2482089703846506,0.2797288321128535
3,600,25,weak,0.7,weak_tail,hj,feasible,2,975,0.325,0.3084727530401858,0.3419748440136783
3,600,25,weak,0.7,weak_tail,hj,feasible,3,475,0.1583333333333333,0.1457082952489456,0.171832251380027
3,600,25,weak,0.7,weak_tail,hj,feasible,4,284,0.0946666666666666,0.0847030285428707,0.1056670248237935
3,600,25,weak,0.7,weak_tail,hj,feasible,5,262,0.0873333333333333,0.0777511404001296,0.0979710027478393
3,600,25,weak,0.7,weak_tail,hj,feasible,8,213,0.071,0.0623479427766477,0.0807493094296818
3,600,74,strong,0.0,full,equal,oracle,1,0,0.0,0.0,0.0012788487253259
3,600,74,strong,0.0,full,equal,oracle,2,1,0.0003333333333333,5.8843941871566355e-05,0.0018858188843041
3,600,74,strong,0.0,full,equal,oracle,3,2999,0.9996666666666668,0.998114181115696,0.9999411560581286
3,600,74,strong,0.0,full,equal,oracle,4,0,0.0,0.0,0.0012788487253259
3,600,74,strong,0.0,full,equal,oracle,5,0,0.0,0.0,0.0012788487253259
3,600,74,strong,0.0,full,equal,oracle,8,0,0.0,0.0,0.0012788487253259
3,600,74,strong,0.0,full,equal,feasible,1,24,0.008,0.0053819134746373,0.0118764736710834
3,600,74,strong,0.0,full,equal,feasible,2,182,0.0606666666666666,0.0526732505118863,0.0697837645681
3,600,74,strong,0.0,full,equal,feasible,3,1393,0.4643333333333333,0.4465439400217548,0.4822139511873184
3,600,74,strong,0.0,full,equal,feasible,4,564,0.188,0.174421049140717,0.2023769524638863
3,600,74,strong,0.0,full,equal,feasible,5,462,0.154,0.1415270135161161,0.1673579498018094
3,600,74,strong,0.0,full,equal,feasible,8,375,0.125,0.1136430119712806,0.1373161245727138
3,600,74,strong,0.0,full,hj,oracle,1,0,0.0,0.0,0.0012788487253259
3,600,74,strong,0.0,full,hj,oracle,2,1,0.0003333333333333,5.8843941871566355e-05,0.0018858188843041
3,600,74,strong,0.0,full,hj,oracle,3,2999,0.9996666666666668,0.998114181115696,0.9999411560581286
3,600,74,strong,0.0,full,hj,oracle,4,0,0.0,0.0,0.0012788487253259
3,600,74,strong,0.0,full,hj,oracle,5,0,0.0,0.0,0.0012788487253259
3,600,74,strong,0.0,full,hj,oracle,8,0,0.0,0.0,0.0012788487253259
3,600,74,strong,0.0,full,hj,feasible,1,31,0.0103333333333333,0.0072893445673752,0.014629741284294
3,600,74,strong,0.0,full,hj,feasible,2,194,0.0646666666666666,0.0564108461840562,0.0740359381061275
3,600,74,strong,0.0,full,hj,feasible,3,1449,0.483,0.4651515678859039,0.5008919129707571
3,600,74,strong,0.0,full,hj,feasible,4,570,0.19,0.1763617722514591,0.2044311139582429
3,600,74,strong,0.0,full,hj,feasible,5,438,0.146,0.1338171703935225,0.1590882545040081
3,600,74,strong,0.0,full,hj,feasible,8,318,0.106,0.0954837619539176,0.1175239708416391
3,600,74,strong,0.0,weak_tail,equal,oracle,1,2,0.0006666666666666,0.0001828430878095,0.0024276338392159
3,600,74,strong,0.0,weak_tail,equal,oracle,2,172,0.0573333333333333,0.0495665254317816,0.0662323486397069
3,600,74,strong,0.0,weak_tail,equal,oracle,3,2826,0.942,0.933056760572394,0.9498127371544176
3,600,74,strong,0.0,weak_tail,equal,oracle,4,0,0.0,0.0,0.0012788487253259
3,600,74,strong,0.0,weak_tail,equal,oracle,5,0,0.0,0.0,0.0012788487253259
3,600,74,strong,0.0,weak_tail,equal,oracle,8,0,0.0,0.0,0.0012788487253259
3,600,74,strong,0.0,weak_tail,equal,feasible,1,135,0.045,0.0381456739237067,0.0530180784163399
3,600,74,strong,0.0,weak_tail,equal,feasible,2,358,0.1193333333333333,0.1082169205914528,0.1314233762380953
3,600,74,strong,0.0,weak_tail,equal,feasible,3,1141,0.3803333333333333,0.3631248497999193,0.3978478879950087
3,600,74,strong,0.0,weak_tail,equal,feasible,4,531,0.177,0.1637579666024505,0.19106816967411
3,600,74,strong,0.0,weak_tail,equal,feasible,5,463,0.1543333333333333,0.1418485257502546,0.1677022516685206
3,600,74,strong,0.0,weak_tail,equal,feasible,8,372,0.124,0.1126848784070766,0.1362768158343685
3,600,74,strong,0.0,weak_tail,hj,oracle,1,1,0.0003333333333333,5.8843941871566355e-05,0.0018858188843041
3,600,74,strong,0.0,weak_tail,hj,oracle,2,172,0.0573333333333333,0.0495665254317816,0.0662323486397069
3,600,74,strong,0.0,weak_tail,hj,oracle,3,2827,0.9423333333333334,0.9334121670762776,0.9501231447513842
3,600,74,strong,0.0,weak_tail,hj,oracle,4,0,0.0,0.0,0.0012788487253259
3,600,74,strong,0.0,weak_tail,hj,oracle,5,0,0.0,0.0,0.0012788487253259
3,600,74,strong,0.0,weak_tail,hj,oracle,8,0,0.0,0.0,0.0012788487253259
3,600,74,strong,0.0,weak_tail,hj,feasible,1,89,0.0296666666666666,0.0241709857624426,0.0363653179385139
3,600,74,strong,0.0,weak_tail,hj,feasible,2,534,0.178,0.1647265563535108,0.192097022225599
3,600,74,strong,0.0,weak_tail,hj,feasible,3,1221,0.407,0.3895500523823613,0.4246878134805492
3,600,74,strong,0.0,weak_tail,hj,feasible,4,484,0.1613333333333333,0.1486050514585751,0.1749278220780456
3,600,74,strong,0.0,weak_tail,hj,feasible,5,396,0.132,0.1203567048534542,0.1445845278083856
3,600,74,strong,0.0,weak_tail,hj,feasible,8,276,0.092,0.0821727533534877,0.1028707872063782
3,600,74,strong,0.7,full,equal,oracle,1,0,0.0,0.0,0.0012788487253259
3,600,74,strong,0.7,full,equal,oracle,2,6,0.002,0.0009169302695833,0.0043568030608413
3,600,74,strong,0.7,full,equal,oracle,3,2994,0.998,0.9956431969391588,0.9990830697304166
3,600,74,strong,0.7,full,equal,oracle,4,0,0.0,0.0,0.0012788487253259
3,600,74,strong,0.7,full,equal,oracle,5,0,0.0,0.0,0.0012788487253259
3,600,74,strong,0.7,full,equal,oracle,8,0,0.0,0.0,0.0012788487253259
3,600,74,strong,0.7,full,equal,feasible,1,11,0.0036666666666666,0.0020486685952001,0.0065541352394733
3,600,74,strong,0.7,full,equal,feasible,2,163,0.0543333333333333,0.0467771648925451,0.0630293822712954
3,600,74,strong,0.7,full,equal,feasible,3,1384,0.4613333333333333,0.4435557631744966,0.4792098011269286
3,600,74,strong,0.7,full,equal,feasible,4,446,0.1486666666666666,0.1363857206503237,0.1618462170540053
3,600,74,strong,0.7,full,equal,feasible,5,438,0.146,0.1338171703935225,0.1590882545040081
3,600,74,strong,0.7,full,equal,feasible,8,558,0.186,0.1724809241162921,0.2003221928832126
3,600,74,strong,0.7,full,hj,oracle,1,0,0.0,0.0,0.0012788487253259
3,600,74,strong,0.7,full,hj,oracle,2,0,0.0,0.0,0.0012788487253259
3,600,74,strong,0.7,full,hj,oracle,3,3000,1.0,0.9987211512746742,1.0000000000000002
3,600,74,strong,0.7,full,hj,oracle,4,0,0.0,0.0,0.0012788487253259
3,600,74,strong,0.7,full,hj,oracle,5,0,0.0,0.0,0.0012788487253259
3,600,74,strong,0.7,full,hj,oracle,8,0,0.0,0.0,0.0012788487253259
3,600,74,strong,0.7,full,hj,feasible,1,0,0.0,0.0,0.0012788487253259
3,600,74,strong,0.7,full,hj,feasible,2,59,0.0196666666666666,0.0152776021048169,0.0252842785706462
3,600,74,strong,0.7,full,hj,feasible,3,1577,0.5256666666666666,0.5077768895700459,0.5434907961953872
3,600,74,strong,0.7,full,hj,feasible,4,570,0.19,0.1763617722514591,0.2044311139582429
3,600,74,strong,0.7,full,hj,feasible,5,471,0.157,0.1444213751539748,0.1704559150715987
3,600,74,strong,0.7,full,hj,feasible,8,323,0.1076666666666666,0.0970726114165808,0.1192641918832248
3,600,74,strong,0.7,weak_tail,equal,oracle,1,1,0.0003333333333333,5.8843941871566355e-05,0.0018858188843041
3,600,74,strong,0.7,weak_tail,equal,oracle,2,173,0.0576666666666666,0.0498768552486158,0.0665878329237225
3,600,74,strong,0.7,weak_tail,equal,oracle,3,2826,0.942,0.933056760572394,0.9498127371544176
3,600,74,strong,0.7,weak_tail,equal,oracle,4,0,0.0,0.0,0.0012788487253259
3,600,74,strong,0.7,weak_tail,equal,oracle,5,0,0.0,0.0,0.0012788487253259
3,600,74,strong,0.7,weak_tail,equal,oracle,8,0,0.0,0.0,0.0012788487253259
3,600,74,strong,0.7,weak_tail,equal,feasible,1,132,0.044,0.0372256036218501,0.0519407064156471
3,600,74,strong,0.7,weak_tail,equal,feasible,2,390,0.13,0.1184373240585724,0.1425090239981687
3,600,74,strong,0.7,weak_tail,equal,feasible,3,1069,0.3563333333333333,0.3393895875039369,0.3736445350298067
3,600,74,strong,0.7,weak_tail,equal,feasible,4,445,0.1483333333333333,0.1360645742486837,0.1615015493547955
3,600,74,strong,0.7,weak_tail,equal,feasible,5,435,0.145,0.1328543334124335,0.1580536491825478
3,600,74,strong,0.7,weak_tail,equal,feasible,8,529,0.1763333333333333,0.1631123291340318,0.1903821789408291
3,600,74,strong,0.7,weak_tail,hj,oracle,1,1,0.0003333333333333,5.8843941871566355e-05,0.0018858188843041
3,600,74,strong,0.7,weak_tail,hj,oracle,2,109,0.0363333333333333,0.0302085390969293,0.0436440466210229
3,600,74,strong,0.7,weak_tail,hj,oracle,3,2890,0.9633333333333334,0.9559937359506702,0.969487864230528
3,600,74,strong,0.7,weak_tail,hj,oracle,4,0,0.0,0.0,0.0012788487253259
3,600,74,strong,0.7,weak_tail,hj,oracle,5,0,0.0,0.0,0.0012788487253259
3,600,74,strong,0.7,weak_tail,hj,oracle,8,0,0.0,0.0,0.0012788487253259
3,600,74,strong,0.7,weak_tail,hj,feasible,1,34,0.0113333333333333,0.0081216123718471,0.0157949157823714
3,600,74,strong,0.7,weak_tail,hj,feasible,2,489,0.163,0.1502150593645739,0.1766468846762957
3,600,74,strong,0.7,weak_tail,hj,feasible,3,1279,0.4263333333333333,0.4087419254197541,0.4441131582924439
3,600,74,strong,0.7,weak_tail,hj,feasible,4,534,0.178,0.1647265563535108,0.192097022225599
3,600,74,strong,0.7,weak_tail,hj,feasible,5,395,0.1316666666666666,0.1200367437660381,0.1442386747949518
3,600,74,strong,0.7,weak_tail,hj,feasible,8,269,0.0896666666666666,0.0799609085468936,0.1004219333070238
3,600,74,weak,0.0,full,equal,oracle,1,448,0.1493333333333333,0.1370280793696852,0.1625354865363434
3,600,74,weak,0.0,full,equal,oracle,2,656,0.2186666666666666,0.2042405528609618,0.2338123460218216
3,600,74,weak,0.0,full,equal,oracle,3,1896,0.632,0.6145842207184117,0.6490781632181023
3,600,74,weak,0.0,full,equal,oracle,4,0,0.0,0.0,0.0012788487253259
3,600,74,weak,0.0,full,equal,oracle,5,0,0.0,0.0,0.0012788487253259
3,600,74,weak,0.0,full,equal,oracle,8,0,0.0,0.0,0.0012788487253259
3,600,74,weak,0.0,full,equal,feasible,1,716,0.2386666666666666,0.2237534215632767,0.2542483233704936
3,600,74,weak,0.0,full,equal,feasible,2,592,0.1973333333333333,0.1834827592498811,0.2119580371785161
3,600,74,weak,0.0,full,equal,feasible,3,701,0.2336666666666666,0.2188707200531464,0.2491438133678772
3,600,74,weak,0.0,full,equal,feasible,4,344,0.1146666666666666,0.1037546575488217,0.1265642418688295
3,600,74,weak,0.0,full,equal,feasible,5,337,0.1123333333333333,0.1015257549568429,0.1241324457548597
3,600,74,weak,0.0,full,equal,feasible,8,310,0.1033333333333333,0.0929433732470459,0.1147378467417126
3,600,74,weak,0.0,full,hj,oracle,1,486,0.162,0.1492489952633077,0.1756155064750126
3,600,74,weak,0.0,full,hj,oracle,2,656,0.2186666666666666,0.2042405528609618,0.2338123460218216
3,600,74,weak,0.0,full,hj,oracle,3,1858,0.6193333333333333,0.6018162748325605,0.6365451732716617
3,600,74,weak,0.0,full,hj,oracle,4,0,0.0,0.0,0.0012788487253259
3,600,74,weak,0.0,full,hj,oracle,5,0,0.0,0.0,0.0012788487253259
3,600,74,weak,0.0,full,hj,oracle,8,0,0.0,0.0,0.0012788487253259
3,600,74,weak,0.0,full,hj,feasible,1,789,0.263,0.2475559480712991,0.2790502262245053
3,600,74,weak,0.0,full,hj,feasible,2,630,0.21,0.1958003978736887,0.2249413343870003
3,600,74,weak,0.0,full,hj,feasible,3,719,0.2396666666666666,0.2247303094617957,0.255268877774524
3,600,74,weak,0.0,full,hj,feasible,4,331,0.1103333333333333,0.0996164908093316,0.1220468252972723
3,600,74,weak,0.0,full,hj,feasible,5,305,0.1016666666666666,0.0913567650996293,0.1129953843848803
3,600,74,weak,0.0,full,hj,feasible,8,226,0.0753333333333333,0.0664224625339994,0.0853303729833774
3,600,74,weak,0.0,weak_tail,equal,oracle,1,726,0.242,0.2270101597760919,0.2576497261661761
3,600,74,weak,0.0,weak_tail,equal,oracle,2,1163,0.3876666666666666,0.3703863373537351,0.405234310659888
3,600,74,weak,0.0,weak_tail,equal,oracle,3,1111,0.3703333333333333,0.3532295937842266,0.3877687209852079
3,600,74,weak,0.0,weak_tail,equal,oracle,4,0,0.0,0.0,0.0012788487253259
3,600,74,weak,0.0,weak_tail,equal,oracle,5,0,0.0,0.0,0.0012788487253259
3,600,74,weak,0.0,weak_tail,equal,oracle,8,0,0.0,0.0,0.0012788487253259
3,600,74,weak,0.0,weak_tail,equal,feasible,1,890,0.2966666666666667,0.280589425655728,0.3132639728259045
3,600,74,weak,0.0,weak_tail,equal,feasible,2,583,0.1943333333333333,0.1805686899436536,0.2088797795770955
3,600,74,weak,0.0,weak_tail,equal,feasible,3,407,0.1356666666666666,0.123877943635897,0.1483872441352904
3,600,74,weak,0.0,weak_tail,equal,feasible,4,445,0.1483333333333333,0.1360645742486837,0.1615015493547955
3,600,74,weak,0.0,weak_tail,equal,feasible,5,365,0.1216666666666666,0.110450205437071,0.1338507900984255
3,600,74,weak,0.0,weak_tail,equal,feasible,8,310,0.1033333333333333,0.0929433732470459,0.1147378467417126
3,600,74,weak,0.0,weak_tail,hj,oracle,1,664,0.2213333333333333,0.206839451879322,0.2365399598102596
3,600,74,weak,0.0,weak_tail,hj,oracle,2,1163,0.3876666666666666,0.3703863373537351,0.405234310659888
3,600,74,weak,0.0,weak_tail,hj,oracle,3,1173,0.391,0.3736883885098122,0.4085904005123089
3,600,74,weak,0.0,weak_tail,hj,oracle,4,0,0.0,0.0,0.0012788487253259
3,600,74,weak,0.0,weak_tail,hj,oracle,5,0,0.0,0.0,0.0012788487253259
3,600,74,weak,0.0,weak_tail,hj,oracle,8,0,0.0,0.0,0.0012788487253259
3,600,74,weak,0.0,weak_tail,hj,feasible,1,864,0.288,0.2720751563080666,0.3044670755514714
3,600,74,weak,0.0,weak_tail,hj,feasible,2,814,0.2713333333333333,0.2557220315774947,0.2875294952395543
3,600,74,weak,0.0,weak_tail,hj,feasible,3,525,0.175,0.1618212693024387,0.189009982369023
3,600,74,weak,0.0,weak_tail,hj,feasible,4,351,0.117,0.1059850590046281,0.1289945391189715
3,600,74,weak,0.0,weak_tail,hj,feasible,5,253,0.0843333333333333,0.0749131829751923,0.0948166332651286
3,600,74,weak,0.0,weak_tail,hj,feasible,8,193,0.0643333333333333,0.0560990034943369,0.073681966694997
3,600,74,weak,0.7,full,equal,oracle,1,519,0.173,0.1598852221629369,0.1869511449034262
3,600,74,weak,0.7,full,equal,oracle,2,529,0.1763333333333333,0.1631123291340318,0.1903821789408291
3,600,74,weak,0.7,full,equal,oracle,3,1952,0.6506666666666666,0.6334235066690905,0.6675244669150111
3,600,74,weak,0.7,full,equal,oracle,4,0,0.0,0.0,0.0012788487253259
3,600,74,weak,0.7,full,equal,oracle,5,0,0.0,0.0,0.0012788487253259
3,600,74,weak,0.7,full,equal,oracle,8,0,0.0,0.0,0.0012788487253259
3,600,74,weak,0.7,full,equal,feasible,1,585,0.195,0.1812161497232953,0.2095639479991534
3,600,74,weak,0.7,full,equal,feasible,2,637,0.2123333333333333,0.1980717901085717,0.2273306408580657
3,600,74,weak,0.7,full,equal,feasible,3,599,0.1996666666666666,0.1857501391063094,0.2143513560280363
3,600,74,weak,0.7,full,equal,feasible,4,332,0.1106666666666666,0.0999346218259094,0.1223945083815443
3,600,74,weak,0.7,full,equal,feasible,5,337,0.1123333333333333,0.1015257549568429,0.1241324457548597
3,600,74,weak,0.7,full,equal,feasible,8,510,0.17,0.1569823900215444,0.1838616501371707
3,600,74,weak,0.7,full,hj,oracle,1,22,0.0073333333333333,0.0048478685219377,0.0110788904220834
3,600,74,weak,0.7,full,hj,oracle,2,443,0.1476666666666666,0.1354223476668108,0.1608121477349688
3,600,74,weak,0.7,full,hj,oracle,3,2535,0.845,0.8316092075545916,0.8575083868249336
3,600,74,weak,0.7,full,hj,oracle,4,0,0.0,0.0,0.0012788487253259
3,600,74,weak,0.7,full,hj,oracle,5,0,0.0,0.0,0.0012788487253259
3,600,74,weak,0.7,full,hj,oracle,8,0,0.0,0.0,0.0012788487253259
3,600,74,weak,0.7,full,hj,feasible,1,269,0.0896666666666666,0.0799609085468936,0.1004219333070238
3,600,74,weak,0.7,full,hj,feasible,2,711,0.237,0.2221255313001665,0.2525471431293548
3,600,74,weak,0.7,full,hj,feasible,3,953,0.3176666666666666,0.3012489978391164,0.3345506889960524
3,600,74,weak,0.7,full,hj,feasible,4,472,0.1573333333333333,0.1447430744559212,0.1708000298705021
3,600,74,weak,0.7,full,hj,feasible,5,337,0.1123333333333333,0.1015257549568429,0.1241324457548597
3,600,74,weak,0.7,full,hj,feasible,8,258,0.086,0.0764893768640401,0.0965695098805297
3,600,74,weak,0.7,weak_tail,equal,oracle,1,693,0.231,0.2162678121189228,0.2464202084953025
3,600,74,weak,0.7,weak_tail,equal,oracle,2,1174,0.3913333333333333,0.3740186406453891,0.4089259624775816
3,600,74,weak,0.7,weak_tail,equal,oracle,3,1133,0.3776666666666666,0.3604853468630302,0.3951608781250995
3,600,74,weak,0.7,weak_tail,equal,oracle,4,0,0.0,0.0,0.0012788487253259
3,600,74,weak,0.7,weak_tail,equal,oracle,5,0,0.0,0.0,0.0012788487253259
3,600,74,weak,0.7,weak_tail,equal,oracle,8,0,0.0,0.0,0.0012788487253259
3,600,74,weak,0.7,weak_tail,equal,feasible,1,843,0.281,0.2652035086734182,0.2973566270682746
3,600,74,weak,0.7,weak_tail,equal,feasible,2,560,0.1866666666666666,0.1731275655499096,0.2010071796512945
3,600,74,weak,0.7,weak_tail,equal,feasible,3,352,0.1173333333333333,0.1063038078579456,0.1293416043665038
3,600,74,weak,0.7,weak_tail,equal,feasible,4,345,0.115,0.1040731954853902,0.1269115180331107
3,600,74,weak,0.7,weak_tail,equal,feasible,5,387,0.129,0.1174779838356869,0.1414709219185049
3,600,74,weak,0.7,weak_tail,equal,feasible,8,513,0.171,0.1579498340734792,0.1848916483877853
3,600,74,weak,0.7,weak_tail,hj,oracle,1,308,0.1026666666666666,0.0923086237446457,0.1140409680424132
3,600,74,weak,0.7,weak_tail,hj,oracle,2,1292,0.4306666666666666,0.4130473557833798,0.4484633112398653
3,600,74,weak,0.7,weak_tail,hj,oracle,3,1400,0.4666666666666667,0.4488685254821061,0.4845500644329155
3,600,74,weak,0.7,weak_tail,hj,oracle,4,0,0.0,0.0,0.0012788487253259
3,600,74,weak,0.7,weak_tail,hj,oracle,5,0,0.0,0.0,0.0012788487253259
3,600,74,weak,0.7,weak_tail,hj,oracle,8,0,0.0,0.0,0.0012788487253259
3,600,74,weak,0.7,weak_tail,hj,feasible,1,662,0.2206666666666666,0.2061896435492392,0.2358581399386428
3,600,74,weak,0.7,weak_tail,hj,feasible,2,928,0.3093333333333333,0.2930459647235896,0.3261083695903347
3,600,74,weak,0.7,weak_tail,hj,feasible,3,575,0.1916666666666666,0.1779794931655839,0.206142463548367
3,600,74,weak,0.7,weak_tail,hj,feasible,4,320,0.1066666666666666,0.0961192010063877,0.1182201599908687
3,600,74,weak,0.7,weak_tail,hj,feasible,5,266,0.0886666666666666,0.0790136064964452,0.0993717930549228
3,600,74,weak,0.7,weak_tail,hj,feasible,8,249,0.083,0.0736530550827237,0.0934135047541981
5,72,25,strong,0.0,full,equal,oracle,1,329,0.1096666666666666,0.0989803253945503,0.1213513625103541
5,72,25,strong,0.0,full,equal,oracle,2,407,0.1356666666666666,0.123877943635897,0.1483872441352904
5,72,25,strong,0.0,full,equal,oracle,3,482,0.1606666666666666,0.1479611872582543,0.1742400580766669
5,72,25,strong,0.0,full,equal,oracle,4,534,0.178,0.1647265563535108,0.192097022225599
5,72,25,strong,0.0,full,equal,oracle,5,1248,0.416,0.3984807343103234,0.4337341122755314
5,72,25,strong,0.0,full,equal,oracle,8,0,0.0,0.0,0.0012788487253259
5,72,25,strong,0.0,full,equal,feasible,1,558,0.186,0.1724809241162921,0.2003221928832126
5,72,25,strong,0.0,full,equal,feasible,2,440,0.1466666666666666,0.1344591742737874,0.1597778788254428
5,72,25,strong,0.0,full,equal,feasible,3,428,0.1426666666666666,0.1306085107645784,0.1556387731244545
5,72,25,strong,0.0,full,equal,feasible,4,472,0.1573333333333333,0.1447430744559212,0.1708000298705021
5,72,25,strong,0.0,full,equal,feasible,5,739,0.2463333333333333,0.231245803443621,0.2620696658096943
5,72,25,strong,0.0,full,equal,feasible,8,363,0.121,0.1098119809021613,0.1331573864316357
5,72,25,strong,0.0,full,hj,oracle,1,383,0.1276666666666666,0.1161992318659827,0.14008641748481
5,72,25,strong,0.0,full,hj,oracle,2,441,0.147,0.1347802097912442,0.1601226574088358
5,72,25,strong,0.0,full,hj,oracle,3,487,0.1623333333333333,0.1495709968935688,0.1759593189456013
5,72,25,strong,0.0,full,hj,oracle,4,515,0.1716666666666666,0.1585948896494907,0.1855782210134733
5,72,25,strong,0.0,full,hj,oracle,5,1174,0.3913333333333333,0.3740186406453891,0.4089259624775816
5,72,25,strong,0.0,full,hj,oracle,8,0,0.0,0.0,0.0012788487253259
5,72,25,strong,0.0,full,hj,feasible,1,627,0.209,0.1948271635659634,0.2239171263921762
5,72,25,strong,0.0,full,hj,feasible,2,482,0.1606666666666666,0.1479611872582543,0.1742400580766669
5,72,25,strong,0.0,full,hj,feasible,3,438,0.146,0.1338171703935225,0.1590882545040081
5,72,25,strong,0.0,full,hj,feasible,4,456,0.152,0.1395983843315296,0.1652916943812972
5,72,25,strong,0.0,full,hj,feasible,5,684,0.228,0.2133405541370684,0.2433551395695089
5,72,25,strong,0.0,full,hj,feasible,8,313,0.1043333333333333,0.0938957600933863,0.1157829021979216
5,72,25,strong,0.0,weak_tail,equal,oracle,1,453,0.151,0.1386343578680825,0.1642582785421949
5,72,25,strong,0.0,weak_tail,equal,oracle,2,669,0.223,0.2084642147624624,0.2382442674313681
5,72,25,strong,0.0,weak_tail,equal,oracle,3,1243,0.4143333333333333,0.3968264469428155,0.4320593291387903
5,72,25,strong,0.0,weak_tail,equal,oracle,4,382,0.1273333333333333,0.1158796102287621,0.1397402250211807
5,72,25,strong,0.0,weak_tail,equal,oracle,5,253,0.0843333333333333,0.0749131829751923,0.0948166332651286
5,72,25,strong,0.0,weak_tail,equal,oracle,8,0,0.0,0.0,0.0012788487253259
5,72,25,strong,0.0,weak_tail,equal,feasible,1,711,0.237,0.2221255313001665,0.2525471431293548
5,72,25,strong,0.0,weak_tail,equal,feasible,2,629,0.2096666666666666,0.1954759717359299,0.2245999464239093
5,72,25,strong,0.0,weak_tail,equal,feasible,3,640,0.2133333333333333,0.1990454617906847,0.2283544114785022
5,72,25,strong,0.0,weak_tail,equal,feasible,4,268,0.0893333333333333,0.079645098538847,0.1000719292142207
5,72,25,strong,0.0,weak_tail,equal,feasible,5,284,0.0946666666666666,0.0847030285428707,0.1056670248237935
5,72,25,strong,0.0,weak_tail,equal,feasible,8,468,0.156,0.1434564008778791,0.1694234470451451
5,72,25,strong,0.0,weak_tail,hj,oracle,1,471,0.157,0.1444213751539748,0.1704559150715987
5,72,25,strong,0.0,weak_tail,hj,oracle,2,640,0.2133333333333333,0.1990454617906847,0.2283544114785022
5,72,25,strong,0.0,weak_tail,hj,oracle,3,1222,0.4073333333333333,0.3898807099937842,0.425022969969976
5,72,25,strong,0.0,weak_tail,hj,oracle,4,396,0.132,0.1203567048534542,0.1445845278083856
5,72,25,strong,0.0,weak_tail,hj,oracle,5,271,0.0903333333333333,0.0805926554708909,0.101121814584726
5,72,25,strong,0.0,weak_tail,hj,oracle,8,0,0.0,0.0,0.0012788487253259
5,72,25,strong,0.0,weak_tail,hj,feasible,1,717,0.239,0.2240790380878483,0.2545885209467718
5,72,25,strong,0.0,weak_tail,hj,feasible,2,598,0.1993333333333333,0.1854261809224633,0.2140095001110327
5,72,25,strong,0.0,weak_tail,hj,feasible,3,708,0.236,0.2211489516989839,0.2515262804279881
5,72,25,strong,0.0,weak_tail,hj,feasible,4,370,0.1233333333333333,0.1120462607535609,0.1355838052861846
5,72,25,strong,0.0,weak_tail,hj,feasible,5,353,0.1176666666666666,0.1066225863970253,0.1296886399282739
5,72,25,strong,0.0,weak_tail,hj,feasible,8,254,0.0846666666666666,0.0752283306584788,0.0951672996826919
5,72,25,strong,0.7,full,equal,oracle,1,407,0.1356666666666666,0.123877943635897,0.1483872441352904
5,72,25,strong,0.7,full,equal,oracle,2,300,0.1,0.0897710526329483,0.1112520263473124
5,72,25,strong,0.7,full,equal,oracle,3,349,0.1163333333333333,0.1053476507949853,0.1283003191269147
5,72,25,strong,0.7,full,equal,oracle,4,478,0.1593333333333333,0.1466736992734629,0.1728642896580591
5,72,25,strong,0.7,full,equal,oracle,5,1466,0.4886666666666667,0.4708052510672111,0.5065570695038963
5,72,25,strong,0.7,full,equal,oracle,8,0,0.0,0.0,0.0012788487253259
5,72,25,strong,0.7,full,equal,feasible,1,461,0.1536666666666666,0.1412055223415794,0.1670136268754963
5,72,25,strong,0.7,full,equal,feasible,2,336,0.112,0.1012074650058185,0.1237849216050344
5,72,25,strong,0.7,full,equal,feasible,3,360,0.12,0.1088548583134849,0.1321170667177627
5,72,25,strong,0.7,full,equal,feasible,4,534,0.178,0.1647265563535108,0.192097022225599
5,72,25,strong,0.7,full,equal,feasible,5,734,0.2446666666666666,0.2296164597916805,0.2603699389573859
5,72,25,strong,0.7,full,equal,feasible,8,575,0.1916666666666666,0.1779794931655839,0.206142463548367
5,72,25,strong,0.7,full,hj,oracle,1,3,0.001,0.0003401472190391,0.0029361438088361
5,72,25,strong,0.7,full,hj,oracle,2,20,0.0066666666666666,0.004319839120639,0.0102752916216825
5,72,25,strong,0.7,full,hj,oracle,3,87,0.029,0.0235712589057498,0.0356334165935072
5,72,25,strong,0.7,full,hj,oracle,4,689,0.2296666666666666,0.2149666752906784,0.2450580889201478
5,72,25,strong,0.7,full,hj,oracle,5,2201,0.7336666666666667,0.7175572068511996,0.7491784778444982
5,72,25,strong,0.7,full,hj,oracle,8,0,0.0,0.0,0.0012788487253259
5,72,25,strong,0.7,full,hj,feasible,1,100,0.0333333333333333,0.027483152333113,0.0403771064771911
5,72,25,strong,0.7,full,hj,feasible,2,203,0.0676666666666666,0.059220358275795,0.0772187529220367
5,72,25,strong,0.7,full,hj,feasible,3,353,0.1176666666666666,0.1066225863970253,0.1296886399282739
5,72,25,strong,0.7,full,hj,feasible,4,775,0.2583333333333333,0.2429860996583675,0.2742986772255401
5,72,25,strong,0.7,full,hj,feasible,5,1130,0.3766666666666666,0.3594956767814122,0.3941531059041681
5,72,25,strong,0.7,full,hj,feasible,8,439,0.1463333333333333,0.1341381611201624,0.1594330778782181
5,72,25,strong,0.7,weak_tail,equal,oracle,1,527,0.1756666666666666,0.1624667632607233,0.189696116612438
5,72,25,strong,0.7,weak_tail,equal,oracle,2,488,0.1626666666666666,0.1498930182769277,0.1763031116630921
5,72,25,strong,0.7,weak_tail,equal,oracle,3,1298,0.4326666666666666,0.4150349435487747,0.4504706080795692
5,72,25,strong,0.7,weak_tail,equal,oracle,4,429,0.143,0.130929273667792,0.1559838243220906
5,72,25,strong,0.7,weak_tail,equal,oracle,5,258,0.086,0.0764893768640401,0.0965695098805297
5,72,25,strong,0.7,weak_tail,equal,oracle,8,0,0.0,0.0,0.0012788487253259
5,72,25,strong,0.7,weak_tail,equal,feasible,1,610,0.2033333333333333,0.1893146967081466,0.2181107535355468
5,72,25,strong,0.7,weak_tail,equal,feasible,2,670,0.2233333333333333,0.2087892086574127,0.2385850876372676
5,72,25,strong,0.7,weak_tail,equal,feasible,3,556,0.1853333333333333,0.1718343499593245,0.1996371388384805
5,72,25,strong,0.7,weak_tail,equal,feasible,4,280,0.0933333333333333,0.0834375697204818,0.1042692272427832
5,72,25,strong,0.7,weak_tail,equal,feasible,5,320,0.1066666666666666,0.0961192010063877,0.1182201599908687
5,72,25,strong,0.7,weak_tail,equal,feasible,8,564,0.188,0.174421049140717,0.2023769524638863
5,72,25,strong,0.7,weak_tail,hj,oracle,1,48,0.016,0.0120893591294979,0.0211485664366176
5,72,25,strong,0.7,weak_tail,hj,oracle,2,623,0.2076666666666666,0.1935297243728274,0.2225513091819131
5,72,25,strong,0.7,weak_tail,hj,oracle,3,1437,0.479,0.461162115962857,0.4968915956836066
5,72,25,strong,0.7,weak_tail,hj,oracle,4,558,0.186,0.1724809241162921,0.2003221928832126
5,72,25,strong,0.7,weak_tail,hj,oracle,5,334,0.1113333333333333,0.1005709798434639,0.1230897785656894
5,72,25,strong,0.7,weak_tail,hj,oracle,8,0,0.0,0.0,0.0012788487253259
5,72,25,strong,0.7,weak_tail,hj,feasible,1,315,0.105,0.0945308579948152,0.1164794324981922
5,72,25,strong,0.7,weak_tail,hj,feasible,2,739,0.2463333333333333,0.231245803443621,0.2620696658096943
5,72,25,strong,0.7,weak_tail,hj,feasible,3,803,0.2676666666666666,0.2521280739978235,0.2837994977098779
5,72,25,strong,0.7,weak_tail,hj,feasible,4,442,0.1473333333333333,0.1351012676097342,0.1604674136911957
5,72,25,strong,0.7,weak_tail,hj,feasible,5,444,0.148,0.1357434499003774,0.161156859602252
5,72,25,strong,0.7,weak_tail,hj,feasible,8,257,0.0856666666666666,0.0761740474735487,0.0962190251701713
5,72,25,weak,0.0,full,equal,oracle,1,2003,0.6676666666666666,0.650605673420325,0.6842988193071157
5,72,25,weak,0.0,full,equal,oracle,2,633,0.211,0.1967737641906703,0.225965410372568
5,72,25,weak,0.0,full,equal,oracle,3,244,0.0813333333333333,0.072078955672542,0.0916585336601309
5,72,25,weak,0.0,full,equal,oracle,4,90,0.03,0.0244711510949618,0.0367309667068445
5,72,25,weak,0.0,full,equal,oracle,5,30,0.01,0.0070137042539868,0.0142395674968326
5,72,25,weak,0.0,full,equal,oracle,8,0,0.0,0.0,0.0012788487253259
5,72,25,weak,0.0,full,equal,feasible,1,1214,0.4046666666666667,0.3872356835482324,0.4223414836087297
5,72,25,weak,0.0,full,equal,feasible,2,512,0.1706666666666666,0.1576273341048057,0.184548334255609
5,72,25,weak,0.0,full,equal,feasible,3,354,0.118,0.106941394512901,0.130035645913248
5,72,25,weak,0.0,full,equal,feasible,4,299,0.0996666666666666,0.0894540193552607,0.1109032455241502
5,72,25,weak,0.0,full,equal,feasible,5,329,0.1096666666666666,0.0989803253945503,0.1213513625103541
5,72,25,weak,0.0,full,equal,feasible,8,292,0.0973333333333333,0.0872358256013769,0.1084607405720855
5,72,25,weak,0.0,full,hj,oracle,1,2018,0.6726666666666666,0.6556639085888096,0.6892277956513777
5,72,25,weak,0.0,full,hj,oracle,2,639,0.213,0.1987208901136196,0.2280131690547174
5,72,25,weak,0.0,full,hj,oracle,3,235,0.0783333333333333,0.0692486467839035,0.0884965156411213
5,72,25,weak,0.0,full,hj,oracle,4,82,0.0273333333333333,0.0220756237753432,0.0337999812196648
5,72,25,weak,0.0,full,hj,oracle,5,26,0.0086666666666666,0.0059212690513622,0.012668746296058
5,72,25,weak,0.0,full,hj,oracle,8,0,0.0,0.0,0.0012788487253259
5,72,25,weak,0.0,full,hj,feasible,1,1326,0.442,0.4243142285221302,0.4598341179300075
5,72,25,weak,0.0,full,hj,feasible,2,548,0.1826666666666666,0.1692487317308373,0.1968962442601695
5,72,25,weak,0.0,full,hj,feasible,3,352,0.1173333333333333,0.1063038078579456,0.1293416043665038
5,72,25,weak,0.0,full,hj,feasible,4,285,0.095,0.0850194922059652,0.1060163752615488
5,72,25,weak,0.0,full,hj,feasible,5,282,0.094,0.0840702195903577,0.1049682055746069
5,72,25,weak,0.0,full,hj,feasible,8,207,0.069,0.0604706680196548,0.0786316995815761
5,72,25,weak,0.0,weak_tail,equal,oracle,1,2001,0.667,0.6499314039208827,0.6836414606048585
5,72,25,weak,0.0,weak_tail,equal,oracle,2,706,0.2353333333333333,0.2204979633429702,0.2508456405823023
5,72,25,weak,0.0,weak_tail,equal,oracle,3,251,0.0836666666666666,0.0742830259611942,0.0941151620774271
5,72,25,weak,0.0,weak_tail,equal,oracle,4,39,0.013,0.0095244109875619,0.0177211876709055
5,72,25,weak,0.0,weak_tail,equal,oracle,5,3,0.001,0.0003401472190391,0.0029361438088361
5,72,25,weak,0.0,weak_tail,equal,oracle,8,0,0.0,0.0,0.0012788487253259
5,72,25,weak,0.0,weak_tail,equal,feasible,1,1313,0.4376666666666666,0.4200051967137695,0.455487566427321
5,72,25,weak,0.0,weak_tail,equal,feasible,2,617,0.2056666666666666,0.1915840115970688,0.220502137352573
5,72,25,weak,0.0,weak_tail,equal,feasible,3,341,0.1136666666666666,0.1027992277189632,0.1255222293961385
5,72,25,weak,0.0,weak_tail,equal,feasible,4,170,0.0566666666666666,0.0489461016834046,0.0655211441863843
5,72,25,weak,0.0,weak_tail,equal,feasible,5,144,0.048,0.0409117236142353,0.0562443556334593
5,72,25,weak,0.0,weak_tail,equal,feasible,8,415,0.1383333333333333,0.1264407243229997,0.151150976254986
5,72,25,weak,0.0,weak_tail,hj,oracle,1,2008,0.6693333333333333,0.6522915133619224,0.6859420498697671
5,72,25,weak,0.0,weak_tail,hj,oracle,2,705,0.235,0.2201724886352782,0.2505053011891445
5,72,25,weak,0.0,weak_tail,hj,oracle,3,244,0.0813333333333333,0.072078955672542,0.0916585336601309
5,72,25,weak,0.0,weak_tail,hj,oracle,4,39,0.013,0.0095244109875619,0.0177211876709055
5,72,25,weak,0.0,weak_tail,hj,oracle,5,4,0.0013333333333333,0.0005186256496617,0.0034234794790633
5,72,25,weak,0.0,weak_tail,hj,oracle,8,0,0.0,0.0,0.0012788487253259
5,72,25,weak,0.0,weak_tail,hj,feasible,1,1350,0.45,0.4322729574114473,0.4678549274610852
5,72,25,weak,0.0,weak_tail,hj,feasible,2,590,0.1966666666666666,0.1828350774722357,0.211274090754462
5,72,25,weak,0.0,weak_tail,hj,feasible,3,375,0.125,0.1136430119712806,0.1373161245727138
5,72,25,weak,0.0,weak_tail,hj,feasible,4,261,0.087,0.0774356330836624,0.0976206959634568
5,72,25,weak,0.0,weak_tail,hj,feasible,5,228,0.076,0.0670501357645342,0.0860343279545421
5,72,25,weak,0.0,weak_tail,hj,feasible,8,196,0.0653333333333333,0.0570347299761277,0.0747436825157556
5,72,25,weak,0.7,full,equal,oracle,1,1965,0.655,0.6378009804519102,0.6718025764432387
5,72,25,weak,0.7,full,equal,oracle,2,560,0.1866666666666666,0.1731275655499096,0.2010071796512945
5,72,25,weak,0.7,full,equal,oracle,3,255,0.085,0.0755435241310502,0.0955179203109702
5,72,25,weak,0.7,full,equal,oracle,4,135,0.045,0.0381456739237067,0.0530180784163399
5,72,25,weak,0.7,full,equal,oracle,5,85,0.0283333333333333,0.0229723594628776,0.0349006878346798
5,72,25,weak,0.7,full,equal,oracle,8,0,0.0,0.0,0.0012788487253259
5,72,25,weak,0.7,full,equal,feasible,1,1193,0.3976666666666666,0.3802950482094007,0.415300022829716
5,72,25,weak,0.7,full,equal,feasible,2,410,0.1366666666666666,0.1248388035658095,0.1494238265079272
5,72,25,weak,0.7,full,equal,feasible,3,306,0.102,0.0916740156962751,0.1133439478890842
5,72,25,weak,0.7,full,equal,feasible,4,277,0.0923333333333333,0.0824888965377186,0.1032204581229971
5,72,25,weak,0.7,full,equal,feasible,5,361,0.1203333333333333,0.1091738704787231,0.1324638686533743
5,72,25,weak,0.7,full,equal,feasible,8,453,0.151,0.1386343578680825,0.1642582785421949
5,72,25,weak,0.7,full,hj,oracle,1,1168,0.3893333333333333,0.3720372559693283,0.4069124625485438
5,72,25,weak,0.7,full,hj,oracle,2,738,0.246,0.2309199098574443,0.2617297452950212
5,72,25,weak,0.7,full,hj,oracle,3,462,0.154,0.1415270135161161,0.1673579498018094
5,72,25,weak,0.7,full,hj,oracle,4,422,0.1406666666666666,0.1286844217908889,0.1535679774930453
5,72,25,weak,0.7,full,hj,oracle,5,210,0.07,0.0614090380633049,0.0796907718404753
5,72,25,weak,0.7,full,hj,oracle,8,0,0.0,0.0,0.0012788487253259
5,72,25,weak,0.7,full,hj,feasible,1,1063,0.3543333333333333,0.3374137346915432,0.3716255032371017
5,72,25,weak,0.7,full,hj,feasible,2,554,0.1846666666666666,0.1711878433587342,0.1989520172373713
5,72,25,weak,0.7,full,hj,feasible,3,424,0.1413333333333333,0.1293256912893121,0.1542583361963217
5,72,25,weak,0.7,full,hj,feasible,4,371,0.1236666666666666,0.1123655557111198,0.1359303244294755
5,72,25,weak,0.7,full,hj,feasible,5,359,0.1196666666666666,0.1085358749831267,0.1317702359472712
5,72,25,weak,0.7,full,hj,feasible,8,229,0.0763333333333333,0.0673640521170559,0.0863862257028702
5,72,25,weak,0.7,weak_tail,equal,oracle,1,2037,0.679,0.6620741105763901,0.6954680615799433
5,72,25,weak,0.7,weak_tail,equal,oracle,2,590,0.1966666666666666,0.1828350774722357,0.211274090754462
5,72,25,weak,0.7,weak_tail,equal,oracle,3,318,0.106,0.0954837619539176,0.1175239708416391
5,72,25,weak,0.7,weak_tail,equal,oracle,4,44,0.0146666666666666,0.0109437666860068,0.0196309024767095
5,72,25,weak,0.7,weak_tail,equal,oracle,5,11,0.0036666666666666,0.0020486685952001,0.0065541352394733
5,72,25,weak,0.7,weak_tail,equal,oracle,8,0,0.0,0.0,0.0012788487253259
5,72,25,weak,0.7,weak_tail,equal,feasible,1,1361,0.4536666666666666,0.4359222605844231,0.471529579397457
5,72,25,weak,0.7,weak_tail,equal,feasible,2,509,0.1696666666666666,0.1566599459937584,0.1835182800641069
5,72,25,weak,0.7,weak_tail,equal,feasible,3,289,0.0963333333333333,0.0862857371430787,0.1074133867278344
5,72,25,weak,0.7,weak_tail,equal,feasible,4,157,0.0523333333333333,0.0449213658587214,0.0608902967000204
5,72,25,weak,0.7,weak_tail,equal,feasible,5,181,0.0603333333333333,0.0523622424560336,0.069428958523103
5,72,25,weak,0.7,weak_tail,equal,feasible,8,503,0.1676666666666666,0.1547256767889153,0.1814576646638512
5,72,25,weak,0.7,weak_tail,hj,oracle,1,1308,0.436,0.4183482421790364,0.4538154504578053
5,72,25,weak,0.7,weak_tail,hj,oracle,2,1164,0.388,0.3707165039389059,0.4055699581755671
5,72,25,weak,0.7,weak_tail,hj,oracle,3,447,0.149,0.1367068890442328,0.162190862760946
5,72,25,weak,0.7,weak_tail,hj,oracle,4,68,0.0226666666666666,0.0179196018362329,0.0286346057468782
5,72,25,weak,0.7,weak_tail,hj,oracle,5,13,0.0043333333333333,0.0025342196904608,0.0074002123459123
5,72,25,weak,0.7,weak_tail,hj,oracle,8,0,0.0,0.0,0.0012788487253259
5,72,25,weak,0.7,weak_tail,hj,feasible,1,1204,0.4013333333333333,0.383930155749357,0.4189888703991072
5,72,25,weak,0.7,weak_tail,hj,feasible,2,672,0.224,0.2094392375900199,0.2392666869063599
5,72,25,weak,0.7,weak_tail,hj,feasible,3,382,0.1273333333333333,0.1158796102287621,0.1397402250211807
5,72,25,weak,0.7,weak_tail,hj,feasible,4,261,0.087,0.0774356330836624,0.0976206959634568
5,72,25,weak,0.7,weak_tail,hj,feasible,5,274,0.0913333333333333,0.0815405899871373,0.1021713223710291
5,72,25,weak,0.7,weak_tail,hj,feasible,8,207,0.069,0.0604706680196548,0.0786316995815761
5,72,74,strong,0.0,full,equal,oracle,1,265,0.0883333333333333,0.0786979248943257,0.0990216605561926
5,72,74,strong,0.0,full,equal,oracle,2,401,0.1336666666666666,0.1219568915096465,0.1463134116564423
5,72,74,strong,0.0,full,equal,oracle,3,445,0.1483333333333333,0.1360645742486837,0.1615015493547955
5,72,74,strong,0.0,full,equal,oracle,4,576,0.192,0.1783030862261498,0.2064846845886509
5,72,74,strong,0.0,full,equal,oracle,5,1313,0.4376666666666666,0.4200051967137695,0.455487566427321
5,72,74,strong,0.0,full,equal,oracle,8,0,0.0,0.0,0.0012788487253259
5,72,74,strong,0.0,full,equal,feasible,1,479,0.1596666666666666,0.1469955410913387,0.1732082619410332
5,72,74,strong,0.0,full,equal,feasible,2,432,0.144,0.1318917005824091,0.1570188397100229
5,72,74,strong,0.0,full,equal,feasible,3,436,0.1453333333333333,0.1331752564756045,0.1583985402202267
5,72,74,strong,0.0,full,equal,feasible,4,500,0.1666666666666666,0.1537587980972108,0.1804271010530064
5,72,74,strong,0.0,full,equal,feasible,5,747,0.249,0.2338533969046407,0.2647885851554729
5,72,74,strong,0.0,full,equal,feasible,8,406,0.1353333333333333,0.1235577061981365,0.1480416674722011
5,72,74,strong,0.0,full,hj,oracle,1,314,0.1046666666666666,0.0942132918077672,0.1161311845843904
5,72,74,strong,0.0,full,hj,oracle,2,438,0.146,0.1338171703935225,0.1590882545040081
5,72,74,strong,0.0,full,hj,oracle,3,460,0.1533333333333333,0.1408840522825866,0.1666692828336392
5,72,74,strong,0.0,full,hj,oracle,4,558,0.186,0.1724809241162921,0.2003221928832126
5,72,74,strong,0.0,full,hj,oracle,5,1230,0.41,0.392526271699296,0.4277039210712626
5,72,74,strong,0.0,full,hj,oracle,8,0,0.0,0.0,0.0012788487253259
5,72,74,strong,0.0,full,hj,feasible,1,582,0.194,0.1802449840316898,0.2085376713882096
5,72,74,strong,0.0,full,hj,feasible,2,480,0.16,0.1473174030619614,0.1735522140712602
5,72,74,strong,0.0,full,hj,feasible,3,450,0.15,0.1376705255739948,0.1632246685337333
5,72,74,strong,0.0,full,hj,feasible,4,478,0.1593333333333333,0.1466736992734629,0.1728642896580591
5,72,74,strong,0.0,full,hj,feasible,5,677,0.2256666666666666,0.2110645489089954,0.2409704460916333
5,72,74,strong,0.0,full,hj,feasible,8,333,0.111,0.1002527848792385,0.1227421594290651
5,72,74,strong,0.0,weak_tail,equal,oracle,1,390,0.13,0.1184373240585724,0.1425090239981687
5,72,74,strong,0.0,weak_tail,equal,oracle,2,599,0.1996666666666666,0.1857501391063094,0.2143513560280363
5,72,74,strong,0.0,weak_tail,equal,oracle,3,923,0.3076666666666666,0.2914061069498897,0.3244191568597855
5,72,74,strong,0.0,weak_tail,equal,oracle,4,534,0.178,0.1647265563535108,0.192097022225599
5,72,74,strong,0.0,weak_tail,equal,oracle,5,554,0.1846666666666666,0.1711878433587342,0.1989520172373713
5,72,74,strong,0.0,weak_tail,equal,oracle,8,0,0.0,0.0,0.0012788487253259
5,72,74,strong,0.0,weak_tail,equal,feasible,1,672,0.224,0.2094392375900199,0.2392666869063599
5,72,74,strong,0.0,weak_tail,equal,feasible,2,618,0.206,0.191908259692955,0.2208437033575365
5,72,74,strong,0.0,weak_tail,equal,feasible,3,510,0.17,0.1569823900215444,0.1838616501371707
5,72,74,strong,0.0,weak_tail,equal,feasible,4,298,0.0993333333333333,0.0891370228596733,0.1105544279188878
5,72,74,strong,0.0,weak_tail,equal,feasible,5,374,0.1246666666666666,0.1133236066319313,0.1369697158112133
5,72,74,strong,0.0,weak_tail,equal,feasible,8,528,0.176,0.1627895372280653,0.1900391567459458
5,72,74,strong,0.0,weak_tail,hj,oracle,1,386,0.1286666666666666,0.1171582562059892,0.1411248354473528
5,72,74,strong,0.0,weak_tail,hj,oracle,2,538,0.1793333333333333,0.1660182570049551,0.1934685779775538
5,72,74,strong,0.0,weak_tail,hj,oracle,3,913,0.3043333333333333,0.288127149167334,0.3210399736338435
5,72,74,strong,0.0,weak_tail,hj,oracle,4,558,0.186,0.1724809241162921,0.2003221928832126
5,72,74,strong,0.0,weak_tail,hj,oracle,5,605,0.2016666666666666,0.1876942129861411,0.2164021667533033
5,72,74,strong,0.0,weak_tail,hj,oracle,8,0,0.0,0.0,0.0012788487253259
5,72,74,strong,0.0,weak_tail,hj,feasible,1,658,0.2193333333333333,0.2048901938583717,0.2344943332261112
5,72,74,strong,0.0,weak_tail,hj,feasible,2,535,0.1783333333333333,0.1650494550600036,0.1924399376199561
5,72,74,strong,0.0,weak_tail,hj,feasible,3,615,0.205,0.1909355604601878,0.2198189602877544
5,72,74,strong,0.0,weak_tail,hj,feasible,4,427,0.1423333333333333,0.130287771007287,0.1552936987808961
5,72,74,strong,0.0,weak_tail,hj,feasible,5,486,0.162,0.1492489952633077,0.1756155064750126
5,72,74,strong,0.0,weak_tail,hj,feasible,8,279,0.093,0.0831213049168724,0.1039196779455428
5,72,74,strong,0.7,full,equal,oracle,1,339,0.113,0.1021624289875907,0.1248273999258115
5,72,74,strong,0.7,full,equal,oracle,2,290,0.0966666666666666,0.0866023950440781,0.1077625429276848
5,72,74,strong,0.7,full,equal,oracle,3,365,0.1216666666666666,0.110450205437071,0.1338507900984255
5,72,74,strong,0.7,full,equal,oracle,4,462,0.154,0.1415270135161161,0.1673579498018094
5,72,74,strong,0.7,full,equal,oracle,5,1544,0.5146666666666667,0.4967750973856356,0.532520723051755
5,72,74,strong,0.7,full,equal,oracle,8,0,0.0,0.0,0.0012788487253259
5,72,74,strong,0.7,full,equal,feasible,1,398,0.1326666666666666,0.1209967035150731,0.1452761573484662
5,72,74,strong,0.7,full,equal,feasible,2,355,0.1183333333333333,0.1072602320973655,0.1303826224296332
5,72,74,strong,0.7,full,equal,feasible,3,328,0.1093333333333333,0.0986622912527874,0.1210035825512672
5,72,74,strong,0.7,full,equal,feasible,4,522,0.174,0.1608531639130219,0.1879806454558906
5,72,74,strong,0.7,full,equal,feasible,5,816,0.272,0.2563756255542408,0.2882075294645078
5,72,74,strong,0.7,full,equal,feasible,8,581,0.1936666666666666,0.1799212941465618,0.2081955471724877
5,72,74,strong,0.7,full,hj,oracle,1,0,0.0,0.0,0.0012788487253259
5,72,74,strong,0.7,full,hj,oracle,2,8,0.0026666666666666,0.0013518647401935,0.0052534967919306
5,72,74,strong,0.7,full,hj,oracle,3,53,0.0176666666666666,0.013532252704955,0.0230347433654094
5,72,74,strong,0.7,full,hj,oracle,4,614,0.2046666666666666,0.1906113574733944,0.2194773491736981
5,72,74,strong,0.7,full,hj,oracle,5,2325,0.775,0.7597110167209663,0.7895856164801044
5,72,74,strong,0.7,full,hj,oracle,8,0,0.0,0.0,0.0012788487253259
5,72,74,strong,0.7,full,hj,feasible,1,72,0.024,0.0191017993459779,0.0301156646405323
5,72,74,strong,0.7,full,hj,feasible,2,135,0.045,0.0381456739237067,0.0530180784163399
5,72,74,strong,0.7,full,hj,feasible,3,269,0.0896666666666666,0.0799609085468936,0.1004219333070238
5,72,74,strong,0.7,full,hj,feasible,4,804,0.268,0.2524547405555595,0.2841386452529918
5,72,74,strong,0.7,full,hj,feasible,5,1255,0.4183333333333333,0.4007970844967649,0.4360784607950382
5,72,74,strong,0.7,full,hj,feasible,8,465,0.155,0.1424916131750664,0.1683907924454085
5,72,74,strong,0.7,weak_tail,equal,oracle,1,509,0.1696666666666666,0.1566599459937584,0.1835182800641069
5,72,74,strong,0.7,weak_tail,equal,oracle,2,428,0.1426666666666666,0.1306085107645784,0.1556387731244545
5,72,74,strong,0.7,weak_tail,equal,oracle,3,895,0.2983333333333333,0.282227597148141,0.3149548718377404
5,72,74,strong,0.7,weak_tail,equal,oracle,4,539,0.1796666666666666,0.1663412261336967,0.193811422949662
5,72,74,strong,0.7,weak_tail,equal,oracle,5,629,0.2096666666666666,0.1954759717359299,0.2245999464239093
5,72,74,strong,0.7,weak_tail,equal,oracle,8,0,0.0,0.0,0.0012788487253259
5,72,74,strong,0.7,weak_tail,equal,feasible,1,556,0.1853333333333333,0.1718343499593245,0.1996371388384805
5,72,74,strong,0.7,weak_tail,equal,feasible,2,682,0.2273333333333333,0.212690199497621,0.2426738660072567
5,72,74,strong,0.7,weak_tail,equal,feasible,3,511,0.1703333333333333,0.1573048527397292,0.1842050015198357
5,72,74,strong,0.7,weak_tail,equal,feasible,4,268,0.0893333333333333,0.079645098538847,0.1000719292142207
5,72,74,strong,0.7,weak_tail,equal,feasible,5,353,0.1176666666666666,0.1066225863970253,0.1296886399282739
5,72,74,strong,0.7,weak_tail,equal,feasible,8,630,0.21,0.1958003978736887,0.2249413343870003
5,72,74,strong,0.7,weak_tail,hj,oracle,1,17,0.0056666666666666,0.0035410565832478,0.0090566318565244
5,72,74,strong,0.7,weak_tail,hj,oracle,2,359,0.1196666666666666,0.1085358749831267,0.1317702359472712
5,72,74,strong,0.7,weak_tail,hj,oracle,3,934,0.3113333333333333,0.2950141253775689,0.3281350935414541
5,72,74,strong,0.7,weak_tail,hj,oracle,4,765,0.255,0.2397233386329114,0.2709032972424983
5,72,74,strong,0.7,weak_tail,hj,oracle,5,925,0.3083333333333333,0.2920620198581893,0.3250948721531857
5,72,74,strong,0.7,weak_tail,hj,oracle,8,0,0.0,0.0,0.0012788487253259
5,72,74,strong,0.7,weak_tail,hj,feasible,1,205,0.0683333333333333,0.0598453903134665,0.0779253490860648
5,72,74,strong,0.7,weak_tail,hj,feasible,2,593,0.1976666666666666,0.1838066237344815,0.2122999867947655
5,72,74,strong,0.7,weak_tail,hj,feasible,3,741,0.247,0.2318976277808938,0.2627494696741211
5,72,74,strong,0.7,weak_tail,hj,feasible,4,544,0.1813333333333333,0.1679563336717037,0.195525385915904
5,72,74,strong,0.7,weak_tail,hj,feasible,5,589,0.1963333333333333,0.1825112602394065,0.2109320938864414
5,72,74,strong,0.7,weak_tail,hj,feasible,8,328,0.1093333333333333,0.0986622912527874,0.1210035825512672
5,72,74,weak,0.0,full,equal,oracle,1,1921,0.6403333333333333,0.6229911338100824,0.657316602647676
5,72,74,weak,0.0,full,equal,oracle,2,682,0.2273333333333333,0.212690199497621,0.2426738660072567
5,72,74,weak,0.0,full,equal,oracle,3,246,0.082,0.0727084522278079,0.0923606653065645
5,72,74,weak,0.0,full,equal,oracle,4,100,0.0333333333333333,0.027483152333113,0.0403771064771911
5,72,74,weak,0.0,full,equal,oracle,5,51,0.017,0.012953739842509,0.0222816280261558
5,72,74,weak,0.0,full,equal,oracle,8,0,0.0,0.0,0.0012788487253259
5,72,74,weak,0.0,full,equal,feasible,1,1226,0.4086666666666667,0.3912034240412069,0.4263635123259527
5,72,74,weak,0.0,full,equal,feasible,2,541,0.1803333333333333,0.166987216883172,0.1944970604018864
5,72,74,weak,0.0,full,equal,feasible,3,364,0.1213333333333333,0.1101310789562721,0.1335041024783747
5,72,74,weak,0.0,full,equal,feasible,4,316,0.1053333333333333,0.0948484585101644,0.1168276460836928
5,72,74,weak,0.0,full,equal,feasible,5,271,0.0903333333333333,0.0805926554708909,0.101121814584726
5,72,74,weak,0.0,full,equal,feasible,8,282,0.094,0.0840702195903577,0.1049682055746069
5,72,74,weak,0.0,full,hj,oracle,1,1939,0.6463333333333333,0.6290475798152921,0.6632448104577624
5,72,74,weak,0.0,full,hj,oracle,2,688,0.2293333333333333,0.2146414243359498,0.2447175257740265
5,72,74,weak,0.0,full,hj,oracle,3,237,0.079,0.0698772554261935,0.0891995352005309
5,72,74,weak,0.0,full,hj,oracle,4,89,0.0296666666666666,0.0241709857624426,0.0363653179385139
5,72,74,weak,0.0,full,hj,oracle,5,47,0.0156666666666666,0.0118021898563051,0.0207699216089605
5,72,74,weak,0.0,full,hj,oracle,8,0,0.0,0.0,0.0012788487253259
5,72,74,weak,0.0,full,hj,feasible,1,1349,0.4496666666666666,0.4319412508884104,0.4675208198832724
5,72,74,weak,0.0,full,hj,feasible,2,580,0.1933333333333333,0.1795976203196379,0.2078534068985619
5,72,74,weak,0.0,full,hj,feasible,3,372,0.124,0.1126848784070766,0.1362768158343685
5,72,74,weak,0.0,full,hj,feasible,4,288,0.096,0.0859691177294244,0.1070641920406389
5,72,74,weak,0.0,full,hj,feasible,5,231,0.077,0.0679920427108074,0.0870898633108182
5,72,74,weak,0.0,full,hj,feasible,8,180,0.06,0.052051307417182,0.0690740794611047
5,72,74,weak,0.0,weak_tail,equal,oracle,1,1961,0.6536666666666666,0.6364538998743389,0.6704864006174108
5,72,74,weak,0.0,weak_tail,equal,oracle,2,677,0.2256666666666666,0.2110645489089954,0.2409704460916333
5,72,74,weak,0.0,weak_tail,equal,oracle,3,307,0.1023333333333333,0.0919913019625578,0.1136924757236513
5,72,74,weak,0.0,weak_tail,equal,oracle,4,41,0.0136666666666666,0.0100903332465302,0.0184868936136367
5,72,74,weak,0.0,weak_tail,equal,oracle,5,14,0.0046666666666666,0.0027819139335313,0.0078183322036916
5,72,74,weak,0.0,weak_tail,equal,oracle,8,0,0.0,0.0,0.0012788487253259
5,72,74,weak,0.0,weak_tail,equal,feasible,1,1347,0.449,0.4312778620202516,0.4668525805497317
5,72,74,weak,0.0,weak_tail,equal,feasible,2,615,0.205,0.1909355604601878,0.2198189602877544
5,72,74,weak,0.0,weak_tail,equal,feasible,3,311,0.1036666666666666,0.09326080066579,0.1150862334238183
5,72,74,weak,0.0,weak_tail,equal,feasible,4,136,0.0453333333333333,0.038452586272197,0.0533769801686993
5,72,74,weak,0.0,weak_tail,equal,feasible,5,148,0.0493333333333333,0.0421437423631508,0.0576755932879429
5,72,74,weak,0.0,weak_tail,equal,feasible,8,443,0.1476666666666666,0.1354223476668108,0.1608121477349688
5,72,74,weak,0.0,weak_tail,hj,oracle,1,1972,0.6573333333333333,0.6401587272031493,0.6741055283979482
5,72,74,weak,0.0,weak_tail,hj,oracle,2,674,0.2246666666666666,0.2100893212346295,0.2399482314634499
5,72,74,weak,0.0,weak_tail,hj,oracle,3,294,0.098,0.0878694080027249,0.1091587863724371
5,72,74,weak,0.0,weak_tail,hj,oracle,4,45,0.015,0.0112293772979089,0.0200111059656572
5,72,74,weak,0.0,weak_tail,hj,oracle,5,15,0.005,0.0030324533483749,0.0082336068896977
5,72,74,weak,0.0,weak_tail,hj,oracle,8,0,0.0,0.0,0.0012788487253259
5,72,74,weak,0.0,weak_tail,hj,feasible,1,1371,0.457,0.4392406531796186,0.4748693278107594
5,72,74,weak,0.0,weak_tail,hj,feasible,2,566,0.1886666666666666,0.1750678907508921,0.2030617390554108
5,72,74,weak,0.0,weak_tail,hj,feasible,3,351,0.117,0.1059850590046281,0.1289945391189715
5,72,74,weak,0.0,weak_tail,hj,feasible,4,252,0.084,0.07459808132677,0.0944659208127011
5,72,74,weak,0.0,weak_tail,hj,feasible,5,256,0.0853333333333333,0.0758587631496972,0.095868495393173
5,72,74,weak,0.0,weak_tail,hj,feasible,8,204,0.068,0.0595328433782643,0.0775720819204173
5,72,74,weak,0.7,full,equal,oracle,1,1938,0.646,0.6287110337539614,0.6629155424182434
5,72,74,weak,0.7,full,equal,oracle,2,548,0.1826666666666666,0.1692487317308373,0.1968962442601695
5,72,74,weak,0.7,full,equal,oracle,3,313,0.1043333333333333,0.0938957600933863,0.1157829021979216
5,72,74,weak,0.7,full,equal,oracle,4,114,0.038,0.0317279808987635,0.0454536753234376
5,72,74,weak,0.7,full,equal,oracle,5,87,0.029,0.0235712589057498,0.0356334165935072
5,72,74,weak,0.7,full,equal,oracle,8,0,0.0,0.0,0.0012788487253259
5,72,74,weak,0.7,full,equal,feasible,1,1217,0.4056666666666667,0.3882275056347864,0.4233471038247251
5,72,74,weak,0.7,full,equal,feasible,2,415,0.1383333333333333,0.1264407243229997,0.151150976254986
5,72,74,weak,0.7,full,equal,feasible,3,295,0.0983333333333333,0.0881862557142715,0.1095077527617403
5,72,74,weak,0.7,full,equal,feasible,4,298,0.0993333333333333,0.0891370228596733,0.1105544279188878
5,72,74,weak,0.7,full,equal,feasible,5,314,0.1046666666666666,0.0942132918077672,0.1161311845843904
5,72,74,weak,0.7,full,equal,feasible,8,461,0.1536666666666666,0.1412055223415794,0.1670136268754963
5,72,74,weak,0.7,full,hj,oracle,1,946,0.3153333333333333,0.2989515237258466,0.3321874644033738
5,72,74,weak,0.7,full,hj,oracle,2,644,0.2146666666666666,0.2003438924223612,0.2297192372502247
5,72,74,weak,0.7,full,hj,oracle,3,582,0.194,0.1802449840316898,0.2085376713882096
5,72,74,weak,0.7,full,hj,oracle,4,552,0.184,0.1705414045967915,0.1982668277976145
5,72,74,weak,0.7,full,hj,oracle,5,276,0.092,0.0821727533534877,0.1028707872063782
5,72,74,weak,0.7,full,hj,oracle,8,0,0.0,0.0,0.0012788487253259
5,72,74,weak,0.7,full,hj,feasible,1,969,0.323,0.3065021711394206,0.3399505413093449
5,72,74,weak,0.7,full,hj,feasible,2,576,0.192,0.1783030862261498,0.2064846845886509
5,72,74,weak,0.7,full,hj,feasible,3,447,0.149,0.1367068890442328,0.162190862760946
5,72,74,weak,0.7,full,hj,feasible,4,414,0.138,0.1261202917644312,0.1508055947127048
5,72,74,weak,0.7,full,hj,feasible,5,355,0.1183333333333333,0.1072602320973655,0.1303826224296332
5,72,74,weak,0.7,full,hj,feasible,8,239,0.0796666666666666,0.0705060653313456,0.0899023534970783
5,72,74,weak,0.7,weak_tail,equal,oracle,1,1910,0.6366666666666667,0.6192914059230132,0.6536923754253978
5,72,74,weak,0.7,weak_tail,equal,oracle,2,638,0.2126666666666666,0.1983963328780061,0.2276719121894812
5,72,74,weak,0.7,weak_tail,equal,oracle,3,360,0.12,0.1088548583134849,0.1321170667177627
5,72,74,weak,0.7,weak_tail,equal,oracle,4,70,0.0233333333333333,0.0185101345503412,0.0293757012344695
5,72,74,weak,0.7,weak_tail,equal,oracle,5,22,0.0073333333333333,0.0048478685219377,0.0110788904220834
5,72,74,weak,0.7,weak_tail,equal,oracle,8,0,0.0,0.0,0.0012788487253259
5,72,74,weak,0.7,weak_tail,equal,feasible,1,1222,0.4073333333333333,0.3898807099937842,0.425022969969976
5,72,74,weak,0.7,weak_tail,equal,feasible,2,520,0.1733333333333333,0.1602078511620691,0.1872943300051439
5,72,74,weak,0.7,weak_tail,equal,feasible,3,347,0.1156666666666666,0.1047103626552952,0.1276059790649053
5,72,74,weak,0.7,weak_tail,equal,feasible,4,181,0.0603333333333333,0.0523622424560336,0.069428958523103
5,72,74,weak,0.7,weak_tail,equal,feasible,5,183,0.061,0.0529843310254596,0.0701384981553765
5,72,74,weak,0.7,weak_tail,equal,feasible,8,547,0.1823333333333333,0.1689256063617392,0.1965535555284177
5,72,74,weak,0.7,weak_tail,hj,oracle,1,1089,0.363,0.3459781046876037,0.3803722998631355
5,72,74,weak,0.7,weak_tail,hj,oracle,2,1158,0.386,0.3687356331649704,0.403555944344404
5,72,74,weak,0.7,weak_tail,hj,oracle,3,578,0.1926666666666666,0.1789503209665595,0.2071690780499408
5,72,74,weak,0.7,weak_tail,hj,oracle,4,137,0.0456666666666666,0.0387596078116795,0.0537357727300666
5,72,74,weak,0.7,weak_tail,hj,oracle,5,38,0.0126666666666666,0.0092424268359468,0.0173373577216708
5,72,74,weak,0.7,weak_tail,hj,oracle,8,0,0.0,0.0,0.0012788487253259
5,72,74,weak,0.7,weak_tail,hj,feasible,1,1061,0.3536666666666667,0.3367551895422375,0.3709524201847079
5,72,74,weak,0.7,weak_tail,hj,feasible,2,668,0.2226666666666666,0.2081392346109038,0.237903433482077
5,72,74,weak,0.7,weak_tail,hj,feasible,3,477,0.159,0.1463518776594633,0.1725202971712089
5,72,74,weak,0.7,weak_tail,hj,feasible,4,294,0.098,0.0878694080027249,0.1091587863724371
5,72,74,weak,0.7,weak_tail,hj,feasible,5,285,0.095,0.0850194922059652,0.1060163752615488
5,72,74,weak,0.7,weak_tail,hj,feasible,8,215,0.0716666666666666,0.0629741711594646,0.0814547092485646
5,240,25,strong,0.0,full,equal,oracle,1,0,0.0,0.0,0.0012788487253259
5,240,25,strong,0.0,full,equal,oracle,2,14,0.0046666666666666,0.0027819139335313,0.0078183322036916
5,240,25,strong,0.0,full,equal,oracle,3,80,0.0266666666666666,0.0214789198199719,0.0330650569733366
5,240,25,strong,0.0,full,equal,oracle,4,297,0.099,0.0888200633103788,0.1102055733673325
5,240,25,strong,0.0,full,equal,oracle,5,2609,0.8696666666666667,0.8571449941341893,0.8812428437082198
5,240,25,strong,0.0,full,equal,oracle,8,0,0.0,0.0,0.0012788487253259
5,240,25,strong,0.0,full,equal,feasible,1,114,0.038,0.0317279808987635,0.0454536753234376
5,240,25,strong,0.0,full,equal,feasible,2,160,0.0533333333333333,0.0458488747772253,0.0619602300840658
5,240,25,strong,0.0,full,equal,feasible,3,309,0.103,0.0926259808899368,0.1143894249979719
5,240,25,strong,0.0,full,equal,feasible,4,537,0.179,0.1656953054242355,0.1931257154574237
5,240,25,strong,0.0,full,equal,feasible,5,1398,0.466,0.4482043182420676,0.4838826434712546
5,240,25,strong,0.0,full,equal,feasible,8,482,0.1606666666666666,0.1479611872582543,0.1742400580766669
5,240,25,strong,0.0,full,hj,oracle,1,0,0.0,0.0,0.0012788487253259
5,240,25,strong,0.0,full,hj,oracle,2,17,0.0056666666666666,0.0035410565832478,0.0090566318565244
5,240,25,strong,0.0,full,hj,oracle,3,90,0.03,0.0244711510949618,0.0367309667068445
5,240,25,strong,0.0,full,hj,oracle,4,297,0.099,0.0888200633103788,0.1102055733673325
5,240,25,strong,0.0,full,hj,oracle,5,2596,0.8653333333333333,0.8526495601213426,0.8770826944100192
5,240,25,strong,0.0,full,hj,oracle,8,0,0.0,0.0,0.0012788487253259
5,240,25,strong,0.0,full,hj,feasible,1,157,0.0523333333333333,0.0449213658587214,0.0608902967000204
5,240,25,strong,0.0,full,hj,feasible,2,189,0.063,0.0548523053292578,0.072265408456677
5,240,25,strong,0.0,full,hj,feasible,3,321,0.107,0.096436971036717,0.1185682040613891
5,240,25,strong,0.0,full,hj,feasible,4,536,0.1786666666666666,0.1653723714297784,0.192782835351031
5,240,25,strong,0.0,full,hj,feasible,5,1355,0.4516666666666666,0.4339316108512974,0.4695253445254841
5,240,25,strong,0.0,full,hj,feasible,8,442,0.1473333333333333,0.1351012676097342,0.1604674136911957
5,240,25,strong,0.0,weak_tail,equal,oracle,1,17,0.0056666666666666,0.0035410565832478,0.0090566318565244
5,240,25,strong,0.0,weak_tail,equal,oracle,2,132,0.044,0.0372256036218501,0.0519407064156471
5,240,25,strong,0.0,weak_tail,equal,oracle,3,1004,0.3346666666666666,0.3180021018441689,0.3517541041343389
5,240,25,strong,0.0,weak_tail,equal,oracle,4,701,0.2336666666666666,0.2188707200531464,0.2491438133678772
5,240,25,strong,0.0,weak_tail,equal,oracle,5,1146,0.382,0.3647748210540685,0.3995269872451084
5,240,25,strong,0.0,weak_tail,equal,oracle,8,0,0.0,0.0,0.0012788487253259
5,240,25,strong,0.0,weak_tail,equal,feasible,1,240,0.08,0.0708205450384302,0.0902536878908435
5,240,25,strong,0.0,weak_tail,equal,feasible,2,416,0.1386666666666666,0.1267611809384436,0.1514963337403918
5,240,25,strong,0.0,weak_tail,equal,feasible,3,715,0.2383333333333333,0.2234278178380739,0.2539081129948466
5,240,25,strong,0.0,weak_tail,equal,feasible,4,448,0.1493333333333333,0.1370280793696852,0.1625354865363434
5,240,25,strong,0.0,weak_tail,equal,feasible,5,631,0.2103333333333333,0.1961248386790735,0.2252827076824653
5,240,25,strong,0.0,weak_tail,equal,feasible,8,550,0.1833333333333333,0.1698950339583418,0.1975815702343645
5,240,25,strong,0.0,weak_tail,hj,oracle,1,16,0.0053333333333333,0.0032855756253714,0.0086462987135509
5,240,25,strong,0.0,weak_tail,hj,oracle,2,110,0.0366666666666666,0.0305121357694721,0.0440062640493299
5,240,25,strong,0.0,weak_tail,hj,oracle,3,1011,0.337,0.3203034855594365,0.3541134191250197
5,240,25,strong,0.0,weak_tail,hj,oracle,4,708,0.236,0.2211489516989839,0.2515262804279881
5,240,25,strong,0.0,weak_tail,hj,oracle,5,1155,0.385,0.3677453137889538,0.4025488214178712
5,240,25,strong,0.0,weak_tail,hj,oracle,8,0,0.0,0.0,0.0012788487253259
5,240,25,strong,0.0,weak_tail,hj,feasible,1,247,0.0823333333333333,0.0730232723729681,0.0927116592622541
5,240,25,strong,0.0,weak_tail,hj,feasible,2,365,0.1216666666666666,0.110450205437071,0.1338507900984255
5,240,25,strong,0.0,weak_tail,hj,feasible,3,835,0.2783333333333333,0.2625869989881295,0.294646623946765
5,240,25,strong,0.0,weak_tail,hj,feasible,4,542,0.1806666666666666,0.1673102384283093,0.1948398529575989
5,240,25,strong,0.0,weak_tail,hj,feasible,5,699,0.233,0.2182199141814341,0.2484629910378899
5,240,25,strong,0.0,weak_tail,hj,feasible,8,312,0.104,0.0935782629971758,0.1154345851932822
5,240,25,strong,0.7,full,equal,oracle,1,19,0.0063333333333333,0.0040583461460374,0.0098709704954344
5,240,25,strong,0.7,full,equal,oracle,2,54,0.018,0.0138221496378421,0.023410660533372
5,240,25,strong,0.7,full,equal,oracle,3,108,0.036,0.029905092088812,0.0432816795282904
5,240,25,strong,0.7,full,equal,oracle,4,199,0.0663333333333333,0.0579710447093083,0.0758048100851243
5,240,25,strong,0.7,full,equal,oracle,5,2620,0.8733333333333333,0.8609522401537867,0.8847595527979698
5,240,25,strong,0.7,full,equal,oracle,8,0,0.0,0.0,0.0012788487253259
5,240,25,strong,0.7,full,equal,feasible,1,69,0.023,0.0182147237380226,0.0290052979459382
5,240,25,strong,0.7,full,equal,feasible,2,120,0.04,0.0335559270537099,0.0476206137735899
5,240,25,strong,0.7,full,equal,feasible,3,193,0.0643333333333333,0.0560990034943369,0.073681966694997
5,240,25,strong,0.7,full,equal,feasible,4,546,0.182,0.1686024982043699,0.1962108495849374
5,240,25,strong,0.7,full,equal,feasible,5,1434,0.478,0.460164931988558,0.4958913373553563
5,240,25,strong,0.7,full,equal,feasible,8,638,0.2126666666666666,0.1983963328780061,0.2276719121894812
5,240,25,strong,0.7,full,hj,oracle,1,0,0.0,0.0,0.0012788487253259
5,240,25,strong,0.7,full,hj,oracle,2,0,0.0,0.0,0.0012788487253259
5,240,25,strong,0.7,full,hj,oracle,3,0,0.0,0.0,0.0012788487253259
5,240,25,strong,0.7,full,hj,oracle,4,93,0.031,0.0253728166693517,0.0378267434350039
5,240,25,strong,0.7,full,hj,oracle,5,2907,0.969,0.962173256564996,0.9746271833306482
5,240,25,strong,0.7,full,hj,oracle,8,0,0.0,0.0,0.0012788487253259
5,240,25,strong,0.7,full,hj,feasible,1,3,0.001,0.0003401472190391,0.0029361438088361
5,240,25,strong,0.7,full,hj,feasible,2,8,0.0026666666666666,0.0013518647401935,0.0052534967919306
5,240,25,strong,0.7,full,hj,feasible,3,73,0.0243333333333333,0.0193980420513104,0.0304852360360496
5,240,25,strong,0.7,full,hj,feasible,4,507,0.169,0.1560151141844806,0.1828314836716851
5,240,25,strong,0.7,full,hj,feasible,5,1852,0.6173333333333333,0.5998014336224661,0.6345651298766574
5,240,25,strong,0.7,full,hj,feasible,8,557,0.1856666666666666,0.1721576286108034,0.1999796742878515
5,240,25,strong,0.7,weak_tail,equal,oracle,1,38,0.0126666666666666,0.0092424268359468,0.0173373577216708
5,240,25,strong,0.7,weak_tail,equal,oracle,2,122,0.0406666666666666,0.0341663032710645,0.0483418657579349
5,240,25,strong,0.7,weak_tail,equal,oracle,3,1005,0.335,0.3183308426820565,0.352091177397301
5,240,25,strong,0.7,weak_tail,equal,oracle,4,686,0.2286666666666666,0.2139909624715193,0.2440363594367575
5,240,25,strong,0.7,weak_tail,equal,oracle,5,1149,0.383,0.3657649076194867,0.4005343429822395
5,240,25,strong,0.7,weak_tail,equal,oracle,8,0,0.0,0.0,0.0012788487253259
5,240,25,strong,0.7,weak_tail,equal,feasible,1,151,0.0503333333333333,0.0430687769985801,0.0587480009550629
5,240,25,strong,0.7,weak_tail,equal,feasible,2,468,0.156,0.1434564008778791,0.1694234470451451
5,240,25,strong,0.7,weak_tail,equal,feasible,3,688,0.2293333333333333,0.2146414243359498,0.2447175257740265
5,240,25,strong,0.7,weak_tail,equal,feasible,4,432,0.144,0.1318917005824091,0.1570188397100229
5,240,25,strong,0.7,weak_tail,equal,feasible,5,591,0.197,0.1831589104857847,0.2116160718417628
5,240,25,strong,0.7,weak_tail,equal,feasible,8,670,0.2233333333333333,0.2087892086574127,0.2385850876372676
5,240,25,strong,0.7,weak_tail,hj,oracle,1,1,0.0003333333333333,5.8843941871566355e-05,0.0018858188843041
5,240,25,strong,0.7,weak_tail,hj,oracle,2,55,0.0183333333333333,0.0141124583462559,0.023786165925808
5,240,25,strong,0.7,weak_tail,hj,oracle,3,913,0.3043333333333333,0.288127149167334,0.3210399736338435
5,240,25,strong,0.7,weak_tail,hj,oracle,4,729,0.243,0.2279874281233833,0.2586699001214342
5,240,25,strong,0.7,weak_tail,hj,oracle,5,1302,0.434,0.4163601652361138,0.4518086427956292
5,240,25,strong,0.7,weak_tail,hj,oracle,8,0,0.0,0.0,0.0012788487253259
5,240,25,strong,0.7,weak_tail,hj,feasible,1,48,0.016,0.0120893591294979,0.0211485664366176
5,240,25,strong,0.7,weak_tail,hj,feasible,2,358,0.1193333333333333,0.1082169205914528,0.1314233762380953
5,240,25,strong,0.7,weak_tail,hj,feasible,3,843,0.281,0.2652035086734182,0.2973566270682746
5,240,25,strong,0.7,weak_tail,hj,feasible,4,617,0.2056666666666666,0.1915840115970688,0.220502137352573
5,240,25,strong,0.7,weak_tail,hj,feasible,5,769,0.2563333333333333,0.2410283002086545,0.2722615920701544
5,240,25,strong,0.7,weak_tail,hj,feasible,8,365,0.1216666666666666,0.110450205437071,0.1338507900984255
5,240,25,weak,0.0,full,equal,oracle,1,1202,0.4006666666666666,0.3832691511597769,0.4183182467869879
5,240,25,weak,0.0,full,equal,oracle,2,669,0.223,0.2084642147624624,0.2382442674313681
5,240,25,weak,0.0,full,equal,oracle,3,485,0.1616666666666666,0.1489270134352054,0.1752716742022651
5,240,25,weak,0.0,full,equal,oracle,4,302,0.1006666666666666,0.0904052288845772,0.1119494782973831
5,240,25,weak,0.0,full,equal,oracle,5,342,0.114,0.1031176735490427,0.1258695976669089
5,240,25,weak,0.0,full,equal,oracle,8,0,0.0,0.0,0.0012788487253259
5,240,25,weak,0.0,full,equal,feasible,1,976,0.3253333333333333,0.3088012171869388,0.3423121939677749
5,240,25,weak,0.0,full,equal,feasible,2,527,0.1756666666666666,0.1624667632607233,0.189696116612438
5,240,25,weak,0.0,full,equal,feasible,3,395,0.1316666666666666,0.1200367437660381,0.1442386747949518
5,240,25,weak,0.0,full,equal,feasible,4,348,0.116,0.1050289916604557,0.1279531641605946
5,240,25,weak,0.0,full,equal,feasible,5,454,0.1513333333333333,0.1389556785262004,0.1646027719849269
5,240,25,weak,0.0,full,equal,feasible,8,300,0.1,0.0897710526329483,0.1112520263473124
5,240,25,weak,0.0,full,hj,oracle,1,1264,0.4213333333333333,0.403775843961599,0.4390920282378522
5,240,25,weak,0.0,full,hj,oracle,2,680,0.2266666666666666,0.2120398987194587,0.2419925385837193
5,240,25,weak,0.0,full,hj,oracle,3,470,0.1566666666666666,0.1440996964213921,0.1701117797033317
5,240,25,weak,0.0,full,hj,oracle,4,278,0.0926666666666666,0.0828050804576881,0.1035700883038774
5,240,25,weak,0.0,full,hj,oracle,5,308,0.1026666666666666,0.0923086237446457,0.1140409680424132
5,240,25,weak,0.0,full,hj,oracle,8,0,0.0,0.0,0.0012788487253259
5,240,25,weak,0.0,full,hj,feasible,1,1075,0.3583333333333333,0.3413657654076742,0.3756632417311681
5,240,25,weak,0.0,full,hj,feasible,2,573,0.191,0.1773323558247361,0.2054579726875152
5,240,25,weak,0.0,full,hj,feasible,3,403,0.1343333333333333,0.1225971425742414,0.1470047887935469
5,240,25,weak,0.0,full,hj,feasible,4,330,0.11,0.0992983919562981,0.121699110049456
5,240,25,weak,0.0,full,hj,feasible,5,396,0.132,0.1203567048534542,0.1445845278083856
5,240,25,weak,0.0,full,hj,feasible,8,223,0.0743333333333333,0.0654813562361791,0.0842740369786483
5,240,25,weak,0.0,weak_tail,equal,oracle,1,1209,0.403,0.3855828145709399,0.4206652820817733
5,240,25,weak,0.0,weak_tail,equal,oracle,2,878,0.2926666666666667,0.2766588778224963,0.3092047514489389
5,240,25,weak,0.0,weak_tail,equal,oracle,3,702,0.234,0.2191961426228956,0.2494842048989777
5,240,25,weak,0.0,weak_tail,equal,oracle,4,154,0.0513333333333333,0.043994659229371,0.0598195610268214
5,240,25,weak,0.0,weak_tail,equal,oracle,5,57,0.019,0.0146942684174918,0.0245359840562717
5,240,25,weak,0.0,weak_tail,equal,oracle,8,0,0.0,0.0,0.0012788487253259
5,240,25,weak,0.0,weak_tail,equal,feasible,1,1133,0.3776666666666666,0.3604853468630302,0.3951608781250995
5,240,25,weak,0.0,weak_tail,equal,feasible,2,649,0.2163333333333333,0.2019672527181075,0.2314249474587273
5,240,25,weak,0.0,weak_tail,equal,feasible,3,432,0.144,0.1318917005824091,0.1570188397100229
5,240,25,weak,0.0,weak_tail,equal,feasible,4,188,0.0626666666666666,0.0545408014028638,0.0719110982822212
5,240,25,weak,0.0,weak_tail,equal,feasible,5,188,0.0626666666666666,0.0545408014028638,0.0719110982822212
5,240,25,weak,0.0,weak_tail,equal,feasible,8,410,0.1366666666666666,0.1248388035658095,0.1494238265079272
5,240,25,weak,0.0,weak_tail,hj,oracle,1,1229,0.4096666666666667,0.3921955472697701,0.4273688313999387
5,240,25,weak,0.0,weak_tail,hj,oracle,2,871,0.2903333333333333,0.2743667572775418,0.3068361732879448
5,240,25,weak,0.0,weak_tail,hj,oracle,3,686,0.2286666666666666,0.2139909624715193,0.2440363594367575
5,240,25,weak,0.0,weak_tail,hj,oracle,4,155,0.0516666666666666,0.0443034709528102,0.060176563404232
5,240,25,weak,0.0,weak_tail,hj,oracle,5,59,0.0196666666666666,0.0152776021048169,0.0252842785706462
5,240,25,weak,0.0,weak_tail,hj,oracle,8,0,0.0,0.0,0.0012788487253259
5,240,25,weak,0.0,weak_tail,hj,feasible,1,1155,0.385,0.3677453137889538,0.4025488214178712
5,240,25,weak,0.0,weak_tail,hj,feasible,2,609,0.203,0.1889905694500868,0.2177690666927568
5,240,25,weak,0.0,weak_tail,hj,feasible,3,479,0.1596666666666666,0.1469955410913387,0.1732082619410332
5,240,25,weak,0.0,weak_tail,hj,feasible,4,293,0.0976666666666666,0.0875525979080362,0.108809782366276
5,240,25,weak,0.0,weak_tail,hj,feasible,5,261,0.087,0.0774356330836624,0.0976206959634568
5,240,25,weak,0.0,weak_tail,hj,feasible,8,203,0.0676666666666666,0.059220358275795,0.0772187529220367
5,240,25,weak,0.7,full,equal,oracle,1,1144,0.3813333333333333,0.3641148065775133,0.3988553735199641
5,240,25,weak,0.7,full,equal,oracle,2,551,0.1836666666666666,0.1702182107442257,0.1979242075493304
5,240,25,weak,0.7,full,equal,oracle,3,442,0.1473333333333333,0.1351012676097342,0.1604674136911957
5,240,25,weak,0.7,full,equal,oracle,4,380,0.1266666666666666,0.1152404472020301,0.1390477598462133
5,240,25,weak,0.7,full,equal,oracle,5,483,0.161,0.1482831093829838,0.1745839500527871
5,240,25,weak,0.7,full,equal,oracle,8,0,0.0,0.0,0.0012788487253259
5,240,25,weak,0.7,full,equal,feasible,1,911,0.3036666666666666,0.2874714794802834,0.3203640151191945
5,240,25,weak,0.7,full,equal,feasible,2,457,0.1523333333333333,0.1399197693628433,0.1656361234508332
5,240,25,weak,0.7,full,equal,feasible,3,372,0.124,0.1126848784070766,0.1362768158343685
5,240,25,weak,0.7,full,equal,feasible,4,335,0.1116666666666666,0.1008892065936596,0.1234373659163434
5,240,25,weak,0.7,full,equal,feasible,5,448,0.1493333333333333,0.1370280793696852,0.1625354865363434
5,240,25,weak,0.7,full,equal,feasible,8,477,0.159,0.1463518776594633,0.1725202971712089
5,240,25,weak,0.7,full,hj,oracle,1,238,0.0793333333333333,0.0701916353654692,0.089550969362105
5,240,25,weak,0.7,full,hj,oracle,2,300,0.1,0.0897710526329483,0.1112520263473124
5,240,25,weak,0.7,full,hj,oracle,3,442,0.1473333333333333,0.1351012676097342,0.1604674136911957
5,240,25,weak,0.7,full,hj,oracle,4,999,0.333,0.3163585393951414,0.3500685960791174
5,240,25,weak,0.7,full,hj,oracle,5,1021,0.3403333333333333,0.3235919742936322,0.3574830713993219
5,240,25,weak,0.7,full,hj,oracle,8,0,0.0,0.0,0.0012788487253259
5,240,25,weak,0.7,full,hj,feasible,1,517,0.1723333333333333,0.1592400191255968,0.1862647197390668
5,240,25,weak,0.7,full,hj,feasible,2,426,0.142,0.1299670544635572,0.1549486012237761
5,240,25,weak,0.7,full,hj,feasible,3,453,0.151,0.1386343578680825,0.1642582785421949
5,240,25,weak,0.7,full,hj,feasible,4,635,0.2116666666666666,0.1974227480676487,0.2266480546972892
5,240,25,weak,0.7,full,hj,feasible,5,605,0.2016666666666666,0.1876942129861411,0.2164021667533033
5,240,25,weak,0.7,full,hj,feasible,8,364,0.1213333333333333,0.1101310789562721,0.1335041024783747
5,240,25,weak,0.7,weak_tail,equal,oracle,1,1218,0.406,0.3885581297604825,0.4236822937998787
5,240,25,weak,0.7,weak_tail,equal,oracle,2,675,0.225,0.2104143835198956,0.2402889832790337
5,240,25,weak,0.7,weak_tail,equal,oracle,3,869,0.2896666666666667,0.2737119609636294,0.3061593414001577
5,240,25,weak,0.7,weak_tail,equal,oracle,4,171,0.057,0.0492562740290168,0.0658767859416219
5,240,25,weak,0.7,weak_tail,equal,oracle,5,67,0.0223333333333333,0.0176247750015741,0.0282636184806872
5,240,25,weak,0.7,weak_tail,equal,oracle,8,0,0.0,0.0,0.0012788487253259
5,240,25,weak,0.7,weak_tail,equal,feasible,1,1006,0.3353333333333333,0.3186595929529464,0.3524282412272609
5,240,25,weak,0.7,weak_tail,equal,feasible,2,672,0.224,0.2094392375900199,0.2392666869063599
5,240,25,weak,0.7,weak_tail,equal,feasible,3,401,0.1336666666666666,0.1219568915096465,0.1463134116564423
5,240,25,weak,0.7,weak_tail,equal,feasible,4,212,0.0706666666666666,0.0620349157781521,0.0803965223273277
5,240,25,weak,0.7,weak_tail,equal,feasible,5,173,0.0576666666666666,0.0498768552486158,0.0665878329237225
5,240,25,weak,0.7,weak_tail,equal,feasible,8,536,0.1786666666666666,0.1653723714297784,0.192782835351031
5,240,25,weak,0.7,weak_tail,hj,oracle,1,415,0.1383333333333333,0.1264407243229997,0.151150976254986
5,240,25,weak,0.7,weak_tail,hj,oracle,2,1126,0.3753333333333333,0.3581762387642221,0.3928092875179592
5,240,25,weak,0.7,weak_tail,hj,oracle,3,1085,0.3616666666666667,0.3446601144028121,0.3790270337445281
5,240,25,weak,0.7,weak_tail,hj,oracle,4,272,0.0906666666666666,0.0809085919663415,0.1014716921901253
5,240,25,weak,0.7,weak_tail,hj,oracle,5,102,0.034,0.0280876675286825,0.0411042194833212
5,240,25,weak,0.7,weak_tail,hj,oracle,8,0,0.0,0.0,0.0012788487253259
5,240,25,weak,0.7,weak_tail,hj,feasible,1,700,0.2333333333333333,0.2185453105661725,0.2488034087540013
5,240,25,weak,0.7,weak_tail,hj,feasible,2,859,0.2863333333333333,0.2704386186475016,0.3027745427077877
5,240,25,weak,0.7,weak_tail,hj,feasible,3,565,0.1883333333333333,0.1747444616561746,0.2027193540492785
5,240,25,weak,0.7,weak_tail,hj,feasible,4,364,0.1213333333333333,0.1101310789562721,0.1335041024783747
5,240,25,weak,0.7,weak_tail,hj,feasible,5,284,0.0946666666666666,0.0847030285428707,0.1056670248237935
5,240,25,weak,0.7,weak_tail,hj,feasible,8,228,0.076,0.0670501357645342,0.0860343279545421
5,240,74,strong,0.0,full,equal,oracle,1,1,0.0003333333333333,5.8843941871566355e-05,0.0018858188843041
5,240,74,strong,0.0,full,equal,oracle,2,8,0.0026666666666666,0.0013518647401935,0.0052534967919306
5,240,74,strong,0.0,full,equal,oracle,3,60,0.02,0.01556981689337,0.0256578778829428
5,240,74,strong,0.0,full,equal,oracle,4,254,0.0846666666666666,0.0752283306584788,0.0951672996826919
5,240,74,strong,0.0,full,equal,oracle,5,2677,0.8923333333333333,0.8807358081167751,0.902927388583419
5,240,74,strong,0.0,full,equal,oracle,8,0,0.0,0.0,0.0012788487253259
5,240,74,strong,0.0,full,equal,feasible,1,74,0.0246666666666666,0.0196945510922433,0.0308545410959665
5,240,74,strong,0.0,full,equal,feasible,2,160,0.0533333333333333,0.0458488747772253,0.0619602300840658
5,240,74,strong,0.0,full,equal,feasible,3,287,0.0956666666666666,0.0856525369816895,0.106714958687524
5,240,74,strong,0.0,full,equal,feasible,4,473,0.1576666666666666,0.1450647942741924,0.1711441241530807
5,240,74,strong,0.0,full,equal,feasible,5,1493,0.4976666666666666,0.4797893478639409,0.5155499534301106
5,240,74,strong,0.0,full,equal,feasible,8,513,0.171,0.1579498340734792,0.1848916483877853
5,240,74,strong,0.0,full,hj,oracle,1,2,0.0006666666666666,0.0001828430878095,0.0024276338392159
5,240,74,strong,0.0,full,hj,oracle,2,14,0.0046666666666666,0.0027819139335313,0.0078183322036916
5,240,74,strong,0.0,full,hj,oracle,3,71,0.0236666666666666,0.0188058283318336,0.0297458215538268
5,240,74,strong,0.0,full,hj,oracle,4,253,0.0843333333333333,0.0749131829751923,0.0948166332651286
5,240,74,strong,0.0,full,hj,oracle,5,2660,0.8866666666666667,0.8748251698113316,0.8975191871744164
5,240,74,strong,0.0,full,hj,oracle,8,0,0.0,0.0,0.0012788487253259
5,240,74,strong,0.0,full,hj,feasible,1,103,0.0343333333333333,0.0283901731768666,0.0414675279359869
5,240,74,strong,0.0,full,hj,feasible,2,187,0.0623333333333333,0.0542293667315876,0.0715567188526477
5,240,74,strong,0.0,full,hj,feasible,3,321,0.107,0.096436971036717,0.1185682040613891
5,240,74,strong,0.0,full,hj,feasible,4,478,0.1593333333333333,0.1466736992734629,0.1728642896580591
5,240,74,strong,0.0,full,hj,feasible,5,1418,0.4726666666666667,0.4548478278396507,0.4905554158906671
5,240,74,strong,0.0,full,hj,feasible,8,493,0.1643333333333333,0.1515034197904832,0.1780217806537856
5,240,74,strong,0.0,weak_tail,equal,oracle,1,16,0.0053333333333333,0.0032855756253714,0.0086462987135509
5,240,74,strong,0.0,weak_tail,equal,oracle,2,105,0.035,0.0289956691464053,0.0421936601681477
5,240,74,strong,0.0,weak_tail,equal,oracle,3,459,0.153,0.1405626033953825,0.1663249176199936
5,240,74,strong,0.0,weak_tail,equal,oracle,4,609,0.203,0.1889905694500868,0.2177690666927568
5,240,74,strong,0.0,weak_tail,equal,oracle,5,1811,0.6036666666666667,0.5860416299015494,0.621026555462733
5,240,74,strong,0.0,weak_tail,equal,oracle,8,0,0.0,0.0,0.0012788487253259
5,240,74,strong,0.0,weak_tail,equal,feasible,1,204,0.068,0.0595328433782643,0.0775720819204173
5,240,74,strong,0.0,weak_tail,equal,feasible,2,397,0.1323333333333333,0.12067669146363,0.1449303552990596
5,240,74,strong,0.0,weak_tail,equal,feasible,3,495,0.165,0.1521477169781938,0.1787091116677746
5,240,74,strong,0.0,weak_tail,equal,feasible,4,459,0.153,0.1405626033953825,0.1663249176199936
5,240,74,strong,0.0,weak_tail,equal,feasible,5,833,0.2776666666666667,0.2619329814784233,0.2939690132547715
5,240,74,strong,0.0,weak_tail,equal,feasible,8,612,0.204,0.1899629967994489,0.218794081645944
5,240,74,strong,0.0,weak_tail,hj,oracle,1,11,0.0036666666666666,0.0020486685952001,0.0065541352394733
5,240,74,strong,0.0,weak_tail,hj,oracle,2,53,0.0176666666666666,0.013532252704955,0.0230347433654094
5,240,74,strong,0.0,weak_tail,hj,oracle,3,473,0.1576666666666666,0.1450647942741924,0.1711441241530807
5,240,74,strong,0.0,weak_tail,hj,oracle,4,618,0.206,0.191908259692955,0.2208437033575365
5,240,74,strong,0.0,weak_tail,hj,oracle,5,1845,0.615,0.5974511785821288,0.6322546862110463
5,240,74,strong,0.0,weak_tail,hj,oracle,8,0,0.0,0.0,0.0012788487253259
5,240,74,strong,0.0,weak_tail,hj,feasible,1,184,0.0613333333333333,0.0532954834449924,0.0704931598366934
5,240,74,strong,0.0,weak_tail,hj,feasible,2,265,0.0883333333333333,0.0786979248943257,0.0990216605561926
5,240,74,strong,0.0,weak_tail,hj,feasible,3,602,0.2006666666666666,0.1867221066243312,0.2153768308125638
5,240,74,strong,0.0,weak_tail,hj,feasible,4,575,0.1916666666666666,0.1779794931655839,0.206142463548367
5,240,74,strong,0.0,weak_tail,hj,feasible,5,962,0.3206666666666666,0.3042036003679318,0.337588413374885
5,240,74,strong,0.0,weak_tail,hj,feasible,8,412,0.1373333333333333,0.1254794991104197,0.1501147591650166
5,240,74,strong,0.7,full,equal,oracle,1,13,0.0043333333333333,0.0025342196904608,0.0074002123459123
5,240,74,strong,0.7,full,equal,oracle,2,41,0.0136666666666666,0.0100903332465302,0.0184868936136367
5,240,74,strong,0.7,full,equal,oracle,3,100,0.0333333333333333,0.027483152333113,0.0403771064771911
5,240,74,strong,0.7,full,equal,oracle,4,219,0.073,0.0642273151202552,0.0828648216911731
5,240,74,strong,0.7,full,equal,oracle,5,2627,0.8756666666666667,0.863376720403415,0.8869957712542903
5,240,74,strong,0.7,full,equal,oracle,8,0,0.0,0.0,0.0012788487253259
5,240,74,strong,0.7,full,equal,feasible,1,57,0.019,0.0146942684174918,0.0245359840562717
5,240,74,strong,0.7,full,equal,feasible,2,95,0.0316666666666666,0.0259748716704338,0.0385563166356214
5,240,74,strong,0.7,full,equal,feasible,3,207,0.069,0.0604706680196548,0.0786316995815761
5,240,74,strong,0.7,full,equal,feasible,4,529,0.1763333333333333,0.1631123291340318,0.1903821789408291
5,240,74,strong,0.7,full,equal,feasible,5,1418,0.4726666666666667,0.4548478278396507,0.4905554158906671
5,240,74,strong,0.7,full,equal,feasible,8,694,0.2313333333333333,0.2165931294774888,0.2467607052375863
5,240,74,strong,0.7,full,hj,oracle,1,0,0.0,0.0,0.0012788487253259
5,240,74,strong,0.7,full,hj,oracle,2,0,0.0,0.0,0.0012788487253259
5,240,74,strong,0.7,full,hj,oracle,3,1,0.0003333333333333,5.8843941871566355e-05,0.0018858188843041
5,240,74,strong,0.7,full,hj,oracle,4,72,0.024,0.0191017993459779,0.0301156646405323
5,240,74,strong,0.7,full,hj,oracle,5,2927,0.9756666666666668,0.9695147639639504,0.9806019579486897
5,240,74,strong,0.7,full,hj,oracle,8,0,0.0,0.0,0.0012788487253259
5,240,74,strong,0.7,full,hj,feasible,1,0,0.0,0.0,0.0012788487253259
5,240,74,strong,0.7,full,hj,feasible,2,6,0.002,0.0009169302695833,0.0043568030608413
5,240,74,strong,0.7,full,hj,feasible,3,62,0.0206666666666666,0.0161552988480916,0.0264040241299208
5,240,74,strong,0.7,full,hj,feasible,4,449,0.1496666666666666,0.1373492915662911,0.1628800884405872
5,240,74,strong,0.7,full,hj,feasible,5,1920,0.64,0.6226547501458845,0.6569871722110242
5,240,74,strong,0.7,full,hj,feasible,8,563,0.1876666666666666,0.1740976532383266,0.2020345342654269
5,240,74,strong,0.7,weak_tail,equal,oracle,1,37,0.0123333333333333,0.0089611270980192,0.0169528433587486
5,240,74,strong,0.7,weak_tail,equal,oracle,2,101,0.0336666666666666,0.0277853264671042,0.0407407464440497
5,240,74,strong,0.7,weak_tail,equal,oracle,3,409,0.1363333333333333,0.1245184923956623,0.1490783235772247
5,240,74,strong,0.7,weak_tail,equal,oracle,4,563,0.1876666666666666,0.1740976532383266,0.2020345342654269
5,240,74,strong,0.7,weak_tail,equal,oracle,5,1890,0.63,0.6125673870769301,0.647100112254485
5,240,74,strong,0.7,weak_tail,equal,oracle,8,0,0.0,0.0,0.0012788487253259
5,240,74,strong,0.7,weak_tail,equal,feasible,1,92,0.0306666666666666,0.0250720696116264,0.0374616763918794
5,240,74,strong,0.7,weak_tail,equal,feasible,2,488,0.1626666666666666,0.1498930182769277,0.1763031116630921
5,240,74,strong,0.7,weak_tail,equal,feasible,3,460,0.1533333333333333,0.1408840522825866,0.1666692828336392
5,240,74,strong,0.7,weak_tail,equal,feasible,4,446,0.1486666666666666,0.1363857206503237,0.1618462170540053
5,240,74,strong,0.7,weak_tail,equal,feasible,5,820,0.2733333333333333,0.2576829484450923,0.2895634629770554
5,240,74,strong,0.7,weak_tail,equal,feasible,8,694,0.2313333333333333,0.2165931294774888,0.2467607052375863
5,240,74,strong,0.7,weak_tail,hj,oracle,1,0,0.0,0.0,0.0012788487253259
5,240,74,strong,0.7,weak_tail,hj,oracle,2,8,0.0026666666666666,0.0013518647401935,0.0052534967919306
5,240,74,strong,0.7,weak_tail,hj,oracle,3,240,0.08,0.0708205450384302,0.0902536878908435
5,240,74,strong,0.7,weak_tail,hj,oracle,4,527,0.1756666666666666,0.1624667632607233,0.189696116612438
5,240,74,strong,0.7,weak_tail,hj,oracle,5,2225,0.7416666666666667,0.72570132277446,0.7570139003416325
5,240,74,strong,0.7,weak_tail,hj,oracle,8,0,0.0,0.0,0.0012788487253259
5,240,74,strong,0.7,weak_tail,hj,feasible,1,5,0.0016666666666666,0.0007121039409388,0.003895815288636
5,240,74,strong,0.7,weak_tail,hj,feasible,2,216,0.072,0.0632873717982991,0.0818073227105798
5,240,74,strong,0.7,weak_tail,hj,feasible,3,511,0.1703333333333333,0.1573048527397292,0.1842050015198357
5,240,74,strong,0.7,weak_tail,hj,feasible,4,697,0.2323333333333333,0.2175691607968682,0.2477821162207562
5,240,74,strong,0.7,weak_tail,hj,feasible,5,1138,0.3793333333333333,0.3621349710520436,0.3968403244403351
5,240,74,strong,0.7,weak_tail,hj,feasible,8,433,0.1443333333333333,0.1322125554006789,0.157363798992603
5,240,74,weak,0.0,full,equal,oracle,1,1036,0.3453333333333333,0.3285264536785394,0.3625358035271614
5,240,74,weak,0.0,full,equal,oracle,2,772,0.2573333333333333,0.2420071465295251,0.2732801880518331
5,240,74,weak,0.0,full,equal,oracle,3,501,0.167,0.1540810719178535,0.1807706413332135
5,240,74,weak,0.0,full,equal,oracle,4,334,0.1113333333333333,0.1005709798434639,0.1230897785656894
5,240,74,weak,0.0,full,equal,oracle,5,357,0.119,0.1078979952429838,0.1310764874857145
5,240,74,weak,0.0,full,equal,oracle,8,0,0.0,0.0,0.0012788487253259
5,240,74,weak,0.0,full,equal,feasible,1,921,0.307,0.2907502343943788,0.3237434012135969
5,240,74,weak,0.0,full,equal,feasible,2,538,0.1793333333333333,0.1660182570049551,0.1934685779775538
5,240,74,weak,0.0,full,equal,feasible,3,394,0.1313333333333333,0.1197168082833848,0.1438927961767554
5,240,74,weak,0.0,full,equal,feasible,4,374,0.1246666666666666,0.1133236066319313,0.1369697158112133
5,240,74,weak,0.0,full,equal,feasible,5,458,0.1526666666666666,0.140241175736516,0.1659805311780103
5,240,74,weak,0.0,full,equal,feasible,8,315,0.105,0.0945308579948152,0.1164794324981922
5,240,74,weak,0.0,full,hj,oracle,1,1097,0.3656666666666666,0.3486145131319088,0.3830624042256286
5,240,74,weak,0.0,full,hj,oracle,2,794,0.2646666666666666,0.2491885907514262,0.2807466540486272
5,240,74,weak,0.0,full,hj,oracle,3,491,0.1636666666666666,0.1508592004587268,0.1773343717838424
5,240,74,weak,0.0,full,hj,oracle,4,309,0.103,0.0926259808899368,0.1143894249979719
5,240,74,weak,0.0,full,hj,oracle,5,309,0.103,0.0926259808899368,0.1143894249979719
5,240,74,weak,0.0,full,hj,oracle,8,0,0.0,0.0,0.0012788487253259
5,240,74,weak,0.0,full,hj,feasible,1,1018,0.3393333333333333,0.3226053294649638,0.3564722739254409
5,240,74,weak,0.0,full,hj,feasible,2,580,0.1933333333333333,0.1795976203196379,0.2078534068985619
5,240,74,weak,0.0,full,hj,feasible,3,407,0.1356666666666666,0.123877943635897,0.1483872441352904
5,240,74,weak,0.0,full,hj,feasible,4,356,0.1186666666666666,0.1075790990429635,0.1307295695848851
5,240,74,weak,0.0,full,hj,feasible,5,403,0.1343333333333333,0.1225971425742414,0.1470047887935469
5,240,74,weak,0.0,full,hj,feasible,8,236,0.0786666666666666,0.0695629258018801,0.0888480507239944
5,240,74,weak,0.0,weak_tail,equal,oracle,1,1188,0.396,0.3786430648018725,0.4136229357329953
5,240,74,weak,0.0,weak_tail,equal,oracle,2,782,0.2606666666666666,0.2452707367280842,0.2766747388617718
5,240,74,weak,0.0,weak_tail,equal,oracle,3,699,0.233,0.2182199141814341,0.2484629910378899
5,240,74,weak,0.0,weak_tail,equal,oracle,4,217,0.0723333333333333,0.0636006295788421,0.0821598790308866
5,240,74,weak,0.0,weak_tail,equal,oracle,5,114,0.038,0.0317279808987635,0.0454536753234376
5,240,74,weak,0.0,weak_tail,equal,oracle,8,0,0.0,0.0,0.0012788487253259
5,240,74,weak,0.0,weak_tail,equal,feasible,1,1079,0.3596666666666667,0.342683397352324,0.3770088661899176
5,240,74,weak,0.0,weak_tail,equal,feasible,2,655,0.2183333333333333,0.203915753404453,0.2334713313774806
5,240,74,weak,0.0,weak_tail,equal,feasible,3,401,0.1336666666666666,0.1219568915096465,0.1463134116564423
5,240,74,weak,0.0,weak_tail,equal,feasible,4,202,0.0673333333333333,0.0589079354279717,0.0768653616690102
5,240,74,weak,0.0,weak_tail,equal,feasible,5,183,0.061,0.0529843310254596,0.0701384981553765
5,240,74,weak,0.0,weak_tail,equal,feasible,8,480,0.16,0.1473174030619614,0.1735522140712602
5,240,74,weak,0.0,weak_tail,hj,oracle,1,1195,0.3983333333333333,0.3809559008329027,0.4159707984079135
5,240,74,weak,0.0,weak_tail,hj,oracle,2,747,0.249,0.2338533969046407,0.2647885851554729
5,240,74,weak,0.0,weak_tail,hj,oracle,3,686,0.2286666666666666,0.2139909624715193,0.2440363594367575
5,240,74,weak,0.0,weak_tail,hj,oracle,4,241,0.0803333333333333,0.0711350742042567,0.0906049728258668
5,240,74,weak,0.0,weak_tail,hj,oracle,5,131,0.0436666666666666,0.0369191397430311,0.0515813561936163
5,240,74,weak,0.0,weak_tail,hj,oracle,8,0,0.0,0.0,0.0012788487253259
5,240,74,weak,0.0,weak_tail,hj,feasible,1,1083,0.361,0.3440011728928033,0.3783543470528372
5,240,74,weak,0.0,weak_tail,hj,feasible,2,589,0.1963333333333333,0.1825112602394065,0.2109320938864414
5,240,74,weak,0.0,weak_tail,hj,feasible,3,453,0.151,0.1386343578680825,0.1642582785421949
5,240,74,weak,0.0,weak_tail,hj,feasible,4,329,0.1096666666666666,0.0989803253945503,0.1213513625103541
5,240,74,weak,0.0,weak_tail,hj,feasible,5,299,0.0996666666666666,0.0894540193552607,0.1109032455241502
5,240,74,weak,0.0,weak_tail,hj,feasible,8,247,0.0823333333333333,0.0730232723729681,0.0927116592622541
5,240,74,weak,0.7,full,equal,oracle,1,1084,0.3613333333333333,0.3443306391739869,0.3786906948725034
5,240,74,weak,0.7,full,equal,oracle,2,487,0.1623333333333333,0.1495709968935688,0.1759593189456013
5,240,74,weak,0.7,full,equal,oracle,3,455,0.1516666666666666,0.1392770207000517,0.1649472439119253
5,240,74,weak,0.7,full,equal,oracle,4,410,0.1366666666666666,0.1248388035658095,0.1494238265079272
5,240,74,weak,0.7,full,equal,oracle,5,564,0.188,0.174421049140717,0.2023769524638863
5,240,74,weak,0.7,full,equal,oracle,8,0,0.0,0.0,0.0012788487253259
5,240,74,weak,0.7,full,equal,feasible,1,871,0.2903333333333333,0.2743667572775418,0.3068361732879448
5,240,74,weak,0.7,full,equal,feasible,2,410,0.1366666666666666,0.1248388035658095,0.1494238265079272
5,240,74,weak,0.7,full,equal,feasible,3,360,0.12,0.1088548583134849,0.1321170667177627
5,240,74,weak,0.7,full,equal,feasible,4,394,0.1313333333333333,0.1197168082833848,0.1438927961767554
5,240,74,weak,0.7,full,equal,feasible,5,438,0.146,0.1338171703935225,0.1590882545040081
5,240,74,weak,0.7,full,equal,feasible,8,527,0.1756666666666666,0.1624667632607233,0.189696116612438
5,240,74,weak,0.7,full,hj,oracle,1,95,0.0316666666666666,0.0259748716704338,0.0385563166356214
5,240,74,weak,0.7,full,hj,oracle,2,214,0.0713333333333333,0.0626610280287148,0.0811020382784646
5,240,74,weak,0.7,full,hj,oracle,3,429,0.143,0.130929273667792,0.1559838243220906
5,240,74,weak,0.7,full,hj,oracle,4,969,0.323,0.3065021711394206,0.3399505413093449
5,240,74,weak,0.7,full,hj,oracle,5,1293,0.431,0.4133785999968918,0.4487978811272031
5,240,74,weak,0.7,full,hj,oracle,8,0,0.0,0.0,0.0012788487253259
5,240,74,weak,0.7,full,hj,feasible,1,389,0.1296666666666666,0.1181175178479563,0.1421630161079351
5,240,74,weak,0.7,full,hj,feasible,2,386,0.1286666666666666,0.1171582562059892,0.1411248354473528
5,240,74,weak,0.7,full,hj,feasible,3,502,0.1673333333333333,0.1544033648302494,0.1811141625216674
5,240,74,weak,0.7,full,hj,feasible,4,690,0.23,0.2152919395665815,0.2453986387450944
5,240,74,weak,0.7,full,hj,feasible,5,692,0.2306666666666666,0.2159425080008691,0.2460796985125064
5,240,74,weak,0.7,full,hj,feasible,8,341,0.1136666666666666,0.1027992277189632,0.1255222293961385
5,240,74,weak,0.7,weak_tail,equal,oracle,1,1180,0.3933333333333333,0.376000332524318,0.4109391552037515
5,240,74,weak,0.7,weak_tail,equal,oracle,2,640,0.2133333333333333,0.1990454617906847,0.2283544114785022
5,240,74,weak,0.7,weak_tail,equal,oracle,3,754,0.2513333333333333,0.2361356851667563,0.2671669955993058
5,240,74,weak,0.7,weak_tail,equal,oracle,4,271,0.0903333333333333,0.0805926554708909,0.101121814584726
5,240,74,weak,0.7,weak_tail,equal,oracle,5,155,0.0516666666666666,0.0443034709528102,0.060176563404232
5,240,74,weak,0.7,weak_tail,equal,oracle,8,0,0.0,0.0,0.0012788487253259
5,240,74,weak,0.7,weak_tail,equal,feasible,1,982,0.3273333333333333,0.3107722043486222,0.3443360914111903
5,240,74,weak,0.7,weak_tail,equal,feasible,2,626,0.2086666666666666,0.1945027815853541,0.2235756942719357
5,240,74,weak,0.7,weak_tail,equal,feasible,3,384,0.128,0.1165188801334941,0.1404325833181483
5,240,74,weak,0.7,weak_tail,equal,feasible,4,199,0.0663333333333333,0.0579710447093083,0.0758048100851243
5,240,74,weak,0.7,weak_tail,equal,feasible,5,225,0.075,0.0661087063006732,0.0849783151158538
5,240,74,weak,0.7,weak_tail,equal,feasible,8,584,0.1946666666666666,0.1808924118512211,0.2092218717703778
5,240,74,weak,0.7,weak_tail,hj,oracle,1,264,0.088,0.0783822865297667,0.0986714848199018
5,240,74,weak,0.7,weak_tail,hj,oracle,2,992,0.3306666666666666,0.3140579501302328,0.3477084866380775
5,240,74,weak,0.7,weak_tail,hj,oracle,3,982,0.3273333333333333,0.3107722043486222,0.3443360914111903
5,240,74,weak,0.7,weak_tail,hj,oracle,4,475,0.1583333333333333,0.1457082952489456,0.171832251380027
5,240,74,weak,0.7,weak_tail,hj,oracle,5,287,0.0956666666666666,0.0856525369816895,0.106714958687524
5,240,74,weak,0.7,weak_tail,hj,oracle,8,0,0.0,0.0,0.0012788487253259
5,240,74,weak,0.7,weak_tail,hj,feasible,1,600,0.2,0.1860741128039072,0.2146931964312883
5,240,74,weak,0.7,weak_tail,hj,feasible,2,804,0.268,0.2524547405555595,0.2841386452529918
5,240,74,weak,0.7,weak_tail,hj,feasible,3,573,0.191,0.1773323558247361,0.2054579726875152
5,240,74,weak,0.7,weak_tail,hj,feasible,4,378,0.126,0.1146013917727821,0.1383551870737617
5,240,74,weak,0.7,weak_tail,hj,feasible,5,387,0.129,0.1174779838356869,0.1414709219185049
5,240,74,weak,0.7,weak_tail,hj,feasible,8,258,0.086,0.0764893768640401,0.0965695098805297
5,600,25,strong,0.0,full,equal,oracle,1,0,0.0,0.0,0.0012788487253259
5,600,25,strong,0.0,full,equal,oracle,2,0,0.0,0.0,0.0012788487253259
5,600,25,strong,0.0,full,equal,oracle,3,0,0.0,0.0,0.0012788487253259
5,600,25,strong,0.0,full,equal,oracle,4,29,0.0096666666666666,0.0067390263076782,0.0138484313422914
5,600,25,strong,0.0,full,equal,oracle,5,2971,0.9903333333333332,0.9861515686577084,0.9932609736923216
5,600,25,strong,0.0,full,equal,oracle,8,0,0.0,0.0,0.0012788487253259
5,600,25,strong,0.0,full,equal,feasible,1,10,0.0033333333333333,0.0018116337615376,0.0061253559722861
5,600,25,strong,0.0,full,equal,feasible,2,20,0.0066666666666666,0.004319839120639,0.0102752916216825
5,600,25,strong,0.0,full,equal,feasible,3,100,0.0333333333333333,0.027483152333113,0.0403771064771911
5,600,25,strong,0.0,full,equal,feasible,4,298,0.0993333333333333,0.0891370228596733,0.1105544279188878
5,600,25,strong,0.0,full,equal,feasible,5,1995,0.665,0.6479088226026989,0.6816691573179435
5,600,25,strong,0.0,full,equal,feasible,8,577,0.1923333333333333,0.1786266955038284,0.2068268894118221
5,600,25,strong,0.0,full,hj,oracle,1,0,0.0,0.0,0.0012788487253259
5,600,25,strong,0.0,full,hj,oracle,2,0,0.0,0.0,0.0012788487253259
5,600,25,strong,0.0,full,hj,oracle,3,0,0.0,0.0,0.0012788487253259
5,600,25,strong,0.0,full,hj,oracle,4,29,0.0096666666666666,0.0067390263076782,0.0138484313422914
5,600,25,strong,0.0,full,hj,oracle,5,2971,0.9903333333333332,0.9861515686577084,0.9932609736923216
5,600,25,strong,0.0,full,hj,oracle,8,0,0.0,0.0,0.0012788487253259
5,600,25,strong,0.0,full,hj,feasible,1,13,0.0043333333333333,0.0025342196904608,0.0074002123459123
5,600,25,strong,0.0,full,hj,feasible,2,29,0.0096666666666666,0.0067390263076782,0.0138484313422914
5,600,25,strong,0.0,full,hj,feasible,3,110,0.0366666666666666,0.0305121357694721,0.0440062640493299
5,600,25,strong,0.0,full,hj,feasible,4,302,0.1006666666666666,0.0904052288845772,0.1119494782973831
5,600,25,strong,0.0,full,hj,feasible,5,1988,0.6626666666666666,0.6455495734975532,0.6793677077171407
5,600,25,strong,0.0,full,hj,feasible,8,558,0.186,0.1724809241162921,0.2003221928832126
5,600,25,strong,0.0,weak_tail,equal,oracle,1,0,0.0,0.0,0.0012788487253259
5,600,25,strong,0.0,weak_tail,equal,oracle,2,2,0.0006666666666666,0.0001828430878095,0.0024276338392159
5,600,25,strong,0.0,weak_tail,equal,oracle,3,369,0.123,0.1117269936307605,0.1352372583081352
5,600,25,strong,0.0,weak_tail,equal,oracle,4,501,0.167,0.1540810719178535,0.1807706413332135
5,600,25,strong,0.0,weak_tail,equal,oracle,5,2128,0.7093333333333334,0.6928254266787167,0.7253058286549469
5,600,25,strong,0.0,weak_tail,equal,oracle,8,0,0.0,0.0,0.0012788487253259
5,600,25,strong,0.0,weak_tail,equal,feasible,1,43,0.0143333333333333,0.0106587098144865,0.01925014524738
5,600,25,strong,0.0,weak_tail,equal,feasible,2,197,0.0656666666666666,0.0573467701411072,0.0750974564516258
5,600,25,strong,0.0,weak_tail,equal,feasible,3,558,0.186,0.1724809241162921,0.2003221928832126
5,600,25,strong,0.0,weak_tail,equal,feasible,4,512,0.1706666666666666,0.1576273341048057,0.184548334255609
5,600,25,strong,0.0,weak_tail,equal,feasible,5,1077,0.359,0.3420245634086391,0.3763360719319027
5,600,25,strong,0.0,weak_tail,equal,feasible,8,613,0.2043333333333333,0.1902871695773539,0.2191357229688888
5,600,25,strong,0.0,weak_tail,hj,oracle,1,0,0.0,0.0,0.0012788487253259
5,600,25,strong,0.0,weak_tail,hj,oracle,2,1,0.0003333333333333,5.8843941871566355e-05,0.0018858188843041
5,600,25,strong,0.0,weak_tail,hj,oracle,3,372,0.124,0.1126848784070766,0.1362768158343685
5,600,25,strong,0.0,weak_tail,hj,oracle,4,501,0.167,0.1540810719178535,0.1807706413332135
5,600,25,strong,0.0,weak_tail,hj,oracle,5,2126,0.7086666666666667,0.6921486583793715,0.7246509687525926
5,600,25,strong,0.0,weak_tail,hj,oracle,8,0,0.0,0.0,0.0012788487253259
5,600,25,strong,0.0,weak_tail,hj,feasible,1,39,0.013,0.0095244109875619,0.0177211876709055
5,600,25,strong,0.0,weak_tail,hj,feasible,2,157,0.0523333333333333,0.0449213658587214,0.0608902967000204
5,600,25,strong,0.0,weak_tail,hj,feasible,3,669,0.223,0.2084642147624624,0.2382442674313681
5,600,25,strong,0.0,weak_tail,hj,feasible,4,603,0.201,0.1870461266894498,0.215718624848295
5,600,25,strong,0.0,weak_tail,hj,feasible,5,1109,0.3696666666666666,0.3525701905208955,0.3870964960468394
5,600,25,strong,0.0,weak_tail,hj,feasible,8,423,0.141,0.1290050447960565,0.1539131685887274
5,600,25,strong,0.7,full,equal,oracle,1,0,0.0,0.0,0.0012788487253259
5,600,25,strong,0.7,full,equal,oracle,2,0,0.0,0.0,0.0012788487253259
5,600,25,strong,0.7,full,equal,oracle,3,6,0.002,0.0009169302695833,0.0043568030608413
5,600,25,strong,0.7,full,equal,oracle,4,28,0.0093333333333333,0.0064653588228406,0.0134562847262792
5,600,25,strong,0.7,full,equal,oracle,5,2966,0.9886666666666668,0.9842050842176286,0.991878387628153
5,600,25,strong,0.7,full,equal,oracle,8,0,0.0,0.0,0.0012788487253259
5,600,25,strong,0.7,full,equal,feasible,1,1,0.0003333333333333,5.8843941871566355e-05,0.0018858188843041
5,600,25,strong,0.7,full,equal,feasible,2,17,0.0056666666666666,0.0035410565832478,0.0090566318565244
5,600,25,strong,0.7,full,equal,feasible,3,51,0.017,0.012953739842509,0.0222816280261558
5,600,25,strong,0.7,full,equal,feasible,4,323,0.1076666666666666,0.0970726114165808,0.1192641918832248
5,600,25,strong,0.7,full,equal,feasible,5,1827,0.609,0.5914095994876911,0.6263116114901879
5,600,25,strong,0.7,full,equal,feasible,8,781,0.2603333333333333,0.2449443247278906,0.2763353367611156
5,600,25,strong,0.7,full,hj,oracle,1,0,0.0,0.0,0.0012788487253259
5,600,25,strong,0.7,full,hj,oracle,2,0,0.0,0.0,0.0012788487253259
5,600,25,strong,0.7,full,hj,oracle,3,0,0.0,0.0,0.0012788487253259
5,600,25,strong,0.7,full,hj,oracle,4,3,0.001,0.0003401472190391,0.0029361438088361
5,600,25,strong,0.7,full,hj,oracle,5,2997,0.999,0.9970638561911638,0.9996598527809608
5,600,25,strong,0.7,full,hj,oracle,8,0,0.0,0.0,0.0012788487253259
5,600,25,strong,0.7,full,hj,feasible,1,0,0.0,0.0,0.0012788487253259
5,600,25,strong,0.7,full,hj,feasible,2,0,0.0,0.0,0.0012788487253259
5,600,25,strong,0.7,full,hj,feasible,3,8,0.0026666666666666,0.0013518647401935,0.0052534967919306
5,600,25,strong,0.7,full,hj,feasible,4,156,0.052,0.044612373435453,0.060533475022439
5,600,25,strong,0.7,full,hj,feasible,5,2151,0.717,0.7006113295455768,0.7328336501076317
5,600,25,strong,0.7,full,hj,feasible,8,685,0.2283333333333333,0.2136657516027617,0.2436957562046653
5,600,25,strong,0.7,weak_tail,equal,oracle,1,0,0.0,0.0,0.0012788487253259
5,600,25,strong,0.7,weak_tail,equal,oracle,2,6,0.002,0.0009169302695833,0.0043568030608413
5,600,25,strong,0.7,weak_tail,equal,oracle,3,394,0.1313333333333333,0.1197168082833848,0.1438927961767554
5,600,25,strong,0.7,weak_tail,equal,oracle,4,516,0.172,0.1589174451712877,0.185921479592526
5,600,25,strong,0.7,weak_tail,equal,oracle,5,2084,0.6946666666666667,0.6779461649255487,0.7108892699707243
5,600,25,strong,0.7,weak_tail,equal,oracle,8,0,0.0,0.0,0.0012788487253259
5,600,25,strong,0.7,weak_tail,equal,feasible,1,8,0.0026666666666666,0.0013518647401935,0.0052534967919306
5,600,25,strong,0.7,weak_tail,equal,feasible,2,233,0.0776666666666666,0.0686202417477886,0.0877932924755366
5,600,25,strong,0.7,weak_tail,equal,feasible,3,549,0.183,0.1695718742751529,0.1972389158167036
5,600,25,strong,0.7,weak_tail,equal,feasible,4,505,0.1683333333333333,0.1553703576642514,0.1821446119902147
5,600,25,strong,0.7,weak_tail,equal,feasible,5,1023,0.341,0.324249784145018,0.3581568897496356
5,600,25,strong,0.7,weak_tail,equal,feasible,8,682,0.2273333333333333,0.212690199497621,0.2426738660072567
5,600,25,strong,0.7,weak_tail,hj,oracle,1,0,0.0,0.0,0.0012788487253259
5,600,25,strong,0.7,weak_tail,hj,oracle,2,1,0.0003333333333333,5.8843941871566355e-05,0.0018858188843041
5,600,25,strong,0.7,weak_tail,hj,oracle,3,282,0.094,0.0840702195903577,0.1049682055746069
5,600,25,strong,0.7,weak_tail,hj,oracle,4,505,0.1683333333333333,0.1553703576642514,0.1821446119902147
5,600,25,strong,0.7,weak_tail,hj,oracle,5,2212,0.7373333333333333,0.7212890941413502,0.752770545663695
5,600,25,strong,0.7,weak_tail,hj,oracle,8,0,0.0,0.0,0.0012788487253259
5,600,25,strong,0.7,weak_tail,hj,feasible,1,0,0.0,0.0,0.0012788487253259
5,600,25,strong,0.7,weak_tail,hj,feasible,2,103,0.0343333333333333,0.0283901731768666,0.0414675279359869
5,600,25,strong,0.7,weak_tail,hj,feasible,3,598,0.1993333333333333,0.1854261809224633,0.2140095001110327
5,600,25,strong,0.7,weak_tail,hj,feasible,4,668,0.2226666666666666,0.2081392346109038,0.237903433482077
5,600,25,strong,0.7,weak_tail,hj,feasible,5,1199,0.3996666666666666,0.3822777075109305,0.4173122481332849
5,600,25,strong,0.7,weak_tail,hj,feasible,8,432,0.144,0.1318917005824091,0.1570188397100229
5,600,25,weak,0.0,full,equal,oracle,1,377,0.1256666666666666,0.1142819046346236,0.1380088601110704
5,600,25,weak,0.0,full,equal,oracle,2,430,0.1433333333333333,0.1312500596496788,0.1563288524410537
5,600,25,weak,0.0,full,equal,oracle,3,493,0.1643333333333333,0.1515034197904832,0.1780217806537856
5,600,25,weak,0.0,full,equal,oracle,4,577,0.1923333333333333,0.1786266955038284,0.2068268894118221
5,600,25,weak,0.0,full,equal,oracle,5,1123,0.3743333333333333,0.3571867519812933,0.3918013319983386
5,600,25,weak,0.0,full,equal,oracle,8,0,0.0,0.0,0.0012788487253259
5,600,25,weak,0.0,full,equal,feasible,1,554,0.1846666666666666,0.1711878433587342,0.1989520172373713
5,600,25,weak,0.0,full,equal,feasible,2,448,0.1493333333333333,0.1370280793696852,0.1625354865363434
5,600,25,weak,0.0,full,equal,feasible,3,445,0.1483333333333333,0.1360645742486837,0.1615015493547955
5,600,25,weak,0.0,full,equal,feasible,4,491,0.1636666666666666,0.1508592004587268,0.1773343717838424
5,600,25,weak,0.0,full,equal,feasible,5,688,0.2293333333333333,0.2146414243359498,0.2447175257740265
5,600,25,weak,0.0,full,equal,feasible,8,374,0.1246666666666666,0.1133236066319313,0.1369697158112133
5,600,25,weak,0.0,full,hj,oracle,1,433,0.1443333333333333,0.1322125554006789,0.157363798992603
5,600,25,weak,0.0,full,hj,oracle,2,464,0.1546666666666666,0.1421700589883528,0.1680465325312723
5,600,25,weak,0.0,full,hj,oracle,3,500,0.1666666666666666,0.1537587980972108,0.1804271010530064
5,600,25,weak,0.0,full,hj,oracle,4,554,0.1846666666666666,0.1711878433587342,0.1989520172373713
5,600,25,weak,0.0,full,hj,oracle,5,1049,0.3496666666666667,0.3328046826768124,0.3669131578399355
5,600,25,weak,0.0,full,hj,oracle,8,0,0.0,0.0,0.0012788487253259
5,600,25,weak,0.0,full,hj,feasible,1,643,0.2143333333333333,0.2000192632247946,0.2293780523469416
5,600,25,weak,0.0,full,hj,feasible,2,491,0.1636666666666666,0.1508592004587268,0.1773343717838424
5,600,25,weak,0.0,full,hj,feasible,3,452,0.1506666666666666,0.1383130587841239,0.1639137635253038
5,600,25,weak,0.0,full,hj,feasible,4,466,0.1553333333333333,0.1428131882553468,0.1687350314659778
5,600,25,weak,0.0,full,hj,feasible,5,625,0.2083333333333333,0.1941784143755685,0.2232342473808716
5,600,25,weak,0.0,full,hj,feasible,8,323,0.1076666666666666,0.0970726114165808,0.1192641918832248
5,600,25,weak,0.0,weak_tail,equal,oracle,1,489,0.163,0.1502150593645739,0.1766468846762957
5,600,25,weak,0.0,weak_tail,equal,oracle,2,712,0.2373333333333333,0.2224510836431165,0.2528874048872547
5,600,25,weak,0.0,weak_tail,equal,oracle,3,1137,0.379,0.3618050288299461,0.3965044525615828
5,600,25,weak,0.0,weak_tail,equal,oracle,4,407,0.1356666666666666,0.123877943635897,0.1483872441352904
5,600,25,weak,0.0,weak_tail,equal,oracle,5,255,0.085,0.0755435241310502,0.0955179203109702
5,600,25,weak,0.0,weak_tail,equal,oracle,8,0,0.0,0.0,0.0012788487253259
5,600,25,weak,0.0,weak_tail,equal,feasible,1,743,0.2476666666666666,0.2325495015591941,0.2634292240975203
5,600,25,weak,0.0,weak_tail,equal,feasible,2,676,0.2253333333333333,0.2107394594184804,0.2406297214812986
5,600,25,weak,0.0,weak_tail,equal,feasible,3,536,0.1786666666666666,0.1653723714297784,0.192782835351031
5,600,25,weak,0.0,weak_tail,equal,feasible,4,284,0.0946666666666666,0.0847030285428707,0.1056670248237935
5,600,25,weak,0.0,weak_tail,equal,feasible,5,311,0.1036666666666666,0.09326080066579,0.1150862334238183
5,600,25,weak,0.0,weak_tail,equal,feasible,8,450,0.15,0.1376705255739948,0.1632246685337333
5,600,25,weak,0.0,weak_tail,hj,oracle,1,506,0.1686666666666666,0.1556927264910769,0.182488057264239
5,600,25,weak,0.0,weak_tail,hj,oracle,2,695,0.2316666666666666,0.2169184600565904,0.2471011887593344
5,600,25,weak,0.0,weak_tail,hj,oracle,3,1121,0.3736666666666666,0.3565271378767866,0.3911293179011456
5,600,25,weak,0.0,weak_tail,hj,oracle,4,419,0.1396666666666666,0.1277226944023648,0.1525322625790201
5,600,25,weak,0.0,weak_tail,hj,oracle,5,259,0.0863333333333333,0.0768047510848826,0.096919949760537
5,600,25,weak,0.0,weak_tail,hj,oracle,8,0,0.0,0.0,0.0012788487253259
5,600,25,weak,0.0,weak_tail,hj,feasible,1,743,0.2476666666666666,0.2325495015591941,0.2634292240975203
5,600,25,weak,0.0,weak_tail,hj,feasible,2,632,0.2106666666666666,0.1964492941265457,0.2256240663358428
5,600,25,weak,0.0,weak_tail,hj,feasible,3,612,0.204,0.1899629967994489,0.218794081645944
5,600,25,weak,0.0,weak_tail,hj,feasible,4,377,0.1256666666666666,0.1142819046346236,0.1380088601110704
5,600,25,weak,0.0,weak_tail,hj,feasible,5,398,0.1326666666666666,0.1209967035150731,0.1452761573484662
5,600,25,weak,0.0,weak_tail,hj,feasible,8,238,0.0793333333333333,0.0701916353654692,0.089550969362105
5,600,25,weak,0.7,full,equal,oracle,1,425,0.1416666666666666,0.1296463612014223,0.1546034803850612
5,600,25,weak,0.7,full,equal,oracle,2,347,0.1156666666666666,0.1047103626552952,0.1276059790649053
5,600,25,weak,0.7,full,equal,oracle,3,380,0.1266666666666666,0.1152404472020301,0.1390477598462133
5,600,25,weak,0.7,full,equal,oracle,4,476,0.1586666666666666,0.1460300763007359,0.1721762844290866
5,600,25,weak,0.7,full,equal,oracle,5,1372,0.4573333333333333,0.4395725366026678,0.4752032584885599
5,600,25,weak,0.7,full,equal,oracle,8,0,0.0,0.0,0.0012788487253259
5,600,25,weak,0.7,full,equal,feasible,1,481,0.1603333333333333,0.1476392851344669,0.1738961460996045
5,600,25,weak,0.7,full,equal,feasible,2,394,0.1313333333333333,0.1197168082833848,0.1438927961767554
5,600,25,weak,0.7,full,equal,feasible,3,330,0.11,0.0992983919562981,0.121699110049456
5,600,25,weak,0.7,full,equal,feasible,4,548,0.1826666666666666,0.1692487317308373,0.1968962442601695
5,600,25,weak,0.7,full,equal,feasible,5,706,0.2353333333333333,0.2204979633429702,0.2508456405823023
5,600,25,weak,0.7,full,equal,feasible,8,541,0.1803333333333333,0.166987216883172,0.1944970604018864
5,600,25,weak,0.7,full,hj,oracle,1,6,0.002,0.0009169302695833,0.0043568030608413
5,600,25,weak,0.7,full,hj,oracle,2,32,0.0106666666666666,0.0075659028808067,0.0150189970717122
5,600,25,weak,0.7,full,hj,oracle,3,130,0.0433333333333333,0.0366127910180945,0.0512218908177032
5,600,25,weak,0.7,full,hj,oracle,4,695,0.2316666666666666,0.2169184600565904,0.2471011887593344
5,600,25,weak,0.7,full,hj,oracle,5,2137,0.7123333333333334,0.6958714096135318,0.7282521726277799
5,600,25,weak,0.7,full,hj,oracle,8,0,0.0,0.0,0.0012788487253259
5,600,25,weak,0.7,full,hj,feasible,1,141,0.047,0.0399887636082205,0.0551698733369247
5,600,25,weak,0.7,full,hj,feasible,2,216,0.072,0.0632873717982991,0.0818073227105798
5,600,25,weak,0.7,full,hj,feasible,3,332,0.1106666666666666,0.0999346218259094,0.1223945083815443
5,600,25,weak,0.7,full,hj,feasible,4,784,0.2613333333333333,0.245923595872965,0.2773535079185905
5,600,25,weak,0.7,full,hj,feasible,5,1133,0.3776666666666666,0.3604853468630302,0.3951608781250995
5,600,25,weak,0.7,full,hj,feasible,8,394,0.1313333333333333,0.1197168082833848,0.1438927961767554
5,600,25,weak,0.7,weak_tail,equal,oracle,1,575,0.1916666666666666,0.1779794931655839,0.206142463548367
5,600,25,weak,0.7,weak_tail,equal,oracle,2,544,0.1813333333333333,0.1679563336717037,0.195525385915904
5,600,25,weak,0.7,weak_tail,equal,oracle,3,1215,0.405,0.3875662825253734,0.4226766987324385
5,600,25,weak,0.7,weak_tail,equal,oracle,4,410,0.1366666666666666,0.1248388035658095,0.1494238265079272
5,600,25,weak,0.7,weak_tail,equal,oracle,5,256,0.0853333333333333,0.0758587631496972,0.095868495393173
5,600,25,weak,0.7,weak_tail,equal,oracle,8,0,0.0,0.0,0.0012788487253259
5,600,25,weak,0.7,weak_tail,equal,feasible,1,650,0.2166666666666666,0.2022919674711833,0.2317660468065013
5,600,25,weak,0.7,weak_tail,equal,feasible,2,703,0.2343333333333333,0.2195215782560325,0.2498245833666906
5,600,25,weak,0.7,weak_tail,equal,feasible,3,575,0.1916666666666666,0.1779794931655839,0.206142463548367
5,600,25,weak,0.7,weak_tail,equal,feasible,4,254,0.0846666666666666,0.0752283306584788,0.0951672996826919
5,600,25,weak,0.7,weak_tail,equal,feasible,5,297,0.099,0.0888200633103788,0.1102055733673325
5,600,25,weak,0.7,weak_tail,equal,feasible,8,521,0.1736666666666666,0.160530498425913,0.1876374968421496
5,600,25,weak,0.7,weak_tail,hj,oracle,1,46,0.0153333333333333,0.0115155239447749,0.020390773419641
5,600,25,weak,0.7,weak_tail,hj,oracle,2,690,0.23,0.2152919395665815,0.2453986387450944
5,600,25,weak,0.7,weak_tail,hj,oracle,3,1387,0.4623333333333333,0.4445517500921209,0.4802112565118536
5,600,25,weak,0.7,weak_tail,hj,oracle,4,540,0.18,0.1666642127723977,0.1941542504118108
5,600,25,weak,0.7,weak_tail,hj,oracle,5,337,0.1123333333333333,0.1015257549568429,0.1241324457548597
5,600,25,weak,0.7,weak_tail,hj,oracle,8,0,0.0,0.0,0.0012788487253259
5,600,25,weak,0.7,weak_tail,hj,feasible,1,356,0.1186666666666666,0.1075790990429635,0.1307295695848851
5,600,25,weak,0.7,weak_tail,hj,feasible,2,790,0.2633333333333333,0.2478824534254674,0.2793895349711868
5,600,25,weak,0.7,weak_tail,hj,feasible,3,738,0.246,0.2309199098574443,0.2617297452950212
5,600,25,weak,0.7,weak_tail,hj,feasible,4,389,0.1296666666666666,0.1181175178479563,0.1421630161079351
5,600,25,weak,0.7,weak_tail,hj,feasible,5,445,0.1483333333333333,0.1360645742486837,0.1615015493547955
5,600,25,weak,0.7,weak_tail,hj,feasible,8,282,0.094,0.0840702195903577,0.1049682055746069
5,600,74,strong,0.0,full,equal,oracle,1,0,0.0,0.0,0.0012788487253259
5,600,74,strong,0.0,full,equal,oracle,2,0,0.0,0.0,0.0012788487253259
5,600,74,strong,0.0,full,equal,oracle,3,1,0.0003333333333333,5.8843941871566355e-05,0.0018858188843041
5,600,74,strong,0.0,full,equal,oracle,4,19,0.0063333333333333,0.0040583461460374,0.0098709704954344
5,600,74,strong,0.0,full,equal,oracle,5,2980,0.9933333333333332,0.9897247083783172,0.995680160879361
5,600,74,strong,0.0,full,equal,oracle,8,0,0.0,0.0,0.0012788487253259
5,600,74,strong,0.0,full,equal,feasible,1,3,0.001,0.0003401472190391,0.0029361438088361
5,600,74,strong,0.0,full,equal,feasible,2,23,0.0076666666666666,0.0051141865600277,0.0114783864848432
5,600,74,strong,0.0,full,equal,feasible,3,83,0.0276666666666666,0.0223743156032367,0.0341671034926211
5,600,74,strong,0.0,full,equal,feasible,4,290,0.0966666666666666,0.0866023950440781,0.1077625429276848
5,600,74,strong,0.0,full,equal,feasible,5,1986,0.662,0.6448755868900454,0.6787100661229489
5,600,74,strong,0.0,full,equal,feasible,8,615,0.205,0.1909355604601878,0.2198189602877544
5,600,74,strong,0.0,full,hj,oracle,1,0,0.0,0.0,0.0012788487253259
5,600,74,strong,0.0,full,hj,oracle,2,0,0.0,0.0,0.0012788487253259
5,600,74,strong,0.0,full,hj,oracle,3,1,0.0003333333333333,5.8843941871566355e-05,0.0018858188843041
5,600,74,strong,0.0,full,hj,oracle,4,19,0.0063333333333333,0.0040583461460374,0.0098709704954344
5,600,74,strong,0.0,full,hj,oracle,5,2980,0.9933333333333332,0.9897247083783172,0.995680160879361
5,600,74,strong,0.0,full,hj,oracle,8,0,0.0,0.0,0.0012788487253259
5,600,74,strong,0.0,full,hj,feasible,1,5,0.0016666666666666,0.0007121039409388,0.003895815288636
5,600,74,strong,0.0,full,hj,feasible,2,31,0.0103333333333333,0.0072893445673752,0.014629741284294
5,600,74,strong,0.0,full,hj,feasible,3,99,0.033,0.0271811475254517,0.0400132971840027
5,600,74,strong,0.0,full,hj,feasible,4,292,0.0973333333333333,0.0872358256013769,0.1084607405720855
5,600,74,strong,0.0,full,hj,feasible,5,1979,0.6596666666666666,0.642516928600678,0.6764080257063678
5,600,74,strong,0.0,full,hj,feasible,8,594,0.198,0.1841305039096707,0.2126419207204261
5,600,74,strong,0.0,weak_tail,equal,oracle,1,0,0.0,0.0,0.0012788487253259
5,600,74,strong,0.0,weak_tail,equal,oracle,2,5,0.0016666666666666,0.0007121039409388,0.003895815288636
5,600,74,strong,0.0,weak_tail,equal,oracle,3,60,0.02,0.01556981689337,0.0256578778829428
5,600,74,strong,0.0,weak_tail,equal,oracle,4,204,0.068,0.0595328433782643,0.0775720819204173
5,600,74,strong,0.0,weak_tail,equal,oracle,5,2731,0.9103333333333332,0.8995780666929761,0.9200390914531064
5,600,74,strong,0.0,weak_tail,equal,oracle,8,0,0.0,0.0,0.0012788487253259
5,600,74,strong,0.0,weak_tail,equal,feasible,1,23,0.0076666666666666,0.0051141865600277,0.0114783864848432
5,600,74,strong,0.0,weak_tail,equal,feasible,2,154,0.0513333333333333,0.043994659229371,0.0598195610268214
5,600,74,strong,0.0,weak_tail,equal,feasible,3,286,0.0953333333333333,0.0853359950799826,0.1063656864883812
5,600,74,strong,0.0,weak_tail,equal,feasible,4,412,0.1373333333333333,0.1254794991104197,0.1501147591650166
5,600,74,strong,0.0,weak_tail,equal,feasible,5,1463,0.4876666666666667,0.4698073754140661,0.505557502854492
5,600,74,strong,0.0,weak_tail,equal,feasible,8,662,0.2206666666666666,0.2061896435492392,0.2358581399386428
5,600,74,strong,0.0,weak_tail,hj,oracle,1,0,0.0,0.0,0.0012788487253259
5,600,74,strong,0.0,weak_tail,hj,oracle,2,1,0.0003333333333333,5.8843941871566355e-05,0.0018858188843041
5,600,74,strong,0.0,weak_tail,hj,oracle,3,63,0.021,0.0164485496433118,0.0267765874355504
5,600,74,strong,0.0,weak_tail,hj,oracle,4,204,0.068,0.0595328433782643,0.0775720819204173
5,600,74,strong,0.0,weak_tail,hj,oracle,5,2732,0.9106666666666666,0.8999280707857793,0.920354901461153
5,600,74,strong,0.0,weak_tail,hj,oracle,8,0,0.0,0.0,0.0012788487253259
5,600,74,strong,0.0,weak_tail,hj,feasible,1,17,0.0056666666666666,0.0035410565832478,0.0090566318565244
5,600,74,strong,0.0,weak_tail,hj,feasible,2,67,0.0223333333333333,0.0176247750015741,0.0282636184806872
5,600,74,strong,0.0,weak_tail,hj,feasible,3,358,0.1193333333333333,0.1082169205914528,0.1314233762380953
5,600,74,strong,0.0,weak_tail,hj,feasible,4,507,0.169,0.1560151141844806,0.1828314836716851
5,600,74,strong,0.0,weak_tail,hj,feasible,5,1526,0.5086666666666667,0.490777768891394,0.5265333977307004
5,600,74,strong,0.0,weak_tail,hj,feasible,8,525,0.175,0.1618212693024387,0.189009982369023
5,600,74,strong,0.7,full,equal,oracle,1,0,0.0,0.0,0.0012788487253259
5,600,74,strong,0.7,full,equal,oracle,2,0,0.0,0.0,0.0012788487253259
5,600,74,strong,0.7,full,equal,oracle,3,1,0.0003333333333333,5.8843941871566355e-05,0.0018858188843041
5,600,74,strong,0.7,full,equal,oracle,4,21,0.007,0.0045830517148041,0.0106778931283672
5,600,74,strong,0.7,full,equal,oracle,5,2978,0.9926666666666668,0.9889211095779166,0.9951521314780624
5,600,74,strong,0.7,full,equal,oracle,8,0,0.0,0.0,0.0012788487253259
5,600,74,strong,0.7,full,equal,feasible,1,1,0.0003333333333333,5.8843941871566355e-05,0.0018858188843041
5,600,74,strong,0.7,full,equal,feasible,2,14,0.0046666666666666,0.0027819139335313,0.0078183322036916
5,600,74,strong,0.7,full,equal,feasible,3,20,0.0066666666666666,0.004319839120639,0.0102752916216825
5,600,74,strong,0.7,full,equal,feasible,4,300,0.1,0.0897710526329483,0.1112520263473124
5,600,74,strong,0.7,full,equal,feasible,5,1912,0.6373333333333333,0.6199640032717396,0.6543514062783707
5,600,74,strong,0.7,full,equal,feasible,8,753,0.251,0.235809607416378,0.2668272592488343
5,600,74,strong,0.7,full,hj,oracle,1,0,0.0,0.0,0.0012788487253259
5,600,74,strong,0.7,full,hj,oracle,2,0,0.0,0.0,0.0012788487253259
5,600,74,strong,0.7,full,hj,oracle,3,0,0.0,0.0,0.0012788487253259
5,600,74,strong,0.7,full,hj,oracle,4,3,0.001,0.0003401472190391,0.0029361438088361
5,600,74,strong,0.7,full,hj,oracle,5,2997,0.999,0.9970638561911638,0.9996598527809608
5,600,74,strong,0.7,full,hj,oracle,8,0,0.0,0.0,0.0012788487253259
5,600,74,strong,0.7,full,hj,feasible,1,0,0.0,0.0,0.0012788487253259
5,600,74,strong,0.7,full,hj,feasible,2,0,0.0,0.0,0.0012788487253259
5,600,74,strong,0.7,full,hj,feasible,3,0,0.0,0.0,0.0012788487253259
5,600,74,strong,0.7,full,hj,feasible,4,137,0.0456666666666666,0.0387596078116795,0.0537357727300666
5,600,74,strong,0.7,full,hj,feasible,5,2228,0.7426666666666667,0.7267198119481669,0.7579928534704748
5,600,74,strong,0.7,full,hj,feasible,8,635,0.2116666666666666,0.1974227480676487,0.2266480546972892
5,600,74,strong,0.7,weak_tail,equal,oracle,1,1,0.0003333333333333,5.8843941871566355e-05,0.0018858188843041
5,600,74,strong,0.7,weak_tail,equal,oracle,2,1,0.0003333333333333,5.8843941871566355e-05,0.0018858188843041
5,600,74,strong,0.7,weak_tail,equal,oracle,3,68,0.0226666666666666,0.0179196018362329,0.0286346057468782
5,600,74,strong,0.7,weak_tail,equal,oracle,4,205,0.0683333333333333,0.0598453903134665,0.0779253490860648
5,600,74,strong,0.7,weak_tail,equal,oracle,5,2725,0.9083333333333332,0.8974789246442586,0.9181433488967252
5,600,74,strong,0.7,weak_tail,equal,oracle,8,0,0.0,0.0,0.0012788487253259
5,600,74,strong,0.7,weak_tail,equal,feasible,1,3,0.001,0.0003401472190391,0.0029361438088361
5,600,74,strong,0.7,weak_tail,equal,feasible,2,165,0.055,0.0473964489846813,0.0637417263808587
5,600,74,strong,0.7,weak_tail,equal,feasible,3,232,0.0773333333333333,0.0683061163278667,0.0874416037946087
5,600,74,strong,0.7,weak_tail,equal,feasible,4,389,0.1296666666666666,0.1181175178479563,0.1421630161079351
5,600,74,strong,0.7,weak_tail,equal,feasible,5,1438,0.4793333333333333,0.4614945265373505,0.4972249992099629
5,600,74,strong,0.7,weak_tail,equal,feasible,8,773,0.2576666666666666,0.2423334523916276,0.2736196962905803
5,600,74,strong,0.7,weak_tail,hj,oracle,1,0,0.0,0.0,0.0012788487253259
5,600,74,strong,0.7,weak_tail,hj,oracle,2,0,0.0,0.0,0.0012788487253259
5,600,74,strong,0.7,weak_tail,hj,oracle,3,17,0.0056666666666666,0.0035410565832478,0.0090566318565244
5,600,74,strong,0.7,weak_tail,hj,oracle,4,137,0.0456666666666666,0.0387596078116795,0.0537357727300666
5,600,74,strong,0.7,weak_tail,hj,oracle,5,2846,0.9486666666666668,0.9401804389731784,0.956005340770629
5,600,74,strong,0.7,weak_tail,hj,oracle,8,0,0.0,0.0,0.0012788487253259
5,600,74,strong,0.7,weak_tail,hj,feasible,1,0,0.0,0.0,0.0012788487253259
5,600,74,strong,0.7,weak_tail,hj,feasible,2,25,0.0083333333333333,0.0056509660629412,0.0122732351836292
5,600,74,strong,0.7,weak_tail,hj,feasible,3,215,0.0716666666666666,0.0629741711594646,0.0814547092485646
5,600,74,strong,0.7,weak_tail,hj,feasible,4,461,0.1536666666666666,0.1412055223415794,0.1670136268754963
5,600,74,strong,0.7,weak_tail,hj,feasible,5,1742,0.5806666666666667,0.562916942439224,0.5982100699664235
5,600,74,strong,0.7,weak_tail,hj,feasible,8,557,0.1856666666666666,0.1721576286108034,0.1999796742878515
5,600,74,weak,0.0,full,equal,oracle,1,314,0.1046666666666666,0.0942132918077672,0.1161311845843904
5,600,74,weak,0.0,full,equal,oracle,2,394,0.1313333333333333,0.1197168082833848,0.1438927961767554
5,600,74,weak,0.0,full,equal,oracle,3,543,0.181,0.1676332773702739,0.1951826281164839
5,600,74,weak,0.0,full,equal,oracle,4,598,0.1993333333333333,0.1854261809224633,0.2140095001110327
5,600,74,weak,0.0,full,equal,oracle,5,1151,0.3836666666666666,0.3664250085134015,0.4012058702900243
5,600,74,weak,0.0,full,equal,oracle,8,0,0.0,0.0,0.0012788487253259
5,600,74,weak,0.0,full,equal,feasible,1,519,0.173,0.1598852221629369,0.1869511449034262
5,600,74,weak,0.0,full,equal,feasible,2,418,0.1393333333333333,0.1274021660500632,0.1521869768304719
5,600,74,weak,0.0,full,equal,feasible,3,486,0.162,0.1492489952633077,0.1756155064750126
5,600,74,weak,0.0,full,equal,feasible,4,483,0.161,0.1482831093829838,0.1745839500527871
5,600,74,weak,0.0,full,equal,feasible,5,678,0.226,0.2113896519701337,0.2413111571313449
5,600,74,weak,0.0,full,equal,feasible,8,416,0.1386666666666666,0.1267611809384436,0.1514963337403918
5,600,74,weak,0.0,full,hj,oracle,1,375,0.125,0.1136430119712806,0.1373161245727138
5,600,74,weak,0.0,full,hj,oracle,2,435,0.145,0.1328543334124335,0.1580536491825478
5,600,74,weak,0.0,full,hj,oracle,3,549,0.183,0.1695718742751529,0.1972389158167036
5,600,74,weak,0.0,full,hj,oracle,4,564,0.188,0.174421049140717,0.2023769524638863
5,600,74,weak,0.0,full,hj,oracle,5,1077,0.359,0.3420245634086391,0.3763360719319027
5,600,74,weak,0.0,full,hj,oracle,8,0,0.0,0.0,0.0012788487253259
5,600,74,weak,0.0,full,hj,feasible,1,620,0.2066666666666666,0.1925568008049528,0.2215267904472384
5,600,74,weak,0.0,full,hj,feasible,2,460,0.1533333333333333,0.1408840522825866,0.1666692828336392
5,600,74,weak,0.0,full,hj,feasible,3,487,0.1623333333333333,0.1495709968935688,0.1759593189456013
5,600,74,weak,0.0,full,hj,feasible,4,478,0.1593333333333333,0.1466736992734629,0.1728642896580591
5,600,74,weak,0.0,full,hj,feasible,5,622,0.2073333333333333,0.1932054016323192,0.2222098178215716
5,600,74,weak,0.0,full,hj,feasible,8,333,0.111,0.1002527848792385,0.1227421594290651
5,600,74,weak,0.0,weak_tail,equal,oracle,1,474,0.158,0.1453865345560283,0.1714881979720946
5,600,74,weak,0.0,weak_tail,equal,oracle,2,662,0.2206666666666666,0.2061896435492392,0.2358581399386428
5,600,74,weak,0.0,weak_tail,equal,oracle,3,901,0.3003333333333333,0.2841937445397229,0.3169836090512571
5,600,74,weak,0.0,weak_tail,equal,oracle,4,475,0.1583333333333333,0.1457082952489456,0.171832251380027
5,600,74,weak,0.0,weak_tail,equal,oracle,5,488,0.1626666666666666,0.1498930182769277,0.1763031116630921
5,600,74,weak,0.0,weak_tail,equal,oracle,8,0,0.0,0.0,0.0012788487253259
5,600,74,weak,0.0,weak_tail,equal,feasible,1,731,0.2436666666666666,0.2286390032145934,0.2593499532319236
5,600,74,weak,0.0,weak_tail,equal,feasible,2,694,0.2313333333333333,0.2165931294774888,0.2467607052375863
5,600,74,weak,0.0,weak_tail,equal,feasible,3,500,0.1666666666666666,0.1537587980972108,0.1804271010530064
5,600,74,weak,0.0,weak_tail,equal,feasible,4,280,0.0933333333333333,0.0834375697204818,0.1042692272427832
5,600,74,weak,0.0,weak_tail,equal,feasible,5,330,0.11,0.0992983919562981,0.121699110049456
5,600,74,weak,0.0,weak_tail,equal,feasible,8,465,0.155,0.1424916131750664,0.1683907924454085
5,600,74,weak,0.0,weak_tail,hj,oracle,1,474,0.158,0.1453865345560283,0.1714881979720946
5,600,74,weak,0.0,weak_tail,hj,oracle,2,604,0.2013333333333333,0.1873701621529035,0.2160604034856911
5,600,74,weak,0.0,weak_tail,hj,oracle,3,889,0.2963333333333333,0.2802618225318692,0.3129257618489135
5,600,74,weak,0.0,weak_tail,hj,oracle,4,503,0.1676666666666666,0.1547256767889153,0.1814576646638512
5,600,74,weak,0.0,weak_tail,hj,oracle,5,530,0.1766666666666666,0.1634351389387287,0.190725183236982
5,600,74,weak,0.0,weak_tail,hj,oracle,8,0,0.0,0.0,0.0012788487253259
5,600,74,weak,0.0,weak_tail,hj,feasible,1,693,0.231,0.2162678121189228,0.2464202084953025
5,600,74,weak,0.0,weak_tail,hj,feasible,2,588,0.196,0.1821874588175993,0.2105900812073988
5,600,74,weak,0.0,weak_tail,hj,feasible,3,578,0.1926666666666666,0.1789503209665595,0.2071690780499408
5,600,74,weak,0.0,weak_tail,hj,feasible,4,406,0.1353333333333333,0.1235577061981365,0.1480416674722011
5,600,74,weak,0.0,weak_tail,hj,feasible,5,467,0.1556666666666666,0.143134784174439,0.1690792496477354
5,600,74,weak,0.0,weak_tail,hj,feasible,8,268,0.0893333333333333,0.079645098538847,0.1000719292142207
5,600,74,weak,0.7,full,equal,oracle,1,380,0.1266666666666666,0.1152404472020301,0.1390477598462133
5,600,74,weak,0.7,full,equal,oracle,2,276,0.092,0.0821727533534877,0.1028707872063782
5,600,74,weak,0.7,full,equal,oracle,3,419,0.1396666666666666,0.1277226944023648,0.1525322625790201
5,600,74,weak,0.7,full,equal,oracle,4,475,0.1583333333333333,0.1457082952489456,0.171832251380027
5,600,74,weak,0.7,full,equal,oracle,5,1450,0.4833333333333333,0.4654840739046574,0.5012252210528535
5,600,74,weak,0.7,full,equal,oracle,8,0,0.0,0.0,0.0012788487253259
5,600,74,weak,0.7,full,equal,feasible,1,453,0.151,0.1386343578680825,0.1642582785421949
5,600,74,weak,0.7,full,equal,feasible,2,352,0.1173333333333333,0.1063038078579456,0.1293416043665038
5,600,74,weak,0.7,full,equal,feasible,3,360,0.12,0.1088548583134849,0.1321170667177627
5,600,74,weak,0.7,full,equal,feasible,4,546,0.182,0.1686024982043699,0.1962108495849374
5,600,74,weak,0.7,full,equal,feasible,5,723,0.241,0.2260330049995286,0.2566294386401901
5,600,74,weak,0.7,full,equal,feasible,8,566,0.1886666666666666,0.1750678907508921,0.2030617390554108
5,600,74,weak,0.7,full,hj,oracle,1,0,0.0,0.0,0.0012788487253259
5,600,74,weak,0.7,full,hj,oracle,2,8,0.0026666666666666,0.0013518647401935,0.0052534967919306
5,600,74,weak,0.7,full,hj,oracle,3,64,0.0213333333333333,0.0167421299336285,0.0271488212460835
5,600,74,weak,0.7,full,hj,oracle,4,690,0.23,0.2152919395665815,0.2453986387450944
5,600,74,weak,0.7,full,hj,oracle,5,2238,0.746,0.730115549553124,0.7612552568740156
5,600,74,weak,0.7,full,hj,oracle,8,0,0.0,0.0,0.0012788487253259
5,600,74,weak,0.7,full,hj,feasible,1,73,0.0243333333333333,0.0193980420513104,0.0304852360360496
5,600,74,weak,0.7,full,hj,feasible,2,167,0.0556666666666666,0.0480160655614548,0.0644537380057848
5,600,74,weak,0.7,full,hj,feasible,3,302,0.1006666666666666,0.0904052288845772,0.1119494782973831
5,600,74,weak,0.7,full,hj,feasible,4,837,0.279,0.2632410605589315,0.2953241905776626
5,600,74,weak,0.7,full,hj,feasible,5,1182,0.394,0.3766609646072246,0.4116101513225445
5,600,74,weak,0.7,full,hj,feasible,8,439,0.1463333333333333,0.1341381611201624,0.1594330778782181
5,600,74,weak,0.7,weak_tail,equal,oracle,1,528,0.176,0.1627895372280653,0.1900391567459458
5,600,74,weak,0.7,weak_tail,equal,oracle,2,449,0.1496666666666666,0.1373492915662911,0.1628800884405872
5,600,74,weak,0.7,weak_tail,equal,oracle,3,908,0.3026666666666666,0.2864880514695799,0.3193500008273486
5,600,74,weak,0.7,weak_tail,equal,oracle,4,523,0.1743333333333333,0.1611758475821472,0.1883237758876151
5,600,74,weak,0.7,weak_tail,equal,oracle,5,592,0.1973333333333333,0.1834827592498811,0.2119580371785161
5,600,74,weak,0.7,weak_tail,equal,oracle,8,0,0.0,0.0,0.0012788487253259
5,600,74,weak,0.7,weak_tail,equal,feasible,1,591,0.197,0.1831589104857847,0.2116160718417628
5,600,74,weak,0.7,weak_tail,equal,feasible,2,688,0.2293333333333333,0.2146414243359498,0.2447175257740265
5,600,74,weak,0.7,weak_tail,equal,feasible,3,489,0.163,0.1502150593645739,0.1766468846762957
5,600,74,weak,0.7,weak_tail,equal,feasible,4,245,0.0816666666666666,0.0723936799057444,0.0920096235277782
5,600,74,weak,0.7,weak_tail,equal,feasible,5,346,0.1153333333333333,0.1043917638923796,0.1272587637269711
5,600,74,weak,0.7,weak_tail,equal,feasible,8,641,0.2136666666666666,0.1993700478845727,0.2286956394854639
5,600,74,weak,0.7,weak_tail,hj,oracle,1,18,0.006,0.0037987028299585,0.0094647997106635
5,600,74,weak,0.7,weak_tail,hj,oracle,2,409,0.1363333333333333,0.1245184923956623,0.1490783235772247
5,600,74,weak,0.7,weak_tail,hj,oracle,3,954,0.318,0.3015772478057012,0.3348882531303174
5,600,74,weak,0.7,weak_tail,hj,oracle,4,759,0.253,0.2377662558049164,0.2688654954653945
5,600,74,weak,0.7,weak_tail,hj,oracle,5,860,0.2866666666666667,0.2707659047536503,0.3031130707024888
5,600,74,weak,0.7,weak_tail,hj,oracle,8,0,0.0,0.0,0.0012788487253259
5,600,74,weak,0.7,weak_tail,hj,feasible,1,252,0.084,0.07459808132677,0.0944659208127011
5,600,74,weak,0.7,weak_tail,hj,feasible,2,633,0.211,0.1967737641906703,0.225965410372568
5,600,74,weak,0.7,weak_tail,hj,feasible,3,745,0.2483333333333333,0.2332014246447245,0.2641089292136895
5,600,74,weak,0.7,weak_tail,hj,feasible,4,494,0.1646666666666666,0.1518255586760466,0.1783654558690719
5,600,74,weak,0.7,weak_tail,hj,feasible,5,576,0.192,0.1783030862261498,0.2064846845886509
5,600,74,weak,0.7,weak_tail,hj,feasible,8,300,0.1,0.0897710526329483,0.1112520263473124
