split,feature_month,target_month,factor_0,factor_1,factor_2,factor_3,factor_4,factor_5,factor_6,factor_7
train,1963-07,1963-08,-0.004489476792514324,-0.001181319821625948,0.004486533813178539,-0.009196248836815357,0.0017591397045180202,0.0002074601361528039,0.010753536596894264,0.012239220552146435
train,1963-08,1963-09,-0.003995669074356556,-0.000737930997274816,-0.0020961565896868706,0.004700968973338604,-0.007402179762721062,-0.0013221416156738997,-0.004517346620559692,-0.007896248251199722
train,1963-09,1963-10,-0.001619803486391902,-0.00017197220586240292,0.0025634339544922113,-0.007966777309775352,0.0015695728361606598,0.002836214378476143,0.0036070477217435837,0.008475711569190025
train,1963-10,1963-11,0.003021477721631527,0.00794773455709219,0.005769317504018545,0.005871707573533058,0.010463417507708073,-0.010402805171906948,0.0039129434153437614,0.007650317624211311
train,1963-11,1963-12,0.004157213494181633,0.012203682214021683,0.012282107025384903,0.01172197051346302,0.01737598143517971,-0.018522925674915314,0.0058083441108465195,0.014779623597860336
train,1963-12,1964-01,-0.010194223374128342,-0.007850774563848972,-0.010640868917107582,-0.0004602913395501673,-0.024359578266739845,0.008559728041291237,-0.004295886028558016,-0.007918399758636951
train,1964-01,1964-02,-0.004511076025664806,-0.0008318935870192945,-0.0015084759797900915,-0.0018353371415287256,-0.004421671386808157,0.003330591367557645,-0.003911621402949095,-0.002857342828065157
train,1964-02,1964-03,-0.006861549336463213,-0.0030459610279649496,-0.0003054135013371706,-0.003433643374592066,-0.00940077193081379,-0.002025304827839136,0.00559207983314991,0.001073888037353754
train,1964-03,1964-04,0.000599056133069098,0.0031943190842866898,-0.00021336262580007315,0.003324781311675906,-0.0004672844661399722,-0.005678349174559116,-0.0006746307481080294,0.0001237646210938692
train,1964-04,1964-05,0.0005219298182055354,0.0016762561863288283,0.006193182896822691,0.0022925499361008406,0.008077776059508324,-0.007843011990189552,0.00787433609366417,0.008822456002235413
train,1964-05,1964-06,0.00582864647731185,-0.0006147462408989668,0.00904975738376379,-0.005433688405901194,0.012718340381979942,-0.008916514925658703,0.008474928326904774,0.0026674142573028803
train,1964-06,1964-07,-0.0033974165562540293,0.0004072744632139802,-0.0007271614158526063,0.005237866193056107,-0.004597300197929144,0.0015976171707734466,-0.00626913458108902,0.0032318145968019962
train,1964-07,1964-08,-0.0002763010561466217,-0.0011155406245961785,0.001361540867947042,0.0017944868886843324,-0.0011763724032789469,-0.004613273777067661,1.8778664525598288e-05,-0.0008509292965754867
train,1964-08,1964-09,-0.0035374239087104797,-0.0016161503735929728,-0.003977932035923004,-0.0029996128287166357,-0.005120527930557728,0.0072047533467411995,-0.0014120193663984537,-0.0009076891001313925
train,1964-09,1964-10,-0.004753466695547104,-0.0026599110569804907,-0.002944410778582096,-0.000434262678027153,-0.009208595380187035,0.005244670435786247,-0.0022891652770340443,-0.0018094077240675688
train,1964-10,1964-11,-0.0030142897740006447,0.0034999013878405094,0.007390410639345646,0.00627406919375062,0.004574260674417019,-0.008608590811491013,0.0021004020236432552,0.008859913796186447
train,1964-11,1964-12,0.00427129166200757,0.0026080538518726826,0.010356715880334377,0.0011940323747694492,0.014963552355766296,-0.009436208754777908,0.005758753977715969,0.008990004658699036
train,1964-12,1965-01,-0.0009877842385321856,-0.002873152494430542,-0.011898649856448174,-0.007222159765660763,-0.01837138831615448,0.022276945412158966,-0.004305788315832615,-0.01005109865218401
train,1965-01,1965-02,-0.003575915703549981,-0.0011034818599000573,0.00397029984742403,-0.000513420207425952,-0.0030198979657143354,0.0037664517294615507,-0.0018050738144665956,-0.0027960592415183783
train,1965-02,1965-03,-0.010589942336082458,0.0017690208042040467,-0.008196219801902771,0.006315593607723713,-0.01300425548106432,0.00930785946547985,-0.011769437231123447,-0.005356088746339083
train,1965-03,1965-04,-0.005864907056093216,-0.005927264224737883,0.0035124740097671747,-0.0032150333281606436,-0.0004559759981930256,-5.60517655685544e-05,0.0001476658508181572,-0.003978841006755829
train,1965-04,1965-05,-0.003122026566416025,-0.0018006907775998116,0.004039838910102844,-0.00021691073197871447,0.00044485286343842745,-0.005396395921707153,0.0034503364004194736,0.003735016565769911
train,1965-05,1965-06,0.013460103422403336,0.01180398277938366,0.00709904357790947,0.004880084190517664,0.011683915741741657,-0.021416444331407547,0.008237662725150585,0.00660336297005415
train,1965-06,1965-07,-0.011428541503846645,-0.0029086873400956392,0.000664867227897048,0.0019722599536180496,-0.004713987931609154,0.003917877096682787,-0.0021333869080990553,0.010353827849030495
train,1965-07,1965-08,0.0023964860010892153,-0.008978494442999363,0.0016642551636323333,-0.008981265127658844,0.0028983147349208593,0.0075167883187532425,0.00789555348455906,0.003165164031088352
train,1965-08,1965-09,0.00024236738681793213,-0.011516018770635128,0.007684517651796341,-0.010364610701799393,0.006525248289108276,-0.005218736827373505,0.008795705623924732,0.0012945861089974642
train,1965-09,1965-10,-0.010509811341762543,-0.005824356805533171,-0.014434640295803547,-0.004099632613360882,-0.019946549087762833,0.028436223044991493,-0.009575500153005123,-0.006748700514435768
train,1965-10,1965-11,-0.02099602296948433,-0.01169052254408598,-0.00751771405339241,-0.0036843237467110157,-0.025111205875873566,0.025076929479837418,-0.009561535902321339,-0.007460214663296938
train,1965-11,1965-12,-0.003455547848716378,-0.0018433290533721447,-0.006171063985675573,-0.003425747388973832,-0.008913231082260609,0.018059587106108665,-0.008904415182769299,-0.014433671720325947
train,1965-12,1966-01,-0.024165360257029533,0.002870254684239626,-0.01734582893550396,0.002814344596117735,-0.03348354250192642,0.03137021139264107,-0.022105729207396507,-0.015086576342582703
train,1966-01,1966-02,-0.02923925779759884,-0.0065836538560688496,-0.014078420586884022,0.003841797122731805,-0.029007695615291595,0.030937425792217255,-0.017032697796821594,0.0040671443566679955
train,1966-02,1966-03,-0.009212666191160679,-0.0016587444115430117,-0.004378757905215025,0.004686228930950165,-0.020823176950216293,0.009450393728911877,-0.006965265609323978,0.0012094737030565739
train,1966-03,1966-04,-0.02527885138988495,-0.006508593913167715,-0.008178804069757462,0.004645899869501591,-0.018623309209942818,0.024483531713485718,-0.010260334238409996,0.01282805111259222
train,1966-04,1966-05,0.022749848663806915,0.013650478795170784,0.011112703010439873,0.008121337741613388,0.023795178160071373,-0.03504708781838417,0.011882642284035683,-0.009653186425566673
train,1966-05,1966-06,-0.006858312990516424,-0.0034643951803445816,0.00013685064914170653,0.0004238830297254026,-0.001373422797769308,0.002832449972629547,0.0013050874695181847,0.003130815690383315
train,1966-06,1966-07,0.0024778542574495077,-0.002043919637799263,0.0017500094836577773,0.0008341630455106497,0.003947305493056774,-0.00553346099331975,0.0016268352046608925,-0.0034343877341598272
train,1966-07,1966-08,0.010893167927861214,0.001811780035495758,0.016966942697763443,-0.002953754737973213,0.015199640765786171,-0.023929502815008163,0.011339874938130379,-0.0009282957762479782
train,1966-08,1966-09,0.0016707072500139475,-0.004849734716117382,0.002945891348645091,0.002080521546304226,-0.0001354645937681198,-0.007600034587085247,0.0009608645923435688,-0.002966707106679678
train,1966-09,1966-10,0.024709511548280716,-0.0143524669110775,0.01755782961845398,-0.013972804881632328,0.02622971124947071,-0.04349537566304207,0.025326188653707504,0.0015048367204144597
train,1966-10,1966-11,-0.0022844334598630667,-0.010778102092444897,-0.003025980433449149,-0.0050954315811395645,-0.001752363983541727,0.028191404417157173,0.0033716466277837753,0.002848731353878975
train,1966-11,1966-12,-0.0032379881013184786,-0.005619271658360958,0.00030711008002981544,0.0014867549762129784,0.0012208842672407627,0.0028689817991107702,0.0019241366535425186,0.002131197601556778
train,1966-12,1967-01,0.0022447947412729263,0.008698707446455956,-0.034926824271678925,-0.01748955249786377,-0.03075435198843479,0.06591925024986267,-0.03251713141798973,-0.05875330790877342
train,1967-01,1967-02,-0.005495334975421429,0.0070040905848145485,-0.009979255497455597,0.005205328576266766,-0.020686034113168716,0.02277732640504837,-0.015754075720906258,-0.013051717542111874
train,1967-02,1967-03,0.0014264745404943824,-0.005319841206073761,-0.0009882826125249267,-0.004884208552539349,0.002544697606936097,0.009108085185289383,0.0005132365040481091,-0.005988365970551968
train,1967-03,1967-04,0.006056828424334526,-0.005261564627289772,0.004299739375710487,-0.008578149601817131,0.0025430636014789343,0.003921359311789274,0.005389757454395294,-0.0030789184384047985
train,1967-04,1967-05,-0.004934199620038271,0.007829724811017513,-0.006692707072943449,0.007934320718050003,-0.011651928536593914,0.007261085323989391,-0.009684780612587929,-0.0023730690591037273
train,1967-05,1967-06,-0.023762956261634827,-0.007571958936750889,-0.014512204565107822,-0.012194198556244373,-0.02674407698214054,0.046292744576931,-0.019500520080327988,0.0031594615429639816
train,1967-06,1967-07,-0.009125852957367897,-0.0036010057665407658,-0.006673386320471764,-0.0039031999185681343,-0.019231392070651054,0.012576433829963207,-0.004633389413356781,0.000632737297564745
train,1967-07,1967-08,-0.005652603693306446,0.005579570308327675,-0.0035632301587611437,0.00489356042817235,-0.00846325233578682,-0.002771626692265272,-0.00637652026489377,-0.005535077303647995
train,1967-08,1967-09,-0.012375188991427422,0.007070641964673996,0.0053150528110563755,0.0041445656679570675,-0.01827140711247921,0.019802888855338097,-0.012967411428689957,0.0005835354095324874
train,1967-09,1967-10,-0.003750520059838891,-0.002085947198793292,-0.0018888053018599749,0.005272695794701576,-0.011910149827599525,0.010534640401601791,-0.004923073574900627,0.0017140792915597558
train,1967-10,1967-11,0.0010377492289990187,0.004769733175635338,0.00170216616243124,0.002329593524336815,0.005938847083598375,-0.0006974979769438505,0.001404085662215948,0.00813763402402401
train,1967-11,1967-12,-0.020056601613759995,-0.00787709467113018,-0.010751885361969471,0.008426042273640633,-0.029996883124113083,0.03518231213092804,-0.018262356519699097,0.00468508480116725
train,1967-12,1968-01,-0.030395280569791794,0.010423155501484871,-0.008393502794206142,0.022363563999533653,-0.05143824592232704,0.010022965259850025,-0.031057478860020638,-4.542851820588112e-05
train,1968-01,1968-02,-0.0006195134483277798,0.009681067429482937,0.0034195254556834698,0.0026188939809799194,0.0037459430750459433,-0.02419086918234825,0.0006663501262664795,0.0027832314372062683
train,1968-02,1968-03,3.177206963300705e-06,0.005219495855271816,0.003923503682017326,-0.004752219654619694,0.01070469431579113,-0.006769625935703516,0.0074500711634755135,0.00734620401635766
train,1968-03,1968-04,-0.012974253855645657,-0.0016591083258390427,-0.002384787891060114,-0.0035716425627470016,-0.013250889256596565,0.032171256840229034,-0.010204435326159,0.011495022103190422
train,1968-04,1968-05,-0.01719224452972412,0.003723486792296171,-0.007418851833790541,0.01055113598704338,-0.03802010789513588,0.024836264550685883,-0.014175210148096085,-0.0008282572962343693
train,1968-05,1968-06,-0.011310873553156853,0.008313183672726154,-0.004800738766789436,0.015086033381521702,-0.0170125775039196,-0.01077850628644228,-0.007653849199414253,0.011583706364035606
train,1968-06,1968-07,-0.017202800139784813,-0.007082346361130476,-0.007503895089030266,0.01220223680138588,-0.01690567657351494,-0.01173425279557705,-0.007463638670742512,0.005784106440842152
train,1968-07,1968-08,-0.016343317925930023,-0.005257292650640011,-9.792647324502468e-05,-0.0009912245441228151,-0.01573079638183117,0.0022251377813518047,-0.003256605938076973,0.0031939654145389795
train,1968-08,1968-09,-0.004158579278737307,-0.0067634982988238335,-0.0063260626047849655,-0.002941172569990158,-0.011018131859600544,0.00492258882150054,0.0024593016132712364,0.002572491765022278
train,1968-09,1968-10,-0.005421468522399664,0.0061557115986943245,0.0007398900343105197,0.006102279294282198,-0.0033673769794404507,-0.014504356309771538,0.0014054367784410715,0.003369769314303994
train,1968-10,1968-11,0.0008973891381174326,-0.004148553125560284,-0.003384374314919114,-0.001438405830413103,0.0013840708415955305,0.011332240886986256,0.00022721383720636368,0.0046192049048841
train,1968-11,1968-12,-0.008149387314915657,-0.006285689305514097,-0.0021353326737880707,-0.0004486193647608161,-0.02005198784172535,0.011736361309885979,-0.009507627226412296,-0.0032131262123584747
train,1968-12,1969-01,-0.009577341377735138,0.0010672998614609241,-0.0056082094088196754,0.009744567796587944,-0.015170332975685596,0.00319879618473351,-0.009897301904857159,0.003312164917588234
train,1969-01,1969-02,-0.004856249783188105,0.012029241770505905,0.01008215919137001,0.008689019829034805,0.0014370689168572426,-0.025373689830303192,0.0032553812488913536,0.007070309482514858
train,1969-02,1969-03,-0.005890000611543655,-0.0058517795987427235,0.0022686549928039312,-0.0012817700626328588,-6.872729863971472e-05,0.0025172687601298094,0.001697456929832697,0.005767544731497765
train,1969-03,1969-04,-0.0036395087372511625,-0.0036705657839775085,0.0017800875939428806,0.002436941023916006,0.0002232150873169303,-0.006463171914219856,0.004254649393260479,0.004740176256746054
train,1969-04,1969-05,-0.008792608976364136,-0.006082545034587383,0.005295859649777412,0.005421061534434557,-0.01013894286006689,-0.001111439662054181,-0.003968068398535252,-0.006123100873082876
train,1969-05,1969-06,-0.007861707359552383,0.011915077455341816,0.01329835131764412,0.010070329532027245,0.010682562366127968,-0.02216661348938942,-0.0012566056102514267,0.006728636100888252
train,1969-06,1969-07,-0.013980173505842686,0.009745593182742596,0.009719980880618095,0.014236252754926682,-0.003331161569803953,-0.02023257315158844,-0.0038433908484876156,0.013051425106823444
train,1969-07,1969-08,0.0008171849185600877,0.0056578610092401505,-0.0022387662902474403,-0.0004462581127882004,0.0131482919678092,0.00981934741139412,0.0012328028678894043,0.01021713949739933
train,1969-08,1969-09,-0.005933396052569151,0.004119765013456345,0.012657500803470612,0.006068157032132149,0.007691309321671724,-0.005864350125193596,-0.005145509727299213,-0.0006279172375798225
train,1969-09,1969-10,0.02458936907351017,-0.005701616406440735,-0.011912841349840164,-0.01334731001406908,0.004988695029169321,0.01724696345627308,0.009327797219157219,-0.019755035638809204
train,1969-10,1969-11,-0.013810415752232075,0.006662833504378796,0.008498163893818855,0.01056984905153513,0.004592289216816425,-0.011940634809434414,-0.004198306705802679,0.010494965128600597
train,1969-11,1969-12,-0.016306821256875992,0.003533794078975916,0.01772460527718067,0.013380338437855244,0.016275599598884583,-0.019526254385709763,0.00012460560537874699,0.021466193720698357
train,1969-12,1970-01,-0.005597875453531742,0.006328212097287178,0.0021421590354293585,0.005671188700944185,-0.02692275494337082,-0.007284639868885279,-0.004269183613359928,-0.016480011865496635
train,1970-01,1970-02,-0.006821512244641781,-0.007230120711028576,-0.0015874231467023492,0.006619245745241642,-0.00521596847102046,-0.004380237776786089,0.004742288030683994,0.013460207730531693
train,1970-02,1970-03,-0.01806819997727871,-0.0028745182789862156,0.01361875981092453,0.003582504577934742,-0.013419237919151783,-0.019049983471632004,-0.0025044758804142475,-0.0038966359570622444
train,1970-03,1970-04,-0.03271832689642906,0.0024277707561850548,0.02665197104215622,0.01375191006809473,-0.010451189242303371,-0.04505981504917145,-0.001606290228664875,0.010144414380192757
train,1970-04,1970-05,-0.008437499403953552,-0.0013251927448436618,0.004126403480768204,0.0003578178584575653,-0.012602205388247967,-0.00613892637193203,0.00042772386223077774,-0.0015189519617706537
train,1970-05,1970-06,-0.02446429245173931,0.0014934397768229246,0.01706836000084877,0.018820811063051224,-0.002623043954372406,-0.019306953996419907,-0.008541753515601158,0.006201102863997221
train,1970-06,1970-07,-0.01115470938384533,0.0019235637737438083,0.007373984437435865,0.001331515610218048,0.0022790301591157913,-0.003133943770080805,-0.0019196622306481004,0.00931493192911148
train,1970-07,1970-08,0.015361757948994637,1.5027355402708054e-05,-0.004206972196698189,-0.01660887710750103,0.007563711144030094,0.015966620296239853,0.00612591952085495,-0.008019893430173397
train,1970-08,1970-09,0.05400621518492699,0.002251689787954092,-0.03172323852777481,-0.03097822144627571,0.0004515548935160041,0.03429640084505081,0.014546978287398815,-0.039256609976291656
train,1970-09,1970-10,-0.035660818219184875,0.011264743283390999,0.019244030117988586,0.02777824178338051,-0.002212118823081255,-0.020838767290115356,-0.015618376433849335,0.0334378182888031
train,1970-10,1970-11,-0.022974617779254913,0.007455932442098856,0.014177772216498852,0.015866100788116455,0.008920146152377129,-0.014750801026821136,-0.0031603570096194744,0.03710923716425896
train,1970-11,1970-12,-0.005372568499296904,0.008408322930335999,0.006827427539974451,0.0010603799019008875,0.001071965554729104,-0.013734925538301468,0.0026254113763570786,0.0041519105434417725
train,1970-12,1971-01,0.024743296205997467,0.002598246093839407,-0.03028210438787937,-0.02023177780210972,-0.039786264300346375,0.013400934636592865,0.008650707080960274,-0.022817621007561684
train,1971-01,1971-02,0.007367170415818691,0.002491169609129429,-0.00454293005168438,-0.004286204464733601,-0.0075259399600327015,0.01484756637364626,-0.002025133930146694,-0.017769059166312218
train,1971-02,1971-03,0.00212140497751534,-0.0056742108426988125,0.0005019514355808496,-0.008219623006880283,0.00025394686963409185,0.005108859855681658,0.00877574272453785,0.001668242271989584
train,1971-03,1971-04,0.004247333388775587,0.0036350146401673555,0.0038551909383386374,-0.0038180584087967873,0.00502919964492321,-0.004831224214285612,0.008433651179075241,0.005085450131446123
train,1971-04,1971-05,-0.009401505813002586,0.011094958521425724,0.014690946787595749,0.011912038549780846,0.004544558934867382,-0.007041148841381073,-0.004019283689558506,0.007553822360932827
train,1971-05,1971-06,-0.009969549253582954,0.004134777933359146,0.01240426953881979,0.010152471251785755,0.0064669884741306305,-0.0026996731758117676,-0.004160352051258087,0.006316186394542456
train,1971-06,1971-07,-0.007863559760153294,0.008235828951001167,0.005192026030272245,0.01626592129468918,0.0027289462741464376,-0.017891017720103264,-0.00351082906126976,-0.002187684876844287
train,1971-07,1971-08,-0.003902824129909277,-0.007852520793676376,0.005054455250501633,-0.0032691594678908587,0.0022640570532530546,-0.004913001321256161,0.0034671518951654434,-0.003452003002166748
train,1971-08,1971-09,-0.008937056176364422,0.0011293422430753708,0.007513065822422504,0.007623299024999142,0.0016597136855125427,0.003117909422144294,-0.005234806798398495,-0.000740565184969455
train,1971-09,1971-10,-0.009988409467041492,0.005574728362262249,0.006423306651413441,0.016143806278705597,0.0021443073637783527,-0.00823171529918909,-0.0028488074894994497,0.013874588534235954
train,1971-10,1971-11,-0.0050375149585306644,0.0027085524052381516,0.012955527752637863,0.006305459886789322,0.010356775484979153,-0.005315321031957865,0.0010881888447329402,0.012317907065153122
train,1971-11,1971-12,0.013423768803477287,-0.0035895633045583963,-0.006798447575420141,-0.012898270040750504,-0.002419928088784218,0.001435164362192154,0.0121605871245265,-0.00829270202666521
train,1971-12,1972-01,0.0032859384082257748,-0.010790899395942688,-0.017627842724323273,-0.019141249358654022,-0.04998139664530754,0.014649182558059692,0.004214215092360973,-0.038159824907779694
train,1972-01,1972-02,0.000467604142613709,-0.006462552584707737,0.0036948476918041706,-0.008823503740131855,-0.007192124612629414,-0.0026137621607631445,0.008310187608003616,-0.010638808831572533
train,1972-02,1972-03,-0.0048295436426997185,0.00408986397087574,0.00853128731250763,0.01056272815912962,0.002752610482275486,-0.0028761415742337704,0.0005129586206749082,0.007154049817472696
train,1972-03,1972-04,-0.0029065159615129232,-0.0031439033336937428,0.009337406605482101,-0.0024491711519658566,0.002476506168022752,-0.0047178715467453,0.004222347401082516,-0.001584343146532774
train,1972-04,1972-05,-0.0035747382789850235,0.0058756559155881405,0.011141919530928135,0.008952260948717594,0.010613410733640194,-0.003463876899331808,0.00244208169169724,0.008083943277597427
train,1972-05,1972-06,0.002722174394875765,-0.0004566451534628868,0.006593230180442333,0.0029078349471092224,0.004150566644966602,-0.0036671729758381844,0.004997005220502615,0.0010856258450075984
train,1972-06,1972-07,0.0009068855433724821,-0.0026560560800135136,0.00638658506795764,0.0071776993572711945,0.0013130208244547248,-0.011857276782393456,0.005550066940486431,0.00010169402230530977
train,1972-07,1972-08,-0.004056794103235006,0.0032678821589797735,0.004568637814372778,0.0036174808628857136,-0.00021128292428329587,-0.007731298450380564,0.0016970823053270578,0.004827501717954874
train,1972-08,1972-09,-0.0033831223845481873,-0.0008487354498356581,0.004269028548151255,0.0090694734826684,0.005371510051190853,-0.0035713710822165012,-0.0004501516232267022,0.006197427865117788
train,1972-09,1972-10,-0.005947693716734648,-0.0015340966638177633,0.005585547536611557,0.00892525352537632,0.005271073896437883,-0.005025732796639204,-0.0015195521991699934,0.011925280094146729
train,1972-10,1972-11,-0.004270228557288647,0.0036476131062954664,0.00249971030279994,-0.009940638206899166,0.005319009535014629,0.0022196550853550434,-0.0009905758779495955,0.004401251673698425
train,1972-11,1972-12,-0.0071389274671673775,-0.000913950614631176,0.010555312037467957,0.010107897222042084,0.010755391791462898,-0.008313214406371117,0.00526479072868824,0.012263679876923561
train,1972-12,1973-01,-0.009096547961235046,6.92359171807766e-05,-0.004724585451185703,0.012320777401328087,-0.029534395784139633,-0.01657766103744507,0.000569365918636322,0.006299702916294336
train,1973-01,1973-02,-0.00647853733971715,0.0037063767667859793,0.00363945122808218,0.005284967832267284,-0.0032071296591311693,-0.012539997696876526,-0.00040463777258992195,0.015283853746950626
train,1973-02,1973-03,-0.001998281106352806,-0.005188613198697567,0.0049081891775131226,-0.0009700918453745544,-0.001921526505611837,-0.00865238904953003,0.0037343178410083055,0.007493683602660894
train,1973-03,1973-04,-0.012548450380563736,-0.0012229963904246688,0.014091257937252522,0.0069250743836164474,-0.011062586680054665,-0.01615706831216812,-0.0012442069128155708,0.007931394502520561
train,1973-04,1973-05,-0.00906325038522482,0.0009565277141518891,0.015556558966636658,0.007783040404319763,0.012397991493344307,-0.01468515396118164,0.0010968217393383384,0.018948040902614594
train,1973-05,1973-06,-0.0020851283334195614,-0.006088126916438341,0.0044282530434429646,-0.0016105063259601593,-0.004730740562081337,-0.00805593654513359,0.005139622837305069,0.013686253689229488
train,1973-06,1973-07,0.040149472653865814,-0.012958068400621414,-0.007593703456223011,-0.030384643003344536,0.020247485488653183,0.009849638678133488,0.020073462277650833,-0.017884356901049614
train,1973-07,1973-08,-0.009671000763773918,0.0024427170865237713,0.0071785300970077515,0.009767537005245686,0.0025429404340684414,-0.0051305158995091915,-0.002694627968594432,0.014360325410962105
train,1973-08,1973-09,0.026367411017417908,-0.019325824454426765,0.000903325853869319,-0.020557407289743423,0.022530360147356987,-0.008035048842430115,0.021010445430874825,-0.00114009203389287
train,1973-09,1973-10,-0.006109669338911772,-0.002171924337744713,0.003399583511054516,0.0024455315433442593,-0.009807124733924866,-0.009550167247653008,0.003322585951536894,0.00957335066050291
train,1973-10,1973-11,-0.03235209733247757,0.01398264616727829,0.005144613794982433,0.025430994108319283,-0.011718510650098324,-0.008544841781258583,-0.015433591790497303,0.024558959528803825
train,1973-11,1973-12,-0.00983327068388462,-0.013746249489486217,0.006829897407442331,0.0036794121842831373,0.016837282106280327,-0.01788478158414364,0.010622605681419373,0.028526946902275085
train,1973-12,1974-01,0.02271319553256035,-0.004153714515268803,-0.020555853843688965,-0.030463695526123047,-0.031863316893577576,0.015594616532325745,0.0005844731349498034,-0.02602097950875759
train,1974-01,1974-02,-0.007340976968407631,0.005882475525140762,0.006549209356307983,0.003877864684909582,-0.009114192798733711,-0.003952821716666222,-0.003201280254870653,0.0016892290441319346
train,1974-02,1974-03,-0.003599025309085846,0.01096850261092186,-0.0007786459755152464,-0.001268821069970727,-0.014417042955756187,0.0028133189771324396,-0.003756071673706174,-0.01190316304564476
train,1974-03,1974-04,-0.008364460431039333,0.005564080085605383,0.01202511228621006,0.002251493278890848,-0.005902889184653759,-0.006518115755170584,-0.0004632284399122,0.0007213794160634279
train,1974-04,1974-05,-0.005768310744315386,0.008251680061221123,0.016835685819387436,0.004739377181977034,0.0010223067365586758,-0.00715092197060585,-0.0008206049678847194,0.00279975519515574
train,1974-05,1974-06,0.0002024456625804305,-0.001204957254230976,0.00736332219094038,-0.0047567132860422134,-0.004036911763250828,-0.01086228433996439,0.006121298763900995,0.005140317138284445
train,1974-06,1974-07,-0.007017812691628933,-0.006703536957502365,0.004938766825944185,0.0012766803847625852,-0.004209519829601049,-0.011477557010948658,0.0020972557831555605,0.011915896087884903
train,1974-07,1974-08,-0.013195525854825974,0.003685547038912773,0.014617953449487686,0.002657899633049965,-0.011921758763492107,-0.007825006730854511,-0.0024657705798745155,0.006253834813833237
train,1974-08,1974-09,-0.021480146795511246,0.006273600272834301,0.0036928020417690277,0.016812283545732498,-0.017698653042316437,-0.00235995021648705,-0.01570678874850273,-0.0015197061002254486
train,1974-09,1974-10,0.029303595423698425,-0.023155640810728073,-0.005504731088876724,-0.015971072018146515,0.030065014958381653,-0.012578737922012806,0.03025801107287407,0.015729179605841637
train,1974-10,1974-11,-0.01766214519739151,0.0062081762589514256,0.013018576428294182,0.015672527253627777,-0.002514074556529522,-0.0048074317164719105,-0.010884812101721764,0.0073556965216994286
train,1974-11,1974-12,-0.009951053187251091,-0.003371221013367176,0.012683723121881485,0.007303942926228046,0.014407209120690823,-0.011117968708276749,0.0026411216240376234,0.012311667203903198
train,1974-12,1975-01,0.06588373333215714,-0.023988954722881317,-0.04774840921163559,-0.06894513219594955,-0.03135994076728821,0.018438464030623436,0.03005533292889595,-0.044792138040065765
train,1975-01,1975-02,-0.0006816621171310544,0.013767844997346401,0.008488685823976994,0.004408852197229862,-0.0017274584388360381,0.008136417716741562,-0.0066365874372422695,-0.002823534654453397
train,1975-02,1975-03,0.027017606422305107,-0.01969820261001587,-0.014019104652106762,-0.04126476123929024,-0.003875344293192029,-0.00017367844702675939,0.025029443204402924,-0.02909158356487751
train,1975-03,1975-04,0.005666034296154976,-0.004637152887880802,0.018203333020210266,-0.010079463943839073,0.014629969373345375,-0.00389898382127285,0.012156015262007713,-0.004701102618128061
train,1975-04,1975-05,0.008662774227559566,-0.005005162209272385,-0.006103556137531996,-0.00911487266421318,-0.0021399124525487423,0.0006724197883158922,0.008145902305841446,-0.0006898707943037152
train,1975-05,1975-06,0.009934942238032818,-0.012225145474076271,-0.008599437773227692,-0.014699380844831467,-0.0076264007948338985,-0.0055528609082102776,0.013669762760400772,0.012550460174679756
train,1975-06,1975-07,-0.010811815038323402,0.015586167573928833,0.0027048669289797544,0.0073316507041454315,-0.02514122799038887,-0.0014099001418799162,-0.012901251204311848,-0.00948244147002697
train,1975-07,1975-08,-0.006707104854285717,0.01275890413671732,0.009006531909108162,0.009259672835469246,0.006005122791975737,-0.0007516834884881973,-0.00899778213351965,-0.0026000416837632656
train,1975-08,1975-09,-0.004469587001949549,0.0038419647607952356,0.007310403510928154,0.002521718153730035,0.0007122458191588521,-0.008999352343380451,-0.0007538048084825277,-0.002437032526358962
train,1975-09,1975-10,0.00011817039921879768,-0.011006117798388004,-0.00022235611686483026,-0.0018888243939727545,0.008449271321296692,-0.017483051866292953,0.014242309145629406,0.010468782857060432
train,1975-10,1975-11,-0.0028140111826360226,-0.004579224623739719,0.0008437016513198614,-0.006786611396819353,0.001520044170320034,-0.00971546396613121,0.0093143992125988,0.006124109961092472
train,1975-11,1975-12,-0.0022207782603800297,0.0009990399703383446,-0.0005747540853917599,-0.001975079532712698,-0.0071801068261265755,0.004305584821850061,-0.006112003233283758,-0.007009793072938919
train,1975-12,1976-01,0.023034313693642616,-0.037985194474458694,-0.010071329772472382,-0.03438518941402435,-0.0306234210729599,-0.014507679268717766,0.03832447528839111,-0.008837033994495869
train,1976-01,1976-02,-0.0010294732637703419,-0.010285260155797005,-0.0037628901191055775,-0.018989766016602516,-0.04968768730759621,0.015488607808947563,-0.002130914479494095,-0.033908043056726456
train,1976-02,1976-03,-0.01145491935312748,0.008178386837244034,0.0066534122452139854,0.004235668573528528,-0.008480412885546684,0.010580961592495441,-0.012439602054655552,-0.007495923899114132
train,1976-03,1976-04,-0.009353996254503727,0.018991420045495033,0.0006309307063929737,0.013509155251085758,-0.003454118501394987,0.003043043427169323,-0.015896692872047424,-0.0007989113219082355
train,1976-04,1976-05,0.0038773869164288044,0.015515748411417007,0.007753320038318634,0.007860722951591015,0.013126460835337639,0.004273530095815659,-0.007067195605486631,-0.0021806182339787483
train,1976-05,1976-06,0.003989312797784805,-0.009259690530598164,0.0027642296627163887,-0.008342464454472065,0.012320836074650288,-0.0019785044714808464,0.010263001546263695,0.010056829079985619
train,1976-06,1976-07,-0.007743787951767445,0.010413487441837788,8.025020360946655e-05,0.011616253294050694,-0.006310230121016502,0.003304760903120041,-0.012407110072672367,-0.0028327112086117268
train,1976-07,1976-08,-0.00985728669911623,0.0094888461753726,0.005779418628662825,0.007101858966052532,-0.00034003652399405837,0.0003722350811585784,-0.005840903613716364,0.002086748369038105
train,1976-08,1976-09,0.003007221966981888,-0.006818690802901983,0.0006556676235049963,-0.004109730012714863,0.0053329383954405785,-0.006380666512995958,0.008976440876722336,0.008626017719507217
train,1976-09,1976-10,-0.00659235380589962,0.004629506729543209,0.0018242418300360441,0.006940658204257488,-0.0018353881314396858,0.001786902197636664,-0.0067290025763213634,0.0008790575666353106
train,1976-10,1976-11,-0.0006585599039681256,-0.003198080463334918,0.0006494484259746969,0.00040458538569509983,0.00295131653547287,0.0017193255480378866,0.0036242075730115175,0.003237635362893343
train,1976-11,1976-12,0.0023406813852488995,-0.0010110033908858895,0.0009017804986797273,-0.0054471842013299465,-0.01939239911735058,0.0074666026048362255,0.0017951367190107703,-0.01034291461110115
train,1976-12,1977-01,-0.011307459324598312,0.007993096485733986,0.0030476413667201996,0.007577531971037388,-0.036743227392435074,0.008801255375146866,-0.012945841066539288,-0.010432173497974873
train,1977-01,1977-02,-0.01657743938267231,0.017988452687859535,0.009421991184353828,0.011934865266084671,-0.013731781393289566,0.011117564514279366,-0.018743982538580894,-0.004381232429295778
train,1977-02,1977-03,-0.0037667863070964813,0.0023986531887203455,0.0034461836330592632,-0.0011803280794993043,-0.006746294908225536,0.0030093942768871784,-0.005612649954855442,-0.007595646195113659
train,1977-03,1977-04,-0.009082402102649212,0.0007640515104867518,-0.001209452049806714,0.004443425685167313,-0.010601661168038845,0.0035535176284611225,-0.005303358193486929,-0.0002858706866391003
train,1977-04,1977-05,-0.007831381633877754,0.0044310009106993675,0.0033406978473067284,0.005089323502033949,-0.011636339128017426,0.0021158228628337383,-0.004478899296373129,0.0041234465315938
train,1977-05,1977-06,0.006761416792869568,-0.015839993953704834,-0.003006293438374996,-0.010583116672933102,0.0029086763970553875,-0.0035766465589404106,0.0178241990506649,0.011324151419103146
train,1977-06,1977-07,-0.01047916803508997,0.01435786485671997,0.003164516296237707,0.011415950022637844,-0.019752679392695427,0.011208939366042614,-0.015698077157139778,-0.012536745518445969
train,1977-07,1977-08,-0.010450818575918674,0.011994740925729275,0.005868794862180948,0.009832718409597874,-0.0052622901275753975,0.010507820174098015,-0.011716585606336594,-0.004554146435111761
train,1977-08,1977-09,-0.008771777153015137,0.00476012472063303,0.0029097264632582664,0.005214487202465534,-0.005987182259559631,0.004966755397617817,-0.005597307812422514,-0.0018918451387435198
train,1977-09,1977-10,-0.01213308610022068,0.011557558551430702,0.005146643612533808,0.006545705255120993,-0.006435188930481672,0.0017913954798132181,-0.011478928849101067,-0.0036060428246855736
train,1977-10,1977-11,0.0034828365314751863,-0.009607132524251938,0.002973992843180895,-0.0054628122597932816,-0.0004978048382326961,0.00020759727340191603,0.014488233253359795,0.01112150028347969
train,1977-11,1977-12,-0.008144655264914036,0.006025463808327913,0.0005361142102628946,0.007204942870885134,-0.0074320584535598755,0.005442367866635323,-0.004419563338160515,0.0010796168353408575
train,1977-12,1978-01,-0.010485682636499405,0.009189791046082973,-0.0011731759877875447,0.00915631465613842,-0.02625323086977005,0.010058974847197533,-0.017051860690116882,-0.010953065007925034
train,1978-01,1978-02,-0.011554427444934845,0.005523556377738714,0.00606744596734643,0.006271976977586746,-0.016122333705425262,0.00819827988743782,-0.007359568495303392,-0.003290449269115925
train,1978-02,1978-03,0.004165662452578545,-0.011640766635537148,0.0026899364311248064,-0.006967931520193815,-0.008091265335679054,0.004963105544447899,0.007479181047528982,-0.004036455415189266
train,1978-03,1978-04,0.00955621711909771,-0.006058627739548683,0.007920263335108757,-0.004772951360791922,0.0067577967420220375,-1.2956676073372364e-05,0.010741682723164558,-0.00035371468402445316
train,1978-04,1978-05,-0.005741150118410587,0.0013497036416083574,0.006469689775258303,0.0028397615533322096,-0.01303316093981266,0.009363510645925999,-0.0027341297827661037,-0.007872345857322216
train,1978-05,1978-06,-0.012026447802782059,0.009358549490571022,0.0030581937171518803,0.010108361952006817,-0.012904144823551178,0.006025946233421564,-0.01290392130613327,-0.0038438569754362106
train,1978-06,1978-07,0.004247043281793594,-0.009214699268341064,-0.0013243594439700246,-0.003778823185712099,0.003599689807742834,0.0013964029494673014,0.010976012796163559,0.013226114213466644
train,1978-07,1978-08,-0.008362198248505592,-0.0042688846588134766,0.0030753386672586203,0.010418972000479698,-0.018673107028007507,0.008678699843585491,-0.002719584386795759,0.005004610866308212
train,1978-08,1978-09,-0.007038712035864592,0.01115795411169529,0.00020975351799279451,0.003889228915795684,-0.015701783820986748,0.00781091395765543,-0.0161887239664793,-0.01359836757183075
train,1978-09,1978-10,-0.01763983443379402,0.046993404626846313,0.002548838499933481,0.02322624810039997,0.0007623997516930103,-0.0018596898298710585,-0.03254087641835213,-0.008332988247275352
train,1978-10,1978-11,0.015469658188521862,-0.02276679500937462,-0.0014542664866894484,-0.007952272891998291,0.013228224590420723,-0.004016424063593149,0.02821248769760132,0.025124236941337585
train,1978-11,1978-12,-0.002680503996089101,0.004249395802617073,0.0030407398007810116,0.002604080829769373,0.002746657934039831,0.008482097648084164,-0.00038487964775413275,0.0008905414724722505
train,1978-12,1979-01,0.011985733173787594,-0.01256866566836834,-0.0021791255567222834,-0.00623017642647028,-0.012474408373236656,-0.003655493026599288,0.00782681442797184,-0.01723458431661129
train,1979-01,1979-02,-0.009183937683701515,0.013151845894753933,0.001970212208107114,0.010066495276987553,-0.009025298058986664,0.008538875728845596,-0.015650494024157524,-0.005599331110715866
train,1979-02,1979-03,0.017603253945708275,-0.01820777915418148,-0.0077770124189555645,-0.009939981624484062,0.003371497616171837,0.007506922818720341,0.016020003706216812,-0.007059948053210974
train,1979-03,1979-04,-0.002685314044356346,0.001354314386844635,0.0009152516140602529,0.003909763880074024,-0.012293826788663864,0.005658538080751896,-0.004751837346702814,-0.007970523089170456
train,1979-04,1979-05,-0.006686215288937092,0.007641369942575693,0.006392482202500105,0.007391389459371567,-0.0038600924890488386,0.0035597123205661774,-0.008346890099346638,0.005267399828881025
train,1979-05,1979-06,0.005032161716371775,-0.008115684613585472,-0.01084273774176836,-0.0010175348725169897,-0.0015256090555340052,0.004633970558643341,0.000849984004162252,0.0029777768068015575
train,1979-06,1979-07,-0.0007095133187249303,-0.0013356665149331093,0.0013285427121445537,-0.001760855782777071,0.0014147325418889523,-0.0029066442511975765,0.001889296225272119,0.0031088613905012608
train,1979-07,1979-08,0.01094760000705719,-0.010279351845383644,0.0002245774958282709,-0.005046519450843334,0.007549125701189041,0.0007336437120102346,0.01481639128178358,0.011569426394999027
train,1979-08,1979-09,-0.006465375889092684,0.007028608117252588,0.004698525182902813,0.010190366767346859,-0.003766688983887434,2.323969965800643e-05,-0.0041963886469602585,0.006025946699082851
train,1979-09,1979-10,-0.009389765560626984,0.011128071695566177,0.009446241892874241,0.01045575737953186,-0.0015177170280367136,-0.006775016896426678,-0.006205779500305653,0.0055075110867619514
train,1979-10,1979-11,0.006545949727296829,-0.0191055778414011,-0.006707524415105581,0.004909970797598362,0.00848136655986309,0.0059120068326592445,0.015772119164466858,0.02358255162835121
train,1979-11,1979-12,-0.005867896601557732,0.007185217458754778,0.003809199435636401,0.013968931511044502,-0.01109798438847065,0.01918809302151203,-0.009413300082087517,-0.003869798267260194
train,1979-12,1980-01,0.001649655168876052,0.002905956469476223,0.0048597101122140884,0.012877210974693298,-0.021242067217826843,0.019631290808320045,-0.011522307991981506,-0.02363712526857853
train,1980-01,1980-02,-0.009924657642841339,0.011946422047913074,0.004101886413991451,0.01821216382086277,-0.013835785910487175,0.015033219009637833,-0.016685636714100838,-0.007432563230395317
train,1980-02,1980-03,-0.006998013239353895,0.019905321300029755,0.014588865451514721,-0.002062029205262661,0.008722484111785889,-0.017292698845267296,-0.0019935499876737595,0.01706871949136257
train,1980-03,1980-04,0.0022082936484366655,-0.00931139662861824,-0.010797003284096718,0.0017175216926261783,-0.003255605697631836,0.0019246968440711498,0.008574318140745163,0.01847536489367485
train,1980-04,1980-05,0.009497243911027908,-0.00586024671792984,-0.004400649573653936,-0.009197071194648743,0.006724785082042217,-0.0007508202688768506,0.010325510986149311,0.00363605422899127
train,1980-05,1980-06,-0.0036786647979170084,0.0006038114661350846,-0.000642186205368489,0.0069862958043813705,-0.004092661198228598,0.006314817816019058,-0.00447687366977334,-0.0008379031787626445
train,1980-06,1980-07,0.012862610630691051,-0.009858349338173866,0.005493552424013615,-0.0031278920359909534,0.018828334286808968,0.0005557071417570114,0.021679915487766266,0.01059684157371521
train,1980-07,1980-08,0.011639390140771866,-6.535800639539957e-05,0.005564273335039616,0.004178832750767469,-0.00955877359956503,0.009016931988298893,0.008433077484369278,-0.004340514540672302
train,1980-08,1980-09,0.00400713924318552,0.01737760193645954,0.005970503203570843,0.01576894149184227,-0.004694756120443344,0.020225483924150467,-0.01478465273976326,-0.01769118569791317
train,1980-09,1980-10,-0.00606306828558445,0.013878376223146915,0.006756309419870377,0.021986063569784164,-0.011265939101576805,0.026358231902122498,-0.019114620983600616,-0.024431776255369186
train,1980-10,1980-11,0.005658458918333054,0.0026589869521558285,-0.004326369613409042,0.026403727009892464,0.007823328487575054,0.023120898753404617,-0.0008617066778242588,-0.00402528140693903
train,1980-11,1980-12,-0.007128541357815266,0.004774990025907755,0.011494921520352364,0.0026701437309384346,0.002718772506341338,-0.0032675527036190033,-0.0040468377992510796,0.00429823063313961
train,1980-12,1981-01,-0.01168688852339983,0.01707356423139572,0.0041748350486159325,-0.005100618116557598,-0.025061577558517456,-0.0022070221602916718,-0.017674211412668228,-0.012185843661427498
train,1981-01,1981-02,-0.0016886757221072912,-0.009502733126282692,0.005985305178910494,-0.017210138961672783,0.00010615750215947628,-0.011534578166902065,0.008888417854905128,-0.0011699426686391234
train,1981-02,1981-03,0.010102426633238792,-0.012372396886348724,0.004308480303734541,-0.01631377823650837,0.009447112679481506,-0.005688452627509832,0.01545510534197092,-0.001764562912285328
train,1981-03,1981-04,-0.006610946264117956,0.002720495220273733,0.014106705784797668,0.0030374873895198107,-0.007406433112919331,-0.005702778697013855,-0.0011333859292790294,-0.010606162250041962
train,1981-04,1981-05,-0.0001741677988320589,-0.0054593775421381,0.005900454707443714,0.00159228197298944,-0.0017457404173910618,0.00041056156624108553,0.004342078696936369,0.0002628080837894231
train,1981-05,1981-06,-0.011948288418352604,-0.009190445765852928,0.00560820521786809,-0.018536314368247986,-0.014636384323239326,-0.02176481857895851,0.005834844429045916,0.007304340600967407
train,1981-06,1981-07,-0.002144512254744768,0.0021651065908372402,0.000612629228271544,-0.0008866154821589589,-0.005916086491197348,-0.0013323698658496141,0.00026759342290461063,0.0037829591892659664
train,1981-07,1981-08,-0.012993333861231804,-0.0014671124517917633,0.003289456944912672,-0.005134608130902052,-0.003082119859755039,-0.014784812927246094,-0.0008102023275569081,0.008113023824989796
train,1981-08,1981-09,-0.016450529918074608,-0.01088247261941433,0.009103734977543354,-0.004787650890648365,0.0032280373852699995,-0.02522759884595871,0.011150897480547428,0.029171012341976166
train,1981-09,1981-10,0.0024691016878932714,-0.0017045906279236078,0.005171281285583973,0.005131581332534552,0.0030269112903624773,0.010822603479027748,0.007228412199765444,0.011875670403242111
train,1981-10,1981-11,-0.01669520139694214,-0.0073137166909873486,0.0023559872061014175,0.011542798019945621,0.0029222036246210337,-0.015499971807003021,0.0025562183000147343,0.02290111407637596
train,1981-11,1981-12,-0.012624592520296574,0.005234483629465103,0.014678089879453182,0.004645895678550005,-0.004117465578019619,-0.0043673343025147915,-0.0034450336825102568,0.0012110956013202667
train,1981-12,1982-01,-0.009081011638045311,0.0013235507067292929,0.009635981172323227,0.0015641995705664158,-0.013439571484923363,-0.002896247198805213,-0.006214434280991554,-0.002026746980845928
train,1982-01,1982-02,-0.020322296768426895,-0.012390448711812496,0.009094318374991417,0.001813711947761476,-0.015065032057464123,-0.02845742180943489,0.004285740200430155,0.015451714396476746
train,1982-02,1982-03,-0.016689453274011612,-0.005811797454953194,0.009153105318546295,0.0031959954649209976,-0.011344891972839832,-0.011965429410338402,0.000249204458668828,0.005488660652190447
train,1982-03,1982-04,0.000678661628626287,-0.0005544481100514531,0.0037838832940906286,0.0016597886569797993,0.0024950294755399227,-0.0005396791966632009,0.003578898264095187,-0.0002889372408390045
train,1982-04,1982-05,-0.011609249748289585,0.0011431346647441387,0.00535959517583251,0.006578665226697922,-0.012199494056403637,-0.008803327567875385,-0.0024139888118952513,0.00453437864780426
train,1982-05,1982-06,-0.02099418453872204,-0.013213561847805977,0.013929315842688084,-0.0001739205908961594,-0.0039023186545819044,-0.02061748504638672,0.005529678892344236,0.018034841865301132
train,1982-06,1982-07,-0.01514528226107359,-0.0035828056279569864,0.012720642611384392,0.005412297323346138,-0.006989868823438883,-0.010282695293426514,-0.0034445596393197775,0.007410318590700626
train,1982-07,1982-08,0.005437076557427645,-0.01774822548031807,-0.010429879650473595,-0.013375110924243927,0.02266184613108635,-0.0013958000345155597,0.0164179727435112,0.010683182626962662
train,1982-08,1982-09,-0.024745184928178787,-0.001122552203014493,0.01887647435069084,0.01889335736632347,-0.009205764159560204,-0.0066849286668002605,-0.00860656052827835,0.003576854709535837
train,1982-09,1982-10,0.011227957904338837,-0.007701700087636709,0.003923360724002123,-0.005497765727341175,0.017103152349591255,0.01042445283383131,0.011601937934756279,0.0006252673920243979
train,1982-10,1982-11,-0.01540798507630825,-0.0013220031978562474,0.02348458766937256,0.007063614204525948,-0.010028100572526455,0.005005436949431896,-0.011355770751833916,-0.013697462156414986
train,1982-11,1982-12,-0.004074934870004654,0.007677752990275621,0.008062055334448814,0.002737668575718999,-0.006884361617267132,0.00046645686961710453,-0.0019480237970128655,0.00041203066939488053
train,1982-12,1983-01,0.04374363273382187,0.009957990609109402,-0.0012029242934659123,-0.029716458171606064,-0.02639387920498848,0.03371112421154976,-0.018164314329624176,-0.052966877818107605
train,1983-01,1983-02,-0.017771005630493164,0.003439545864239335,0.027806270867586136,0.01539153978228569,-0.008581777103245258,-0.007289064582437277,-0.010780185461044312,0.001539531396701932
train,1983-02,1983-03,-0.012815622612833977,0.003262460697442293,0.008354265242815018,0.0077638933435082436,-0.01739957369863987,-0.00764691736549139,-0.0054337806068360806,0.003462659427896142
train,1983-03,1983-04,-0.0017357193864881992,-0.000962643651291728,0.005022258032113314,0.0011961566051468253,-0.011933909729123116,0.010677547194063663,-0.006709805689752102,-0.006212327163666487
train,1983-04,1983-05,0.027273058891296387,0.0028374139219522476,-0.007141890935599804,-0.012163957580924034,-0.0134766586124897,0.00875905528664589,-0.0015205282252281904,-0.014697657898068428
train,1983-05,1983-06,0.004222248215228319,0.006352952681481838,0.01359283085912466,-0.0025096754543483257,-0.0034449677914381027,0.0015669116983190179,-0.0020504388958215714,-0.0074785733595490456
train,1983-06,1983-07,-0.002203475683927536,0.004027883987873793,-0.0039870236068964005,-0.00028112984728068113,-0.022047679871320724,-0.01031337957829237,-0.0016492177965119481,-0.0011017530923709273
train,1983-07,1983-08,-0.006813043262809515,0.0008161495206877589,-0.0056611173786222935,-0.0008922272827476263,-0.004153247456997633,-0.013579625636339188,0.008854539133608341,0.012609719298779964
train,1983-08,1983-09,-0.014896569773554802,-0.0009406367898918688,0.005008541978895664,0.007599548436701298,-0.0016727086622267962,-0.011097037233412266,0.007119623478502035,0.014045868068933487
train,1983-09,1983-10,-0.014491209760308266,-0.0015012623043730855,0.001794191892258823,-0.0010289628989994526,-0.009789235889911652,-0.01862371154129505,0.0022722557187080383,0.004131506197154522
train,1983-10,1983-11,-0.011321129277348518,-0.008428804576396942,0.007081875577569008,0.0038121440447866917,0.00730117317289114,-0.007689372636377811,0.008684956468641758,0.010271591134369373
train,1983-11,1983-12,-0.013365363702178001,-3.337021917104721e-05,0.004002626985311508,-0.00014040936366654932,-0.006361795589327812,-0.007718993816524744,0.0013115603942424059,0.0016551549779251218
train,1983-12,1984-01,0.003985212650150061,0.0037997127510607243,-0.004072331357747316,-0.0013284056913107634,-0.02648308128118515,-0.005693184677511454,-0.0040854522958397865,-0.003039226634427905
train,1984-01,1984-02,-0.008733481168746948,-0.00040975608862936497,-0.006158724427223206,0.004120680503547192,-0.009250074625015259,-0.010232523083686829,0.0021491674706339836,0.008280248381197453
train,1984-02,1984-03,-0.007481666281819344,-0.0024451687932014465,0.002142015378922224,0.0007334614638239145,-0.006676558870822191,-0.007149780169129372,0.004701997619122267,0.007790386211127043
train,1984-03,1984-04,-0.015717970207333565,0.0005950952181592584,0.008366611786186695,0.005109360441565514,-0.0009862318402156234,-0.006033172830939293,0.002773500978946686,0.010392030701041222
train,1984-04,1984-05,-0.01011585257947445,0.00180265330709517,0.0036860774271190166,0.006700395606458187,-0.012508422136306763,-0.01382150873541832,0.004924881272017956,0.012768861837685108
train,1984-05,1984-06,-0.008754352107644081,-0.008363639935851097,0.010406586341559887,-0.0020593481604009867,0.00797118991613388,-0.005156086757779121,0.008362106047570705,0.006757805123925209
train,1984-06,1984-07,-0.02356019988656044,0.0010107127018272877,0.011312626302242279,0.011522345244884491,-0.0020407955162227154,-0.012801945209503174,-0.001426804345101118,0.012383563444018364
train,1984-07,1984-08,0.0033102233428508043,-0.011665808968245983,0.0011188550852239132,-0.012211271561682224,0.015827534720301628,-0.0009904025355353951,0.020459197461605072,0.010493319481611252
train,1984-08,1984-09,-0.020679336041212082,-0.001900118077173829,0.0012330986792221665,0.013663440011441708,-0.012790597043931484,-0.009684848599135876,-0.0064118169248104095,0.0060883499681949615
train,1984-09,1984-10,-0.027256840839982033,0.002626691246405244,0.006710267625749111,0.01920194923877716,0.0014758073957636952,-0.009322050958871841,-0.0042515904642641544,0.02271762117743492
train,1984-10,1984-11,-0.029171576723456383,-0.0011353420559316874,0.007767829578369856,0.016284475103020668,-0.003433771664276719,-0.010845410637557507,-0.0024427741300314665,0.012063446454703808
train,1984-11,1984-12,-0.011239072307944298,-0.005161751993000507,0.003512066323310137,0.0037857256829738617,0.004402420949190855,-0.006380023434758186,0.005987878888845444,0.011716127395629883
train,1984-12,1985-01,0.024173103272914886,0.008796347305178642,0.002458767266944051,-0.009604735299944878,0.019802214577794075,0.021668389439582825,7.766211638227105e-05,-0.007026022765785456
train,1985-01,1985-02,0.007621163967996836,0.008722418919205666,0.011786163784563541,0.0012550435494631529,-0.0150144062936306,0.011087099090218544,-0.010162804275751114,-0.016737710684537888
train,1985-02,1985-03,-0.017564890906214714,0.00694972462952137,0.002225361531600356,0.013097194954752922,-0.018521897494792938,-0.006521053146570921,-0.006905302871018648,0.010775086469948292
train,1985-03,1985-04,-0.017357993870973587,0.0028759827837347984,-0.0014565265737473965,0.014550033956766129,-0.0067411307245492935,-0.005048817489296198,-0.0068232035264372826,0.00878849159926176
train,1985-04,1985-05,-0.017390701919794083,-0.0054965331219136715,-0.0017139689298346639,0.007941092364490032,0.003347054123878479,-0.01139485090970993,0.008805500343441963,0.022263310849666595
train,1985-05,1985-06,-0.017630159854888916,-0.004123521037399769,-0.0017787085380405188,0.01244768314063549,-0.0016027457313612103,-0.008115189149975777,0.0017393840244039893,0.011358673684298992
train,1985-06,1985-07,0.004052103031426668,0.003354156855493784,0.006250840611755848,0.0065683647990226746,0.006400646176189184,0.002358241006731987,0.000298813683912158,-0.0007085200631991029
train,1985-07,1985-08,-0.01428321935236454,0.00286419247277081,0.007124166004359722,0.008258468471467495,-0.008011593483388424,0.0005364077514968812,-0.009742656722664833,-0.0011720266193151474
train,1985-08,1985-09,-0.016893500462174416,0.005113834980875254,0.006796267349272966,0.013456286862492561,-0.008425154723227024,-0.016924884170293808,5.7150726206600666e-05,0.011667413637042046
train,1985-09,1985-10,-0.018692072480916977,-0.0109334671869874,0.0013524043606594205,0.009319690987467766,0.004840157460421324,-0.011834321543574333,0.0069353701546788216,0.02078661508858204
train,1985-10,1985-11,-0.00957072526216507,-0.0062918271869421005,0.0055940644815564156,0.0044454531744122505,0.007608701940625906,-0.0007545187254436314,0.006807288154959679,0.011301940307021141
train,1985-11,1985-12,-0.0177895650267601,0.00486381072551012,0.009344934485852718,0.01319276075810194,0.0069115981459617615,0.00356486183591187,-0.0024899328127503395,0.009898567572236061
train,1985-12,1986-01,-0.004892162512987852,0.004754557739943266,0.0050813257694244385,0.008509304374456406,-0.016215361654758453,0.01669001206755638,-0.018379945307970047,-0.016679562628269196
train,1986-01,1986-02,-0.014366036280989647,-0.003613519947975874,0.005685359239578247,0.007100567687302828,0.0009300746023654938,0.003346922341734171,-0.0032086295541375875,0.0009746367577463388
train,1986-02,1986-03,-0.010299315676093102,-0.0013121411902830005,0.0038212924264371395,0.00444631977006793,-0.0066713676787912846,-0.0009451803634874523,-0.0010315901599824429,0.0017879409715533257
train,1986-03,1986-04,-0.0006381734274327755,0.008146523497998714,0.007154357619583607,0.012506291270256042,-0.0014438149519264698,0.0056624398566782475,-0.005258501507341862,-0.0006399241392500699
train,1986-04,1986-05,-0.008971333503723145,0.003926300443708897,0.0025546958204358816,0.004410008899867535,-0.00601391913369298,-0.0026776387821882963,0.004318466410040855,0.011318511329591274
train,1986-05,1986-06,-0.01298428699374199,0.006191919092088938,0.005469123367220163,0.016859399154782295,-0.007252323441207409,-0.0030583934858441353,-0.005637241527438164,0.0035332883708178997
train,1986-06,1986-07,-0.01587498001754284,0.009004843421280384,0.001360396621748805,0.014644145965576172,-0.016144145280122757,-0.014202451333403587,-0.005333662033081055,0.006414010189473629
train,1986-07,1986-08,-0.00853685662150383,-0.004651356488466263,-0.006809014827013016,-0.006241373717784882,-0.0023156795650720596,-0.011738414876163006,0.012245910242199898,0.015775877982378006
train,1986-08,1986-09,0.003376672975718975,0.0007350920350290835,-0.0013535490725189447,-0.003147243754938245,-0.0074124932289123535,-0.015092553570866585,0.004280169494450092,-0.0035381936468183994
train,1986-09,1986-10,-0.010399200022220612,-0.00802675262093544,8.43879533931613e-05,0.005132378078997135,0.005843776278197765,-0.00400111498311162,0.011177784763276577,0.014339801855385303
train,1986-10,1986-11,-0.012736460193991661,0.002554647158831358,0.0042103552259504795,0.002296443097293377,-0.0014406427508220077,-0.008631892502307892,0.004814884625375271,0.008151387795805931
train,1986-11,1986-12,-0.010471785441040993,-0.0023028231225907803,0.000133077846840024,0.005411145277321339,-0.0046978117898106575,-0.007936558686196804,0.004858339671045542,0.00914126355201006
train,1986-12,1987-01,0.003548970213159919,-0.0010249431943520904,-0.002485055010765791,-0.0038465941324830055,-0.005168684292584658,0.0055832648649811745,0.0013917700853198767,-0.00025793188251554966
train,1987-01,1987-02,0.012595437467098236,-0.0006724779377691448,0.016881730407476425,-0.0041262744925916195,0.005355901550501585,0.009698553942143917,0.0009858132107183337,-0.009797101840376854
train,1987-02,1987-03,0.009168350137770176,0.0010169915622100234,0.004851318895816803,-0.0039932699874043465,-0.01589580997824669,-0.0055582416243851185,-0.0013563910033553839,-0.006166273728013039
train,1987-03,1987-04,-0.00011884208652190864,0.0018611568957567215,0.008749222382903099,0.00043168175034224987,-0.010450205765664577,-0.0038398681208491325,-0.0007044719532132149,-0.0011483568232506514
train,1987-04,1987-05,0.00534002436324954,-0.009435517713427544,0.003817345015704632,-0.006031382828950882,-0.01008882187306881,-0.014306043274700642,0.010930400341749191,0.0042396048083901405
train,1987-05,1987-06,-0.005123973824083805,-0.0064535485580563545,-0.007651551626622677,-0.0007515636389143765,-0.004360608756542206,-0.011910457164049149,0.010901443660259247,0.012585770338773727
train,1987-06,1987-07,-0.0002954863593913615,-0.01092979684472084,-0.008627803064882755,-0.0067048342898488045,-0.01750597357749939,-0.01835346594452858,0.012388183735311031,0.006592007353901863
train,1987-07,1987-08,-0.00873430073261261,0.0011099987896159291,0.0006100408500060439,0.0035153257194906473,0.006422188598662615,-0.00041279743891209364,0.003644024720415473,0.011667240411043167
train,1987-08,1987-09,-0.004814261570572853,-0.0020180188585072756,0.003903085831552744,-0.0019688657484948635,-0.009688288904726505,-0.00794879999011755,0.004381273873150349,0.0023581304121762514
train,1987-09,1987-10,-0.03043426387012005,0.020912446081638336,0.004778408911079168,0.01819889061152935,-0.02535962499678135,-0.008732789196074009,-0.01866566762328148,-0.004795609973371029
train,1987-10,1987-11,-0.014703462831676006,0.0016852348344400525,0.007332965265959501,0.006175174377858639,-0.010060863569378853,-0.005967124365270138,-0.002235914347693324,0.0021809188183397055
train,1987-11,1987-12,-0.01926647126674652,-0.012520743533968925,-0.0012729298323392868,0.00203124200925231,0.0239992905408144,-0.005696192849427462,0.022404896095395088,0.03848985210061073
train,1987-12,1988-01,0.016163596883416176,0.0003934749402105808,-0.0075258226133883,-0.006223026663064957,-0.011764157563447952,0.01230502501130104,-0.010625088587403297,-0.019559331238269806
train,1988-01,1988-02,0.004927103407680988,-0.0033881282433867455,-0.006757656112313271,-0.011110808700323105,0.007149992510676384,0.000841620727442205,0.013821950182318687,-0.0002915495715569705
train,1988-02,1988-03,0.004914442542940378,-0.00039556948468089104,-0.0010732121299952269,0.005534724798053503,-0.010089224204421043,-0.005947727244347334,0.005196447484195232,-0.0031114916782826185
train,1988-03,1988-04,-0.003344436176121235,0.000752426974941045,0.0029741209000349045,0.0011778962798416615,-0.0074554188176989555,-0.0020999652333557606,0.0009865837637335062,-0.0019453857094049454
train,1988-04,1988-05,-0.012288587167859077,0.006778419483453035,0.0035301698371767998,0.0020516379736363888,-0.01005498319864273,-0.004528037738054991,-0.003256441792473197,0.004671424627304077
train,1988-05,1988-06,-0.004271937999874353,-0.007965022698044777,-0.006150286644697189,-0.004829894285649061,0.011177870444953442,0.001167988171800971,0.011301456950604916,0.017379650846123695
train,1988-06,1988-07,-0.0010237921960651875,0.005032866261899471,-0.003292944747954607,0.0058199567720294,-0.007676145061850548,0.002412322908639908,-0.007741469889879227,-0.009242264553904533
train,1988-07,1988-08,-0.009812998585402966,0.006610502488911152,0.0034241587854921818,0.007673768792301416,-0.007610976696014404,-0.005385951139032841,-0.005822375416755676,0.0015031902585178614
train,1988-08,1988-09,-0.006614554673433304,0.00021849217591807246,0.00126169272698462,-0.002664652420207858,0.0013111814623698592,-0.0027019628323614597,0.005350417457520962,0.007643381133675575
train,1988-09,1988-10,-0.01611628755927086,-0.0026437784545123577,-0.0011839288054034114,0.006548657082021236,0.0007012772839516401,-0.01120372861623764,0.0024580503813922405,0.009780626744031906
train,1988-10,1988-11,-0.014065333642065525,-0.0004417585441842675,-0.0001724462490528822,0.008620535023510456,-0.003120454028248787,-0.009036383591592312,-0.0008078854298219085,0.007190966513007879
train,1988-11,1988-12,-0.003184989560395479,-0.004852474667131901,0.004550974816083908,-0.004137095995247364,7.825414650142193e-05,-0.004384106956422329,0.014163289219141006,0.011161547154188156
train,1988-12,1989-01,0.013624845072627068,-0.012330622412264347,-0.002451585605740547,-0.013874972239136696,-0.015169044956564903,-0.0006104190833866596,0.006326707080006599,-0.010050440207123756
train,1989-01,1989-02,-0.0031656757928431034,0.00021973694674670696,0.00601917551830411,0.004411691799759865,-0.010928665287792683,-0.0025799390859901905,0.00272930646315217,0.004361509345471859
train,1989-02,1989-03,-0.004431131295859814,-0.0069029564037919044,0.0014163139276206493,0.0009400576818734407,-0.0033354656770825386,-0.008561471477150917,0.007517260033637285,0.010923350229859352
train,1989-03,1989-04,-0.005116879940032959,-0.010198084637522697,-0.00512765534222126,-5.5758748203516006e-05,-0.0016487612156197429,-0.008386867120862007,0.013219855725765228,0.015893416479229927
train,1989-04,1989-05,-0.004909690003842115,-0.009222766384482384,0.00016013109416235238,0.0002373694151174277,-0.0041235145181417465,-0.005645452998578548,0.01175992377102375,0.010612370446324348
train,1989-05,1989-06,-0.010851176455616951,0.005981858354061842,-0.0012018944835290313,0.010665357112884521,-0.012901293113827705,-0.006034384947270155,-0.005733690224587917,-0.0011202285531908274
train,1989-06,1989-07,-0.01181009504944086,-0.005295250564813614,-0.0005623637116514146,0.005999835208058357,0.009522827342152596,-0.002750811167061329,0.007245105225592852,0.01982852816581726
train,1989-07,1989-08,-0.010298991575837135,0.0003499549347907305,0.002658585784956813,0.0018781048711389303,0.0038505808915942907,0.004586859606206417,-0.00210440531373024,0.006389569491147995
train,1989-08,1989-09,0.005810176022350788,-0.0001606766163604334,0.006967160850763321,0.0076425219886004925,-0.002338525839149952,0.0026377118192613125,0.0033618721645325422,0.001740385894663632
train,1989-09,1989-10,0.0018646907992661,0.004663570784032345,0.009309832006692886,0.008426671847701073,0.0008632131502963603,-0.013771424070000648,0.00534096360206604,0.006057092919945717
train,1989-10,1989-11,-0.0080337505787611,-0.003011801978573203,0.0024356681387871504,0.006729742977768183,0.009752336889505386,-0.004844071343541145,0.006255476735532284,0.015890048816800117
train,1989-11,1989-12,-0.009513458237051964,-0.008962477557361126,0.00404162984341383,0.0017849815776571631,0.001502831932157278,-0.019169233739376068,0.019491054117679596,0.018812423571944237
train,1989-12,1990-01,0.013889297842979431,0.011597312986850739,0.007617548573762178,-0.008426453918218613,-0.015457679517567158,-0.0019329928327351809,-0.012771427631378174,-0.02709033526480198
train,1990-01,1990-02,0.002545849420130253,-0.009888887405395508,0.007506858091801405,-0.010189774446189404,2.4880864657461643e-07,0.0015957877039909363,0.005701973102986813,-0.004533092491328716
train,1990-02,1990-03,0.0063061583787202835,-0.006819842848926783,0.006283929571509361,-0.005971174221485853,0.005028155632317066,-0.0059454371221363544,0.0158012006431818,0.006522694136947393
train,1990-03,1990-04,0.008629582822322845,0.004159206990152597,0.006661929190158844,0.0015490941004827619,0.002116793068125844,-0.00530503923073411,0.002913570962846279,0.0014216252602636814
train,1990-04,1990-05,0.0012871387880295515,-0.012172086164355278,0.001813155016861856,-0.006469015497714281,0.020855583250522614,-0.004493338987231255,0.02213437482714653,0.023953834548592567
train,1990-05,1990-06,0.004804003052413464,-0.0011882802937179804,0.007010114379227161,0.0049376050010323524,-0.0035858629271388054,-0.006261579226702452,0.003890865482389927,-0.004132981412112713
train,1990-06,1990-07,-0.00623030960559845,0.0013820455642417073,0.005472003482282162,0.0029708221554756165,-0.012819532305002213,-0.010647169314324856,0.00015971477841958404,0.0007620181422680616
train,1990-07,1990-08,-0.013414443470537663,0.008621733635663986,0.011762256734073162,0.010888427495956421,-0.019228991121053696,-0.01068202592432499,-0.007172408513724804,-0.0021899500861763954
train,1990-08,1990-09,-0.007443366572260857,0.003873557783663273,0.01046842709183693,0.012354386039078236,-0.015023219399154186,-0.022652050480246544,0.0008702194318175316,-0.00549322972074151
train,1990-09,1990-10,-0.0118883540853858,-0.005351911298930645,0.0064622582867741585,0.013666510581970215,0.0024383636191487312,-0.019220946356654167,0.008763153105974197,0.020467955619096756
train,1990-10,1990-11,0.0011949698673561215,-0.009514924138784409,-0.006812533363699913,-0.005973764695227146,0.026099447160959244,0.0003836934920400381,0.024676531553268433,0.028435369953513145
train,1990-11,1990-12,-0.01685546711087227,-0.01045164093375206,0.00900438241660595,0.0051565468311309814,0.01887633092701435,-0.010109088383615017,0.020175974816083908,0.02715197764337063
train,1990-12,1991-01,0.014499412849545479,-0.02234363928437233,0.003548789769411087,-0.029651988297700882,-0.010683586820960045,0.009690012782812119,0.0161568745970726,-0.019547956064343452
train,1991-01,1991-02,0.024904724210500717,-0.009445542469620705,8.325837552547455e-05,-0.028072819113731384,-0.011445349082350731,0.024887768551707268,-0.00931655801832676,-0.03283967822790146
train,1991-02,1991-03,0.016656948253512383,-0.007991841062903404,0.011216690763831139,-0.011731956154108047,-0.013220458291471004,0.004892750643193722,-0.00319467019289732,-0.022504489868879318
train,1991-03,1991-04,0.009311643429100513,0.00704623106867075,0.0166042260825634,-0.00037675071507692337,-0.01108013466000557,0.004268310498446226,-0.010133151896297932,-0.014602750539779663
train,1991-04,1991-05,-0.008551742881536484,-0.0038193645887076855,0.00029020290821790695,-1.0784395271912217e-05,-0.003084321040660143,-0.004926479421555996,0.00739112077280879,0.010196592658758163
train,1991-05,1991-06,-0.0001674187951721251,0.004129093140363693,0.0014369047712534666,0.00499546667560935,-0.009022077545523643,-0.01323539949953556,-0.001789075555279851,-0.013826439157128334
train,1991-06,1991-07,-0.006498326547443867,-0.0059423609636723995,0.007641692645847797,0.0023433903697878122,0.0035956823267042637,-1.8152175471186638e-05,0.0027057966217398643,0.005614282097667456
train,1991-07,1991-08,0.0019395838025957346,-0.006120624020695686,0.0018326297868043184,0.00780645664781332,-0.005871419794857502,-0.0031218254007399082,0.0034538856707513332,0.007781144231557846
train,1991-08,1991-09,0.009600786492228508,0.002192994812503457,0.004597352351993322,0.013385949656367302,0.0011962535791099072,0.0020090569742023945,-0.0018687136471271515,0.003553113667294383
train,1991-09,1991-10,0.005499390885233879,-0.00410787807777524,0.012964071705937386,0.010010783560574055,0.006067103706300259,0.003737729974091053,-0.0038576701190322638,-0.0004895925521850586
train,1991-10,1991-11,0.0034201485104858875,0.005606514867395163,0.013202414847910404,0.009092913940548897,-0.008892864920198917,-0.005561612546443939,-0.003154956502839923,-0.0025706663727760315
train,1991-11,1991-12,-0.0208396278321743,-0.01340123638510704,-0.0017254474805667996,0.01210431382060051,0.023558907210826874,-0.0011277800658717752,0.018464209511876106,0.03409161418676376
train,1991-12,1992-01,0.03699249029159546,-0.010586660355329514,0.003172722179442644,-0.030040763318538666,-0.08477272093296051,0.023246746510267258,-0.03185208886861801,-0.08324874937534332
train,1992-01,1992-02,-0.007881000638008118,-0.0021596390288323164,0.0058648367412388325,-0.0097943264991045,-0.04172545298933983,0.0028739492408931255,-0.007156804203987122,-0.017199154943227768
train,1992-02,1992-03,-0.0039354958571493626,0.007251454051584005,0.0036526406183838844,0.0008370816358365119,-0.018504781648516655,-0.016059212386608124,-0.0016490044072270393,-0.00845792330801487
train,1992-03,1992-04,-0.018320506438612938,0.010078860446810722,-0.0025787106715142727,-0.0018937530694529414,-0.017214162275195122,-0.010682565160095692,0.0012580500915646553,0.0005883551202714443
train,1992-04,1992-05,-0.0014649685472249985,-0.006522306241095066,0.0012185998493805528,-0.0012406595051288605,-0.0065597109496593475,-0.005931934807449579,0.0025170533917844296,-0.0008290221448987722
train,1992-05,1992-06,-0.01414291001856327,-0.001962848473340273,0.002042425563558936,0.007286767475306988,-0.010467883199453354,-0.007932604290544987,-0.006811895407736301,-0.008902544155716896
train,1992-06,1992-07,-0.010291858576238155,0.003354701679199934,0.001490486552938819,0.006635058205574751,0.0066500455141067505,0.008146123960614204,-0.00435181288048625,0.008281543850898743
train,1992-07,1992-08,-0.009811007417738438,0.0063519845716655254,0.004658679943531752,0.00401537399739027,-0.0010436342563480139,-0.007181752473115921,-0.0008191040251404047,-0.0025229821912944317
train,1992-08,1992-09,-0.000795594125520438,-0.006125180050730705,0.0029639224521815777,0.0006021044682711363,0.00425990205258131,-0.0007617424707859755,0.0024143673945218325,0.0032891016453504562
train,1992-09,1992-10,-0.0014076816150918603,0.0033685527741909027,0.006459981203079224,0.005565216764807701,0.011028451845049858,0.008918401785194874,0.0017958543030545115,0.010110587812960148
train,1992-10,1992-11,0.007066822145134211,0.0038770188111811876,0.00969537254422903,0.004089396446943283,0.010095946490764618,0.018047625198960304,-0.0012830467894673347,-0.005197548773139715
train,1992-11,1992-12,-0.013952931389212608,-0.0005984635790809989,0.003096191678196192,0.005524368956685066,-0.014130007475614548,0.004616986494511366,-0.006110223941504955,-0.002646261127665639
train,1992-12,1993-01,-0.00369160994887352,0.00048347143456339836,0.005923488177359104,-0.0025820229202508926,-0.04514314606785774,0.011112014763057232,-0.01537148468196392,-0.029013458639383316
train,1993-01,1993-02,-0.022611349821090698,-0.005695303436368704,-0.0027034305967390537,0.0019013230921700597,-0.03455653414130211,-0.020453857257962227,-0.000705625512637198,-0.0067813703790307045
train,1993-02,1993-03,-0.012217584997415543,-5.184154724702239e-05,0.0018920493312180042,0.0011750387493520975,-0.010839970782399178,0.006696752272546291,-0.005209299735724926,-0.0021198447793722153
train,1993-03,1993-04,-0.002277187304571271,-0.0016040134942159057,0.005794134922325611,0.002467189682647586,-0.016943935304880142,-0.00642549991607666,-0.0077337780967354774,-0.015573510900139809
train,1993-04,1993-05,0.015666838735342026,-0.007035223301500082,0.005193138960748911,-0.012838343158364296,0.0033725453540682793,-0.0036641238257288933,0.010630695149302483,-0.001228906912729144
train,1993-05,1993-06,-0.001651037484407425,-0.014705449342727661,0.002938824240118265,0.0003646139521151781,-0.011266397312283516,-0.00803054217249155,0.00010037713218480349,-0.002406511688604951
train,1993-06,1993-07,-0.012272527441382408,0.0016028316458687186,-0.0005636123823933303,0.004683776758611202,-0.017594659700989723,0.002605113899335265,-0.007408516015857458,0.00069746735971421
train,1993-07,1993-08,0.0017638809513300657,-0.003922738134860992,-0.004870630335062742,0.004968693014234304,0.009764683432877064,0.002903751563280821,0.0012197635369375348,0.0007640218827873468
train,1993-08,1993-09,-0.0020948974415659904,0.00043369547347538173,0.0006392714567482471,0.007614245172590017,-0.006725044921040535,0.009295664727687836,-0.001763807376846671,0.00329395174048841
train,1993-09,1993-10,0.010388561524450779,0.00033617764711380005,0.006711667403578758,-0.002048045163974166,-0.011693036183714867,0.0048129018396139145,0.00031628389842808247,-0.007001128047704697
train,1993-10,1993-11,-0.007614923641085625,0.006244327872991562,0.008799023926258087,-0.007889887318015099,-0.007443124428391457,-0.006556926295161247,0.0018605395453050733,-0.00729126762598753
train,1993-11,1993-12,-0.01688135415315628,0.0013810934033244848,0.0023538002278655767,0.0045076594687998295,-0.0022228406742215157,-0.0047772349789738655,0.007310737855732441,0.016242604702711105
train,1993-12,1994-01,0.005431543104350567,-0.004169603809714317,-0.0017209321958944201,-0.009509073570370674,-0.013618839904665947,0.0013252682983875275,0.0005298262694850564,-0.00992758758366108
train,1994-01,1994-02,-0.009822504594922066,0.00060821179067716,0.0025031750556081533,-0.005443551577627659,-0.011307100765407085,-0.005186520982533693,0.0037435153499245644,-0.0020741289481520653
train,1994-02,1994-03,-0.00715199951082468,0.007908143103122711,0.004648601170629263,-0.00048263807548210025,-0.01528142113238573,-0.0026130841579288244,-0.003761082887649536,-0.006989140994846821
train,1994-03,1994-04,-0.022103341296315193,-0.0011959756957367063,0.0009490716038271785,0.0009682825766503811,-0.008802980184555054,-0.005903527140617371,0.006287999916821718,0.013502435758709908
train,1994-04,1994-05,-0.005386782810091972,0.002061490435153246,0.0035575691144913435,0.001866624690592289,-0.00959048792719841,-0.000525744806509465,-0.0013033135328441858,0.0006655343458987772
train,1994-05,1994-06,-0.01644410565495491,0.012106478214263916,0.0020892214961349964,0.009828530251979828,-0.011987827718257904,-0.0026183342561125755,-0.009054536931216717,-0.003100742818787694
train,1994-06,1994-07,-0.008584648370742798,0.0011760263005271554,0.0005738658946938813,0.0015849368646740913,-0.0010796388378366828,-0.0015159762697294354,0.0008316299645230174,0.008273426443338394
train,1994-07,1994-08,-0.00491530355066061,0.004508050158619881,0.011316264048218727,0.0012058285064995289,0.00871424563229084,0.00680988933891058,0.002785620978102088,0.009108953177928925
train,1994-08,1994-09,-0.005590943153947592,0.002880368148908019,0.011907286010682583,0.00328207784332335,-0.008875828236341476,-0.0028710553888231516,-0.001021085656248033,0.00047724100295454264
train,1994-09,1994-10,-0.013150236569344997,0.003100235480815172,0.015324169769883156,-0.0005413733306340873,-0.000815016683191061,-0.002275918610394001,0.0022673027124255896,0.001709780073724687
train,1994-10,1994-11,-0.01241111196577549,-0.002683767583221197,0.014866822399199009,0.0045974282547831535,-0.004374474287033081,-0.013178851455450058,0.008095432072877884,0.007427680306136608
train,1994-11,1994-12,-0.028242966160178185,-0.004207603167742491,0.005747406743466854,0.013767959550023079,-0.004528867546468973,-0.012884924188256264,0.004786496516317129,0.016158532351255417
train,1994-12,1995-01,0.01338842324912548,-0.003365248441696167,0.004862907342612743,-0.004023486282676458,-0.016137471422553062,0.0008386316476389766,-0.004093024879693985,-0.014465183019638062
train,1995-01,1995-02,-0.00498221255838871,-0.0037428312934935093,0.0003762936976272613,0.0021930669900029898,-0.0040794359520077705,-0.005498902872204781,0.006998603232204914,0.007105769589543343
train,1995-02,1995-03,-0.004570440389215946,0.003558568423613906,0.008956154808402061,0.004208907950669527,0.0023354250006377697,0.003945638425648212,-0.0022091222926974297,0.001995336264371872
train,1995-03,1995-04,-0.00865217112004757,0.0009500202722847462,0.008661423809826374,0.0032499628141522408,-0.009419013746082783,0.0018878360278904438,-0.0022792043164372444,0.0011625161860138178
train,1995-04,1995-05,-0.004040544852614403,-0.006464239675551653,0.00878858007490635,0.006957846228033304,-0.00555111188441515,-0.004509756341576576,0.0030351546593010426,0.00553475134074688
train,1995-05,1995-06,0.006420351564884186,-0.008008087985217571,0.01101565733551979,0.00668257474899292,0.0056249531917274,0.008379289880394936,-0.0032270047813653946,0.000582108274102211
train,1995-06,1995-07,0.003230451140552759,-0.004712319001555443,0.011061035096645355,0.004724523983895779,0.00614430895075202,0.01235716138035059,-0.0036789386067539454,-0.002110273577272892
train,1995-07,1995-08,0.0013955109752714634,-0.008164269849658012,0.008281487971544266,0.012831653468310833,-0.016556231305003166,-0.0021537018474191427,-0.004402619320899248,0.0018895171815529466
train,1995-08,1995-09,-0.0020951973274350166,-0.00585534144192934,0.007503574714064598,0.00797062087804079,-0.012783938087522984,-0.008511444553732872,-0.0009122019400820136,-0.0018830238841474056
train,1995-09,1995-10,-0.02148156613111496,0.006406361237168312,0.00926213525235653,0.016991812735795975,-0.01968027837574482,-0.0075280205346643925,-0.007682570721954107,0.004129626322537661
train,1995-10,1995-11,-0.020256685093045235,0.006731783039867878,0.005700657609850168,0.008687278255820274,0.002396481577306986,0.0035529122687876225,-0.0009531764080747962,0.0161789171397686
train,1995-11,1995-12,-0.008602607995271683,-0.006321920547634363,0.007373272906988859,0.014181021600961685,-0.010043594054877758,-0.006042023655027151,0.000840825610794127,0.009552543051540852
train,1995-12,1996-01,0.01784355193376541,-0.0006460754084400833,-0.00040020194137468934,-0.001062213908880949,-0.014655426144599915,-0.0008103225845843554,-0.005468763876706362,-0.011893553659319878
train,1996-01,1996-02,0.005784881301224232,-0.006239285226911306,0.010094067081809044,-0.0002850538003258407,0.0017700238386169076,0.0026488546282052994,0.0002669158857315779,-0.008555514737963676
train,1996-02,1996-03,0.0010381834581494331,-0.0008162608137354255,-0.003707046387717128,-0.00982177909463644,-0.005348790902644396,-0.004830152727663517,0.0041613830253481865,-0.0063367257826030254
train,1996-03,1996-04,0.004864694084972143,-0.007294865325093269,0.019912276417016983,0.00026036298368126154,0.013271035626530647,0.012281699106097221,-0.003902742639183998,-0.012634724378585815
train,1996-04,1996-05,0.013515138067305088,-0.004995525814592838,0.0016320192953571677,0.001278097159229219,-0.009219684638082981,0.0035169217735528946,-0.003891861764714122,-0.019528407603502274
train,1996-05,1996-06,-0.020033447071909904,0.007395802065730095,-0.009779324755072594,-0.001256156712770462,-0.028866149485111237,-0.014178484678268433,0.0017304326174780726,0.010042866691946983
train,1996-06,1996-07,-0.01971285790205002,0.0033064079470932484,-0.008679618127644062,-0.006027747876942158,-0.02830502949655056,-0.027042213827371597,0.0163426510989666,0.013889115303754807
train,1996-07,1996-08,-0.0025652821641415358,0.0023166725877672434,0.0001646755263209343,0.0011574577074497938,0.005788059439510107,0.010106473229825497,-0.001863302430137992,0.009368108585476875
train,1996-08,1996-09,-0.004598460625857115,0.00019156743655912578,0.0056541431695222855,0.004384021274745464,0.006448504514992237,0.007158689666539431,0.0018476999830454588,0.009433155879378319
train,1996-09,1996-10,-0.031715765595436096,-0.004396790638566017,0.002577124396339059,0.004306364804506302,-0.020466698333621025,-0.025209197774529457,0.014616217464208603,0.023195601999759674
train,1996-10,1996-11,-0.012331300415098667,-0.007986223325133324,0.0038046548143029213,-0.0073348283767700195,0.0005359869683161378,-0.012019412592053413,0.016545725986361504,0.013547984883189201
train,1996-11,1996-12,-0.02225939929485321,-0.0042398544028401375,0.006903443485498428,0.012368997558951378,-0.0010383196640759706,-0.004689611494541168,0.006851406302303076,0.01511299330741167
train,1996-12,1997-01,0.03242270648479462,-0.0023857755586504936,0.000535404309630394,-0.007937852293252945,-0.002976908814162016,0.008104123175144196,-0.0037344980519264936,-0.015989864245057106
train,1997-01,1997-02,-0.019169962033629417,-0.00017280492465943098,-0.006605446804314852,0.0035558906383812428,-0.027861982583999634,-0.01997840777039528,0.0020061591640114784,0.0053625996224582195
train,1997-02,1997-03,-0.02690793201327324,-0.0006182129727676511,-0.0037730326876044273,0.00021784892305731773,-0.023919004946947098,-0.02574826031923294,0.010684289038181305,0.012692064978182316
train,1997-03,1997-04,-0.021822597831487656,-0.001529947854578495,-0.0038547555450350046,-0.00194487813860178,-0.008137810975313187,-0.016285071149468422,0.015904748812317848,0.018597405403852463
train,1997-04,1997-05,0.013495507650077343,0.004790600389242172,0.008664733730256557,-0.0014370009303092957,0.032678622752428055,0.016736997291445732,0.00912005826830864,0.014231937937438488
train,1997-05,1997-06,-0.015531728975474834,0.0012871508952230215,-0.0025078561156988144,0.007335479371249676,-0.012562486343085766,-0.00015183462528511882,-0.0006592862773686647,0.003444722155109048
train,1997-06,1997-07,-0.0031870203092694283,-0.007383598946034908,-0.001277244882658124,-0.005587328691035509,0.010677611455321312,-0.004393649287521839,0.012654164806008339,0.015423252247273922
train,1997-07,1997-08,0.007953103631734848,-0.0007193352212198079,0.008032533340156078,-0.002711228094995022,-0.004895505029708147,0.004766220226883888,-0.0015587072120979428,-0.0025265072472393513
train,1997-08,1997-09,0.010992651805281639,-0.007551311515271664,0.007688713259994984,0.00111711909994483,-0.0024319859221577644,0.009867316111922264,-0.001596426940523088,-0.007135323248803616
train,1997-09,1997-10,-0.007142985705286264,-0.007766003720462322,-0.004731012973934412,0.0007380247116088867,-0.026968155056238174,-0.01778649166226387,-0.0006233759340830147,-0.006244853604584932
train,1997-10,1997-11,-0.03599706292152405,0.0042236801236867905,0.0013741495786234736,0.01146236527711153,-0.020495548844337463,-0.020933978259563446,0.003893280867487192,0.015988964587450027
train,1997-11,1997-12,-0.051132239401340485,0.0015670263674110174,-0.009284278377890587,0.021730534732341766,-0.025199880823493004,-0.020982904359698296,0.007254547439515591,0.024576332420110703
train,1997-12,1998-01,0.02090723253786564,-0.00020695693092420697,0.005662326700985432,-0.011739203706383705,-0.002716127783060074,0.008447198197245598,-0.009839411824941635,-0.023150786757469177
train,1998-01,1998-02,-0.0031511159613728523,0.0009611048735678196,0.0007523666135966778,0.0012874184176325798,0.004855334758758545,0.0056615774519741535,0.005069592036306858,0.007797986268997192
train,1998-02,1998-03,-0.0044036246836185455,0.004882872570306063,0.003967554308474064,0.008753672242164612,-0.004729381296783686,-0.002436193870380521,-0.0043830908834934235,0.004986373707652092
train,1998-03,1998-04,0.0002052320633083582,-0.003757153172045946,0.004523224662989378,-0.004713478498160839,-0.011712418869137764,0.0016526010585948825,-0.003305048681795597,-0.011526413261890411
train,1998-04,1998-05,-0.01298719272017479,0.0032515712082386017,0.0030786804854869843,0.004929820075631142,-0.016892418265342712,-0.016031160950660706,0.0009782032575458288,0.002134694717824459
train,1998-05,1998-06,-0.02765471115708351,-0.0040635657496750355,0.001330406405031681,0.005598720163106918,-0.0021079101134091616,-0.01382087729871273,0.010215934365987778,0.027461599558591843
train,1998-06,1998-07,-0.013192093931138515,-0.002190825529396534,0.006023545749485493,0.01085157785564661,-0.021000344306230545,-0.01316465251147747,-0.0076206037774682045,-0.008007385767996311
train,1998-07,1998-08,-0.04018546640872955,0.010971308685839176,0.00387984118424356,0.012463301420211792,-0.03075411170721054,-0.04255655035376549,0.003971849102526903,-0.0016410695388913155
train,1998-08,1998-09,-0.001707097515463829,-0.004082790110260248,0.012906617484986782,0.002509187674149871,0.011417172849178314,0.008728706277906895,0.009619345888495445,0.029934920370578766
train,1998-09,1998-10,0.005200036335736513,0.009502975270152092,0.00940476544201374,-0.011639505624771118,0.031065955758094788,0.012030193582177162,0.011448340490460396,0.014838481321930885
train,1998-10,1998-11,0.011984441429376602,-0.003210656810551882,0.033983014523983,0.005757004488259554,-0.0029514257330447435,0.028728816658258438,-0.027819640934467316,-0.02660103142261505
train,1998-11,1998-12,-0.018525145947933197,-0.0033249491825699806,0.014318613335490227,0.014527032151818275,0.013894551433622837,0.004417055286467075,-0.0006356151425279677,0.012039383873343468
train,1998-12,1999-01,0.05186708644032478,-0.022353950887918472,0.02460474893450737,-0.009768418967723846,-0.008745525032281876,0.02832959219813347,-0.02865631692111492,-0.06243281066417694
train,1999-01,1999-02,-0.007402181159704924,-0.00475854380056262,0.0018575520953163505,0.005143086425960064,-0.0225396528840065,-0.01204315572977066,-0.0075641172006726265,-0.010840537026524544
train,1999-02,1999-03,-0.008817795664072037,0.009054825641214848,0.0063847885467112064,-0.00010430742986500263,0.0009967576479539275,0.019996989518404007,-0.01601097173988819,-0.0028923156205564737
train,1999-03,1999-04,-0.0009744320996105671,-0.004111504182219505,-0.0037266870494931936,-0.02031838893890381,0.0014450037851929665,0.0023758145980536938,0.006334417499601841,-0.0004536346532404423
train,1999-04,1999-05,0.00535699725151062,-0.00483275018632412,0.012022340670228004,-0.007796430494636297,-0.00824966561049223,-0.01707981713116169,0.017565704882144928,0.002644936554133892
train,1999-05,1999-06,-0.004206872545182705,-0.0007297415286302567,0.013614238239824772,2.1114246919751167e-06,0.003971077036112547,0.003983140457421541,0.0015075576957315207,0.0061873337253928185
train,1999-06,1999-07,0.00802763644605875,-0.013947796076536179,0.009714446030557156,-0.0017201656010001898,-0.020808599889278412,-0.005428485106676817,0.0022928211838006973,-0.008940626867115498
train,1999-07,1999-08,-0.012030849233269691,-0.0015526707284152508,0.019153783097863197,0.014171632006764412,-0.01079541351646185,-0.008570699021220207,-0.003300563432276249,0.008478851057589054
train,1999-08,1999-09,-0.004006504081189632,0.0007252306677401066,0.02071337401866913,0.01626027375459671,0.0011623166501522064,0.01076448429375887,-0.014562548138201237,-0.002625577850267291
train,1999-09,1999-10,-0.014304114505648613,-0.0023824982345104218,0.02199041098356247,0.019208857789635658,0.0024198221508413553,0.01436706818640232,-0.01997370831668377,0.0008426610729657114
train,1999-10,1999-11,0.022247962653636932,-0.025564316660165787,0.05413161218166351,0.04116823524236679,-4.470313433557749e-05,0.024239329621195793,-0.03780096024274826,-0.02399967983365059
train,1999-11,1999-12,0.014054355211555958,-0.02723582088947296,0.05699962377548218,0.04591428115963936,0.0062930770218372345,0.018938809633255005,-0.020433157682418823,-0.0007415222935378551
validation,1999-12,2000-01,0.05812280625104904,-0.04699156805872917,0.031087761744856834,0.008578571490943432,-0.026216823607683182,-0.016049668192863464,-0.0038100741803646088,-0.03736405819654465
validation,2000-01,2000-02,0.07468701899051666,-0.1045604795217514,0.10702495276927948,0.05750098079442978,0.022898811846971512,0.010144212283194065,-0.017111988738179207,-0.020622752606868744
validation,2000-02,2000-03,-0.028045255690813065,0.01295187883079052,-0.018570121377706528,-0.024354424327611923,-0.011022363789379597,-0.03792364150285721,0.038311269134283066,0.017435269430279732
validation,2000-03,2000-04,-0.01777866668999195,0.024188371375203133,-0.028892118483781815,-0.034865666180849075,-0.030458685010671616,-0.06261514127254486,0.059145212173461914,0.01418051403015852
validation,2000-04,2000-05,-0.014013648964464664,0.006321273278445005,-0.0132453553378582,-0.02293383702635765,-0.025007961317896843,-0.03694884851574898,0.03145545348525047,-0.012611208483576775
validation,2000-05,2000-06,0.013760903850197792,-0.01694585382938385,0.04965689405798912,0.04781859368085861,0.026096103712916374,0.059375740587711334,-0.042735617607831955,0.023921038955450058
validation,2000-06,2000-07,-0.007210530340671539,0.0011161969741806388,-0.01681113801896572,-0.020294098183512688,-0.010855886153876781,-0.022677352651953697,0.021952424198389053,0.00204889802262187
validation,2000-07,2000-08,-0.000979888834990561,-0.02898859791457653,0.017403624951839447,0.017594270408153534,0.01170557551085949,-0.000249471515417099,0.012044157832860947,0.023141108453273773
validation,2000-08,2000-09,-0.025788720697164536,-0.02333693951368332,-0.004597971215844154,-0.014181523583829403,-0.021605268120765686,-0.03496493399143219,0.025463590398430824,0.018858790397644043
validation,2000-09,2000-10,-0.03955867514014244,-0.007548450492322445,-0.0011792134027928114,-0.019095750525593758,-0.013121760450303555,-0.04118216037750244,0.03793410211801529,0.04538606107234955
validation,2000-10,2000-11,-0.06711801886558533,-0.02380126342177391,-0.02115718647837639,-0.04314501956105232,-0.03836892172694206,-0.0787876769900322,0.06060565263032913,0.044608402997255325
validation,2000-11,2000-12,-0.059638939797878265,-0.012775499373674393,-0.006817032117396593,-0.021499106660485268,0.014006240293383598,-0.0193799901753664,0.030715130269527435,0.0563296377658844
validation,2000-12,2001-01,0.15122680366039276,0.05158058553934097,0.007328042760491371,-0.03099052794277668,-0.012745872139930725,0.12062399089336395,-0.06508713960647583,-0.1068861111998558
validation,2001-01,2001-02,-0.07084441930055618,-0.02351372316479683,-0.02718741074204445,-0.013735181652009487,-0.05989725887775421,-0.08311168849468231,0.05109725147485733,0.05108034610748291
validation,2001-02,2001-03,-0.04756474122405052,-0.02123573049902916,-0.013914600946009159,-0.005975061096251011,-0.03610238432884216,-0.06881798803806305,0.048376984894275665,0.048486772924661636
validation,2001-03,2001-04,0.029802989214658737,0.016185550019145012,0.019623519852757454,-0.006701790727674961,0.04704807698726654,0.03697929158806801,-0.004731779918074608,0.002073110081255436
validation,2001-04,2001-05,0.006809128914028406,-0.0028246836736798286,-0.0005509479669854045,-0.001800936064682901,-0.011461229994893074,0.0017345927190035582,-0.005255220457911491,-0.01378634013235569
validation,2001-05,2001-06,-0.013551400974392891,-0.004678076133131981,0.01153118908405304,0.010551432147622108,-0.007031183689832687,-0.007233588024973869,0.005679307505488396,0.009682751260697842
validation,2001-06,2001-07,-0.03481834754347801,-0.01707598567008972,-0.0038005488459020853,-0.005079022608697414,-0.02886134758591652,-0.05075380951166153,0.03558775782585144,0.023062407970428467
validation,2001-07,2001-08,-0.040919266641139984,-0.0013603735715150833,-0.004291048273444176,0.00124059256631881,-0.031352829188108444,-0.036445148289203644,0.005762469954788685,0.001535347430035472
validation,2001-08,2001-09,-0.04202067106962204,-0.010685197077691555,-0.0010741760488599539,0.025040673092007637,-0.03798994794487953,-0.04845694079995155,0.0010472647845745087,0.008106171153485775
validation,2001-09,2001-10,0.059121470898389816,0.009954836219549179,0.023698117583990097,-0.009938525035977364,0.04943227022886276,0.06296791136264801,0.0028432789258658886,0.0038533182814717293
validation,2001-10,2001-11,0.01982276141643524,0.028151150792837143,0.018009746447205544,-0.008046481758356094,0.024621717631816864,0.03962470591068268,-0.015092303045094013,0.009137291461229324
validation,2001-11,2001-12,0.011299803853034973,0.014783518388867378,0.010436199605464935,-0.006856902968138456,0.009296393021941185,0.02670815959572792,-0.0086203096434474,-0.007363497279584408
validation,2001-12,2002-01,-0.026162894442677498,-0.006823115050792694,0.00517926923930645,-0.005903076380491257,-0.04515016824007034,-0.02666349522769451,0.005412416998296976,-0.020286086946725845
validation,2002-01,2002-02,-0.05099767819046974,0.002776206936687231,-0.006460564211010933,0.004752593580633402,-0.031286370009183884,-0.04767312481999397,0.015316113829612732,0.012628245167434216
validation,2002-02,2002-03,0.004952103830873966,0.003977777902036905,0.003632072126492858,-0.018608134239912033,0.004457899834960699,0.010113649070262909,0.005481313448399305,-0.0031890978571027517
validation,2002-03,2002-04,-0.04780494049191475,-0.013552337884902954,-0.021479280665516853,-0.003469861112535,-0.031898997724056244,-0.0446334071457386,0.020000604912638664,-0.012422848492860794
validation,2002-04,2002-05,-0.030885733664035797,-0.007182091940194368,0.0021527796052396297,0.003972670994699001,-0.024427704513072968,-0.030514225363731384,0.007236468605697155,-0.0046399240382015705
validation,2002-05,2002-06,-0.04920532554388046,-0.00699271447956562,-0.004487769678235054,0.011884920299053192,-0.025004509836435318,-0.03284333646297455,0.004841659218072891,0.002330775372684002
validation,2002-06,2002-07,-0.013757324777543545,-0.01097114384174347,0.0001269953791052103,0.01798783615231514,-0.018069159239530563,-0.02584533393383026,0.007089753169566393,0.004992925561964512
validation,2002-07,2002-08,-0.010533136315643787,0.0021679052151739597,0.004457563161849976,0.003701378358528018,-0.006688643246889114,-0.0013031079433858395,0.004108907654881477,0.011042267084121704
validation,2002-08,2002-09,-0.02696150727570057,-0.0041916402988135815,-0.00025556626496836543,0.022291503846645355,-0.002897965954616666,-0.02902190573513508,0.01210786122828722,0.02373678982257843
validation,2002-09,2002-10,0.02145746722817421,-0.006061381660401821,0.02252916619181633,-0.007076292764395475,0.010823877528309822,0.025464609265327454,-0.004182789474725723,-0.0098407082259655
validation,2002-10,2002-11,0.07179947197437286,-0.005570507608354092,0.0213673934340477,-0.028255872428417206,-0.011135825887322426,0.05818326771259308,-0.027915112674236298,-0.06217209994792938
validation,2002-11,2002-12,-0.047479838132858276,0.018037203699350357,-0.0021804487332701683,0.027340363711118698,-0.011659898795187473,-0.029767828062176704,0.004682453349232674,0.040389284491539
validation,2002-12,2003-01,0.007749453652650118,-0.013696983456611633,0.009328637272119522,0.012929026037454605,-0.022373348474502563,-0.0022827882785350084,-0.007207488641142845,-0.0076049817726016045
validation,2003-01,2003-02,-0.010657556354999542,-0.006511345040053129,0.0033687460236251354,0.011107276193797588,-0.00927814468741417,-0.013276519253849983,0.004408417269587517,0.005803568288683891
validation,2003-02,2003-03,0.0018629698315635324,-0.012124506756663322,0.009331725537776947,0.003492841264232993,0.0020622299052774906,0.0019482983043417335,0.005122543312609196,0.004179822746664286
validation,2003-03,2003-04,0.0354185588657856,-0.021951895207166672,0.0029380787163972855,-0.011211477220058441,0.009364517405629158,0.016360225155949593,0.0051033454947173595,-0.008446953259408474
validation,2003-04,2003-05,0.07752595841884613,-0.040806420147418976,0.02060914970934391,-0.02300165221095085,-0.0027390136383473873,0.03909723833203316,-0.013574584387242794,-0.042708370834589005
validation,2003-05,2003-06,0.014973356388509274,-0.011271752417087555,0.0034098911564797163,-0.005092330276966095,-0.017059560865163803,0.008404955267906189,-0.0036079802084714174,-0.022521808743476868
validation,2003-06,2003-07,0.0057281083427369595,-0.014398142695426941,0.0177146065980196,-0.002793678781017661,-0.014118898659944534,0.009682825766503811,-0.008264768868684769,-0.021375300362706184
validation,2003-07,2003-08,0.006173400208353996,-0.006889990530908108,0.011579081416130066,-0.006616547703742981,0.001770335016772151,0.0050679463893175125,0.0036100412253290415,-0.006105437874794006
validation,2003-08,2003-09,0.017713472247123718,-0.01921127736568451,0.006732286885380745,0.009195810183882713,-0.028127487748861313,0.00021013361401855946,-0.009887587279081345,-0.014922830276191235
validation,2003-09,2003-10,-0.009361986070871353,-0.017480596899986267,0.0070320009253919125,0.0032997331582009792,-0.006300230510532856,0.003446516115218401,0.005707862786948681,-0.0005097567336633801
validation,2003-10,2003-11,-0.008617234416306019,-0.007532890886068344,0.0035270927473902702,-0.002345216926187277,-0.010120334103703499,-0.009821869432926178,0.0075728194788098335,0.002752925269305706
validation,2003-11,2003-12,-0.0005938177928328514,0.011776968836784363,-0.009108427911996841,-0.009965999983251095,-0.00223367428407073,-0.010007226839661598,0.005741484463214874,0.0004676509415730834
validation,2003-12,2004-01,0.01790659874677658,-0.03389127179980278,0.027866214513778687,0.013152574189007282,-0.02797534316778183,0.00213090842589736,-0.01410087663680315,-0.024821698665618896
validation,2004-01,2004-02,-0.0059808543883264065,0.011629660613834858,-0.013849901966750622,-0.008870039135217667,-0.000643082894384861,-0.0025000248569995165,-0.000562764354981482,-0.0020609237253665924
validation,2004-02,2004-03,-0.006956169381737709,0.005866475403308868,-0.004974724259227514,-0.003634445834904909,-0.003316303249448538,-0.006830621976405382,0.007179078180342913,0.002570724580436945
validation,2004-03,2004-04,0.0005527250468730927,0.01920454576611519,-0.012196075171232224,-0.005666031502187252,0.005703112110495567,-0.011211276985704899,0.004251699894666672,-0.004382576793432236
validation,2004-04,2004-05,-0.011305984109640121,0.0021933321841061115,0.00580004695802927,-0.0038715824484825134,0.004392512142658234,-0.0016840772004798055,0.005069036036729813,0.006174877285957336
validation,2004-05,2004-06,-0.01660171151161194,0.002655644901096821,-0.008140047080814838,-0.013882322236895561,0.000352247036062181,-0.0068521564826369286,0.010806537233293056,0.007372346706688404
validation,2004-06,2004-07,-0.026076678186655045,0.024331506341695786,-0.02875669114291668,-0.017172567546367645,-0.011859572492539883,-0.008177142590284348,-0.0016447741072624922,0.011677023954689503
validation,2004-07,2004-08,-0.0026437516789883375,0.004573309328407049,-0.001654568244703114,0.0029353280551731586,-0.002982395002618432,0.004440553020685911,-0.0013796377461403608,0.00862092524766922
validation,2004-08,2004-09,-0.00115639204159379,-0.004848479758948088,0.0059822844341397285,-0.0040269712917506695,0.008125773631036282,0.008724091574549675,0.005228448659181595,0.005635402165353298
validation,2004-09,2004-10,-0.004220833070576191,0.005154383834451437,0.0015527376672253013,-0.001133047859184444,0.0002131341607309878,0.004843472968786955,-0.002853408921509981,0.0010662160348147154
validation,2004-10,2004-11,0.007879124954342842,-0.002700492739677429,0.003754921955987811,-0.013248195871710777,-0.003903802018612623,-0.0010180100798606873,-0.0010564203839749098,-0.013286865316331387
validation,2004-11,2004-12,0.025798507034778595,-0.009371204301714897,0.009972266852855682,-0.0013341389130800962,9.433366358280182e-06,0.0062562888488173485,0.0003610940184444189,-0.01806017756462097
validation,2004-12,2005-01,-0.020850621163845062,0.007157391868531704,-0.012095831334590912,0.008968331851065159,-0.009724949486553669,-0.01833043247461319,0.008534196764230728,0.01793367601931095
validation,2005-01,2005-02,-0.015542378649115562,0.006323319394141436,-0.005262117832899094,-0.004458331502974033,0.001012530061416328,-0.004216121509671211,0.007406407501548529,0.008286500349640846
validation,2005-02,2005-03,-0.025118857622146606,0.010518188588321209,-0.009857794269919395,-0.002078921301290393,-0.007757131010293961,-0.01525292731821537,0.006237843539565802,0.0023289378732442856
validation,2005-03,2005-04,-0.006217558402568102,0.004907571244984865,-0.007964209653437138,0.018573440611362457,-0.001525763189420104,-0.014133916236460209,0.0020090416073799133,0.00882488489151001
validation,2005-04,2005-05,0.0029930276796221733,-0.005909220781177282,0.007841912098228931,-0.01031351275742054,0.014584193006157875,0.010866708122193813,0.007281383499503136,0.008243232034146786
validation,2005-05,2005-06,-0.004040556028485298,0.0007269212510436773,0.0009801514679566026,-0.0012265153927728534,-0.0006375196389853954,0.008415097370743752,-0.0017953200731426477,0.0009205157402902842
validation,2005-06,2005-07,0.012428799644112587,-0.008808961138129234,0.006184274330735207,-0.013924472033977509,0.011177591979503632,0.01077139750123024,0.005206285510212183,-0.006941980682313442
validation,2005-07,2005-08,-0.007479272782802582,0.0009891646914184093,0.004478617571294308,0.00401234021410346,-0.008906937204301357,-0.0019231835613027215,-0.0015071702655404806,0.004751215223222971
validation,2005-08,2005-09,2.5592162273824215e-05,-0.0012049966026097536,0.005222373642027378,0.0020766083616763353,0.00047434301814064384,-0.004548022523522377,0.004212016239762306,0.0064466288313269615
validation,2005-09,2005-10,-0.010832888074219227,0.005489695817232132,-0.0027710990980267525,0.012827800586819649,-0.008175808005034924,-0.002472719643265009,0.0051005869172513485,0.01234694104641676
validation,2005-10,2005-11,-0.0012345463037490845,-0.0020448630675673485,0.004107204265892506,-0.007507198490202427,0.015528101474046707,0.004500235430896282,0.009380369447171688,0.0031530591659247875
validation,2005-11,2005-12,-0.0030487512703984976,0.002041043248027563,0.004824616014957428,-0.0022212634794414043,0.0002536873798817396,0.004140729084610939,-0.005743461661040783,-0.0062853568233549595
validation,2005-12,2006-01,0.02140401303768158,-0.012275717221200466,0.01088457740843296,-0.009702783077955246,0.019323207437992096,0.011939206160604954,0.0029655047692358494,-0.003766261041164398
validation,2006-01,2006-02,0.005780024919658899,-0.0006925823399797082,0.0009707040735520422,0.004381196107715368,-0.00569918891415,-0.002553120721131563,-0.001859087380580604,-0.0013313794042915106
validation,2006-02,2006-03,0.001146568451076746,-0.0054732877761125565,8.274811261799186e-05,-0.007690221071243286,0.0004148264415562153,0.0029384256340563297,0.003607124090194702,-0.004030607175081968
validation,2006-03,2006-04,-0.011023893021047115,-0.00012163212522864342,-0.007015231531113386,-0.006577480584383011,-0.00264457194134593,-0.0082706855610013,0.004800297319889069,-2.6931986212730408e-05
validation,2006-04,2006-05,-0.01920706033706665,0.011163652874529362,-0.010979996994137764,2.020492684096098e-05,-0.022148383781313896,-0.009032144211232662,-0.0002052705967798829,0.002743213437497616
validation,2006-05,2006-06,-0.011143447831273079,-0.0029372782446444035,-0.008817469701170921,-0.004149732179939747,-0.008420846424996853,-0.006637454032897949,0.009085980243980885,0.005568305961787701
validation,2006-06,2006-07,-0.014653721824288368,-5.339481867849827e-05,-0.009394332766532898,-0.0017813201993703842,-0.015609370544552803,-0.014337114989757538,0.0077146366238594055,0.00280260038562119
validation,2006-07,2006-08,0.004524648189544678,6.693415343761444e-06,0.014940141700208187,0.0012971358373761177,0.00287547311745584,0.002089567482471466,-0.0013642177218571305,0.0007139155641198158
validation,2006-08,2006-09,-0.013428177684545517,0.002253103768453002,0.003051239298656583,0.0008463109261356294,0.0011223482433706522,-0.0031637412030249834,0.0011356996838003397,0.0013226396404206753
validation,2006-09,2006-10,0.0003419612185098231,0.0010314895771443844,0.011092840693891048,-0.0049598002806305885,0.0069657498970627785,0.00743511226028204,-0.006688308902084827,-0.006690858397632837
validation,2006-10,2006-11,-0.0006199132185429335,0.00581294996663928,0.0024328541476279497,-0.0013301412109285593,0.0064522260800004005,0.0040217177011072636,-0.009243260137736797,-0.002136862836778164
validation,2006-11,2006-12,-0.00992581620812416,0.0029416484758257866,0.0031228200532495975,0.006123360246419907,-0.008206358179450035,-0.006833953317254782,-0.003599354764446616,0.0013226245064288378
validation,2006-12,2007-01,-0.0019962305668741465,0.0021028502378612757,0.0049298666417598724,-0.008779251016676426,-0.00020517769735306501,0.0027047251351177692,-0.00624077906832099,-0.008175895549356937
validation,2007-01,2007-02,-0.0015807996969670057,0.003166635986417532,0.004014464095234871,-0.0008065623696893454,0.0003173507284373045,-0.007239349186420441,-0.004688199609518051,-0.00332572590559721
validation,2007-02,2007-03,-0.009596357122063637,0.004718662239611149,0.003946991637349129,-0.00032052714959718287,0.0029533938504755497,-0.004351052455604076,0.0013380373129621148,0.003065036376938224
validation,2007-03,2007-04,0.001423844019882381,0.0023376985918730497,0.011274922639131546,-0.00965453963726759,0.0139382379129529,0.008307794108986855,-0.003292800858616829,-0.005017825402319431
validation,2007-04,2007-05,-0.013195700943470001,0.0032960257958620787,-0.0015984022757038474,-0.00971497967839241,0.007922994904220104,-0.0003645465476438403,0.010625380091369152,0.008322423323988914
validation,2007-05,2007-06,-0.003422496607527137,0.006727321073412895,0.0021440726704895496,-0.0036463607102632523,0.0016840043244883418,-0.002387026324868202,0.0018525589257478714,-0.00017579790437594056
validation,2007-06,2007-07,0.0014792322181165218,0.004346269648522139,0.005914442241191864,0.0030573138501495123,0.005540758837014437,-0.018754925578832626,0.004382572136819363,0.0007382308249361813
validation,2007-07,2007-08,-0.0010008872486650944,-0.0021445509046316147,-0.005328337661921978,0.009824855253100395,0.0031741554848849773,0.0003208261914551258,0.014505520462989807,0.02043655887246132
validation,2007-08,2007-09,0.0031706125009804964,-0.0012772631598636508,0.004889707081019878,0.004159602336585522,0.01300199143588543,0.008685251697897911,-0.0015450508799403906,0.005686064250767231
validation,2007-09,2007-10,-0.008531675674021244,0.00956406444311142,0.011908309534192085,0.009962783195078373,0.013258489780128002,-0.001661353511735797,-0.00939728133380413,0.009829748421907425
validation,2007-10,2007-11,-0.017069745808839798,0.008123237639665604,-0.006101619452238083,0.012556892819702625,0.002374355448409915,-0.011957081034779549,0.009190174750983715,0.02113405615091324
validation,2007-11,2007-12,-0.015437544323503971,0.006199125200510025,0.006067059002816677,0.0038252619560807943,0.007874752394855022,0.002376498654484749,-0.0007838107412680984,0.0077256993390619755
validation,2007-12,2008-01,0.006342435721307993,-0.011507831513881683,-0.018985964357852936,-0.012349509634077549,-0.025299763306975365,-0.005993649363517761,0.006555594969540834,-0.01512348186224699
validation,2008-01,2008-02,-0.0013895751908421516,-0.0027725459076464176,-0.002719464711844921,0.008961240760982037,-0.0012333779595792294,-0.01757434941828251,0.009441297501325607,0.007251863833516836
validation,2008-02,2008-03,-0.019467957317829132,0.0002863815752789378,-0.005219165235757828,-0.008153030648827553,-0.005365684162825346,-0.011687768623232841,0.018112797290086746,0.014950170181691647
validation,2008-03,2008-04,-0.011645497754216194,-0.004393548704683781,0.011344362050294876,-0.009828716516494751,0.023462846875190735,0.00831031147390604,0.007545774802565575,0.004862644709646702
validation,2008-04,2008-05,-0.0060571301728487015,0.010458912700414658,0.008868075907230377,-0.007069486193358898,0.011865321546792984,-0.0006986192893236876,0.0022012118715792894,0.0058862557634711266
validation,2008-05,2008-06,-0.015138085931539536,0.010301906615495682,0.00989665649831295,0.01807505264878273,0.010709785856306553,-0.01579240895807743,-0.003670262638479471,0.00910969078540802
validation,2008-06,2008-07,0.0021717101335525513,0.0039048290345817804,0.008962951600551605,0.0022605136036872864,4.459521733224392e-05,0.0079942736774683,0.005214046221226454,0.013045819476246834
validation,2008-07,2008-08,-0.019811835139989853,0.00859721191227436,0.003806808963418007,-0.014066098257899284,-0.0016191236209124327,0.009008163586258888,0.00737749133259058,0.006532052531838417
validation,2008-08,2008-09,-0.02452804148197174,-0.00852256640791893,-0.0068733529187738895,0.012922355905175209,-0.02393626794219017,-0.01154852844774723,0.0077955462038517,0.0036469700280576944
validation,2008-09,2008-10,-0.010128049179911613,-0.008693349547684193,0.004231748171150684,0.04128778725862503,-0.021385902538895607,-0.03263705596327782,-5.6517310440540314e-05,0.017983542755246162
validation,2008-10,2008-11,-0.02470487728714943,0.00873310025781393,0.01347377896308899,0.035910945385694504,-0.0018024682067334652,-0.0096330177038908,-0.011636907234787941,0.01726929470896721
validation,2008-11,2008-12,-0.006280970294028521,0.009041575714945793,0.019523106515407562,-0.017230341210961342,0.033460333943367004,0.027977144345641136,0.0034584938548505306,0.010756609961390495
validation,2008-12,2009-01,0.06283979117870331,0.008895662613213062,0.020681066438555717,0.023081397637724876,0.013034995645284653,-0.0080318134278059,-0.031157514080405235,-0.03749695047736168
validation,2009-01,2009-02,-0.0039004457648843527,0.01759454980492592,0.024121064692735672,0.01977091282606125,0.012961647473275661,-0.00926913507282734,-0.01940544694662094,-0.001538954908028245
validation,2009-02,2009-03,0.049031104892492294,-0.01403171569108963,-0.000562158995307982,-0.033019352704286575,0.0022354889661073685,0.04423031210899353,-0.010069819167256355,-0.043606601655483246
validation,2009-03,2009-04,0.022895626723766327,0.030201001092791557,-0.014621198177337646,-0.10743492096662521,-0.016677137464284897,0.052940886467695236,-0.0005845238920301199,-0.0889354944229126
validation,2009-04,2009-05,0.04192633926868439,-0.01707407645881176,-0.013234766200184822,-0.006583410315215588,-0.012974075973033905,0.015653567388653755,0.005428082775324583,-0.013659495860338211
validation,2009-05,2009-06,0.02139933407306671,0.012808384373784065,0.023573264479637146,0.0202192235738039,0.013477071188390255,-0.008000500500202179,-0.01311127282679081,0.0008110415656119585
validation,2009-06,2009-07,-0.020316068083047867,0.001490148133598268,0.015080777928233147,-0.02464052103459835,0.0027501736767590046,0.013616791926324368,-0.008401120081543922,-0.004578689578920603
validation,2009-07,2009-08,0.005615606438368559,-0.01039050705730915,-0.005529769696295261,-0.035873450338840485,-0.03248770907521248,0.01634249836206436,-0.01887672394514084,-0.03454034402966499
validation,2009-08,2009-09,0.004176440183073282,0.0020327293314039707,0.014286916702985764,-0.01680922321975231,0.007709010038524866,0.009947801008820534,-0.006494422443211079,-0.011980663053691387
validation,2009-09,2009-10,-0.019823536276817322,0.02838582545518875,-0.00041053351014852524,0.009242004714906216,-0.0016202894039452076,-0.01746140606701374,0.00597162963822484,0.0022423299960792065
validation,2009-10,2009-11,-0.011459888890385628,0.0043467688374221325,0.010100332088768482,0.009069838561117649,0.015411844477057457,-0.0013825867790728807,-0.003870002692565322,0.007778683677315712
validation,2009-11,2009-12,-0.0075689624063670635,0.006040623877197504,0.014139262959361076,-0.0026105998549610376,0.00938335433602333,0.007134965620934963,-0.01214639749377966,-0.0011277475859969854
development,2009-12,2010-01,0.014260432682931423,-0.012940854765474796,-0.013276715762913227,-0.00231384439393878,-0.03160598501563072,-0.0038763736374676228,0.0039055936504155397,-0.003534833202138543
development,2010-01,2010-02,-0.014872919768095016,0.0012844838201999664,0.008937599137425423,0.00240261759608984,0.0014892532490193844,-0.0021331445313990116,-0.004261498339474201,0.0018405378796160221
development,2010-02,2010-03,-0.009507202543318272,-0.0023446576669812202,0.0018140054307878017,0.00018883263692259789,-0.009600959718227386,-0.003762517822906375,0.004729446955025196,-0.0035262189339846373
development,2010-03,2010-04,0.012249247170984745,-0.0206508319824934,-0.014352627098560333,-0.01527496613562107,-0.039964742958545685,0.0035863874945789576,0.007280155550688505,-0.014910180121660233
development,2010-04,2010-05,-0.00999933946877718,0.014372396282851696,0.002390919951722026,0.007209882140159607,0.004745983984321356,-0.009629342705011368,0.0016539623029530048,0.008139042183756828
development,2010-05,2010-06,-0.0026467901188880205,0.025442861020565033,0.007044932339340448,0.019904466345906258,0.014480140060186386,-0.020227791741490364,0.0060075800865888596,0.012018507346510887
development,2010-06,2010-07,-0.00986233726143837,-0.0028948539402335882,0.006628642790019512,-0.007115163840353489,-0.0007477535400539637,0.006129245273768902,0.006080926395952702,0.0029539153911173344
development,2010-07,2010-08,-0.0022789002396166325,0.0051149544306099415,0.007332186214625835,0.009925377555191517,0.006397944409400225,-0.016909876838326454,0.0028125362005084753,-0.00011898973025381565
development,2010-08,2010-09,-0.014952721074223518,-0.004101531580090523,0.017266832292079926,-0.001152795972302556,0.007301291450858116,0.006224070675671101,-0.0034565567038953304,-0.004977264441549778
development,2010-09,2010-10,-0.0013612492475658655,0.003982367925345898,0.0015801677946001291,0.0049811918288469315,0.00198188005015254,-0.003716003615409136,-0.0026239098515361547,-0.004058821126818657
development,2010-10,2010-11,-0.01956135965883732,0.0049178097397089005,0.0004648691974580288,0.0018072172533720732,-0.0002863459521904588,-0.005439732223749161,-0.001290451968088746,0.000844672613311559
development,2010-11,2010-12,0.012060713954269886,-0.011635132133960724,-0.004535672254860401,-0.003881528042256832,-0.007706090807914734,0.0051306067034602165,-0.00724044069647789,-0.014778234995901585
development,2010-12,2011-01,0.004811246879398823,-0.005741549655795097,-0.0044084880501031876,-0.002691681496798992,-0.015158500522375107,-0.005178704857826233,-0.00017232802929356694,-0.004136578179895878
development,2011-01,2011-02,-0.017203697934746742,0.00232332618907094,0.0060570379719138145,-0.004115649964660406,-0.005611041560769081,-0.007229799870401621,0.0003610720159485936,0.003277313197031617
development,2011-02,2011-03,-0.010878220200538635,0.00241430033929646,0.009309000335633755,0.008376257494091988,0.0012209813576191664,-0.009486712515354156,0.002672527451068163,0.00724437739700079
development,2011-03,2011-04,-0.008716939017176628,0.0037981607019901276,0.01019051019102335,0.004029087722301483,0.011364862322807312,-6.874040991533548e-05,-0.0020368872210383415,0.004124737344682217
development,2011-04,2011-05,-0.003951604478061199,0.010517964139580727,0.00823939684778452,0.0015923497267067432,0.006246152799576521,-0.0049219885841012,-0.0014709682436659932,-0.003188489703461528
development,2011-05,2011-06,-0.011908169835805893,0.005150008946657181,-0.0018194783478975296,0.002325331326574087,-0.005317987408488989,-0.01200875174254179,0.010921227745711803,0.004185138735920191
development,2011-06,2011-07,0.0010441052727401257,-0.007081159856170416,-0.007329198066145182,-0.0008638322469778359,-0.008460194803774357,-0.008032895624637604,0.008154302835464478,-0.003586519043892622
development,2011-07,2011-08,-0.014471983537077904,0.012526141479611397,-0.00242790044285357,0.006397491320967674,-0.0011189968790858984,-0.017868805676698685,0.002604536712169647,0.006453469395637512
development,2011-08,2011-09,-0.011981341987848282,0.011164482682943344,0.006201055366545916,0.0221813153475523,-0.002212987747043371,-0.02381954714655876,0.0017865593545138836,0.012374220415949821
development,2011-09,2011-10,-0.012661965563893318,-0.006849667057394981,0.002578698331490159,-0.014294248074293137,0.011419315822422504,0.02622382529079914,0.02058487758040428,0.024576248601078987
development,2011-10,2011-11,-0.02074091136455536,0.002877639140933752,-0.007335650734603405,0.0069921500980854034,-0.004087488166987896,-0.011729149147868156,0.010307579301297665,0.016691407188773155
development,2011-11,2011-12,-0.018789017572999,0.0014234480913728476,-0.0012423822190612555,0.004134939517825842,-0.01110905036330223,-0.006664691027253866,0.0005500799743458629,0.00620285514742136
development,2011-12,2012-01,0.04183311387896538,-0.01250456366688013,0.013121915981173515,-0.009821022860705853,0.001970275305211544,0.01438158843666315,0.002617361955344677,-0.025539007037878036
development,2012-01,2012-02,0.003955838270485401,-0.003126658033579588,-0.00083829031791538,0.0022369874641299248,-0.006088964641094208,0.009113998152315617,-0.007093288004398346,-0.007622731849551201
development,2012-02,2012-03,-0.007326771505177021,-0.006027053110301495,0.004477379843592644,0.007321208715438843,-0.020277392119169235,0.0015432930085808039,-0.006747782696038485,-0.0034677302464842796
development,2012-03,2012-04,-0.009158745408058167,0.004307039547711611,-0.005928577855229378,0.003660711692646146,-0.008534790016710758,-0.009186429902911186,-0.004832211881875992,-0.006057173945009708
development,2012-04,2012-05,-0.013371966779232025,0.0038688876666128635,0.007245813496410847,0.02784101665019989,-0.016607819125056267,-0.023754768073558807,-0.011430866084992886,-0.004749143496155739
development,2012-05,2012-06,-0.008878039196133614,0.0013234877260401845,0.0038503939285874367,0.008407609537243843,-0.0015312298201024532,0.0009477311978116632,-0.0038409954868257046,0.006939345970749855
development,2012-06,2012-07,-0.007359243929386139,-0.0063764723017811775,0.0006236206972971559,0.011348724365234375,-0.008788025006651878,-0.009688705205917358,0.004638387355953455,0.007340709213167429
development,2012-07,2012-08,-0.00028844462940469384,-0.0023990580812096596,-0.0008950238116085529,-0.006901872344315052,0.00637488067150116,0.006337514612823725,0.012498723343014717,0.01067904382944107
development,2012-08,2012-09,0.003840371035039425,0.00236549717374146,0.0016790113877505064,-0.00467259157449007,-0.007948685437440872,0.00898278970271349,-0.005226091016083956,-0.0045579420402646065
development,2012-09,2012-10,-0.01501285657286644,-0.0003816524986177683,-0.013794893398880959,-0.005051144864410162,-0.010236379690468311,-0.014207880944013596,0.009935973212122917,0.006167811807245016
development,2012-10,2012-11,-0.0021918844431638718,0.0004873761208727956,0.003238572273403406,-0.005318098701536655,0.014163653366267681,-0.007076698821038008,0.00477546127513051,-0.0010948559502139688
development,2012-11,2012-12,-0.005290390457957983,0.006404932122677565,-0.0027456979732960463,-0.010848529636859894,-0.0019864607602357864,0.0005255708820186555,0.004800376016646624,-0.00041075143963098526
development,2012-12,2013-01,0.0028138342313468456,-0.0079470444470644,0.0035089359153062105,0.0047736456617712975,-0.013469347730278969,0.0009198326151818037,-0.0009228289127349854,0.0008235503919422626
development,2013-01,2013-02,-0.010695943608880043,0.006043620873242617,-0.00021106144413352013,0.009433478116989136,-0.00972992554306984,-0.0012228986015543342,-0.005786120891571045,0.0050971619784832
development,2013-02,2013-03,-0.006486481986939907,-0.0008253055857494473,-0.0005611337255686522,0.0040502361953258514,0.0022004451602697372,0.0006417520344257355,-0.004367251880466938,0.002138273324817419
development,2013-03,2013-04,-0.010597731918096542,-0.002747883554548025,0.009956324473023415,0.006570795550942421,0.0012386029120534658,-0.00248106662184,-0.010166013613343239,-0.0018902693409472704
development,2013-04,2013-05,0.000908166985027492,-0.003370208665728569,0.004480980336666107,-0.011897364631295204,-0.0011303063947707415,0.009623994119465351,-0.0018825531005859375,-0.007265552878379822
development,2013-05,2013-06,-0.013945413753390312,0.010648167692124844,-0.0002814193721860647,0.010227649472653866,-0.011248184368014336,0.002138321753591299,-0.010644597001373768,0.0010363496840000153
development,2013-06,2013-07,0.003346187062561512,-0.0078024487011134624,0.003407450160011649,0.004568851552903652,-0.009463663212954998,0.004797924775630236,-0.001615843502804637,0.004220159724354744
development,2013-07,2013-08,0.004077910911291838,0.004237259738147259,0.006861010100692511,0.0017782564973458648,0.0036706167738884687,-0.007509889081120491,-0.00042355852201581,-0.002730641281232238
development,2013-08,2013-09,0.005611305125057697,0.004391396418213844,0.008739176206290722,-0.0012951241806149483,0.006530631333589554,0.009587207809090614,-0.006560267880558968,-0.004689876921474934
development,2013-09,2013-10,-0.02161514014005661,0.009986478835344315,-0.006894468795508146,-0.013888934627175331,-0.012477215379476547,-0.013329343870282173,0.012553572654724121,0.0016424048226326704
development,2013-10,2013-11,0.004624567460268736,-0.011692432686686516,0.009569155052304268,0.005753745324909687,-0.0013520604697987437,-0.0015252545708790421,0.007064989302307367,0.004636727273464203
development,2013-11,2013-12,0.004864866379648447,0.0057253967970609665,0.0057653943076729774,0.005893575493246317,0.006173983681946993,0.01348948385566473,-0.014077872037887573,-0.002361089223995805
development,2013-12,2014-01,0.03250224515795708,-0.010770682245492935,0.02159961126744747,0.022084377706050873,-0.003598746843636036,0.0050258454866707325,-0.03265979513525963,-0.01841525360941887
development,2014-01,2014-02,0.0009345069411210716,-0.0064084818586707115,0.0032502012327313423,-0.0004669162444770336,0.005827079992741346,0.0012453433591872454,-0.0011470114113762975,0.0031929761171340942
development,2014-02,2014-03,-0.009994703345000744,0.001355555490590632,-0.015912724658846855,-0.008403465151786804,-0.014629410579800606,-0.01851915568113327,0.015776043757796288,0.005075501278042793
development,2014-03,2014-04,-0.015642698854207993,0.003343809163197875,-0.01848551444709301,-0.02070631831884384,-0.006313031073659658,-0.016715949401259422,0.027489127591252327,0.011289323680102825
development,2014-04,2014-05,-0.006641820073127747,0.007052362896502018,-0.001089863944798708,0.0074819461442530155,0.0037101663183420897,-0.0008987064938992262,0.005366649478673935,0.012464510276913643
development,2014-05,2014-06,0.004975801333785057,0.002182710450142622,0.002240665489807725,0.008657766506075859,0.005676480941474438,0.018615584820508957,-0.015472419559955597,0.004420880693942308
development,2014-06,2014-07,-0.007069011218845844,-0.0003220904618501663,-0.0038034827448427677,-0.005698697175830603,-0.012298466637730598,-0.01336508896201849,0.011887365952134132,0.005623354110866785
development,2014-07,2014-08,-0.0020187045447528362,-0.004960281774401665,0.006911860778927803,-0.0023410578723996878,0.014382896944880486,-0.0011387921404093504,0.00375297199934721,0.002827049233019352
development,2014-08,2014-09,-0.013148145750164986,0.00925391260534525,0.00698845274746418,0.013658815063536167,-0.004474954213947058,-0.004043016117066145,-0.005252552218735218,-0.001138464082032442
development,2014-09,2014-10,-0.011559387668967247,0.00662390049546957,-0.00017460715025663376,0.015388475731015205,0.002950204536318779,-0.015928169712424278,0.01672370545566082,0.01725291647017002
development,2014-10,2014-11,-0.009925245307385921,0.003293790388852358,0.014269202016294003,0.00351443188264966,0.009663538075983524,-0.002704561222344637,-0.007952690124511719,-0.0018924195319414139
development,2014-11,2014-12,-0.006561072543263435,0.009676865302026272,0.0029457937926054,0.018095068633556366,-0.0042373137548565865,0.0010357964783906937,-0.008848045952618122,0.00030806928407400846
development,2014-12,2015-01,0.004286846611648798,-0.003228719113394618,0.01708563044667244,0.019550293684005737,0.007188993506133556,-0.013054324313998222,-0.006946975365281105,-0.00040392728988081217
development,2015-01,2015-02,0.016824625432491302,-0.0018545205239206553,-0.003720660926774144,-0.0042684730142354965,0.010648423805832863,0.016487248241901398,-0.001521384809166193,-0.0006022325251251459
development,2015-02,2015-03,-0.008788605220615864,0.0022410184610635042,-0.0052516767755150795,0.015320714563131332,-0.0008922410197556019,-0.004538636188954115,0.004144052974879742,0.013778247870504856
development,2015-03,2015-04,0.009126752614974976,-0.010272867977619171,-0.012623032554984093,-0.019942795857787132,-0.01450945995748043,0.003484942251816392,0.010898192413151264,-0.015458408743143082
development,2015-04,2015-05,0.00011641776654869318,0.005631268955767155,0.012576047331094742,0.029092978686094284,0.009951518848538399,0.00878874585032463,-0.01886226236820221,0.007529477588832378
development,2015-05,2015-06,-0.0005141024594195187,0.008099157363176346,-0.003022220451384783,0.024424787610769272,-0.004705047234892845,0.0013962164521217346,-0.0007895000744611025,0.01940099708735943
development,2015-06,2015-07,-0.021394290030002594,0.004483249504119158,0.010770799592137337,0.029162660241127014,0.005832822062075138,-0.010659624822437763,-0.0058082034811377525,0.01078679971396923
development,2015-07,2015-08,-0.006111892871558666,-0.004129623994231224,-0.010319434106349945,-0.009846687316894531,-0.01720491424202919,-0.009608050808310509,0.011783001013100147,0.0022996081970632076
development,2015-08,2015-09,-0.02370634116232395,-0.0035051798913627863,-0.004189764149487019,0.02393210679292679,-0.01924845017492771,-0.030218368396162987,0.01292945072054863,0.012855502776801586
development,2015-09,2015-10,-0.012761902064085007,-0.0008608927018940449,0.00988789089024067,-0.011557565070688725,-0.0014459923841059208,-0.004940326325595379,0.013500439003109932,0.004569138400256634
development,2015-10,2015-11,0.020673729479312897,-0.01264768373221159,0.008719220757484436,0.029177049174904823,-0.0027778265066444874,0.011355902999639511,-0.013653997331857681,0.003331500105559826
development,2015-11,2015-12,-0.009159710258245468,0.006263134069740772,0.0056436979211866856,0.014486731961369514,0.009153888560831547,-0.010273143649101257,-0.002841727342456579,0.012194011360406876
development,2015-12,2016-01,-0.038800597190856934,0.010893715545535088,-0.008323238231241703,-0.004718881566077471,-0.016337599605321884,-0.0356278121471405,0.02127647027373314,0.019536437466740608
development,2016-01,2016-02,-0.011344563215970993,0.002188790589570999,0.005119096487760544,-0.018434839323163033,0.010144264437258244,-0.015718236565589905,0.01214512437582016,-0.0046387058682739735
development,2016-02,2016-03,0.006402191706001759,0.005539375357329845,-0.0029681336600333452,-0.029778175055980682,-0.005070960149168968,0.022597074508666992,-0.006501846946775913,-0.016119936481118202
development,2016-03,2016-04,0.013300963677465916,-0.0014032501494511962,-0.011393452063202858,-0.012928798794746399,-0.01657976768910885,0.013295718468725681,-0.001812626956962049,-0.009065143764019012
development,2016-04,2016-05,-0.0026910114102065563,0.00744914123788476,0.0070977602154016495,0.02280678227543831,0.006884904578328133,-0.0087094996124506,-0.0034972720313817263,0.01800846867263317
development,2016-05,2016-06,-0.02105724811553955,0.008228298276662827,0.00021788664162158966,-0.004523143637925386,-0.007742212153971195,-0.020714353770017624,-0.0006188899278640747,0.0021690232679247856
development,2016-06,2016-07,0.01665443554520607,-0.0044072032906115055,0.00807484146207571,-0.008841950446367264,0.01013055257499218,-0.0009476323612034321,0.0027994827833026648,-0.00869333278387785
development,2016-07,2016-08,0.005567995831370354,-0.005436980165541172,-0.008633521385490894,-0.0003193141892552376,-0.009072994813323021,0.004462121520191431,-0.0016976965125650167,-0.0006756960647180676
development,2016-08,2016-09,0.018151262775063515,0.008947910740971565,0.01055997982621193,0.0012327884323894978,0.003640782320871949,0.024515941739082336,-0.010993069969117641,-0.000689920736476779
development,2016-09,2016-10,-0.03186532109975815,0.013740407302975655,-0.01741897314786911,0.0037202038802206516,-0.015397586859762669,-0.026875022798776627,0.022971030324697495,0.01294029876589775
development,2016-10,2016-11,-0.0199274942278862,-0.012605959549546242,-0.024576321244239807,-0.011291801929473877,-0.02554807811975479,6.169721018522978e-05,0.018582625314593315,0.014939890243113041
development,2016-11,2016-12,-0.017334891483187675,-0.0005968408659100533,-0.021506967023015022,-0.00615816842764616,-0.020050358027219772,-0.01216412428766489,0.016782229766249657,0.0024258545599877834
development,2016-12,2017-01,0.018754275515675545,-0.0054075755178928375,0.011693853884935379,0.0022739460691809654,0.006042378954589367,0.008174814283847809,-0.004276479594409466,0.00013771478552371264
development,2017-01,2017-02,0.018023060634732246,0.006700457539409399,0.0052667479030787945,0.013722537085413933,0.018353382125496864,0.006391465198248625,-0.002011811127886176,0.011432594619691372
development,2017-02,2017-03,0.011480716057121754,0.005296897143125534,0.010798675939440727,0.007797736208885908,0.013474760577082634,-0.002737855538725853,-0.001486254739575088,0.0018659416818991303
development,2017-03,2017-04,-0.01107898261398077,0.007170010823756456,-0.0008330052369274199,0.0030525776091963053,0.005665227770805359,-0.01625244691967964,0.015317133627831936,0.009763503447175026
development,2017-04,2017-05,-0.01608327403664589,0.015113141387701035,0.007737506181001663,0.006733494810760021,0.012756898999214172,-0.014986645430326462,0.003451945260167122,0.0057882810942828655
development,2017-05,2017-06,0.028547223657369614,-0.01638452149927616,0.0045832619071006775,0.006365213543176651,0.007563830818980932,0.0063118780963122845,0.002451731823384762,0.0033688219264149666
development,2017-06,2017-07,-0.011436646804213524,0.0034825410693883896,-0.003289845073595643,0.002882283413782716,-0.0009195506572723389,-0.0052213226445019245,0.006546221673488617,0.010704291984438896
development,2017-07,2017-08,-0.002678535645827651,-0.0020258333534002304,0.007253279909491539,0.014582179486751556,0.009606990031898022,-0.005870432127267122,0.002632186748087406,0.013833864592015743
development,2017-08,2017-09,0.01401496771723032,-0.006225248798727989,-0.004135580733418465,-0.004766914527863264,-0.018204424530267715,0.01523349154740572,-0.0039204685017466545,-0.015821069478988647
development,2017-09,2017-10,-0.016387293115258217,0.00418140459805727,-0.0016029466642066836,0.011329419910907745,-0.004141226410865784,-0.009632718749344349,0.011187240481376648,0.015818648040294647
development,2017-10,2017-11,-0.002452701097354293,-0.008094477467238903,-0.005147089250385761,-0.013742193579673767,-0.0020499005913734436,-0.003624526783823967,0.0007419688627123833,-0.014822986908257008
development,2017-11,2017-12,-0.003334907814860344,0.0019840169697999954,0.007490908727049828,-0.005266579799354076,-0.0023684906773269176,0.008310416713356972,-0.017183195799589157,-0.012196089141070843
development,2017-12,2018-01,0.0011048060841858387,-0.000810790981631726,0.01641811616718769,0.008332348428666592,0.0007621307158842683,0.00401035463437438,-0.0033021760173141956,0.00758412666618824
development,2018-01,2018-02,-0.0006114589050412178,0.00739543791860342,0.007216165773570538,0.011087317019701004,0.001484341686591506,-0.0013747058110311627,0.0005351455183699727,0.0038775335997343063
development,2018-02,2018-03,0.0019490917911753058,0.004392474424093962,-0.008730853907763958,0.00029100861866027117,-0.0015216313768178225,-0.008495554327964783,0.0035376911982893944,0.0007450619013980031
development,2018-03,2018-04,-0.0023923348635435104,0.0006265053525567055,-0.0059099867939949036,-0.0005645006895065308,-0.0062470873817801476,-0.0038729810621589422,0.004591606557369232,0.011111480183899403
development,2018-04,2018-05,0.005463809240609407,0.0003954712301492691,0.014533980749547482,0.004442785866558552,0.006896554492413998,0.007674826309084892,-0.00973327737301588,-0.005389764904975891
development,2018-05,2018-06,-0.009482122957706451,0.015499263070523739,-0.003897265996783972,-0.010084008798003197,0.0008489242754876614,0.0051971073262393475,-0.006084803957492113,-0.0055258614011108875
development,2018-06,2018-07,-0.018752899020910263,0.009830527938902378,0.0022495840676128864,-0.007089924067258835,0.004458120092749596,-0.010201483964920044,0.01323048397898674,0.009052884764969349
development,2018-07,2018-08,-0.002835417864844203,-0.0017360623460263014,0.01547406055033207,0.011345647275447845,0.011755131185054779,0.003309318795800209,-0.009261863306164742,0.006068900693207979
development,2018-08,2018-09,-0.001423183362931013,0.006246914155781269,0.006224685348570347,0.0004016752354800701,0.0045568207278847694,0.0010693748481571674,-0.007557997480034828,-0.00671744579449296
development,2018-09,2018-10,-0.02145623229444027,0.002222801558673382,-0.00530663225799799,-0.003402458969503641,-0.014933748170733452,-0.02438531443476677,0.007490672171115875,-0.0007627599406987429
development,2018-10,2018-11,-0.007097769528627396,0.008910859934985638,0.003224993124604225,0.006062457337975502,0.01614885777235031,-0.007431249134242535,0.0027359218802303076,0.008362459018826485
development,2018-11,2018-12,-0.026734814047813416,0.017087189480662346,0.006369393318891525,0.008914122357964516,0.009747928008437157,-0.011389140039682388,-0.003313280176371336,0.006549365818500519
development,2018-12,2019-01,0.05484812334179878,-0.015334500931203365,0.0005793953314423561,-0.008793826214969158,-0.004787412937730551,0.013967347331345081,-0.002516830340027809,-0.026686793193221092
development,2019-01,2019-02,0.006400365848094225,0.005614682100713253,0.00680176867172122,0.006938940845429897,0.0005578055861406028,0.012268582358956337,-0.00560632161796093,-0.0026517962105572224
development,2019-02,2019-03,0.015238087624311447,0.004373327828943729,0.017234019935131073,0.021688003093004227,0.011792050674557686,0.002831628080457449,-0.014977796003222466,0.0015150578692555428
development,2019-03,2019-04,-0.009385568089783192,0.006899476516991854,-0.010560045018792152,-0.00891193188726902,0.0025283023715019226,0.0009739995002746582,0.012934019789099693,0.007108763325959444
development,2019-04,2019-05,-0.006915415171533823,0.01021463144570589,0.0013385833008214831,0.039652019739151,-0.006169978994876146,-0.01757361739873886,-0.011242922395467758,0.014429905451834202
development,2019-05,2019-06,-0.006227733567357063,0.00374699872918427,-0.0003603847580961883,-0.014746896922588348,0.017235277220606804,0.0017281275941058993,0.014656064100563526,0.005002885591238737
development,2019-06,2019-07,-0.01633688434958458,0.002071333583444357,0.00021699495846405625,-0.000764316413551569,0.0008639763691462576,-0.015564637258648872,0.01329108327627182,0.010123252868652344
development,2019-07,2019-08,0.00048243673518300056,0.0070250672288239,0.004196386318653822,0.010694014839828014,0.009178330190479755,-0.007776772137731314,-0.006517740897834301,0.0028994057793170214
development,2019-08,2019-09,-0.012379425577819347,-0.0033795281779021025,-0.012600954622030258,-0.03047812357544899,-0.011731796897947788,-0.019573885947465897,0.023773878812789917,-0.004617036320269108
development,2019-09,2019-10,-0.0029218560084700584,0.0010756137780845165,0.005171420052647591,0.003965373151004314,0.005003278609365225,-0.005782189778983593,0.008341250941157341,0.00826126616448164
development,2019-10,2019-11,0.012182310223579407,0.0059331245720386505,0.011509524658322334,0.005885271355509758,0.01947109028697014,0.029104754328727722,-0.013100523501634598,-0.0030253948643803596
development,2019-11,2019-12,0.01151853334158659,-0.003086545504629612,0.005805612076073885,0.0006783208809792995,-0.00830749049782753,0.0255492702126503,-0.016454005613923073,-0.009328760206699371
