split,feature_month,target_month,factor_0,factor_1,factor_2,factor_3,factor_4,factor_5,factor_6,factor_7
train,1963-07,1963-08,-0.015025953762233257,-0.0005869410233572125,0.0024634343571960926,0.0011129721533507109,0.014275935478508472,0.006859942805022001,0.005396231077611446,-0.0005352271255105734
train,1963-08,1963-09,0.011027902364730835,0.0064791846089065075,-0.002539483830332756,-0.0038137510418891907,-0.0035830659326165915,-0.008343758061528206,-0.0004596391227096319,0.006325761321932077
train,1963-09,1963-10,-0.013304287567734718,0.0073617747984826565,-0.005430753342807293,0.001541134319268167,0.012194713577628136,-0.002210520440712571,0.0011650400701910257,0.003082128707319498
train,1963-10,1963-11,-0.010325881652534008,-0.009185793809592724,0.007318479008972645,0.0009654102032072842,0.0005250098183751106,0.0053736004047095776,0.012244140729308128,-0.0116043072193861
train,1963-11,1963-12,-0.017724238336086273,-0.021058568730950356,0.008440613746643066,0.0005656853900291026,0.008000051602721214,0.00983431190252304,0.023464450612664223,-0.01339871808886528
train,1963-12,1964-01,0.013831047341227531,0.018984995782375336,-0.008517466485500336,-0.001740671112202108,-0.003928169142454863,-0.00913345068693161,-0.009006896056234837,0.0170292928814888
train,1964-01,1964-02,-0.002418194431811571,0.005102079827338457,-0.0025868441443890333,-0.003444139612838626,-0.0007329354993999004,-0.002564764814451337,-0.0039336420595645905,-0.0006050093797966838
train,1964-02,1964-03,-0.010729467496275902,0.010650275275111198,-0.008684495463967323,0.004207971505820751,0.017385335639119148,-0.0027201760094612837,0.0020854915492236614,0.006568560376763344
train,1964-03,1964-04,0.0018003825098276138,-0.00274470541626215,0.0019689821638166904,0.00580761581659317,0.0020562480203807354,-0.003460161853581667,0.004795087035745382,0.00635905796661973
train,1964-04,1964-05,-0.014239613898098469,-0.00709896394982934,0.004110580775886774,0.002033701166510582,0.006693215109407902,0.006286603398621082,0.013246485032141209,-0.007371733896434307
train,1964-05,1964-06,-0.006647595204412937,-0.007009811699390411,0.00761127145960927,-0.00040884281042963266,0.006676452234387398,0.005300797056406736,0.004924561828374863,-0.010804220102727413
train,1964-06,1964-07,0.002383443061262369,0.00033749022986739874,-0.005171013996005058,-0.0013852474512532353,0.0001843536738306284,-0.00866882223635912,0.0031330855563282967,0.005447620991617441
train,1964-07,1964-08,0.0005547897890210152,0.0013282778672873974,-0.0001075330947060138,0.0005105806048959494,0.00067311548627913,-0.0026705616619437933,0.0047463588416576385,0.0001627133460715413
train,1964-08,1964-09,-0.000619187718257308,0.007345808669924736,-0.004469857085496187,0.0007259699050337076,0.00346364825963974,-0.0026560970582067966,-0.008809376507997513,0.007607464678585529
train,1964-09,1964-10,-0.0002012315671890974,0.008758975192904472,-0.008220058865845203,-0.0015964629128575325,0.007952550426125526,-0.0063176932744681835,-0.002443175995722413,0.009881127625703812
train,1964-10,1964-11,-0.0004998011281713843,-0.00586157338693738,0.0020317728631198406,-0.00019163975957781076,-0.00027783465338870883,0.0015380652621388435,0.014055187813937664,-0.0053771729581058025
train,1964-11,1964-12,-0.005534092430025339,-0.013782951980829239,0.007860743440687656,0.002346446504816413,0.0025016730651259422,0.005765654146671295,0.010831494815647602,-0.01138281263411045
train,1964-12,1965-01,0.011943571269512177,0.024008862674236298,-0.008496340364217758,-0.0041547296568751335,-0.0018503682222217321,-0.0067027839832007885,-0.025492575019598007,0.021487127989530563
train,1965-01,1965-02,0.004340579267591238,0.01028467807918787,-0.0032546629663556814,-0.004463676828891039,-0.0036297349724918604,-0.0023523562122136354,-0.005348526872694492,0.006127394735813141
train,1965-02,1965-03,0.01248653419315815,0.012389248237013817,-0.013415772467851639,-0.01231080200523138,-0.002287790644913912,-0.013081610202789307,-0.010161897167563438,0.0149276377633214
train,1965-03,1965-04,0.0002147248014807701,0.008428974077105522,-0.004138560499995947,0.001220265869051218,0.0028300273697823286,-0.0020676671992987394,-0.005232776515185833,0.007110412232577801
train,1965-04,1965-05,-0.0013050821144133806,0.002715636510401964,-0.0001223694416694343,0.0008900930406525731,0.002842095447704196,-0.001304596196860075,0.004112951923161745,-7.212074706330895e-05
train,1965-05,1965-06,-0.0005054855719208717,-0.018169410526752472,0.016608022153377533,0.00991407223045826,-0.000955577939748764,0.011368665844202042,0.025094300508499146,-0.017823439091444016
train,1965-06,1965-07,-0.008158951997756958,0.009964223019778728,-0.008265419863164425,-0.0004993444308638573,0.0016093999147415161,-0.002311090473085642,0.003774754935875535,0.00037909497041255236
train,1965-07,1965-08,-0.00581654766574502,0.007312815636396408,-0.000738438218832016,0.003650203812867403,0.0013861353509128094,0.010373895056545734,-0.005537576042115688,0.0017849551513791084
train,1965-08,1965-09,-0.016750501468777657,0.0033470848575234413,0.0015046137850731611,0.005245536100119352,0.013673552311956882,0.0023409794084727764,-0.0016360589070245624,-0.003381015732884407
train,1965-09,1965-10,0.0032271798700094223,0.025984957814216614,-0.020612791180610657,-0.008910036645829678,0.00789460726082325,-0.015308788046240807,-0.022993039339780807,0.027022136375308037
train,1965-10,1965-11,0.0012566912919282913,0.03372925519943237,-0.024274326860904694,-0.011536408215761185,0.007901467382907867,-0.018284175544977188,-0.023188041523098946,0.029279928654432297
train,1965-11,1965-12,0.014783289283514023,0.017221275717020035,-0.00796822551637888,-0.008769933134317398,-0.009707201272249222,-0.007276374846696854,-0.024360164999961853,0.01376408338546753
train,1965-12,1966-01,0.016922375187277794,0.03787648677825928,-0.0276171937584877,-0.01732807233929634,0.0003990526311099529,-0.027392271906137466,-0.03184623271226883,0.03487421199679375
train,1966-01,1966-02,-0.00046090222895145416,0.036671631038188934,-0.03015650063753128,-0.012748012319207191,0.010006314143538475,-0.025599729269742966,-0.02502526342868805,0.034853506833314896
train,1966-02,1966-03,0.007405617740005255,0.01206047274172306,-0.008716478943824768,-0.007751530036330223,0.005887845531105995,-0.01224205456674099,-0.004440275952219963,0.015064766630530357
train,1966-03,1966-04,-0.0054465401917696,0.025149323046207428,-0.026063375174999237,-0.006214257329702377,0.006920390296727419,-0.01533951610326767,-0.012271462008357048,0.021099548786878586
train,1966-04,1966-05,0.014721555635333061,-0.03605686128139496,0.027716707438230515,0.0034650787711143494,-0.011125266551971436,0.01754574291408062,0.033943355083465576,-0.029170718044042587
train,1966-05,1966-06,-0.006265897303819656,0.004716759547591209,-0.006525631528347731,0.00038114754715934396,0.002620082814246416,-0.00043730722973123193,0.0022911629639565945,0.0006927073700353503
train,1966-06,1966-07,0.0012359479442238808,-0.0060774339362978935,0.0010960111394524574,0.00010481313802301884,0.0036982346791774035,-0.0008463321719318628,0.006459787953644991,-0.001514124684035778
train,1966-07,1966-08,-0.005369184538722038,-0.015216441825032234,0.014853925444185734,0.0090851541608572,0.005430436693131924,0.010881418362259865,0.020770158618688583,-0.01549268327653408
train,1966-08,1966-09,-0.003791835391893983,-0.010075514204800129,0.0010548511054366827,0.0025523374788463116,0.004440201446413994,-0.0018956740386784077,0.012365899048745632,-0.004802939016371965
train,1966-09,1966-10,-0.01872938871383667,-0.042453259229660034,0.031084317713975906,0.03423238545656204,0.016702476888895035,0.02359047345817089,0.03716576099395752,-0.04218309372663498
train,1966-10,1966-11,-0.003949515521526337,0.0181562602519989,-0.009038422256708145,-0.01101311482489109,-0.00548858055844903,0.007645090576261282,-0.025139721110463142,0.015216648578643799
train,1966-11,1966-12,-0.00014769169501960278,-0.00292960531078279,-0.0052346838638186455,-0.0006220890209078789,-7.731467485427856e-05,0.004322665743529797,0.002305137924849987,0.000537618703674525
train,1966-12,1967-01,0.04322335124015808,0.05324133485555649,-0.02557067945599556,-0.033597152680158615,-0.012727566063404083,-0.03023175150156021,-0.09015687555074692,0.04830075055360794
train,1967-01,1967-02,0.019068986177444458,0.028335142880678177,-0.014931602403521538,-0.022984910756349564,0.00029406091198325157,-0.019475596025586128,-0.02276042103767395,0.032186366617679596
train,1967-02,1967-03,-0.000537981279194355,0.010401327162981033,-0.00951969251036644,-0.0009210952557623386,0.00979896355420351,-0.004961809609085321,-0.009442315436899662,0.013333051465451717
train,1967-03,1967-04,-0.005290181841701269,0.0033412519842386246,-0.00041173421777784824,-0.00030076783150434494,0.009686493314802647,0.0015493347309529781,-0.004211161285638809,0.007862333208322525
train,1967-04,1967-05,0.009714999236166477,0.01008917298167944,-0.005902877077460289,-0.009625647217035294,-0.004467780236154795,-0.011590276844799519,-0.005622082855552435,0.012534809298813343
train,1967-05,1967-06,-0.012797259725630283,0.05134138837456703,-0.04012937843799591,-0.020935291424393654,0.0227580014616251,-0.033413030207157135,-0.041699863970279694,0.05128602311015129
train,1967-06,1967-07,-0.0036654118448495865,0.030268505215644836,-0.011674273759126663,-0.004765030927956104,0.01531735248863697,-0.012075585313141346,-0.014965644106268883,0.022752920165657997
train,1967-07,1967-08,0.005566891748458147,0.010237257927656174,-0.0036182249896228313,0.0007878473261371255,0.00048601324670016766,-0.007880939170718193,-0.0008297148160636425,0.0035543194971978664
train,1967-08,1967-09,-0.00040883664041757584,0.028255891054868698,-0.0227226372808218,-0.022331375628709793,0.01861564815044403,-0.0225327480584383,-0.011175118386745453,0.035431038588285446
train,1967-09,1967-10,-0.0034422725439071655,0.01564631797373295,-0.011032331734895706,-0.00867172610014677,0.006298797205090523,-0.012422610074281693,-0.0051550366915762424,0.02138429507613182
train,1967-10,1967-11,0.0027551609091460705,-0.0103709502145648,0.004702236037701368,-8.233229164034128e-05,-0.0015076760901138186,0.004895371850579977,0.008687964640557766,-0.00597161240875721
train,1967-11,1967-12,-0.012720150873064995,0.04033965989947319,-0.036136314272880554,-0.01614418625831604,0.011101535521447659,-0.020576657727360725,-0.026840347796678543,0.038435712456703186
train,1967-12,1968-01,-0.002687019994482398,0.0455520935356617,-0.025794776156544685,-0.00766923651099205,0.0018072472885251045,-0.037427470088005066,-0.008263287134468555,0.0312558151781559
train,1968-01,1968-02,0.004011223092675209,-0.014564864337444305,0.01379440724849701,0.011021915823221207,-0.003043686505407095,-0.0004911217838525772,0.022256184369325638,-0.02062762901186943
train,1968-02,1968-03,-0.0039484575390815735,-0.002559877000749111,0.007476268336176872,0.008217613212764263,-0.0014384530950337648,0.008624577894806862,0.009439128451049328,-0.011282025836408138
train,1968-03,1968-04,-0.015066854655742645,0.0367828831076622,-0.022758837789297104,-0.01755174808204174,-0.0012200549244880676,-0.0046538738533854485,-0.026959532871842384,0.032924577593803406
train,1968-04,1968-05,-0.012974591925740242,0.04998636618256569,-0.027176208794116974,-0.020751088857650757,0.007858573459088802,-0.01662367954850197,-0.0200507752597332,0.04560369998216629
train,1968-05,1968-06,0.007180049084126949,-0.0015589570393785834,0.00015393184730783105,0.008769683539867401,-0.01098418515175581,-4.32876986451447e-05,0.01706531271338463,-0.008551131933927536
train,1968-06,1968-07,-0.001659946981817484,0.011931798420846462,-0.010184263810515404,0.009934983216226101,-0.005440538749098778,-0.01171069499105215,0.009443646296858788,0.002175719477236271
train,1968-07,1968-08,-0.013436452485620975,0.025233404710888863,-0.013115059584379196,0.00398597726598382,0.003247943241149187,-0.008644793182611465,0.001900083851069212,0.011031456291675568
train,1968-08,1968-09,-0.006733211688697338,0.02317812852561474,-0.006750863511115313,-0.00036186259239912033,0.0008803927339613438,0.002343995962291956,-0.010508082807064056,0.01649710163474083
train,1968-09,1968-10,0.0008445107378065586,-0.005702628288418055,0.004841115791350603,0.006303323432803154,0.0005145280156284571,-0.0014811933506280184,0.015455576591193676,-0.011178815737366676
train,1968-10,1968-11,0.0009662257507443428,-0.004089021589607,-0.0018861470744013786,-0.0038662650622427464,0.001499471254646778,0.0031627630814909935,-0.003399415174499154,0.003265825565904379
train,1968-11,1968-12,0.000920958467759192,0.03275343403220177,-0.013068289496004581,0.0011240438325330615,-0.00731297954916954,-0.012992236763238907,-0.011199182830750942,0.020916804671287537
train,1968-12,1969-01,0.0019184043630957603,0.010162814520299435,-0.00876503437757492,0.0010151216993108392,-0.008716166019439697,-0.006710637826472521,-0.002264763694256544,0.0036512361839413643
train,1969-01,1969-02,0.0001452649012207985,-0.014475194737315178,0.010959689505398273,0.010016040876507759,-0.0037156385369598866,0.0023055030032992363,0.025177299976348877,-0.026025746017694473
train,1969-02,1969-03,-0.0067010559141635895,0.009419211186468601,-0.005643290467560291,-0.00033833039924502373,0.0020404579117894173,-0.0018039357382804155,0.004893830046057701,0.003807953093200922
train,1969-03,1969-04,-0.0026049218140542507,-0.0019175895722582936,0.0003216743061784655,0.002330959541723132,0.0027174444403499365,0.005820726044476032,0.011251282878220081,-0.0034041632898151875
train,1969-04,1969-05,-0.0015384883154183626,0.013353358954191208,-0.00800865888595581,-0.00012030394282191992,-0.004476392176002264,-0.008911332115530968,0.002669721841812134,0.004679939243942499
train,1969-05,1969-06,0.00462305685505271,-0.02378365397453308,0.007319871336221695,0.0021439120173454285,0.001531355082988739,-0.005311259999871254,0.025614216923713684,-0.02626415528357029
train,1969-06,1969-07,-0.0021265214309096336,-0.015502745285630226,-0.0017801346257328987,0.00727157574146986,0.00118166022002697,-0.0017804838716983795,0.03083028644323349,-0.02228572592139244
train,1969-07,1969-08,0.0003207717090845108,0.0020557341631501913,-0.0034163519740104675,-0.010050524026155472,0.002142804441973567,0.0036162047181278467,-0.0011190923396497965,0.00918252021074295
train,1969-08,1969-09,0.0002590855583548546,-0.004213592037558556,-0.005696643143892288,-0.007121487986296415,0.007766163907945156,-0.010894082486629486,0.016046520322561264,-0.0031010934617370367
train,1969-09,1969-10,0.017185643315315247,0.006362921558320522,0.007945454679429531,-0.010072607547044754,0.00496168527752161,0.011788600124418736,-0.029547452926635742,0.02224600687623024
train,1969-10,1969-11,-0.008310774341225624,-0.008068066090345383,-0.006846422795206308,-0.0007380933966487646,0.007009986322373152,-0.012413722462952137,0.022072147578001022,-0.008710692636668682
train,1969-11,1969-12,-0.0096665620803833,-0.0342094711959362,-0.00118065788410604,-0.0008153975941240788,0.012787558138370514,-0.008091472089290619,0.03529539704322815,-0.026180729269981384
train,1969-12,1970-01,0.0011532135540619493,0.02964446321129799,-0.004313706420361996,0.008468788117170334,-0.008775226771831512,-0.005200995597988367,0.0010284993331879377,0.009594667702913284
train,1970-01,1970-02,-0.003612617263570428,-0.002253021113574505,-0.006993656046688557,0.011695101857185364,-0.0011914983624592423,0.007362515199929476,0.011620867997407913,-0.008116896264255047
train,1970-02,1970-03,-0.011483173817396164,-0.00163822784088552,0.0027271159924566746,0.016052596271038055,-0.006209093611687422,-0.004868905059993267,0.018392318859696388,-0.027706608176231384
train,1970-03,1970-04,-0.020827947184443474,-0.015344650484621525,0.00475660664960742,0.02180914394557476,-0.006454902701079845,-0.005396239459514618,0.04762544482946396,-0.05183245986700058
train,1970-04,1970-05,-0.002271625678986311,0.0017484547570347786,-0.002746103098616004,0.010548090562224388,-0.0015402999706566334,0.0017658381257206202,0.007624166086316109,-0.007827683351933956
train,1970-05,1970-06,-0.010704919695854187,-0.005649006925523281,-0.011859554797410965,-0.0016428909730166197,0.0032642954029142857,-0.02416411228477955,0.03455119952559471,-0.01908392459154129
train,1970-06,1970-07,0.0002802223898470402,-0.015027713030576706,-0.0018412860808894038,0.0010368777438998222,0.004219877999275923,0.0007706641918048263,0.013035565614700317,-0.01688038930296898
train,1970-07,1970-08,0.0017814466264098883,0.001382553018629551,0.01076167169958353,-0.002751000691205263,0.0011847004061564803,0.012060301378369331,-0.021061971783638,0.003149443306028843
train,1970-08,1970-09,0.031167704612016678,0.03176816552877426,0.023813318461179733,-0.017307093366980553,-0.0032376032322645187,0.02570074424147606,-0.07087153196334839,0.048942681401968
train,1970-09,1970-10,-0.015228647738695145,-0.01631966233253479,-0.014336830005049706,-0.0036001091357320547,-0.0036247645039111376,-0.01909651607275009,0.04922321438789368,-0.026900222525000572
train,1970-10,1970-11,-0.013302905485033989,-0.03230989724397659,0.002182201948016882,0.008301585912704468,-0.007342886179685593,0.005930840037763119,0.03790222853422165,-0.04130290821194649
train,1970-11,1970-12,-0.0017906040884554386,-0.003416102146729827,0.006376341916620731,-0.003349980339407921,0.005059563554823399,0.0021053121890872717,0.008166816085577011,-0.010361310094594955
train,1970-12,1971-01,0.00993797555565834,0.06461493670940399,0.006603271700441837,0.013866225257515907,-0.007149341516196728,0.015924181789159775,-0.05612923204898834,0.04227956384420395
train,1971-01,1971-02,0.013351150788366795,0.019092803820967674,-0.00560908205807209,-0.014555742032825947,0.008217686787247658,-0.010546045377850533,-0.021352149546146393,0.03000856190919876
train,1971-02,1971-03,-0.007843014784157276,0.008263753727078438,-0.0036462820135056973,-0.005527348257601261,0.01991085335612297,-0.005283319391310215,-0.0011019904632121325,0.010322894901037216
train,1971-03,1971-04,-0.004685292951762676,0.006545031443238258,0.001808935310691595,0.003100150264799595,0.004674479365348816,0.004515515174716711,0.0038009013514965773,-0.0034939360339194536
train,1971-04,1971-05,0.0015120109310373664,-0.009130266495049,-0.0013913187431171536,-0.007787785958498716,-0.0008355874451808631,-0.0054908799938857555,0.020644541829824448,-0.01102682389318943
train,1971-05,1971-06,0.0015211710706353188,-0.015092063695192337,-0.00027294503524899483,-0.007645517122000456,-0.0004162623663432896,-0.0015118801966309547,0.01945873722434044,-0.012249309569597244
train,1971-06,1971-07,0.010189540684223175,-0.01650875248014927,0.009079378098249435,0.00022026849910616875,-0.010448703542351723,0.002067429246380925,0.02236863225698471,-0.021356485784053802
train,1971-07,1971-08,-0.015923818573355675,0.007887212559580803,-0.005175531841814518,-0.001506245695054531,0.002015994396060705,-0.00014293176354840398,-0.0016192245529964566,-0.0013209470780566335
train,1971-08,1971-09,0.0040044719353318214,-0.005267159081995487,-0.0051316991448402405,-0.02019057609140873,0.008983146399259567,-0.014969700016081333,0.006194387562572956,0.0037315727677196264
train,1971-09,1971-10,0.011136689223349094,-0.01798858679831028,0.002599357860162854,-0.0019011395052075386,-0.00019667984452098608,-0.0023265588097274303,0.02287554368376732,-0.0166673231869936
train,1971-10,1971-11,-0.005071783438324928,-0.013052892871201038,0.002008301205933094,-0.004798383451998234,0.0057942504063248634,-0.0020852633751928806,0.02023106813430786,-0.014290726743638515
train,1971-11,1971-12,-0.0003339117392897606,0.01153456699103117,0.010266555473208427,-0.0005012666806578636,-0.0012972431723028421,0.016813861206173897,-0.018676985055208206,0.008199701085686684
train,1971-12,1972-01,-0.0014217961579561234,0.06790557503700256,-0.015642788261175156,0.024755479767918587,-0.01828213408589363,0.018414610996842384,-0.048967983573675156,0.05368190258741379
train,1972-01,1972-02,-0.003836523275822401,0.01598392426967621,-0.000426927232183516,-0.004030897747725248,0.007164000533521175,-0.00227013579569757,-0.00635746493935585,0.011043691076338291
train,1972-02,1972-03,0.0008054964710026979,-0.004442322067916393,-0.0004728066851384938,-0.006232841406017542,0.0011739208130165935,-0.0020635509863495827,0.01530787069350481,-0.004234738647937775
train,1972-03,1972-04,-0.010044563561677933,0.003953285049647093,-0.0024285626132041216,0.002006370108574629,0.004705427214503288,-0.00032054504845291376,0.006372984033077955,-0.00279088132083416
train,1972-04,1972-05,0.001921157818287611,-0.013063911348581314,0.00019848463125526905,-0.009741714224219322,0.009845448657870293,-0.002497982233762741,0.019756529480218887,-0.008548878133296967
train,1972-05,1972-06,0.0030426010489463806,-0.006951712071895599,0.0009202912915498018,0.0009130587568506598,0.005067367572337389,0.002694636583328247,0.011647955514490604,-0.0019191477913409472
train,1972-06,1972-07,-0.0004280505236238241,-0.00767599418759346,0.00456573162227869,0.003038248745724559,0.0024191061966121197,0.000675120041705668,0.01705104485154152,-0.008770715445280075
train,1972-07,1972-08,-0.0041331020183861256,-0.00876122061163187,0.004501434043049812,0.01069052703678608,-0.001942137721925974,0.006706587038934231,0.012835534289479256,-0.0206491407006979
train,1972-08,1972-09,0.0017946496373042464,-0.01087893731892109,0.00020828351262025535,-0.002173993270844221,0.003953560255467892,-0.0035879595670849085,0.012453041970729828,-0.007489337585866451
train,1972-09,1972-10,0.00013446499360725284,-0.016214977949857712,-0.0007434463477693498,0.0020833895541727543,0.004160928074270487,-0.0010741124860942364,0.017796991392970085,-0.015678003430366516
train,1972-10,1972-11,-0.0039989277720451355,-0.009737747721374035,0.0037580367643386126,-0.0007399273454211652,0.0029902243986725807,-0.0007587568834424019,0.0023397267796099186,-0.023404866456985474
train,1972-11,1972-12,-0.0037601550575345755,-0.012930172495543957,-0.002561526373028755,-0.010580101050436497,0.01456834003329277,-0.006783787161111832,0.02534373104572296,-0.0039776707999408245
train,1972-12,1973-01,-0.009079303592443466,0.023043304681777954,-0.005846355110406876,0.02598985657095909,-0.015234827995300293,0.0035517821088433266,0.006440681405365467,-0.002218068577349186
train,1973-01,1973-02,-0.002552107907831669,-0.004916452337056398,4.4099753722548485e-05,0.01473299227654934,-0.0018339684465900064,0.00200610957108438,0.01908322051167488,-0.01821756549179554
train,1973-02,1973-03,-0.00704815611243248,0.0014549433253705502,0.0007291944930329919,0.010189080610871315,0.0019935364834964275,0.0044968826696276665,0.009032250382006168,-0.009103229269385338
train,1973-03,1973-04,-0.003878250950947404,-0.0011270592221990228,-0.005183361936360598,0.009794877842068672,0.0011517331004142761,-0.00841938704252243,0.020937543362379074,-0.019894558936357498
train,1973-04,1973-05,-0.00476225558668375,-0.022772174328565598,0.0013074107700958848,0.001198365818709135,0.0032182589638978243,-0.0005363886011764407,0.0324983075261116,-0.0271795392036438
train,1973-05,1973-06,-0.011896643787622452,0.0021270427387207747,0.0019382702885195613,0.012255789712071419,0.006438218057155609,0.004602756351232529,0.01565399393439293,-0.005604008212685585
train,1973-06,1973-07,-0.007164071314036846,0.013720330782234669,0.025758739560842514,-0.02100922167301178,0.016552377492189407,0.025261536240577698,-0.032432135194540024,0.02757079526782036
train,1973-07,1973-08,-0.0034540919587016106,-0.002772006904706359,-0.008142739534378052,0.0025633187033236027,-0.0019894291181117296,-0.004910788498818874,0.020066700875759125,-0.007885770872235298
train,1973-08,1973-09,-0.014119457453489304,-0.015872573480010033,0.02044929750263691,-0.012129724025726318,0.018819404765963554,0.01519414596259594,0.0004976594354957342,0.00015374738723039627
train,1973-09,1973-10,-0.00854150578379631,0.015309033915400505,-0.004556364379823208,0.011861211620271206,-0.00035784882493317127,0.0030634491704404354,0.011826641857624054,-0.002109228167682886
train,1973-10,1973-11,-0.001710297423414886,-0.006902078166604042,-0.013964179903268814,0.019153689965605736,-0.01840382069349289,-0.00010662619024515152,0.03385919705033302,-0.024801243096590042
train,1973-11,1973-12,-0.018994366750121117,-0.026746347546577454,0.002788389567285776,-0.009982854127883911,0.01349399983882904,0.002855348866432905,0.03782175853848457,-0.015122519806027412
train,1973-12,1974-01,-0.007840429432690144,0.06621631979942322,0.012469878420233727,0.03417330980300903,-0.018986104056239128,0.011967473663389683,-0.060815613716840744,0.006053956225514412
train,1974-01,1974-02,-0.0013037621974945068,0.008565736934542656,-0.004547423217445612,0.0033132494427263737,-0.0037088333629071712,-0.0012197711039334536,0.00409673061221838,-0.006731187924742699
train,1974-02,1974-03,0.009776921942830086,0.013528711162507534,0.0006369813345372677,-0.003268368076533079,-0.005834653042256832,-0.006868504453450441,-0.010471867397427559,-0.0012446246109902859
train,1974-03,1974-04,-0.006414676550775766,0.011337848380208015,-0.0032246983610093594,-0.003478548489511013,0.00029226462356746197,-0.009269710630178452,0.005826042965054512,-0.0061957743018865585
train,1974-04,1974-05,-0.00163721339777112,-0.0017094782087951899,-0.0001429218682460487,-0.009196669794619083,0.003342276904731989,-0.007657973561435938,0.012812690809369087,-0.00523352762684226
train,1974-05,1974-06,-0.012054425664246082,0.008493871428072453,0.003024008125066757,-0.0014549423940479755,0.004980951547622681,-0.003944566007703543,0.01008705236017704,-0.00961286947131157
train,1974-06,1974-07,-0.01988842710852623,0.004839036148041487,-0.001441383850760758,0.014554431661963463,-0.0024493581149727106,0.004109190311282873,0.013137536123394966,-0.01690637692809105
train,1974-07,1974-08,-0.009111681953072548,0.012807783670723438,-0.008012108504772186,0.007379328832030296,-0.001048035454005003,-0.007285724394023418,0.010255943052470684,-0.010330414399504662
train,1974-08,1974-09,-0.0014371731085702777,0.0004949676804244518,-0.015295185148715973,0.005029417108744383,-0.00798790343105793,-0.012102466076612473,0.014236307702958584,-0.013815239071846008
train,1974-09,1974-10,-0.010333643294870853,-0.029571998864412308,0.028960157185792923,-0.014579805545508862,0.01949782855808735,0.03335350379347801,0.019215302541851997,-0.005345940124243498
train,1974-10,1974-11,-0.0003007567720487714,-0.010972883552312851,-0.010720166377723217,-0.008436886593699455,-0.0015423636650666595,-0.013507246971130371,0.02738429233431816,-0.014031503349542618
train,1974-11,1974-12,-0.005533214192837477,-0.023811789229512215,-0.0016560705844312906,-0.013188391923904419,0.012068593874573708,-0.006028954405337572,0.03360697254538536,-0.01575351133942604
train,1974-12,1975-01,-0.0041007245890796185,0.06458750367164612,0.04232455790042877,0.04598559811711311,-0.007043327204883099,0.06877581030130386,-0.10167515277862549,0.03364655002951622
train,1975-01,1975-02,0.011905262246727943,0.009965651668608189,0.0026757707819342613,-0.0059787556529045105,-0.011434259824454784,8.146994514390826e-05,-0.0053037176840007305,0.0033131104428321123
train,1975-02,1975-03,-0.009476307779550552,0.03029533103108406,0.02280578762292862,0.0022293562069535255,0.016516270115971565,0.0143028749153018,-0.04563496634364128,0.014466061256825924
train,1975-03,1975-04,-0.008173528127372265,0.003617475740611553,0.0075018685311079025,-0.01753704994916916,0.008372614160180092,-0.00021590094547718763,0.00491434196010232,-0.000347004272043705
train,1975-04,1975-05,-0.0016022443305701017,0.015749484300613403,0.0024332422763109207,0.004811095539480448,-0.0019885734654963017,0.010997362434864044,-0.0179261676967144,0.016138499602675438
train,1975-05,1975-06,-0.009301352314651012,0.008710173889994621,0.008141860365867615,0.012833467684686184,0.006892679259181023,0.019939130172133446,-0.005167277995496988,0.0021004644222557545
train,1975-06,1975-07,0.0038973409682512283,0.022642191499471664,-0.0008292527636513114,0.013935473747551441,-0.02391114830970764,-0.004482366144657135,-0.013102108612656593,-0.007344485726207495
train,1975-07,1975-08,0.009015609510242939,-0.016682229936122894,0.005217310972511768,-0.013628501445055008,-0.004627769812941551,-0.010109315626323223,0.009802878834307194,-0.016870694234967232
train,1975-08,1975-09,-0.002755691297352314,-0.002272440819069743,0.005112919025123119,-0.007127400022000074,-0.0002855939092114568,-0.009023329243063927,0.009195158258080482,-0.013083427213132381
train,1975-09,1975-10,-0.013682185672223568,-0.014170241542160511,0.009076263755559921,-0.01115177758038044,0.019589094445109367,0.0004356004938017577,0.01812080293893814,-0.0046882894821465015
train,1975-10,1975-11,-0.010643525049090385,-0.0030086678452789783,0.008371494710445404,-0.006353214383125305,0.012876893393695354,-0.0013361313613131642,0.007633695378899574,-0.01031632348895073
train,1975-11,1975-12,0.0023642333690077066,0.0051312823779881,0.00028029707027599216,0.004474465735256672,-0.008024648763239384,0.00227373163215816,-0.0038380140904337168,-0.008498466573655605
train,1975-12,1976-01,-0.037898268550634384,0.05904856696724892,0.008346137590706348,0.041862715035676956,0.004824486561119556,0.051059793680906296,-0.03322015330195427,0.02995528280735016
train,1976-01,1976-02,-0.01527738943696022,0.0717727541923523,-0.012038931250572205,0.03634798526763916,-0.022569090127944946,0.015885822474956512,-0.04523216187953949,0.02859698422253132
train,1976-02,1976-03,0.001375948078930378,0.012526079080998898,-0.008472773246467113,0.0024576368741691113,-0.010463008657097816,-0.008521847426891327,-0.005902144126594067,0.0004524859832599759
train,1976-03,1976-04,0.011161369271576405,-0.0017155390232801437,-0.0026779465842992067,0.004156090784817934,-0.01630694419145584,-0.009485936723649502,0.002390330657362938,-0.012158449739217758
train,1976-04,1976-05,0.017263982445001602,-0.017177075147628784,0.008864136412739754,-0.011016407050192356,-0.005413067061454058,-0.00017407635459676385,0.006279665976762772,-0.016223879531025887
train,1976-05,1976-06,-0.004527374170720577,-0.009023738093674183,0.005170021206140518,-0.0046270620077848434,0.011453794315457344,0.007868265733122826,0.002801382914185524,-0.004774454981088638
train,1976-06,1976-07,0.005947040393948555,-0.0006052879616618156,-0.005464250221848488,0.0008545658783987164,-0.00785476341843605,-0.006928970571607351,0.0028495423030108213,-0.0045923031866550446
train,1976-07,1976-08,0.006334491539746523,-0.008687646128237247,0.0014820450451225042,-0.006723891943693161,-0.0005834423936903477,-0.0074532292783260345,0.012247668579220772,-0.01765962690114975
train,1976-08,1976-09,-0.0037386449985206127,-0.00595208490267396,0.00358761940151453,-0.0027371998876333237,0.00929928570985794,0.002403444843366742,0.007903090678155422,-0.006566421128809452
train,1976-09,1976-10,0.0032502745743840933,-0.006359620951116085,-0.004323704168200493,-0.000425664329668507,-0.0028140791691839695,-0.008592613972723484,0.009641074575483799,-0.0028486992232501507
train,1976-10,1976-11,-0.003072954248636961,-0.001414629747159779,-0.0007099246722646058,-0.004845744464546442,0.0044013625010848045,0.0005286927917040884,0.0047353398986160755,-0.0022492907010018826
train,1976-11,1976-12,0.001321737072430551,0.020709674805402756,0.001809675944969058,0.010757608339190483,-0.00972228404134512,0.018765747547149658,-0.016628824174404144,0.0052660549990832806
train,1976-12,1977-01,0.0004786239005625248,0.03894348442554474,-0.017604541033506393,0.02355090156197548,-0.025080934166908264,0.002397649921476841,-0.016487082466483116,0.005109506659209728
train,1977-01,1977-02,0.007034235633909702,0.014979125931859016,-0.012511643581092358,0.0036220806650817394,-0.016156872734427452,-0.011715281754732132,-0.0017622431041672826,-0.0031792703084647655
train,1977-02,1977-03,-0.001129385083913803,0.012515116482973099,-0.004706788808107376,0.008040321059525013,-0.009746192954480648,0.0020524479914456606,-0.001972583355382085,0.00014304069918580353
train,1977-03,1977-04,-0.000619109021499753,0.0059385718777775764,-0.008569182828068733,0.005139952525496483,-0.004581533372402191,-0.0009341501863673329,0.0032046777196228504,0.0016200405079871416
train,1977-04,1977-05,-0.0006537459557875991,0.010339722037315369,-0.005178553517907858,0.005200433079153299,-0.0070723299868404865,-0.003564627841114998,0.004732151050120592,-0.006132408976554871
train,1977-05,1977-06,-0.011386459693312645,-0.0013435619184747338,0.00652165524661541,-0.0035403287038207054,0.01414014957845211,0.012249618768692017,-0.0022507975809276104,0.00492266658693552
train,1977-06,1977-07,0.009081507101655006,0.018067052587866783,-0.010639294981956482,0.00771633954718709,-0.018347905948758125,-0.003798726014792919,-0.0034365830942988396,-0.0023619981948286295
train,1977-07,1977-08,0.009572187438607216,0.006748506333678961,-0.009606076404452324,-0.0037050587125122547,-0.008574309758841991,-0.0086419228464365,0.004314355552196503,9.954092092812061e-05
train,1977-08,1977-09,0.00542257959023118,0.0052670263685286045,-0.00562632642686367,-0.003689299337565899,-0.005226844921708107,-0.004067831672728062,0.0007243594154715538,-0.002376814838498831
train,1977-09,1977-10,0.003567767795175314,0.0017946098232641816,-0.006700397003442049,-0.001055771834217012,-0.004951480310410261,-0.011539495550096035,0.004824358969926834,-0.0065848333761096
train,1977-10,1977-11,-0.010609718039631844,0.006750438828021288,0.00303476769477129,-0.005511429626494646,0.010753698647022247,0.011765246279537678,-0.003010572399944067,0.010284120216965675
train,1977-11,1977-12,0.004397293087095022,0.009073982015252113,-0.007692780811339617,7.370021194219589e-05,-0.007223479449748993,-0.0027018857654184103,0.003094199113547802,0.0024556065909564495
train,1977-12,1978-01,0.004908731672912836,0.02671848237514496,-0.013158567249774933,0.020884709432721138,-0.021821435540914536,0.0012527427170425653,-0.009168029762804508,-0.0013242869172245264
train,1978-01,1978-02,-0.0007101508090272546,0.020466851070523262,-0.011289472691714764,0.004461781121790409,-0.010382466949522495,-0.0010837912559509277,-0.003462031716480851,0.0009628233965486288
train,1978-02,1978-03,-0.009650984779000282,0.019937530159950256,-0.003168273949995637,0.006024269387125969,-0.0003295359783805907,0.009510008618235588,-0.010646943934261799,0.005689175333827734
train,1978-03,1978-04,-0.004368465859442949,0.009233741089701653,0.007192583754658699,0.0011505037546157837,0.0014464166015386581,0.012586692348122597,-0.006032094359397888,0.0007867286913096905
train,1978-04,1978-05,0.00040265516145154834,0.028234947472810745,-0.009132557548582554,0.003132350742816925,-0.009532004594802856,-0.0003283704281784594,-0.017634820193052292,0.010027650743722916
train,1978-05,1978-06,0.0030095544643700123,0.014960676431655884,-0.009130577556788921,0.004192632623016834,-0.013629212975502014,-0.00412739859893918,0.002613786142319441,-0.0008347448892891407
train,1978-06,1978-07,-0.009759802371263504,0.0012753922492265701,-0.0013017801102250814,-0.004901318810880184,0.010432126000523567,0.005289926193654537,0.0032955852802842855,0.006945554167032242
train,1978-07,1978-08,-0.0037238099612295628,0.03618202358484268,-0.014803767204284668,0.005675432272255421,-0.009831082075834274,0.006177796516567469,-0.013205351307988167,0.02120421826839447
train,1978-08,1978-09,0.0040506902150809765,0.014029309153556824,-0.007914980873465538,0.009602809324860573,-0.015209494158625603,-0.004526311066001654,-0.01094481348991394,-0.001851215842179954
train,1978-09,1978-10,0.03372016176581383,-0.03210945427417755,0.010956081561744213,-0.005804331973195076,-0.022867755964398384,-0.01754964329302311,0.0274527408182621,-0.05347630754113197
train,1978-10,1978-11,-0.01729145273566246,-0.004172793589532375,0.00713082030415535,-0.006480197422206402,0.021647239103913307,0.01778532564640045,0.0034969693515449762,0.017064722254872322
train,1978-11,1978-12,0.007637007161974907,-0.001684933085925877,-0.0023513862397521734,-0.0040016379207372665,-0.0022216003853827715,0.0011633860412985086,0.008062423206865788,-0.005958320572972298
train,1978-12,1979-01,-0.0071644652634859085,0.025635557249188423,0.004688136279582977,0.01660807803273201,-0.0062479376792907715,0.020070569589734077,-0.026762593537569046,0.008496989496052265
train,1979-01,1979-02,0.007622364908456802,0.0057321093045175076,-0.01118149608373642,0.0033012914936989546,-0.011505810543894768,-0.010894966311752796,0.0012959052110090852,-0.0042380159720778465
train,1979-02,1979-03,0.0013671016786247492,0.004524957854300737,0.005909232888370752,-0.0006515989080071449,0.0021702279336750507,0.024088766425848007,-0.013556510210037231,0.008852848783135414
train,1979-03,1979-04,0.0027455224189907312,0.014440041966736317,-0.006559209432452917,0.0040071033872663975,-0.008589194156229496,0.0014706109650433064,-0.00571458088234067,0.004488254897296429
train,1979-04,1979-05,0.0006721911486238241,0.0030931783840060234,-0.006651999428868294,0.0038207664620131254,-0.004492219537496567,-0.004534133244305849,0.007310767192393541,-0.0024939733557403088
train,1979-05,1979-06,0.0017329248366877437,0.001430282136425376,-0.00648475019261241,0.01202167384326458,-0.005364968907088041,0.010116213001310825,0.00047874730080366135,0.007646807935088873
train,1979-06,1979-07,-0.000777473789639771,-0.005068501923233271,0.003759406041353941,-0.0016199116362258792,0.002622349886223674,0.0009114371496252716,0.005382512230426073,-0.00807658489793539
train,1979-07,1979-08,-0.005549154244363308,0.0024870336055755615,0.005294325761497021,-0.0012162268394604325,0.009774470701813698,0.008903106674551964,-0.0006554611027240753,0.005654632113873959
train,1979-08,1979-09,0.0028168377466499805,0.0026561925187706947,-0.006435581482946873,-0.003842450212687254,-0.003778948914259672,-0.007520271930843592,0.01021835021674633,0.0022601245436817408
train,1979-09,1979-10,0.003449465613812208,-0.00645245099440217,0.0015403516590595245,-0.006080686114728451,-0.0013232406927272677,-0.00919410027563572,0.010568753816187382,-0.007231348194181919
train,1979-10,1979-11,-0.004054116550832987,-0.0073219165205955505,-0.0063444278202950954,-0.003077221568673849,0.008861379697918892,0.011204971931874752,0.008706046268343925,0.01277761347591877
train,1979-11,1979-12,0.00946085061877966,0.023829422891139984,-0.018516335636377335,0.0004864594666287303,-0.017564445734024048,0.004609229508787394,-0.004729959648102522,0.01857297122478485
train,1979-12,1980-01,0.015810394659638405,0.044423751533031464,-0.025528017431497574,0.013941227458417416,-0.027791421860456467,0.010609503835439682,-0.02417973056435585,0.03526076674461365
train,1980-01,1980-02,0.01098255068063736,0.019426023587584496,-0.016217445954680443,-0.0032346067018806934,-0.02035677060484886,-0.009666531346738338,-0.005800886545330286,0.011150836944580078
train,1980-02,1980-03,-0.001614962937310338,-0.02935897558927536,0.022658146917819977,-0.011063811369240284,0.013473276980221272,-0.009822496213018894,0.027050988748669624,-0.03525729849934578
train,1980-03,1980-04,-0.0015451500657945871,-0.009963206015527248,0.0010018334724009037,0.005496881902217865,0.004237079992890358,0.017224788665771484,0.014283617958426476,-0.009660353884100914
train,1980-04,1980-05,-0.003959252964705229,-0.006688568741083145,0.012933680787682533,-0.00011459365487098694,0.006168053951114416,0.011432066559791565,0.0012072129175066948,-0.008938082493841648
train,1980-05,1980-06,0.005940708331763744,0.001518315402790904,-0.004689572378993034,-0.0009223282104358077,-0.00760002713650465,0.002203975338488817,0.006438934709876776,-0.0034539594780653715
train,1980-06,1980-07,-0.0014667845098301768,-0.003145979717373848,0.005535145755857229,-0.010846855118870735,0.017025664448738098,0.012658732943236828,-0.004408824257552624,0.010621823370456696
train,1980-07,1980-08,0.0021558033768087626,0.025944415479898453,-0.0034893867559731007,0.004938163794577122,-0.012737751007080078,0.017600610852241516,-0.00949790608137846,0.01283920370042324
train,1980-08,1980-09,0.02471661940217018,0.013021685183048248,-0.011779609136283398,-0.00773966871201992,-0.019945666193962097,0.003314592409878969,-0.011264164932072163,0.017367862164974213
train,1980-09,1980-10,0.028743214905261993,0.0184920821338892,-0.02602989226579666,-0.014284313656389713,-0.02178880199790001,-0.003069730941206217,-0.013056181371212006,0.024717725813388824
train,1980-10,1980-11,0.024712150916457176,0.0011204266920685768,-0.023442408069968224,-0.02504643425345421,-0.00850712414830923,0.0002739778719842434,-0.005631320644170046,0.03162354230880737
train,1980-11,1980-12,0.0025708244647830725,-0.013211476616561413,0.006703902967274189,-0.007548335939645767,0.005564837716519833,-0.0035585849545896053,0.014811147004365921,-0.016214832663536072
train,1980-12,1981-01,0.0014116375241428614,0.016446338966488838,0.002332216827198863,0.015629637986421585,-0.014409469440579414,-0.0017375582829117775,-0.009752470068633556,-0.017721327021718025
train,1981-01,1981-02,-0.012192751280963421,-0.007538223639130592,0.013802805915474892,0.0009009985951706767,0.013421200215816498,-0.0029733539558947086,0.008295604027807713,-0.018763551488518715
train,1981-02,1981-03,-0.007019142620265484,-0.0009015620453283191,0.012702892534434795,0.0015885363100096583,0.01209540106356144,0.014386692084372044,-0.0007362361066043377,-0.003322343109175563
train,1981-03,1981-04,-0.0007025895756669343,0.010622972622513771,0.0016586319543421268,0.0007568683940917253,-0.006168824154883623,-0.000795133295468986,0.0017876732163131237,-0.006003818474709988
train,1981-04,1981-05,-0.00528497900813818,0.011045092716813087,-0.0018343713600188494,-0.0013772019883617759,-0.0004783227341249585,0.003090502694249153,-0.0006425469182431698,0.003452958771958947
train,1981-05,1981-06,-0.024274934083223343,0.0035960497334599495,0.008865992538630962,0.011817339807748795,0.013930173590779305,-0.011990039609372616,0.013549262657761574,-0.02537453919649124
train,1981-06,1981-07,7.248949259519577e-06,-2.918692189268768e-05,0.0028417317662388086,0.0004296716069802642,-0.0023143889848142862,-0.0007480656495317817,0.0026626423932611942,-0.014474364928901196
train,1981-07,1981-08,-0.010767223313450813,-0.010188568383455276,0.002156535629183054,0.005330442450940609,0.007704772055149078,-0.015154924243688583,0.013785980641841888,-0.024053014814853668
train,1981-08,1981-09,-0.02552410587668419,-0.012448379769921303,0.00946071371436119,0.0028268536552786827,0.01666320115327835,-0.011096163652837276,0.029870180413126945,-0.03251553326845169
train,1981-09,1981-10,0.0028568278066813946,-0.0038180118426680565,-0.002742169424891472,-0.015620424412190914,0.007447679992765188,0.006814991123974323,0.01007093209773302,0.013391580432653427
train,1981-10,1981-11,-0.00997545663267374,-0.020462293177843094,-0.004564943723380566,-0.005456030368804932,0.01384472195059061,-0.011322978883981705,0.026017898693680763,-0.01773962937295437
train,1981-11,1981-12,-0.005756023805588484,0.001743142493069172,-0.0021206438541412354,-0.0038667027838528156,0.0013124708784744143,-0.011085717007517815,0.007994967512786388,-0.011408964172005653
train,1981-12,1982-01,-0.006576874293386936,0.016746848821640015,-0.0015455433167517185,0.008813129737973213,-0.0077079711481928825,-0.0012958650477230549,-0.0019600391387939453,-0.009658072143793106
train,1982-01,1982-02,-0.02667238935828209,0.003862716257572174,0.007505312561988831,0.008823170326650143,0.0041959453374147415,-0.007290499284863472,0.020876040682196617,-0.029295502230525017
train,1982-02,1982-03,-0.013042462058365345,0.00504704937338829,-0.002459468087181449,-0.0021615212317556143,0.006076554302126169,-0.01217989344149828,0.011464705690741539,-0.016372647136449814
train,1982-03,1982-04,0.0011114301159977913,0.004280468914657831,0.0015753998886793852,-0.0042705899104475975,-0.0025071040727198124,0.001536159310489893,-0.0008055021753534675,-1.9941129721701145e-05
train,1982-04,1982-05,-0.003420833498239517,0.00534558342769742,-0.003120288485661149,0.005008799955248833,-0.003912676591426134,-0.005827461369335651,0.009092440828680992,-0.01288539171218872
train,1982-05,1982-06,-0.028005721047520638,-0.0023339479230344296,0.0008148840861395001,-0.002423957223072648,0.013414931483566761,-0.016936663538217545,0.017931345850229263,-0.019952232018113136
train,1982-06,1982-07,-0.014959586784243584,0.007770411670207977,-0.0027535338886082172,0.00083907600492239,0.0008202079916372895,-0.012743024155497551,0.013030871748924255,-0.013432558625936508
train,1982-07,1982-08,-0.00032959110103547573,-0.033326152712106705,0.011841014958918095,-0.013233928009867668,0.026962172240018845,0.0032458417117595673,0.003807948436588049,-0.00659363716840744
train,1982-08,1982-09,-0.006491238251328468,0.006640310864895582,-0.016130052506923676,-0.001970760989934206,-0.0021357827354222536,-0.017451362684369087,0.016041072085499763,-0.008656168356537819
train,1982-09,1982-10,0.006498768925666809,-0.007916277274489403,-0.00339272222481668,-0.016788585111498833,0.015975888818502426,0.006366898771375418,-0.0013604136183857918,0.024929195642471313
train,1982-10,1982-11,-0.01677924394607544,0.031092043966054916,-0.01975967176258564,-0.0022574421018362045,-0.005640022922307253,-0.013634487986564636,0.0006895384285598993,0.0140842841938138
train,1982-11,1982-12,-0.0005184792680665851,0.00970277190208435,-0.0049149272963404655,-0.002185499994084239,-0.0041522253304719925,-0.00246474239975214,-0.00142060371581465,0.001854347181506455
train,1982-12,1983-01,0.030902892351150513,0.05579984188079834,0.0028299721889197826,0.016825929284095764,-0.036860812455415726,0.02944040484726429,-0.05044464021921158,0.049973905086517334
train,1983-01,1983-02,-0.01615848019719124,0.02292800135910511,-0.0064314426854252815,-0.006883261259645224,-0.01014914084225893,-0.020281825214624405,0.009980661794543266,-0.014511289075016975
train,1983-02,1983-03,-0.011591820977628231,0.01815434731543064,0.0014543780125677586,0.010569997131824493,-0.01277171727269888,0.001506247790530324,0.008873170241713524,-0.015453433617949486
train,1983-03,1983-04,-0.0016378111904487014,0.01414392702281475,-0.009692790918052197,0.0045059300027787685,-0.00220158020965755,0.0004645884037017822,0.008472336456179619,0.009344673715531826
train,1983-04,1983-05,0.01441620197147131,0.03127669915556908,-0.0026445365510880947,0.012273073196411133,-0.01562722772359848,0.017839927226305008,-0.024207815527915955,0.03618978336453438
train,1983-05,1983-06,-0.0031880084425210953,0.019004909321665764,-0.001424120389856398,-0.002837571781128645,-0.006837357301265001,-0.003392052836716175,-0.0023289937525987625,0.010692277923226357
train,1983-06,1983-07,-0.0016795082483440638,0.003002873854711652,0.005496391095221043,0.015805382281541824,-0.0005606794729828835,-0.0004620850086212158,0.007337251212447882,-0.008503632619976997
train,1983-07,1983-08,-0.0008516650996170938,-0.014976836740970612,0.009676940739154816,0.006298953667283058,0.010439473204314709,0.005831740330904722,0.008852720260620117,-0.02426004782319069
train,1983-08,1983-09,-0.007899030111730099,-0.01917603798210621,0.00270142056979239,-0.0038706869818270206,0.014819672331213951,-0.007813205011188984,0.024076662957668304,-0.021469678729772568
train,1983-09,1983-10,-0.009887582622468472,-0.01101689226925373,0.0033719136845320463,0.008488894440233707,0.01070470456033945,-0.012286987155675888,0.017404234036803246,-0.02681887522339821
train,1983-10,1983-11,-0.011925437487661839,-0.01216122880578041,0.006591098383069038,-0.013176334090530872,0.008806457743048668,-0.0028086472302675247,0.007458359468728304,-0.01588701829314232
train,1983-11,1983-12,-0.007733623497188091,-0.004028555937111378,-0.0056050922721624374,0.0019228565506637096,0.009095137007534504,-0.009873338043689728,0.015439149923622608,-0.01226885337382555
train,1983-12,1984-01,0.0028892357368022203,0.016781968995928764,0.0008093618671409786,0.02519257366657257,-0.013977312482893467,0.014469405636191368,-0.003549307119101286,-0.005403430666774511
train,1984-01,1984-02,-0.004886168986558914,-0.0029594488441944122,-0.0009927309583872557,0.012283962219953537,0.004044585861265659,-0.00014645850751549006,0.010493898764252663,-0.008990108966827393
train,1984-02,1984-03,-0.011674976907670498,0.0034039665479213,-0.0005649097729474306,0.010746755637228489,0.0027021339628845453,0.0015541964676231146,0.009136119857430458,-0.00981859304010868
train,1984-03,1984-04,-0.009217353537678719,-0.006790981162339449,-0.003464376088231802,-0.005103573203086853,0.010252609848976135,-0.009114707820117474,0.017970692366361618,-0.015857849270105362
train,1984-04,1984-05,-0.007205504924058914,0.0008134556119330227,0.004036310128867626,0.0023649781942367554,0.003149482887238264,-0.0030125603079795837,0.01905776746571064,-0.017483627423644066
train,1984-05,1984-06,-0.012037351727485657,-0.005703322123736143,0.0030247285030782223,-0.014890922233462334,0.015141427516937256,-0.010939075611531734,0.008707959204912186,-0.010916732251644135
train,1984-06,1984-07,-0.009503909386694431,-0.015501203015446663,-0.0009007061016745865,-0.0030667984392493963,0.0036959508433938026,-0.009897618554532528,0.02814158983528614,-0.027537424117326736
train,1984-07,1984-08,-0.0029702852480113506,-0.015161460265517235,0.01065443828701973,-0.02151287905871868,0.02402886189520359,0.007010316476225853,-0.0058195400051772594,-0.0017069153254851699
train,1984-08,1984-09,-0.0087776780128479,-0.002886071801185608,-0.010854103602468967,0.008419224992394447,-0.004025972448289394,-0.006037387531250715,0.01651725359261036,-0.014980219304561615
train,1984-09,1984-10,-0.008323241025209427,-0.020632287487387657,-0.005492849741131067,-0.01037690881639719,0.00643460126593709,-0.01209636963903904,0.03006172925233841,-0.019987400621175766
train,1984-10,1984-11,-0.00937399547547102,-0.013653748668730259,-0.01099417731165886,-0.00657268799841404,0.008500014431774616,-0.01651925779879093,0.02903776615858078,-0.02191067487001419
train,1984-11,1984-12,-0.0035685610491782427,-0.013446476310491562,0.0020225171465426683,-0.00947952177375555,0.008856942877173424,-0.00014889007434248924,0.009367864578962326,-0.012582948431372643
train,1984-12,1985-01,0.014414021745324135,0.010716083459556103,-0.001061853370629251,-0.013578563928604126,0.0007142079994082451,0.014333655126392841,-0.020671505481004715,0.03617899864912033
train,1985-01,1985-02,0.009973069652915001,0.027557412162423134,-0.0006937030702829361,0.0025258734822273254,-0.014330382458865643,0.006827265955507755,-0.004885227885097265,0.01534920372068882
train,1985-02,1985-03,-0.005673462525010109,0.0023185480386018753,-0.003572277259081602,0.010854292660951614,-0.008356571197509766,0.0010289925849065185,0.018230177462100983,-0.011798610910773277
train,1985-03,1985-04,-0.005417278967797756,-0.006148570217192173,-0.0076074679382145405,0.00429548928514123,-0.003578880336135626,-0.004858057014644146,0.018596630543470383,-0.01294766552746296
train,1985-04,1985-05,-0.009749396704137325,-0.016402913257479668,0.0013612608890980482,-0.010797116905450821,0.014849923551082611,-0.002207546727731824,0.0178467258810997,-0.014745785854756832
train,1985-05,1985-06,-0.007446114905178547,-0.015085414052009583,-0.0046903458423912525,-0.007438080385327339,0.0091636311262846,-0.006491596810519695,0.01990698091685772,-0.009761502966284752
train,1985-06,1985-07,0.003038270864635706,0.003545978106558323,-0.004374523647129536,-0.00016382872126996517,-0.0014767671236768365,-0.002081013983115554,0.0012657600454986095,-0.00024952006060630083
train,1985-07,1985-08,-0.0021904134191572666,0.0009716146159917116,-0.008708031848073006,0.0018907744670286775,-0.004734029062092304,-0.007455599494278431,0.010948479175567627,-0.0051304190419614315
train,1985-08,1985-09,-0.007549830712378025,-0.003066155593842268,-0.0007728806813247502,0.005013575777411461,0.0003352789208292961,-0.008357230573892593,0.019468696787953377,-0.022562438622117043
train,1985-09,1985-10,-0.01515171304345131,-0.02079952321946621,-0.0028706735465675592,-0.008762717247009277,0.01136615127325058,-0.0068321991711854935,0.01900315470993519,-0.016534510999917984
train,1985-10,1985-11,-0.004008750431239605,-0.009082243777811527,-0.00140759430360049,-0.010177898220717907,0.011722437106072903,-0.004324300214648247,0.005374055355787277,-0.009628488682210445
train,1985-11,1985-12,0.00028974609449505806,-0.00859019160270691,-0.009035815484821796,-0.013414834626019001,0.009030293673276901,-0.012793529778718948,0.016118284314870834,-0.005195572040975094
train,1985-12,1986-01,0.009644240140914917,0.026823434978723526,-0.012982447631657124,0.003546270076185465,-0.01913551427423954,8.71787779033184e-06,-0.006080213002860546,0.01355992816388607
train,1986-01,1986-02,-0.006890685297548771,0.0006330916658043861,-0.003386925905942917,-0.011464148759841919,0.001962319016456604,-0.008358347229659557,0.004828155506402254,-0.007846079766750336
train,1986-02,1986-03,-0.006871696561574936,0.009113003499805927,-0.005981816444545984,0.0048190816305577755,-0.004047653637826443,0.00037520064506679773,0.0035437268670648336,-0.00703458022326231
train,1986-03,1986-04,0.005856167990714312,0.010678235441446304,-0.008517329581081867,-0.000445277284597978,-0.003275454742833972,-0.0037954505532979965,0.009228108450770378,0.012237229384481907
train,1986-04,1986-05,-0.007071537431329489,-0.0008003384573385119,-0.001862778328359127,-0.005163085646927357,0.00446149380877614,-0.002219257177785039,0.00981849990785122,-0.003962313290685415
train,1986-05,1986-06,-0.0049232798628509045,0.002425428479909897,-0.003016686998307705,0.00015682540833950043,-0.010401404462754726,-0.001595587469637394,0.017322145402431488,-0.01084230002015829
train,1986-06,1986-07,0.0018616977613419294,-0.002069921465590596,0.000167828518897295,0.008283949457108974,-0.007466721814125776,-0.00111525843385607,0.019215697422623634,-0.017305048182606697
train,1986-07,1986-08,-0.009229437448084354,-0.019132737070322037,0.006578674074262381,-0.0003318625967949629,0.015633609145879745,0.009253088384866714,0.0044326032511889935,-0.019671084359288216
train,1986-08,1986-09,-0.0038313809782266617,0.002324727363884449,0.00621243380010128,0.009972671046853065,-0.00163087691180408,0.0011437686625868082,0.0008180555887520313,-0.012226331979036331
train,1986-09,1986-10,-0.01042113360017538,-0.01027338020503521,-0.0020543853752315044,-0.017443392425775528,0.015406912192702293,-0.0034176893532276154,0.008038224652409554,-0.011079623363912106
train,1986-10,1986-11,-0.006551513914018869,-0.001106282346881926,0.00034381693694740534,-0.009456271305680275,0.011045620776712894,-0.008588101714849472,0.004472183063626289,-0.012312209233641624
train,1986-11,1986-12,-0.0032536860089749098,-0.006678009405732155,0.0009838846744969487,0.0006229582941159606,0.006752121262252331,-0.00023180426796898246,0.00984678603708744,-0.015265420079231262
train,1986-12,1987-01,0.0023413742892444134,0.0014262085314840078,0.0015427315374836326,-0.003431281540542841,0.0018105683848261833,0.0021566133946180344,-0.014508029446005821,0.003430729964748025
train,1987-01,1987-02,0.0014521395787596703,0.01816687174141407,0.0030058168340474367,-0.0067505002953112125,-0.002678513526916504,0.006184372119605541,-0.0073633380234241486,0.011896595358848572
train,1987-02,1987-03,-0.004853117745369673,0.018953125923871994,0.004428446292877197,0.012965932488441467,-0.007955407723784447,0.005423888564109802,-0.004116327501833439,0.006789752282202244
train,1987-03,1987-04,-0.004221831914037466,0.016952961683273315,-0.004404331091791391,0.013715656474232674,-0.0023801024071872234,-0.0007766688941046596,0.0029674279503524303,0.004875641316175461
train,1987-04,1987-05,-0.008792424574494362,0.010803744196891785,0.007872461341321468,0.011408666148781776,0.004953678697347641,0.008092124946415424,0.0023785526864230633,-0.001466419082134962
train,1987-05,1987-06,-0.008556230925023556,-0.0084220664575696,0.008683177642524242,-0.0025295703671872616,0.008880249224603176,0.0027203308418393135,0.0070770797319710255,-0.014898051507771015
train,1987-06,1987-07,-0.015585632063448429,0.00939636118710041,0.007232705596834421,0.013526463881134987,0.004202618263661861,0.004476412199437618,-1.0297750122845173e-05,-0.007585679180920124
train,1987-07,1987-08,0.001752916956320405,-0.010923766531050205,-0.0007061921060085297,-0.007589718792587519,0.011233688332140446,-0.001016769907437265,0.010080479085445404,-0.009492192417383194
train,1987-08,1987-09,-0.005694863852113485,0.010942603461444378,0.0014263479970395565,0.003168318187817931,-0.0007312610978260636,-0.002508150413632393,0.005716695450246334,-0.005987887736409903
train,1987-09,1987-10,0.014026138931512833,-0.00690638180822134,-0.006808832287788391,0.013296370394527912,-0.0043138121254742146,-0.011909272521734238,0.023595469072461128,-0.032385751605033875
train,1987-10,1987-11,-0.0010185695718973875,0.0008245211793109775,-0.004852353595197201,0.006267973221838474,0.0011606788029894233,-0.011536650359630585,0.01626594550907612,-0.016417304053902626
train,1987-11,1987-12,-0.024917246773838997,-0.024089207872748375,0.002932826755568385,-0.032678499817848206,0.03269646316766739,-0.010380787774920464,0.015386121347546577,-0.011739898473024368
train,1987-12,1988-01,0.0116356760263443,0.020164892077445984,-0.00038728141225874424,0.015671085566282272,-0.021161150187253952,0.015552300028502941,-0.025623783469200134,0.015809839591383934
train,1988-01,1988-02,-0.001273769186809659,-0.007039749063551426,0.008209850639104843,-0.015097610652446747,0.014981943182647228,-0.0002033304190263152,-0.01121076475828886,-0.006263988558202982
train,1988-02,1988-03,0.0054497867822647095,0.013647248968482018,0.002393163740634918,0.002177021000534296,-0.008185372687876225,0.004093717318028212,-7.851124973967671e-05,0.000870949646923691
train,1988-03,1988-04,-0.005062096752226353,0.011313669383525848,-0.003476229263469577,0.0006450711516663432,-0.0021543323528021574,0.0005054287612438202,-0.001120931003242731,-0.0037110638804733753
train,1988-04,1988-05,-0.002088816137984395,0.0014257736038416624,-0.002823428250849247,0.0033698962070047855,-0.0005079067777842283,-0.003008653176948428,0.008997861295938492,-0.012096934020519257
train,1988-05,1988-06,-0.004938686266541481,-0.012956948950886726,-0.0032681336160749197,-0.013100855983793736,0.019026480615139008,-0.003375427797436714,0.00276759872213006,-0.001737748272716999
train,1988-06,1988-07,0.006210171617567539,0.0071400124579668045,-0.005903135985136032,0.005449358373880386,-0.010683220811188221,-0.0005827610148116946,-0.0023406383115798235,0.0024319866206496954
train,1988-07,1988-08,0.0018898912239819765,0.0017515122890472412,-0.0025965357199311256,0.001213716808706522,-0.0052899871952831745,-0.0018238188931718469,0.009534725919365883,-0.008456084877252579
train,1988-08,1988-09,-0.009029046632349491,-0.001455746591091156,0.0030427658930420876,-0.010869583114981651,0.009753575548529625,-0.005463136360049248,0.005911305546760559,-0.004077966790646315
train,1988-09,1988-10,-0.004915907047688961,-0.009731415659189224,-0.001841617515310645,-0.005339309573173523,0.006632499862462282,-0.009050551801919937,0.010764283128082752,-0.017981870099902153
train,1988-10,1988-11,-1.9521568901836872e-05,-0.009999658912420273,-0.0034939488396048546,-0.0008090119808912277,0.0015098140574991703,-0.003772629890590906,0.012135938741266727,-0.010746483691036701
train,1988-11,1988-12,-0.006930743344128132,-0.0013871635310351849,0.0035304753109812737,-0.00897751934826374,0.01215349044650793,0.0034543112851679325,0.006954848300665617,-0.0059689972549676895
train,1988-12,1989-01,-0.002725529484450817,0.021654389798641205,0.008203348144888878,0.009466627612709999,-0.008013741113245487,0.016878606751561165,-0.018103383481502533,0.009235633537173271
train,1989-01,1989-02,-0.0008151372894644737,0.004442797973752022,0.0005007416475564241,-0.00046692421892657876,0.0050422935746610165,0.005443134810775518,0.00941640418022871,0.0019104446982964873
train,1989-02,1989-03,-0.007771757431328297,-0.0015017137629911304,0.001076549757272005,0.00017236892017535865,0.004086736124008894,0.0013516361359506845,0.010667066089808941,-0.011497195810079575
train,1989-03,1989-04,-0.014543578960001469,-0.002232359256595373,0.0027649090625345707,-0.00891898199915886,0.012696889229118824,0.0012571844272315502,0.012196670286357403,-0.0061437152326107025
train,1989-04,1989-05,-0.006939390674233437,-0.00239928113296628,0.0005230949609540403,0.0003910214873030782,0.010327586904168129,0.00454008998349309,0.007624447345733643,-0.007865538820624352
train,1989-05,1989-06,0.005372447893023491,0.0006919909501448274,-0.005081314593553543,0.006775314919650555,-0.007631653919816017,0.0029114321805536747,0.00832836702466011,-0.008270547725260258
train,1989-06,1989-07,-0.010222707875072956,-0.015327874571084976,-0.005702055525034666,-0.011404693126678467,0.01588728092610836,-0.008615954779088497,0.01696891337633133,-0.011299175210297108
train,1989-07,1989-08,-0.0031523634679615498,-0.00473265815526247,-0.007642000447958708,-0.005803235806524754,0.007428056560456753,-0.006221953779459,0.005031782202422619,-0.00425298884510994
train,1989-08,1989-09,0.0023367733228951693,0.004902167711406946,-0.002254277002066374,0.003573009977117181,0.0017022965475916862,0.006150851957499981,0.009370291605591774,0.007526615634560585
train,1989-09,1989-10,0.0020833276212215424,-0.003957598004490137,0.0032623400911688805,0.005632417742162943,0.003979949746280909,0.00535997748374939,0.022096000611782074,0.0036798762157559395
train,1989-10,1989-11,0.0020303954370319843,-0.016669325530529022,-0.0015691060107201338,-0.005353742279112339,0.009721601381897926,-0.004867336712777615,0.01663772575557232,-0.012104358524084091
train,1989-11,1989-12,-0.008151809684932232,-0.013339837081730366,0.005393580533564091,-0.014559023082256317,0.02207549475133419,-0.0009142841445282102,0.02020142786204815,-0.011739147827029228
train,1989-12,1990-01,0.011878006160259247,0.03393681347370148,0.00023442250676453114,0.026051582768559456,-0.021880673244595528,0.005322707816958427,-0.007447192911058664,0.005459497682750225
train,1990-01,1990-02,-0.0029748608358204365,0.006586202420294285,0.0006222110823728144,-0.0030913720838725567,0.003484108252450824,0.0038756602443754673,0.0003699866938404739,-0.0014120726846158504
train,1990-02,1990-03,-0.004244924057275057,0.003296937793493271,0.009303295984864235,-0.01375595573335886,0.012777119874954224,0.005284050013870001,0.0018496619304642081,-0.0010385886998847127
train,1990-03,1990-04,0.0035593779757618904,0.008332942612469196,0.004586721770465374,-0.0013577383942902088,-0.0035215760581195354,0.0014910518657416105,0.007177441846579313,0.007003749255090952
train,1990-04,1990-05,-0.010827346704900265,-0.01433889102190733,0.005817418918013573,-0.02477252669632435,0.025143731385469437,0.000631441711448133,0.00932264979928732,0.001553280744701624
train,1990-05,1990-06,-0.001602800446562469,0.01246700156480074,-0.0015556185971945524,0.0005074571818113327,3.2929470762610435e-05,0.0035631475038826466,0.009449159726500511,0.008611737750470638
train,1990-06,1990-07,8.678017184138298e-05,0.009014412760734558,0.0022047879174351692,0.0028900993056595325,-0.0048919497057795525,0.004673187155276537,0.011078953742980957,-0.009178323671221733
train,1990-07,1990-08,0.0005520373233594,0.007351883687078953,-0.003388530807569623,0.01687493547797203,-0.011848235502839088,0.0028869109228253365,0.023967547342181206,-0.018930213525891304
train,1990-08,1990-09,0.00265220133587718,0.00476453360170126,-0.0023313425481319427,0.006494683213531971,-0.0026903459802269936,0.0001513967290520668,0.015862248837947845,-0.007285114843398333
train,1990-09,1990-10,-0.007700193207710981,-0.008260843344032764,-0.0007229512557387352,-0.0035204763989895582,0.011745515279471874,-0.0032428891863673925,0.020230675116181374,-0.0073545449413359165
train,1990-10,1990-11,-0.0036096812691539526,-0.034749213606119156,0.016549665480852127,-0.022366659715771675,0.030290396884083748,0.00888288114219904,0.00835995003581047,-0.011263826861977577
train,1990-11,1990-12,-0.014896013773977757,-0.02546408399939537,-0.0007088232086971402,-0.02323654294013977,0.03403512388467789,-0.011951366439461708,0.028087439015507698,-0.019470682367682457
train,1990-12,1991-01,-0.004981065168976784,0.025605008006095886,0.012246500700712204,-0.009988305158913136,0.007656308356672525,0.010298667475581169,-0.036692775785923004,0.019027449190616608
train,1991-01,1991-02,0.006533140782266855,0.03163766488432884,0.011392932385206223,0.007363802287727594,-0.02383638545870781,0.028079358860850334,-0.04158525913953781,0.029713021591305733
train,1991-02,1991-03,-0.004048249218612909,0.03676966577768326,0.005660880822688341,-0.006702032871544361,-0.012392964214086533,0.006917221937328577,-0.010149513371288776,0.016309529542922974
train,1991-03,1991-04,0.003147207200527191,0.018040332943201065,0.00450513418763876,0.005638862960040569,-0.011991865932941437,0.008757618255913258,0.0026201605796813965,0.0067893462255597115
train,1991-04,1991-05,-0.011472217738628387,0.0024702243972569704,-0.0033435309305787086,-0.010479957796633244,0.010328330099582672,-0.006124609149992466,0.009194040670990944,-0.004904057830572128
train,1991-05,1991-06,0.0033637704327702522,0.0028085242956876755,0.008849771693348885,0.0073492215014994144,-0.005381172988563776,-0.0015714140608906746,0.0018045215401798487,-0.005342709831893444
train,1991-06,1991-07,-0.005557189229875803,0.0005546371685341001,-0.004190370440483093,-0.00026219338178634644,0.004190740175545216,0.00033124041510745883,0.008777380920946598,-0.003261453937739134
train,1991-07,1991-08,-0.007729650009423494,0.008239859715104103,-0.0018112241523340344,0.005438009276986122,-0.002680520759895444,0.013177442364394665,0.005490166135132313,5.88451512157917e-05
train,1991-08,1991-09,-0.001226062886416912,0.010654447600245476,-0.002589627169072628,0.003330046311020851,-0.009073719382286072,0.007313191890716553,0.00392164709046483,0.010785001330077648
train,1991-09,1991-10,-0.00442059151828289,0.00505741685628891,-0.006225809920579195,-0.005439130589365959,-0.0024781357496976852,0.0003908413928002119,0.00744937127456069,0.005692392122000456
train,1991-10,1991-11,0.0005123133305460215,0.012029757723212242,0.001327112433500588,0.006649431772530079,-0.007037353701889515,-0.0020556387025862932,0.013893607072532177,0.006362867541611195
train,1991-11,1991-12,-0.01996530406177044,-0.031733423471450806,-0.010912504978477955,-0.028098877519369125,0.037759192287921906,-0.007703407667577267,0.021587543189525604,-0.009403212927281857
train,1991-12,1992-01,0.016207948327064514,0.11485490202903748,-0.003911082167178392,0.05278051272034645,-0.06460800021886826,0.04350240156054497,-0.06410681456327438,0.06788724660873413
train,1992-01,1992-02,0.0010355142876505852,0.033278390765190125,-0.001969005912542343,0.016606461256742477,-0.009877311065793037,0.00819726474583149,-0.007911885157227516,0.008109486661851406
train,1992-02,1992-03,-0.001195677905343473,0.016004454344511032,0.008272625505924225,0.01762700453400612,-0.009020870551466942,0.00037114275619387627,0.00801874976605177,-0.009473752230405807
train,1992-03,1992-04,0.00951420795172453,-0.010242274962365627,0.0032659885473549366,0.00684911385178566,0.009219571948051453,-0.00584658095613122,0.008898674510419369,-0.02258315309882164
train,1992-04,1992-05,-0.0012393597280606627,-0.0012332238256931305,0.0031395982950925827,0.010568544268608093,0.0018699875799939036,0.004037392791360617,0.0031381461303681135,-0.007947390899062157
train,1992-05,1992-06,0.0016008493257686496,-0.0025359289720654488,-0.005903301760554314,0.010703676380217075,-0.00012663850793614984,-0.006325819063931704,0.00812808983027935,-0.008845798671245575
train,1992-06,1992-07,0.004172680899500847,-0.010175509378314018,-0.0074555096216499805,-0.005863330326974392,-0.0005022920668125153,-0.007213777396827936,0.0038477848283946514,-0.014074080623686314
train,1992-07,1992-08,0.007043203338980675,-0.007216579280793667,0.0020900361705571413,-0.004649256821721792,0.005831063725054264,-0.011592626571655273,0.004054239951074123,-0.010620694607496262
train,1992-08,1992-09,-0.0061419387347996235,-0.005506762303411961,0.0016666328301653266,-0.0072408257983624935,0.005013532005250454,-0.0030503585003316402,0.006716486066579819,-0.004507510457187891
train,1992-09,1992-10,-0.002885288791731,-0.0026365690864622593,-0.0015601313207298517,-0.010839077644050121,0.004166039172559977,-0.002056919038295746,0.004067369736731052,-0.0045086052268743515
train,1992-10,1992-11,-0.0005437477957457304,0.0058465381152927876,-0.0072622839361429214,-0.01234407164156437,-0.0009058213327080011,0.003389502875506878,-0.001935269683599472,0.01232514064759016
train,1992-11,1992-12,-0.002283550798892975,0.009173545986413956,-0.011509666219353676,0.0009937252616509795,-0.001903457217849791,-0.00376929622143507,0.002027675276622176,-0.001231290982104838
train,1992-12,1993-01,0.0027589621022343636,0.05022384971380234,-0.00701659731566906,0.02353486977517605,-0.02988506108522415,0.014710844494402409,-0.016564128920435905,0.013948186300694942
train,1993-01,1993-02,-0.00027852936182171106,0.009005445055663586,0.0014560428680852056,0.018719593062996864,-0.003948926459997892,-8.770078420639038e-05,0.0029036295600235462,-0.026004280894994736
train,1993-02,1993-03,0.0004506287514232099,0.005065028555691242,-0.009365718811750412,0.0006451708031818271,0.0006204138044267893,-0.007712981663644314,0.001539611374028027,-0.003315772395581007
train,1993-03,1993-04,0.0001522366947028786,0.01740894839167595,-0.0013800009619444609,0.008041232824325562,-0.010319124907255173,-0.0026905611157417297,0.0007856013253331184,0.001904230215586722
train,1993-04,1993-05,-0.008727685548365116,0.010414156131446362,0.009774881415069103,0.0005111932987347245,0.0061284080147743225,0.008305473253130913,-0.006001036148518324,0.008592888712882996
train,1993-05,1993-06,-0.008997204713523388,0.017501436173915863,-0.0010966829722747207,0.012416748329997063,-0.00544306356459856,0.0052307602018117905,0.005814948584884405,-0.0018402272835373878
train,1993-06,1993-07,-0.0038646990433335304,0.011739866808056831,-0.011250623501837254,0.0041657546535134315,-0.0057246023789048195,-0.005705133080482483,0.005898123141378164,-0.0013488954864442348
train,1993-07,1993-08,2.247776137664914e-05,-0.001460684696212411,-0.0034718415699899197,0.0008654377888888121,-0.002481697825714946,-0.00127051817253232,0.004470888990908861,-7.018796168267727e-06
train,1993-08,1993-09,0.00026658381102606654,0.009193424135446548,-0.010012328624725342,-0.0027409030590206385,-0.00014765013474971056,0.0003236044431105256,0.004889218602329493,0.011369047686457634
train,1993-09,1993-10,-0.0028502019122242928,0.021924417465925217,0.0002594443503767252,0.006680640857666731,-0.005731496959924698,0.007588515989482403,-0.006529581267386675,0.012750726193189621
train,1993-10,1993-11,0.0006187217077240348,0.008842166513204575,0.005491822957992554,-0.0009234112803824246,0.004093541763722897,-0.008386349305510521,-0.0010301244910806417,-0.012717208825051785
train,1993-11,1993-12,-0.003508677240461111,-0.01640917733311653,-0.000318455247906968,-0.014430793933570385,0.01854674145579338,-0.007715064100921154,0.01616232842206955,-0.011819379404187202
train,1993-12,1994-01,0.0015869316412135959,0.021985704079270363,-0.003094491083174944,0.0140965785831213,-0.0092290248721838,0.008541524410247803,-0.009465714916586876,0.009809661656618118
train,1994-01,1994-02,0.0009026534389704466,0.010105131193995476,-0.0026090021710842848,-0.0013401657342910767,0.005772903561592102,-0.008852156810462475,0.003187143476679921,-0.0015819987747818232
train,1994-02,1994-03,0.0033019757829606533,0.00946203712373972,-0.0018723370740190148,0.00447375001385808,-0.00297810067422688,-0.004371231887489557,0.002159097231924534,-0.0009339912212453783
train,1994-03,1994-04,-0.00858165044337511,-0.007783087901771069,-0.003669117344543338,-0.0018786820583045483,0.013483300805091858,-0.00829796027392149,0.014814804308116436,-0.018910832703113556
train,1994-04,1994-05,0.0023363784421235323,0.0002822093665599823,-0.0009882317390292883,0.0038392054848372936,-0.001130841439589858,0.0018624778604134917,0.007710831239819527,-0.005141410510987043
train,1994-05,1994-06,0.012020242400467396,-0.0065947603434324265,-0.006141356658190489,0.0011462047696113586,-0.0012302794493734837,-0.01225391123443842,0.007808888331055641,-0.010810456238687038
train,1994-06,1994-07,-0.005763929802924395,-0.0051907640881836414,-0.00260748527944088,-0.0022542597725987434,0.005154566839337349,-0.0037876414135098457,0.004921977873891592,-0.007049138657748699
train,1994-07,1994-08,-0.0034216926433146,0.002051100367680192,-0.0014866235433146358,-0.008163122460246086,0.007731008343398571,-0.002057635923847556,0.0036067466717213392,-0.006240110378712416
train,1994-08,1994-09,9.007904736790806e-05,0.014368314296007156,-0.004258840344846249,-0.00038084981497377157,-0.0006083000916987658,-0.005629431456327438,0.0069231088273227215,0.007037724368274212
train,1994-09,1994-10,-0.003504927037283778,0.008988325484097004,-0.0071855513378977776,-0.011865388602018356,0.009746570140123367,-0.017268583178520203,0.005689998157322407,-0.0042932056821882725
train,1994-10,1994-11,-0.0060839103534817696,0.005499074701219797,-0.001200802973471582,0.0014100881526246667,0.01209450326859951,-0.005378042813390493,0.010962823405861855,-0.006812289822846651
train,1994-11,1994-12,-0.012827853672206402,-0.012233050540089607,-0.006693082861602306,-0.014365939423441887,0.016195861622691154,-0.015971798449754715,0.020966582000255585,-0.018510906025767326
train,1994-12,1995-01,-3.8035213947296143e-06,0.023309390991926193,0.005445048213005066,0.010906128212809563,-0.012700652703642845,0.015982981771230698,-0.008315039798617363,0.011063175275921822
train,1995-01,1995-02,-0.006275120656937361,-0.003309010062366724,-8.718570461496711e-05,-0.0005195427220314741,0.008371529169380665,0.007060262840241194,0.009225742891430855,-0.005238241050392389
train,1995-02,1995-03,-0.0017301146872341633,0.001774488016963005,-0.004318928346037865,-0.003981304820626974,0.0010685278102755547,-0.003956038039177656,0.0074205053970217705,-0.0005182771710678935
train,1995-03,1995-04,0.00020480691455304623,0.011029204353690147,-0.009127270430326462,0.0020857001654803753,0.00017759052570909262,-0.0032328488305211067,0.0034178965725004673,0.002127156127244234
train,1995-04,1995-05,-0.005282585974782705,0.005006272345781326,-0.005832710303366184,0.011652214452624321,0.0007041161879897118,0.009117841720581055,0.015158016234636307,-0.00183961633592844
train,1995-05,1995-06,-0.007064380683004856,0.017590127885341644,-0.008395484648644924,0.00011965632438659668,-0.004450381733477116,0.005140388384461403,0.005899121519178152,0.016425922513008118
train,1995-06,1995-07,-0.00034322834108024836,0.014531020075082779,-0.013037377037107944,-0.0017375124152749777,-0.007699492387473583,0.0025809418875724077,0.0020740602631121874,0.011280469596385956
train,1995-07,1995-08,-0.00561851542443037,0.014560962095856667,-0.011187121272087097,0.016124863177537918,-0.006413293071091175,0.014299620874226093,0.012578621506690979,0.010677408427000046
train,1995-08,1995-09,-0.006422622594982386,0.014485680498182774,-0.0035008960403501987,0.01246698573231697,-0.005680842325091362,0.01087354775518179,0.005905004218220711,0.008104681968688965
train,1995-09,1995-10,0.008138026110827923,-0.010792484506964684,-0.007521614897996187,0.0014127495232969522,0.01234380155801773,-0.004263241775333881,0.024812789633870125,-0.00477661844342947
train,1995-10,1995-11,-0.0007899560732766986,-0.02242620661854744,-0.009880728088319302,-0.015812912955880165,0.02149030566215515,-0.01315600797533989,0.016415221616625786,-0.008623382076621056
train,1995-11,1995-12,-0.002232097554951906,-0.002241653623059392,-0.009832713752985,0.004782425239682198,0.005900191143155098,0.004408978391438723,0.017343688756227493,-0.00013601180398836732
train,1995-12,1996-01,-1.2553762644529343e-05,0.035831622779369354,0.0003924284828826785,0.021856417879462242,-0.026114709675312042,0.02127901092171669,-0.008904309011995792,0.007630789652466774
train,1996-01,1996-02,-0.007070437073707581,0.017476145178079605,0.000927680404856801,0.002309945411980152,-0.009228508919477463,0.005328970029950142,-6.203976226970553e-05,0.0077324481680989265
train,1996-02,1996-03,-0.0036794645711779594,0.008177122101187706,0.005506436340510845,-0.005496682599186897,0.004127866122871637,-0.0049794334918260574,-0.007770300377160311,0.0012451405636966228
train,1996-03,1996-04,-0.00566943408921361,0.019878877326846123,-0.007954522967338562,-0.012892844155430794,-0.007497438229620457,0.00353175587952137,-0.008620573207736015,0.011149201542139053
train,1996-04,1996-05,-0.004621502477675676,0.04308648034930229,-0.001539961900562048,0.010002127848565578,-0.020220302045345306,0.013339024037122726,-0.01914280094206333,0.02138775959610939
train,1996-05,1996-06,0.0030770013108849525,-0.00843590497970581,0.00578266428783536,0.004527115263044834,0.008312065154314041,-0.005624260753393173,0.011816981248557568,-0.016555966809391975
train,1996-06,1996-07,0.007164757698774338,-0.02148541808128357,0.020109478384256363,0.003370766993612051,0.020175671204924583,-0.00022077688481658697,0.020200440660119057,-0.0289543978869915
train,1996-07,1996-08,-0.005191114731132984,-0.0026441547088325024,-0.004603203386068344,-0.006120010744780302,0.004205280914902687,0.00028475234284996986,0.003352171741425991,0.003163210116326809
train,1996-08,1996-09,-0.0008299620822072029,-0.008778242394328117,-0.0026668752543628216,-0.008268249221146107,0.007148494012653828,0.0024545113556087017,0.007131165359169245,-0.0018752646865323186
train,1996-09,1996-10,-0.002594395773485303,-0.02072424627840519,0.004822655115276575,0.0017183716408908367,0.022100847214460373,-0.00949927605688572,0.026555342599749565,-0.029742609709501266
train,1996-10,1996-11,-0.0058806040324270725,-0.013134932145476341,0.0071652671322226524,-0.004040944389998913,0.021041452884674072,-0.005272574257105589,0.010589631274342537,-0.019384048879146576
train,1996-11,1996-12,0.001710479031316936,-0.01755930483341217,-0.009407281875610352,-0.010090876370668411,0.01963038370013237,-0.015097970142960548,0.0185412410646677,-0.012376252561807632
train,1996-12,1997-01,0.0023207657504826784,0.0293315090239048,0.008471503853797913,0.012933003716170788,-0.02626083418726921,0.022003114223480225,-0.01859348826110363,0.021712686866521835
train,1997-01,1997-02,-0.0029243896715343,-0.0031196167692542076,0.0013594700722023845,0.014215296134352684,0.0019915164448320866,-0.006276230793446302,0.011901595629751682,-0.021140100434422493
train,1997-02,1997-03,-0.00287240045145154,-0.007400943897664547,0.008698396384716034,0.0036555142141878605,0.008153731934726238,-0.012616153806447983,0.015408739447593689,-0.029726117849349976
train,1997-03,1997-04,-0.007461657747626305,-0.01931729167699814,0.006924657616764307,-0.007979314774274826,0.02518022619187832,-0.010326002724468708,0.01688963733613491,-0.017678100615739822
train,1997-04,1997-05,-0.0022434911224991083,-0.014545547775924206,0.00580277293920517,-0.018563563004136086,0.011624671518802643,0.013535351492464542,-0.0014696763828396797,0.0024499516002833843
train,1997-05,1997-06,-0.0007339883013628423,-0.0031006289646029472,-0.008360220119357109,-0.0033582481555640697,0.0039783744141459465,-0.00742269167676568,0.007135970983654261,-0.008148068562150002
train,1997-06,1997-07,-0.007140868343412876,-0.017363864928483963,0.002118939533829689,-0.00583617202937603,0.017006827518343925,0.0017141458811238408,0.005820362363010645,-0.003657854162156582
train,1997-07,1997-08,-0.0008770889253355563,0.01817179098725319,-0.005000601522624493,0.003701168578118086,-0.007189742289483547,0.008752788417041302,-0.0037198790814727545,0.011343133635818958
train,1997-08,1997-09,-0.0006286673597060144,0.011807762086391449,-0.008273421786725521,0.012044480070471764,-0.007977070286870003,0.01223696954548359,0.006019652355462313,0.010295837186276913
train,1997-09,1997-10,0.0014963203575462103,0.005282258614897728,0.00813617929816246,0.018597472459077835,-0.012365486472845078,0.006149165332317352,0.004400978330522776,-0.01136578805744648
train,1997-10,1997-11,-0.006624464876949787,-0.018102580681443214,0.0002180977026000619,-0.0057101477868855,0.018016474321484566,-0.017710160464048386,0.024553287774324417,-0.029830660670995712
train,1997-11,1997-12,0.0018995674327015877,-0.04790755361318588,-0.005176797043532133,-0.003186325076967478,0.02947242558002472,-0.019088782370090485,0.03908307105302811,-0.03903055191040039
train,1997-12,1998-01,0.0037591569125652313,0.026944033801555634,0.006230736151337624,0.008243508636951447,-0.02019457519054413,0.011532680131494999,-0.021173134446144104,0.012424456886947155
train,1998-01,1998-02,-0.009300515055656433,-0.002928110770881176,0.0006278431392274797,-0.011096863076090813,0.010849479585886002,-0.0013455171138048172,-0.0012552416883409023,-0.0038926475681364536
train,1998-02,1998-03,-0.005558015312999487,0.0061101424507796764,-0.007891494780778885,-0.0004583122208714485,-0.002154578920453787,-0.0019363521132618189,0.005459914915263653,0.005693140439689159
train,1998-03,1998-04,-2.2843130864202976e-05,0.015980517491698265,-0.004250753670930862,0.0008382302476093173,-0.0019379323348402977,0.0038719982840120792,-0.0009064304758794606,0.009141212329268456
train,1998-04,1998-05,-0.0038096534553915262,0.004897070582956076,0.0006968962261453271,0.008927266113460064,-0.002411975059658289,-0.008331982418894768,0.00986170582473278,-0.015365532599389553
train,1998-05,1998-06,-0.0237563643604517,-0.014641942456364632,-0.007187188137322664,-0.006604821886867285,0.022345343604683876,-0.013637813739478588,0.024709317833185196,-0.013606784865260124
train,1998-06,1998-07,-0.0027840265538543463,0.01591312699019909,-0.010075951926410198,0.01322060078382492,-0.011387502774596214,-0.005015180446207523,0.011321230791509151,-0.004066805355250835
train,1998-07,1998-08,0.009334459900856018,-0.010756237432360649,0.008803335949778557,0.003513819770887494,0.008476119488477707,-0.024482276290655136,0.024897770956158638,-0.036590322852134705
train,1998-08,1998-09,-0.009377488866448402,-0.016815265640616417,0.0005869785090908408,-0.00565779535099864,0.02499934285879135,0.01029376033693552,0.015476087108254433,0.005820421036332846
train,1998-09,1998-10,0.004028515890240669,-0.0172504223883152,0.011184686794877052,-0.01917642541229725,0.01577654480934143,-0.0006891254452057183,-0.006123153958469629,-0.012667804956436157
train,1998-10,1998-11,-0.030186837539076805,0.06166135519742966,-0.02266031503677368,-0.0087530966848135,-0.016422394663095474,0.00024177506566047668,-0.014252550899982452,0.02790445275604725
train,1998-11,1998-12,-0.017981547862291336,-0.0036482415162026882,-0.01329963468015194,-0.01992669701576233,0.019358539953827858,-0.015247128903865814,0.01186528243124485,0.004149382933974266
train,1998-12,1999-01,-0.002130882814526558,0.07922305166721344,-0.010722968727350235,0.02546575665473938,-0.045628536492586136,0.03654035925865173,-0.03986472636461258,0.06332891434431076
train,1999-01,1999-02,0.001516035059466958,0.01181628555059433,-0.0021179921459406614,0.011800618842244148,-0.01329328678548336,-7.458956679329276e-05,0.010346668772399426,-0.008769465610384941
train,1999-02,1999-03,-0.0002226792275905609,-0.0032569861505180597,-0.012873117811977863,-0.010799936950206757,0.0007552177994512022,0.0023943339474499226,-0.0030736937187612057,0.004014463629573584
train,1999-03,1999-04,-0.0074483780190348625,0.007851772010326385,-0.0010677902027964592,-0.003929190803319216,0.00754181481897831,-0.001055397791787982,-0.028327850624918938,-0.0014183715684339404
train,1999-04,1999-05,-0.00851322989910841,0.019248902797698975,0.012684758752584457,0.002552760997787118,0.006568080745637417,0.005827693268656731,0.0010803790064528584,-0.0035718248691409826
train,1999-05,1999-06,-0.012718087062239647,0.00948401540517807,-0.0104543287307024,-0.0010429528774693608,0.012328846380114555,-0.0021795162465423346,0.008531329222023487,0.00456156674772501
train,1999-06,1999-07,-0.004300237633287907,0.026335816830396652,-0.002360474318265915,0.014826197177171707,-0.005926529876887798,0.011150757782161236,0.0020759333856403828,0.008755730465054512
train,1999-07,1999-08,-0.0023444159887731075,0.007858672179281712,-0.013503915630280972,0.005426025949418545,0.006169477943331003,-0.0026488658040761948,0.02186320722103119,0.001850011176429689
train,1999-08,1999-09,-0.00656258687376976,0.008709139190614223,-0.01771753840148449,-0.0009929814841598272,-0.0029867570847272873,0.0041013238951563835,0.015005027875304222,0.019571198150515556
train,1999-09,1999-10,-0.011641309596598148,-0.0018725637346506119,-0.02541867457330227,-0.0013664860744029284,0.003613369772210717,0.0003146948292851448,0.025385869666934013,0.010183686390519142
train,1999-10,1999-11,-0.049551982432603836,0.07069561630487442,-0.04076135903596878,0.0024406088050454855,-0.03719441592693329,0.027725134044885635,0.005156499333679676,0.06819141656160355
train,1999-11,1999-12,-0.045269668102264404,0.05932077765464783,-0.048476167023181915,-0.0018772990442812443,-0.020235024392604828,0.016309687867760658,0.02345888689160347,0.06268353015184402
validation,1999-12,2000-01,-0.03284000605344772,0.10226954519748688,-0.014552026987075806,0.04970706254243851,-0.05488785728812218,0.04195697233080864,-0.01038043387234211,0.05858360975980759
validation,2000-01,2000-02,-0.11822167783975601,0.14651238918304443,-0.0854625552892685,0.05961832404136658,-0.059362687170505524,0.04510354995727539,0.03395206481218338,0.12530778348445892
validation,2000-02,2000-03,0.013704905286431313,-0.02857673168182373,0.048452138900756836,-0.024267319589853287,0.03038254752755165,-0.002939252182841301,-0.0011463668197393417,-0.055784739553928375
validation,2000-03,2000-04,0.04094616323709488,-0.050729088485240936,0.0758361890912056,-0.014301059767603874,0.04533571004867554,-0.003875425551086664,0.01219203881919384,-0.08279544115066528
validation,2000-04,2000-05,0.03641119599342346,-0.03684751316905022,0.0432138666510582,-0.018516652286052704,0.03787468373775482,-0.010625751689076424,0.00689228530973196,-0.04484923556447029
validation,2000-05,2000-06,-0.049695830792188644,0.059005655348300934,-0.07362347096204758,0.021500758826732635,-0.05026094987988472,0.015718746930360794,0.020804762840270996,0.056086085736751556
validation,2000-06,2000-07,0.011832569725811481,-0.02297160029411316,0.01917768456041813,-0.004637421108782291,0.029223328456282616,-0.014354275539517403,0.006345270201563835,-0.025147298350930214
validation,2000-07,2000-08,-0.029825860634446144,0.008400747552514076,-0.011189671233296394,-0.0016142511740326881,0.0046517206355929375,0.008112569339573383,0.022438539192080498,0.00043707608710974455
validation,2000-08,2000-09,-0.011991243809461594,-0.012374579906463623,0.0010832659900188446,0.009961764328181744,0.03423856198787689,-0.030399199575185776,0.029545962810516357,-0.03223347291350365
validation,2000-09,2000-10,-0.020970972254872322,-0.028711944818496704,0.023837774991989136,-0.015442848205566406,0.05176600068807602,-0.03890557214617729,0.0346624031662941,-0.048821352422237396
validation,2000-10,2000-11,-0.014506861567497253,-0.047175440937280655,0.023521672934293747,-0.01820984110236168,0.08612917363643646,-0.07944079488515854,0.04390621930360794,-0.07280893623828888
validation,2000-11,2000-12,-0.019573695957660675,-0.06891615688800812,-0.004136495292186737,-0.033944059163331985,0.06390218436717987,-0.06147424876689911,0.04060954973101616,-0.06298651546239853
validation,2000-12,2001-01,0.0326206311583519,0.14451657235622406,0.026283130049705505,0.07068537175655365,-0.12123501300811768,0.15742889046669006,-0.12770241498947144,0.14078371226787567
validation,2001-01,2001-02,-0.029140910133719444,-0.024952007457613945,0.007218535058200359,0.0032986574806272984,0.04936224967241287,-0.06105376034975052,0.04530959948897362,-0.07109875977039337
validation,2001-02,2001-03,-0.026897890493273735,-0.019949112087488174,0.02193361707031727,0.00525053171440959,0.023206070065498352,-0.025399010628461838,0.047813523560762405,-0.06246943026781082
validation,2001-03,2001-04,0.0084169777110219,-0.0032147967722266912,0.014898502267897129,-0.020759008824825287,-0.002551051788032055,0.020916711539030075,-0.01735083758831024,0.009915872476994991
validation,2001-04,2001-05,0.0010660833213478327,0.021154792979359627,-0.011322719976305962,0.014761168509721756,-0.011257916688919067,0.007477636449038982,-0.004976650699973106,0.014140129089355469
validation,2001-05,2001-06,-0.007252781186252832,-0.003737327177077532,-0.006769975181668997,-0.008669013157486916,0.016678670421242714,-0.007562908343970776,0.019829921424388885,-0.0027373237535357475
validation,2001-06,2001-07,-0.011358615942299366,-0.014804581180214882,0.01516187284141779,0.0013420004397630692,0.020054884254932404,-0.01850859448313713,0.02784869447350502,-0.03703635558485985
validation,2001-07,2001-08,-0.004941923078149557,-0.005367042496800423,-0.0016160178929567337,0.0010707636829465628,0.005822453647851944,-0.028608063235878944,0.01936173439025879,-0.03333016484975815
validation,2001-08,2001-09,-0.00483923451974988,-0.0057579949498176575,-0.014975685626268387,0.012996133416891098,0.002501345705240965,-0.027193555608391762,0.04763968661427498,-0.029436597600579262
validation,2001-09,2001-10,0.005992129445075989,0.019786778837442398,0.00924685038626194,-0.006250430829823017,-0.006674293428659439,0.042597055435180664,-0.027544453740119934,0.052668869495391846
validation,2001-10,2001-11,-0.005814013071358204,0.014209233224391937,-0.0026388424448668957,-0.007552710827440023,0.0019909159746021032,0.017031416296958923,-0.018712732940912247,0.030729098245501518
validation,2001-11,2001-12,0.007070756983011961,0.00737426895648241,-0.004705647937953472,-0.009038091637194157,0.0034003187902271748,0.0037158990744501352,-0.015194404870271683,0.02427278831601143
validation,2001-12,2002-01,-0.015018620528280735,0.03845670446753502,-0.006661939434707165,0.017260752618312836,-0.0028394621331244707,0.001298968680202961,0.0029778340831398964,-0.007334347814321518
validation,2002-01,2002-02,-0.0033483540173619986,-0.016585953533649445,0.009415589272975922,-0.007505645975470543,0.010006669908761978,-0.036747079342603683,0.02608061209321022,-0.05913616716861725
validation,2002-02,2002-03,-0.003873277921229601,0.005349113140255213,0.005116279236972332,-0.005738342646509409,0.007146936841309071,0.0009719305671751499,-0.014785273000597954,-0.0027810335159301758
validation,2002-03,2002-04,-0.001040624687448144,-0.012494121678173542,0.0027846721932291985,-0.0032503355760127306,0.003267249558120966,-0.033797040581703186,0.01113443449139595,-0.04740103706717491
validation,2002-04,2002-05,-0.004531061742454767,0.0019178284564986825,0.004430160392075777,0.006472493521869183,-0.0093080447986722,-0.010876791551709175,0.014377331361174583,-0.03555908426642418
validation,2002-05,2002-06,-0.013929913751780987,-0.018051939085125923,-0.008833756670355797,-0.002734051551669836,0.005838409066200256,-0.03195735439658165,0.03220217674970627,-0.03553985804319382
validation,2002-06,2002-07,0.0012638682965189219,-0.004179819021373987,0.001114983344450593,0.015834931284189224,-0.004389593843370676,-0.0027129945810884237,0.030868832021951675,-0.018260525539517403
validation,2002-07,2002-08,0.0029486296698451042,-0.0040649003349244595,-0.0005564058665186167,-0.0064560044556856155,0.009680467657744884,-0.0033930104691535234,0.007818406447768211,-0.006219401489943266
validation,2002-08,2002-09,0.004180188290774822,-0.027664707973599434,-0.0028520775958895683,-0.003521622158586979,0.009221945889294147,-0.021455347537994385,0.03897261247038841,-0.022205917164683342
validation,2002-09,2002-10,-0.009276825934648514,0.0211175549775362,-0.001491789473220706,-0.0011009563459083438,0.008338570594787598,0.020203471183776855,-0.01324955839663744,0.021667730063199997
validation,2002-10,2002-11,-0.0006215928588062525,0.07795616239309311,0.008284259587526321,0.01816103421151638,-0.03392183780670166,0.06312095373868942,-0.0704256147146225,0.054848767817020416
validation,2002-11,2002-12,0.004056338220834732,-0.033926527947187424,0.007805065717548132,-0.010523858480155468,0.0034989286214113235,-0.022363122552633286,0.042382922023534775,-0.03889795020222664
validation,2002-12,2003-01,-0.000596467056311667,0.026599861681461334,-0.019468404352664948,0.02492368593811989,-0.011798569932579994,0.023878395557403564,0.00646675331518054,0.02225332148373127
validation,2003-01,2003-02,0.000981431920081377,0.00040192902088165283,-0.009740790352225304,0.010592109523713589,0.000544159091077745,0.004402833990752697,0.017048530280590057,-0.0038298452273011208
validation,2003-02,2003-03,-0.008280308917164803,0.0040487623773515224,-0.0060445386916399,-0.0001578634255565703,0.00537874037399888,-0.00022856466239318252,0.008137943223118782,0.004368256777524948
validation,2003-03,2003-04,-0.014399107545614243,0.026294969022274017,-0.008776489645242691,0.01238786056637764,0.0018778585363179445,0.01911139488220215,-0.024570800364017487,0.02292133867740631
validation,2003-04,2003-05,-0.017798371613025665,0.08001396805047989,-0.029131844639778137,0.03672647476196289,-0.018740646541118622,0.04778875410556793,-0.043442253023386,0.07142311334609985
validation,2003-05,2003-06,-0.006712726783007383,0.03632277995347977,-0.016065223142504692,0.005594087764620781,-0.006486810743808746,0.003953243605792522,-0.009673425927758217,0.025516239926218987
validation,2003-06,2003-07,-0.025640981271862984,0.04145991802215576,-0.027077652513980865,0.012318114750087261,-0.0030632561538368464,0.0037514984142035246,-0.0015462040901184082,0.02773010917007923
validation,2003-07,2003-08,-0.016582265496253967,0.018126409500837326,-0.008511535823345184,0.00410810112953186,0.0017587144393473864,-0.00033676857128739357,-0.004083814565092325,0.010688052512705326
validation,2003-08,2003-09,-0.013510738499462605,0.04194682464003563,-0.02104673907160759,0.026229936629533768,-0.028521960601210594,0.022281242534518242,0.0007908319239504635,0.020198870450258255
validation,2003-09,2003-10,-0.02683371677994728,0.025393538177013397,-0.024370752274990082,0.0036082693841308355,0.005471979733556509,-0.0037058228626847267,0.004411391448229551,0.015263400971889496
validation,2003-10,2003-11,-0.014527426101267338,0.008418897166848183,-0.00415588915348053,0.0013012796407565475,0.004537169821560383,-0.002084461972117424,0.0035929910372942686,-0.0001595084322616458
validation,2003-11,2003-12,0.015655752271413803,-0.0074948398396372795,0.011921582743525505,0.0006398139521479607,-0.00611899234354496,0.0028673859778791666,-0.012747026048600674,-0.015438714995980263
validation,2003-12,2004-01,-0.03798132762312889,0.0675065815448761,-0.031241795048117638,0.02476479485630989,-0.02948584407567978,0.022896328940987587,-0.0018169296672567725,0.03741466999053955
validation,2004-01,2004-02,0.009963514283299446,-0.011906290426850319,0.006165759172290564,-0.004726748447865248,0.0009143727365881205,-0.009988781064748764,-0.006378527730703354,-0.016018982976675034
validation,2004-02,2004-03,0.005606710910797119,-0.002822968875989318,0.009319093078374863,1.6095000319182873e-06,-0.0017684601480141282,-0.004533659666776657,-0.0018846355378627777,-0.011175571009516716
validation,2004-03,2004-04,0.025508292019367218,-0.013158696703612804,0.015962552279233932,-0.005469148047268391,0.0022850087843835354,-0.015588345006108284,-0.008259465917944908,-0.008433351293206215
validation,2004-04,2004-05,-0.008984250016510487,-0.0066992128267884254,0.00021437779651023448,-0.005906466860324144,0.012771695852279663,-0.005661031696945429,0.007218826562166214,-0.006831021048128605
validation,2004-05,2004-06,-0.004821733571588993,-0.008669598028063774,0.002319875406101346,-0.008509340696036816,0.01692228391766548,-0.011137301102280617,-0.0028129532001912594,-0.008074549958109856
validation,2004-06,2004-07,0.02488046884536743,-0.0355084054172039,0.007286974228918552,0.005511297844350338,0.009382124990224838,-0.012245096266269684,0.010229434818029404,-0.02250731736421585
validation,2004-07,2004-08,0.008034329861402512,-0.011241454631090164,-0.001889705192297697,0.004473316483199596,0.0035420008935034275,7.07689905539155e-05,0.005945609416812658,-0.009922103956341743
validation,2004-08,2004-09,-0.005254979245364666,-0.001434673904441297,-0.002127033192664385,-0.006033703684806824,0.002743243705481291,-0.003069832921028137,0.0018833314534276724,0.002128134248778224
validation,2004-09,2004-10,0.00752272317185998,-0.0026469144504517317,2.6424764655530453e-05,-0.0038117957301437855,0.0028096421156078577,-0.00038976327050477266,0.003931387327611446,-0.0036620832979679108
validation,2004-10,2004-11,-0.00997221004217863,0.020842170342803,0.004693442489951849,-0.0015156562440097332,-0.008508341386914253,0.004374357871711254,-0.019845224916934967,0.0051427120342850685
validation,2004-11,2004-12,-0.0024901514407247305,0.025323987007141113,0.008267144672572613,0.0020144579466432333,-0.01582208275794983,0.013770230114459991,-0.013371574692428112,0.01636471226811409
validation,2004-12,2005-01,0.004156740382313728,-0.014882159419357777,0.003301431890577078,0.001472050091251731,0.0014801626093685627,-0.010786080732941628,0.015799546614289284,-0.018441366031765938
validation,2005-01,2005-02,-0.0029383560176938772,-0.005596415139734745,0.003870153333991766,-0.008768431842327118,-0.0010111875599250197,-0.012137077748775482,0.0020054266788065434,-0.018003350123763084
validation,2005-02,2005-03,0.010943613946437836,-0.012732429429888725,0.005705087445676327,-0.010948059149086475,0.008746194653213024,-0.020467737689614296,-0.00046456902055069804,-0.020149484276771545
validation,2005-03,2005-04,0.013927783817052841,-0.019566746428608894,0.008097179234027863,0.001788510475307703,-0.0011183366877958179,0.0004946386907249689,0.011729389429092407,-0.011473104357719421
validation,2005-04,2005-05,-0.018134061247110367,0.00559878908097744,-0.005371178034693003,-0.005499927792698145,0.012494402006268501,-0.00044289662037044764,1.7989514162763953e-05,0.0032039680518209934
validation,2005-05,2005-06,-0.004759388044476509,0.00044250127393752337,-0.005351433530449867,-0.0013930079294368625,-0.003885905724018812,-0.002197751309722662,0.004866506438702345,-0.0022644014097750187
validation,2005-06,2005-07,-0.005160206463187933,0.00739470636472106,0.0011335755698382854,-0.0007732345256954432,-0.0021605822257697582,0.006068668328225613,-0.010333488695323467,0.007302881218492985
validation,2005-07,2005-08,-0.0032809667754918337,0.0019010636024177074,-0.010747996158897877,0.004117474891245365,0.005674899090081453,-0.004852665588259697,0.005700060166418552,0.003275267779827118
validation,2005-08,2005-09,-0.006735413335263729,0.00106585503090173,-0.004992797505110502,0.0038600624538958073,0.002666163258254528,0.005160583183169365,0.01206253468990326,0.004946965724229813
validation,2005-09,2005-10,0.0035640529822558165,-0.006639822386205196,-0.00226353807374835,-0.002823268063366413,0.013118158094584942,-0.008980531245470047,0.009948769584298134,-0.006827684119343758
validation,2005-10,2005-11,-0.007740392349660397,1.6568577848374844e-05,-0.00016302918083965778,-0.010561882518231869,0.009094897657632828,-0.002580588450655341,-0.0015873259399086237,-0.004466223530471325
validation,2005-11,2005-12,0.003401750698685646,0.0025568646378815174,-0.004667158704251051,-0.0024954178370535374,-0.0050064558163285255,-0.0034568957053124905,-0.001536940224468708,-0.0016139962244778872
validation,2005-12,2006-01,-0.006078904494643211,0.019235927611589432,-0.009581202641129494,0.008229870349168777,-0.0070836301892995834,0.016499921679496765,-0.011710068210959435,0.017431743443012238
validation,2006-01,2006-02,-0.0017565613379701972,0.00923084281384945,-0.0034234572667628527,0.004772143438458443,-0.002225187374278903,0.004669188521802425,0.00193721242249012,0.003663505893200636
validation,2006-02,2006-03,-0.005437368527054787,0.012346604838967323,-0.004940447397530079,-0.0008010730380192399,-0.0008674398995935917,0.002890880685299635,-0.0038861066568642855,0.00565192848443985
validation,2006-03,2006-04,0.0010320106521248817,-0.003415512153878808,0.0037935946602374315,-0.003300233744084835,-0.0008504487341269851,-0.008292602375149727,-0.0077088093385100365,-0.013449341990053654
validation,2006-04,2006-05,0.007908728905022144,-0.01321698073297739,0.006878532934933901,-0.0062728021293878555,0.009416554123163223,-0.017370227724313736,0.001141575863584876,-0.019308093935251236
validation,2006-05,2006-06,-0.0026115477085113525,-0.00763731449842453,0.0019548367708921432,-0.0033385679125785828,0.011496556922793388,-0.006361539009958506,0.0030815908685326576,-0.009033909067511559
validation,2006-06,2006-07,0.0032395771704614162,-0.013508141040802002,0.0052490378729999065,-0.0023651709780097008,0.01135651208460331,-0.012493446469306946,0.002479804679751396,-0.014574512839317322
validation,2006-07,2006-08,-0.006565420888364315,0.009862897917628288,-0.002412599977105856,-0.0020279509481042624,0.004968441557139158,0.003530762856826186,0.006222504191100597,0.0008036681683734059
validation,2006-08,2006-09,-0.0032073676120489836,-0.0031752057839185,-0.0009372922941111028,-0.010634456761181355,0.01069658063352108,-0.016259685158729553,0.0019810639787465334,-0.00969154667109251
validation,2006-09,2006-10,0.0033178930170834064,0.00797769334167242,-0.0013676509261131287,-0.005144546274095774,-0.004205123521387577,0.0039331647567451,-0.008471966721117496,-0.0001310028601437807
validation,2006-10,2006-11,0.006218902301043272,0.0014534052461385727,-0.005442281253635883,-0.0007718839915469289,-0.009869611822068691,0.0022775614634156227,-0.005305273924022913,0.0007426791125908494
validation,2006-11,2006-12,-0.0007397042354568839,0.004474183078855276,-0.001832067035138607,0.0013289219932630658,-0.004290279932320118,-0.004305737093091011,0.0059880041517317295,-0.0038432725705206394
validation,2006-12,2007-01,-0.0028614781331270933,0.010110478848218918,-0.0016432581469416618,-0.006259644869714975,-0.002829767530784011,-0.005824090447276831,-0.00595089141279459,0.000965739309322089
validation,2007-01,2007-02,-0.002343729604035616,0.00396018847823143,0.0020538337994366884,-0.00040914781857281923,-0.004169015679508448,-0.002849183278158307,-0.001982342451810837,-0.003380857640877366
validation,2007-02,2007-03,-0.0007068239501677454,-0.0031922594644129276,-0.0029016193002462387,-0.006523198913782835,0.004657769575715065,-0.007128586992621422,0.006331849377602339,-0.004917549900710583
validation,2007-03,2007-04,-0.0008478501113131642,0.0031811061780899763,-0.004354306496679783,-0.011067105457186699,0.0031570710707455873,-0.007809231523424387,-0.005927798803895712,0.0037460580933839083
validation,2007-04,2007-05,0.0030027914326637983,-0.014362218789756298,0.0028380099684000015,-0.015356265008449554,0.015418818220496178,-0.008753286674618721,-0.0037341369315981865,-0.012394605204463005
validation,2007-05,2007-06,0.005373076535761356,0.001875401008874178,-0.002205348340794444,-0.0022213018964976072,0.002701824065297842,-0.004450684878975153,0.0007960895309224725,0.0017351232236251235
validation,2007-06,2007-07,0.0019997935742139816,0.002359075006097555,0.006511631887406111,6.444728933274746e-05,2.957298420369625e-06,-0.002300345804542303,0.005323365330696106,0.0006540864706039429
validation,2007-07,2007-08,0.0008332938887178898,-0.01922616735100746,0.007849225774407387,-0.006515955086797476,0.015337342396378517,-0.0034199547953903675,0.010130462236702442,-0.007924295030534267
validation,2007-08,2007-09,0.005028747022151947,-0.006607437040656805,-0.01072821207344532,-0.003172544529661536,0.004206803627312183,0.0019519423367455602,0.005416565574705601,0.014663477428257465
validation,2007-09,2007-10,0.005272860638797283,-0.0013954327441751957,-0.0122898630797863,-0.011376727372407913,0.00034146406687796116,-0.0029682291205972433,0.006690660025924444,0.002384826075285673
validation,2007-10,2007-11,0.006184704601764679,-0.025352777913212776,-0.003120108274742961,-0.009071496315300465,0.021317949518561363,-0.022962473332881927,0.016771789640188217,-0.012388634495437145
validation,2007-11,2007-12,0.005916133057326078,-0.006673403084278107,-0.013798685744404793,-0.011272111907601357,0.007148492615669966,-0.009120804257690907,0.004023703280836344,0.0007606379222124815
validation,2007-12,2008-01,-0.0009482449386268854,0.0012000547721982002,0.019834110513329506,0.015555077232420444,-0.0033203631173819304,0.0043540531769394875,-0.011994212865829468,-0.017213940620422363
validation,2008-01,2008-02,0.009710598737001419,0.002686182502657175,-0.0028579765930771828,0.005333715118467808,-0.005801466293632984,0.0023998364340513945,0.003485426539555192,-0.0011773951118811965
validation,2008-02,2008-03,-0.007562343962490559,-0.009617362171411514,0.0026468816213309765,-0.007416937500238419,0.022266726940870285,-0.01582927629351616,-0.0012143147177994251,-0.020345309749245644
validation,2008-03,2008-04,-0.002229020930826664,-0.009898852556943893,-0.009354607202112675,-0.017264602705836296,0.013069773092865944,-0.011658674106001854,0.00019820185843855143,-0.003716213395819068
validation,2008-04,2008-05,0.007231614086776972,0.00020787015091627836,-0.005600471515208483,-0.009879026561975479,-0.0010639699175953865,0.005642681382596493,-0.0006948865484446287,5.672895349562168e-05
validation,2008-05,2008-06,0.012031651102006435,-0.007498519495129585,-0.01796906068921089,-0.006886820774525404,-0.003676759544759989,-0.008725026622414589,0.02093997225165367,0.008676068857312202
validation,2008-06,2008-07,-0.015618739649653435,0.0033057432156056166,0.003700727131217718,-0.0026534907519817352,0.014058759436011314,-0.003732598153874278,0.00811086967587471,-0.009149959310889244
validation,2008-07,2008-08,-0.002053389325737953,-0.007061379961669445,0.009172016754746437,-0.016237659379839897,0.017007675021886826,-0.016157500445842743,-0.010941768065094948,-0.021084900945425034
validation,2008-08,2008-09,-0.010813715867698193,-0.02171306312084198,0.004654230084270239,-0.010171572677791119,0.035200607031583786,-0.03363136202096939,0.004634907003492117,-0.013305249623954296
validation,2008-09,2008-10,-0.0015685106627643108,-0.015063527971506119,0.005758068524301052,0.011823590844869614,0.007842488586902618,-0.01286347396671772,0.038382258266210556,-0.007938656024634838
validation,2008-10,2008-11,0.006032813340425491,-0.02152351662516594,-0.013688163831830025,-0.01682303287088871,0.021311378106474876,-0.03188208490610123,0.03107515722513199,-0.0023392958100885153
validation,2008-11,2008-12,-0.00216308725066483,-0.0004008817486464977,-0.006997379474341869,-0.026034219190478325,0.019114447757601738,-0.016839081421494484,-0.00276001263409853,-0.012007554993033409
validation,2008-12,2009-01,0.03504768759012222,0.03904275968670845,0.0050298189744353294,0.029899829998612404,-0.05611610412597656,0.04230105131864548,0.0049437787383794785,0.03475814312696457
validation,2009-01,2009-02,-0.006890319753438234,-0.0037172227166593075,0.0016851117834448814,-0.013026686385273933,0.001626718556508422,-0.02403920330107212,0.032915323972702026,-0.0010602648835629225
validation,2009-02,2009-03,0.021447675302624702,0.02273894101381302,0.025355644524097443,0.013948464766144753,-0.03001357987523079,0.0422574058175087,-0.049734681844711304,0.03427532687783241
validation,2009-03,2009-04,0.03827881067991257,0.05447223037481308,0.04737016558647156,-0.018894191831350327,-0.01032948587089777,0.030970651656389236,-0.12112897634506226,-0.03865005820989609
validation,2009-04,2009-05,0.0371672697365284,0.039944082498550415,-0.00719823595136404,0.02594827488064766,-0.036127157509326935,0.057013384997844696,-0.020972900092601776,0.03161279857158661
validation,2009-05,2009-06,0.002300991676747799,0.022655129432678223,-0.010274187661707401,0.006260160356760025,-0.019713783636689186,0.006921329069882631,0.024240296334028244,0.018526142463088036
validation,2009-06,2009-07,-0.015155414119362831,0.026007715612649918,-0.029780350625514984,-0.00548793189227581,0.010485697537660599,-0.010374252684414387,-0.012004625052213669,-0.005392913706600666
validation,2009-07,2009-08,-0.01834241673350334,0.06464427709579468,-0.032055966556072235,0.028547728434205055,-0.03260503709316254,0.02887192741036415,-0.03494252264499664,0.010832017287611961
validation,2009-08,2009-09,-0.0033040130510926247,0.03571295365691185,-0.025578893721103668,0.0052827028557658195,-0.009248017333447933,0.004245699383318424,-0.010173269547522068,-0.002444107085466385
validation,2009-09,2009-10,0.01966361701488495,-0.018572881817817688,0.018108811229467392,-0.01960880681872368,0.013516776263713837,-0.020561736077070236,0.0027219585608690977,-0.020462574437260628
validation,2009-10,2009-11,-0.004603414796292782,0.0002508810721337795,-0.015281488187611103,-0.007299718447029591,0.0038525171112269163,-0.011424270458519459,0.009802617132663727,-0.009179010055959225
validation,2009-11,2009-12,-0.006603068672120571,0.016686540096998215,-0.015131073072552681,0.000216243090108037,-0.007121131755411625,0.0020407317206263542,0.0011193291284143925,0.00037185405381023884
development,2009-12,2010-01,-0.004298219457268715,0.014052066951990128,0.007705946918576956,0.025196567177772522,-0.015953974798321724,0.0236376840621233,-0.01861167512834072,0.012042773887515068
development,2010-01,2010-02,-0.011063246056437492,0.0033472988288849592,-0.010336298495531082,-0.0058368658646941185,0.00645392294973135,-0.00897448230534792,0.0077361613512039185,-0.005200114566832781
development,2010-02,2010-03,-0.0038477254565805197,0.01614350453019142,-0.007701883092522621,0.0004234050866216421,0.0011213220423087478,0.00542058888822794,-0.005510448478162289,-0.0066536348313093185
development,2010-03,2010-04,-0.01467450987547636,0.027583099901676178,-0.005542380269616842,0.029380839318037033,-0.01484370231628418,0.03563050180673599,-0.018748987466096878,0.016728781163692474
development,2010-04,2010-05,0.0009031237568706274,-0.012160317040979862,0.01033528707921505,-0.010670212097465992,0.012414876371622086,-0.01924525760114193,0.016059717163443565,-0.007827595807611942
development,2010-05,2010-06,0.026129519566893578,-0.022814808413386345,0.02237951010465622,-0.014069179072976112,0.00567511236295104,-0.009248392656445503,0.01972896046936512,-0.016627509146928787
development,2010-06,2010-07,-0.010074159130454063,0.008579948917031288,-0.0052939048036932945,-0.004239016678184271,0.0067134820856153965,0.00100819137878716,-0.004185718949884176,-0.011567816138267517
development,2010-07,2010-08,0.008355526253581047,-0.008320311084389687,0.007131671532988548,-0.005046004429459572,0.0034462776966392994,-0.010358533822000027,0.008916552178561687,-0.004814991727471352
development,2010-08,2010-09,-0.014581363648176193,0.014370642602443695,-0.021543584764003754,-0.01300802081823349,0.00849559810012579,-0.0050203148275613785,0.009263883344829082,0.0004764564801007509
development,2010-09,2010-10,0.006315439473837614,0.006195990834385157,-0.01059525553137064,0.002056978875771165,-0.004808529280126095,0.004117748700082302,0.005432724487036467,0.008177626878023148
development,2010-10,2010-11,-0.0013272564392536879,-0.002648944966495037,-0.011522880755364895,-0.010915828868746758,0.007778713013976812,-0.013698495924472809,0.009867890737950802,-0.0067621818743646145
development,2010-11,2010-12,-0.0037479004822671413,0.013687972910702229,-0.008595096878707409,0.014183624647557735,-0.01536332443356514,0.020967625081539154,-0.013607055880129337,0.00637795589864254
development,2010-12,2011-01,-0.0057676308788359165,0.007944455370306969,0.0032091813627630472,0.01337277889251709,-0.008198539726436138,0.01107338722795248,-0.0022885880898684263,0.002463514916598797
development,2011-01,2011-02,-0.012278828769922256,0.01561154704540968,-0.011173320934176445,-0.0031059538014233112,0.00390104902908206,-0.010917584411799908,0.004415960516780615,-0.007587573025375605
development,2011-02,2011-03,-0.007448211777955294,-0.0009140833280980587,-0.003325793892145157,-0.004173749126493931,0.006155295763164759,-0.007360773626714945,0.017144590616226196,-0.008458648808300495
development,2011-03,2011-04,0.002790776314213872,-0.005611025728285313,-0.002598724327981472,-0.01352659985423088,0.009312703274190426,-0.010756884701550007,0.008521318435668945,-0.0074822125025093555
development,2011-04,2011-05,0.005871572997421026,-0.007577012293040752,0.007971652783453465,-0.010554756037890911,0.011252263560891151,-0.013981673866510391,-0.0011025775456801057,-0.009470848366618156
development,2011-05,2011-06,-0.0005119034321978688,-0.005763097666203976,0.004985957406461239,-0.005288849119096994,0.009225649759173393,-0.012670649215579033,0.004905447829514742,-0.013421988114714622
development,2011-06,2011-07,0.003357772482559085,0.0006804708973504603,0.003208656795322895,0.004972620867192745,-0.0008299037581309676,0.0026840006466954947,0.00040156469913199544,0.0011442319955676794
development,2011-07,2011-08,0.0032601533457636833,-0.01754647120833397,0.012974996119737625,-0.004352569114416838,0.012788967229425907,-0.023596327751874924,0.010535307228565216,-0.017927449196577072
development,2011-08,2011-09,0.0030954116955399513,-0.0112480279058218,0.008627090603113174,0.0023756360169500113,0.00886433944106102,-0.01850493997335434,0.01968569867312908,-0.006378196179866791
development,2011-09,2011-10,-0.015416689217090607,-0.013585197739303112,0.0017746418016031384,-0.02398291788995266,0.018623128533363342,0.005989523604512215,-0.006004228722304106,-0.013816632330417633
development,2011-10,2011-11,-0.0020451718010008335,-0.011667860671877861,-0.004565304610878229,-0.007198852486908436,0.012669717893004417,-0.016488060355186462,0.007431981153786182,-0.01435395423322916
development,2011-11,2011-12,-0.004699910059571266,-0.0007530695293098688,-0.0060977451503276825,-0.002557450206950307,0.007227191235870123,-0.00955728068947792,0.003378072287887335,-0.013264726847410202
development,2011-12,2012-01,0.003323595505207777,0.03410238027572632,0.02032526209950447,0.017049312591552734,-0.03061426617205143,0.0387759730219841,-0.017015621066093445,0.007183707319200039
development,2012-01,2012-02,0.0015566449146717787,0.004064529202878475,-0.001137319952249527,0.0010112801101058722,-0.01111044455319643,0.005836264230310917,-0.005599339492619038,0.002555993851274252
development,2012-02,2012-03,-0.007735873572528362,0.011220056563615799,-0.008339698426425457,0.01116175577044487,-0.0048197065480053425,0.002395912539213896,0.0057008215226233006,0.0024883542209863663
development,2012-03,2012-04,0.0059140389785170555,-0.0031027053482830524,0.0014075473882257938,0.0014607706107199192,-0.005243818275630474,-0.004274751525372267,-0.0008328582043759525,-0.004655488766729832
development,2012-04,2012-05,0.004193862434476614,-0.003480220679193735,0.0037215729244053364,0.003189614973962307,-0.009055049158632755,-0.003371832426637411,0.018430490046739578,-0.006683109328150749
development,2012-05,2012-06,0.0009138461318798363,-0.00029918455402366817,-0.0085836136713624,0.00038344506174325943,0.0034447363577783108,-0.0026278765872120857,0.006840452551841736,-0.006629650946706533
development,2012-06,2012-07,0.0002446736325509846,-0.0015595993027091026,0.0008814826142042875,0.0017485423013567924,-0.0025682372506707907,0.0035212007351219654,0.008724626153707504,-0.0075265197083354
development,2012-07,2012-08,-0.003962721675634384,-0.004348341375589371,0.0013892424758523703,-0.0005666604265570641,0.005501772742718458,0.00047937652561813593,-0.0005705608054995537,-0.004987723659723997
development,2012-08,2012-09,-0.00519596878439188,0.01184997707605362,-0.00735909678041935,0.005888120736926794,-0.003081798553466797,0.005055936053395271,-0.00036707636900246143,0.003902778262272477
development,2012-09,2012-10,-0.0035264259204268456,-0.011616119183599949,0.012342574074864388,-0.0031540305353701115,0.0056940363720059395,-0.008406417444348335,0.00011456559877842665,-0.01508404966443777
development,2012-10,2012-11,-0.011477330699563026,-0.0012489676009863615,0.0051259505562484264,-0.005482194013893604,0.00571301206946373,-0.007004804443567991,-0.004964507184922695,-0.010388926602900028
development,2012-11,2012-12,0.0022599154617637396,0.0005204207263886929,0.002773319836705923,-0.0013852121774107218,0.004911387339234352,-0.0007841285550966859,-0.007849790155887604,-0.009520994499325752
development,2012-12,2013-01,-0.005112599581480026,0.0145257618278265,-0.0053381407633423805,0.004661663435399532,-0.003930665086954832,0.009798473678529263,-0.0015540826134383678,0.006561681628227234
development,2013-01,2013-02,0.003651796840131283,-0.0013999297516420484,-0.0034415582194924355,0.0010024071671068668,-0.0030256162863224745,-0.004231687635183334,0.005869496613740921,-0.0023697258438915014
development,2013-02,2013-03,-0.005076701287180185,-0.003314413595944643,-0.004345949273556471,-0.006487736478447914,0.0011723353527486324,-0.006206827703863382,-0.00018764170818030834,0.0034930987749248743
development,2013-03,2013-04,-0.010844496078789234,0.0028778966516256332,-0.008364347741007805,-0.009234330616891384,-0.001928197918459773,-0.011363153345882893,0.011918256990611553,-0.00810165423899889
development,2013-04,2013-05,-0.0071454718708992004,0.014753205701708794,-0.008895283564925194,0.002387960674241185,0.003948520869016647,0.0030712243169546127,-0.005394722335040569,0.007229148410260677
development,2013-05,2013-06,0.0016248822212219238,0.0009947960497811437,-0.009983565658330917,-0.0014985792804509401,-0.0005972632206976414,-0.0077049750834703445,0.010342874564230442,0.003463468514382839
development,2013-06,2013-07,-0.005103829316794872,0.01637212187051773,-0.007464349269866943,0.00629895506426692,-0.0008590926881879568,0.006028174422681332,-0.00035653135273605585,0.005969475023448467
development,2013-07,2013-08,0.004708884283900261,-0.0026873541064560413,0.004743129014968872,0.001010621665045619,0.0029616865795105696,0.003936371766030788,0.005247876513749361,0.008729487657546997
development,2013-08,2013-09,-0.0026169747579842806,0.00856210757046938,-0.008810780942440033,-3.897445276379585e-05,0.002244480885565281,0.003834117203950882,-0.0032360206823796034,0.010850314982235432
development,2013-09,2013-10,0.0011915222276002169,-0.004092389717698097,0.007195715326815844,-0.004900946747511625,0.00969714019447565,-0.00930221937596798,-0.0018662139773368835,-0.0180532094091177
development,2013-10,2013-11,-0.012715374119579792,0.007275594398379326,2.780643990263343e-05,0.004433090798556805,0.0019732234068214893,0.0011747623793780804,0.00559686403721571,0.0033521298319101334
development,2013-11,2013-12,0.007243436761200428,0.0016316052060574293,-0.008491753600537777,-0.00288819195702672,-0.008139296434819698,0.003777900245040655,-0.003499070182442665,0.008678321726620197
development,2013-12,2014-01,-0.0027588459197431803,0.035388313233852386,-0.012346997857093811,0.03024369105696678,-0.034662868827581406,0.03394392132759094,0.008815890178084373,0.04308066889643669
development,2014-01,2014-02,-0.005197308957576752,0.003820979967713356,-0.008172590285539627,-0.0004737201379612088,-0.0003370388876646757,0.00505776097998023,-0.002814264502376318,0.003850694512948394
development,2014-02,2014-03,0.004514439031481743,-0.0030821501277387142,0.010098962113261223,0.0006050409283488989,0.0032213565427809954,0.0014267993392422795,-0.005238605663180351,-0.01980278268456459
development,2014-03,2014-04,0.006680228281766176,-0.0201055146753788,0.019587863236665726,-0.011246957816183567,0.018857216462492943,-0.009511861018836498,-0.004804551135748625,-0.03537846356630325
development,2014-04,2014-05,0.005885691847652197,-0.010852647945284843,0.002894731005653739,-0.010475191287696362,0.0052353995852172375,-0.004840213805437088,0.00818390678614378,-0.010827559977769852
development,2014-05,2014-06,0.0018002381548285484,0.0032798531465232372,-0.02002851665019989,0.004347725305706263,-0.009373273700475693,0.00846058502793312,-0.0006004117894917727,0.015642836689949036
development,2014-06,2014-07,-0.004290368873625994,-0.00279572163708508,0.014480078592896461,-0.005105006042867899,0.010820654220879078,-0.008844168856739998,0.004651207011193037,-0.008802435360848904
development,2014-07,2014-08,-0.0036225109361112118,-0.005029638297855854,0.0009784948779270053,-0.005717870779335499,0.003057276364415884,-0.0007800527382642031,-0.003483176464214921,-0.005262264050543308
development,2014-08,2014-09,0.008181707933545113,-0.008883951231837273,-0.0006359720136970282,-0.011712263338267803,0.00983573216944933,-0.018323393538594246,0.012960650958120823,0.001703481306321919
development,2014-09,2014-10,-0.0005528132896870375,-0.016140973195433617,0.012768764980137348,-0.012039657682180405,0.020068373531103134,-0.009683092124760151,0.010232492350041866,-0.007863021455705166
development,2014-10,2014-11,-0.00644025020301342,-0.0034894966520369053,-0.0021939873695373535,-0.01346198096871376,0.01158079132437706,-0.025000549852848053,0.0008552513318136334,-0.004187230486422777
development,2014-11,2014-12,0.002561136381700635,0.004574115388095379,-0.018327398225665092,0.0037790623027831316,0.0016657670494168997,-0.009167003445327282,0.005476262886077166,0.015064106322824955
development,2014-12,2015-01,-0.002897378522902727,0.010298792272806168,-0.005548528395593166,0.0027088432107120752,-0.010387569665908813,-0.0019356951816007495,0.020256880670785904,0.008602123707532883
development,2015-01,2015-02,0.0061341021209955215,0.0003045649500563741,-0.001129976473748684,0.0014942227862775326,-0.007281860336661339,0.019272256642580032,-0.011999199166893959,0.007124601863324642
development,2015-02,2015-03,0.0017464078264310956,-0.008534026332199574,-0.006174866575747728,-0.004866097122430801,0.005837840028107166,-0.010765202343463898,0.011012425646185875,0.0005337664042599499
development,2015-03,2015-04,0.0132219810038805,0.004185451194643974,0.0137693602591753,0.002865650225430727,-0.0019908840768039227,0.014948694966733456,-0.015948986634612083,-0.009517981670796871
development,2015-04,2015-05,-0.004131128080189228,0.0060372562147676945,-0.021678965538740158,0.004626964684575796,-0.007588084787130356,-0.004782533273100853,0.01199977844953537,0.01778378337621689
development,2015-05,2015-06,0.0035291898529976606,-0.006283639930188656,0.00013116940681356937,0.0011586683103814721,-0.0037568998523056507,0.0012672559823840857,0.012219238094985485,0.003995180130004883
development,2015-06,2015-07,-0.002522336784750223,-0.018773818388581276,-0.0036037706304341555,-0.014426585286855698,0.008443796075880527,-0.026719849556684494,0.02568410150706768,-0.008067685179412365
development,2015-07,2015-08,-0.0014764460502192378,0.008237303234636784,0.007416108623147011,0.012040185742080212,-0.0008206015918403864,0.004490720108151436,-0.007490102201700211,-0.013084346428513527
development,2015-08,2015-09,-0.006036725360900164,-0.021421421319246292,0.014673789963126183,-0.007429385092109442,0.018256226554512978,-0.02417737804353237,0.02736683003604412,-0.014075938612222672
development,2015-09,2015-10,-0.004669541027396917,-0.0021721413359045982,0.014118801802396774,-0.00749649852514267,0.017782416194677353,-0.0021421993151307106,-0.0025252504274249077,-0.017085226252675056
development,2015-10,2015-11,-0.010275834240019321,0.026847653090953827,-0.021211370825767517,0.022710252553224564,-0.019877266138792038,0.013709579594433308,0.006589023396372795,0.027193402871489525
development,2015-11,2015-12,-0.006843626499176025,-0.013977442868053913,0.006468111649155617,-0.0091148242354393,-0.0007896251045167446,-0.014564384706318378,0.021211832761764526,-0.009985571727156639
development,2015-12,2016-01,-0.005339144729077816,-0.026136912405490875,0.02343163825571537,-0.011915292590856552,0.025613538920879364,-0.036132603883743286,0.02057591825723648,-0.043757639825344086
development,2016-01,2016-02,-0.003859069664031267,0.00019286968745291233,0.0104307159781456,-0.009426053613424301,0.011136268265545368,-0.013976847752928734,-0.007549017667770386,-0.0248701274394989
development,2016-02,2016-03,0.011025476269423962,0.005976163782179356,0.005392458289861679,0.0010430177208036184,0.0013632596237584949,0.014948796480894089,-0.03687438368797302,0.00046688527800142765
development,2016-03,2016-04,0.012372719123959541,0.006623608525842428,0.0035384746734052896,0.014855356886982918,-0.0019039271865040064,0.02480243891477585,-0.020960818976163864,0.015758126974105835
development,2016-04,2016-05,-0.002754027023911476,-0.005393235012888908,-0.001066003693267703,-0.0014715444995090365,0.0016493186121806502,0.0012154331197962165,0.016109809279441833,0.0009601456113159657
development,2016-05,2016-06,-0.007601305842399597,0.0031552526634186506,0.0035208142362535,-0.004753332585096359,0.0009647267870604992,-0.014827162027359009,0.0020838843192905188,-0.01326813269406557
development,2016-06,2016-07,-0.003579065203666687,0.013148387894034386,0.00720302714034915,0.005835057236254215,-0.005943841766566038,0.014985820278525352,-0.010020867921411991,0.0040620556101202965
development,2016-07,2016-08,-0.003132176585495472,0.008576217107474804,-0.007267464883625507,0.012122591957449913,-0.008246521465480328,0.009835460223257542,-0.0008899676613509655,0.008861834183335304
development,2016-08,2016-09,0.010823731310665607,0.010419183410704136,-0.017411021515727043,0.010648898780345917,-0.006612793542444706,0.019328370690345764,0.0012270520674064755,0.03156806156039238
development,2016-09,2016-10,0.0025993972085416317,-0.031189456582069397,0.02261423133313656,-0.01600382849574089,0.015253833495080471,-0.02403005212545395,0.013983089476823807,-0.04039901867508888
development,2016-10,2016-11,-0.016405627131462097,-0.0002693025453481823,-0.010094000026583672,0.011955982074141502,0.015331617556512356,0.0008022594265639782,-0.0022453691344708204,-0.006257500499486923
development,2016-11,2016-12,0.003367389552295208,-0.012634685263037682,0.010989591479301453,-0.003443678840994835,0.008274558000266552,-0.0141175901517272,-0.0031645139679312706,-0.019468775019049644
development,2016-12,2017-01,-0.004159325268119574,0.010002663359045982,-6.733357440680265e-05,0.006342768669128418,-0.010358229279518127,0.02041834592819214,0.007327428087592125,0.013527268543839455
development,2017-01,2017-02,0.009059283882379532,-0.011685282923281193,0.0009153147111646831,0.001814908580854535,0.0015622712671756744,0.0067163314670324326,0.004841879941523075,0.013796187937259674
development,2017-02,2017-03,0.0027891763020306826,0.0015820135595276952,0.0003748655435629189,0.002143380232155323,0.0009219765197485685,0.0031020333990454674,0.007511959411203861,0.007963113486766815
development,2017-03,2017-04,-0.001378349494189024,-0.013526435941457748,0.008684462867677212,-0.007691352162510157,0.012412400916218758,-0.013240406289696693,0.0140920989215374,-0.016441456973552704
development,2017-04,2017-05,0.00552155589684844,-0.013699037954211235,0.002050211187452078,-0.015058740973472595,0.012719247490167618,-0.02010420337319374,0.013878826051950455,-0.014567981474101543
development,2017-05,2017-06,-0.00406324677169323,0.006489007268100977,0.001340443966910243,0.019778601825237274,-0.006153000518679619,0.02712739259004593,-0.0010979925282299519,0.01847822219133377
development,2017-06,2017-07,-0.0025393888354301453,-0.010727481916546822,0.00046519076568074524,-0.0005247008521109819,0.007275514770299196,-0.0035679973661899567,0.007222562097012997,-0.00735078239813447
development,2017-07,2017-08,-0.003943081945180893,-0.0011919662356376648,-0.009386301040649414,0.0023383679799735546,0.0036922430153936148,-0.0020465445704758167,0.015145279467105865,0.002989721717312932
development,2017-08,2017-09,0.0036462023854255676,0.023953769356012344,-0.005865316838026047,0.02008635923266411,-0.017189916223287582,0.023659951984882355,-0.023152656853199005,0.01937609724700451
development,2017-09,2017-10,-0.004725282546132803,-0.007601362653076649,-0.004253296181559563,-0.003015471389517188,0.008522172458469868,-0.009561381302773952,0.014914700761437416,-0.008055317215621471
development,2017-10,2017-11,-0.0071309590712189674,0.004729832522571087,0.007184716872870922,0.001279552816413343,-0.002997076604515314,-0.005022564437240362,-0.010920580476522446,-0.011644148267805576
development,2017-11,2017-12,-0.0025176112540066242,0.007580702658742666,-0.007803493179380894,-0.0013935216702520847,-0.010791739448904991,-0.006302323658019304,-0.004889090545475483,0.0010361229069530964
development,2017-12,2018-01,-0.008409697562456131,0.009255650453269482,-0.001831898814998567,0.0005035883514210582,0.003603195073083043,0.005712411366403103,0.003306942991912365,0.00921170599758625
development,2018-01,2018-02,0.00013602478429675102,-0.0019885865040123463,-0.0012241899967193604,0.0004173092311248183,0.0076985349878668785,-0.000974303693510592,0.014382965862751007,0.004614207427948713
development,2018-02,2018-03,0.001993106910958886,-0.004183902870863676,0.0039130570366978645,-0.0026861936785280704,0.003439492778852582,8.122221333906054e-05,0.006142529658973217,0.0038470507133752108
development,2018-03,2018-04,-0.00544449407607317,-0.006848561577498913,0.0006292294710874557,0.0031690536998212337,0.003548931097611785,0.0032841796055436134,0.007564982399344444,-0.0025911969132721424
development,2018-04,2018-05,-0.002658015349879861,0.015592491254210472,-0.017029767856001854,0.00033149542286992073,-0.0005442282999865711,0.003742461558431387,0.014053551480174065,0.017463574185967445
development,2018-05,2018-06,0.0026173864025622606,-0.012757660821080208,0.004542961250990629,-0.017630141228437424,0.00985662266612053,-0.020671706646680832,-0.0005567611660808325,-0.003880903357639909
development,2018-06,2018-07,-0.002568542491644621,-0.013819958083331585,0.006835798732936382,-0.013328242115676403,0.02142755687236786,-0.015000374987721443,0.0056631481274962425,-0.019605694338679314
development,2018-07,2018-08,-0.019350867718458176,0.006182153709232807,-0.015605440363287926,0.00263585289940238,0.007248356007039547,-0.002985212719067931,0.015216930769383907,0.01674002967774868
development,2018-08,2018-09,0.00854482315480709,-0.002178000286221504,-0.002009800635278225,-0.008065611124038696,-0.0016037505120038986,-0.005794431548565626,0.0004802239127457142,0.0016237231902778149
development,2018-09,2018-10,-0.005260402802377939,-0.008202021941542625,0.01903795637190342,0.001214892021380365,0.006955405697226524,-0.016589634120464325,0.006040179170668125,-0.033375952392816544
development,2018-10,2018-11,0.004832096863538027,-0.018007857725024223,0.002281308639794588,-0.004477967042475939,0.010147007182240486,-0.0133440550416708,0.007727231830358505,-0.014621715992689133
development,2018-11,2018-12,0.0008119578706100583,-0.026380449533462524,0.0009494266705587506,-0.014082487672567368,0.022634267807006836,-0.03588540107011795,0.021891936659812927,-0.01955508068203926
development,2018-12,2019-01,0.0016124462708830833,0.04932752251625061,0.014060825109481812,0.024954449385404587,-0.03711914271116257,0.050727665424346924,-0.03425081819295883,0.03989458829164505
development,2019-01,2019-02,0.006308212410658598,0.005752786062657833,-0.0076019056141376495,0.005017898045480251,-0.010178595781326294,0.00997910462319851,0.00146628194488585,0.003954142797738314
development,2019-02,2019-03,0.0057656895369291306,0.005621529184281826,-0.0021725818514823914,0.0015451533254235983,-0.008538691326975822,0.006939735263586044,0.004865965805947781,0.015198783949017525
development,2019-03,2019-04,-0.002076452597975731,-0.016149362549185753,0.008214724250137806,-0.011734064668416977,0.010260028764605522,-0.010625308379530907,-0.0008240120951086283,-0.015567410737276077
development,2019-04,2019-05,0.008482929319143295,-0.012062536552548409,-0.004318850114941597,0.010316884145140648,-0.0077871037647128105,-0.00706048309803009,0.03115777298808098,0.006034765392541885
development,2019-05,2019-06,-0.00041843997314572334,-0.017581339925527573,0.0030826879665255547,-0.014799005351960659,0.018901200965046883,-0.009837641380727291,-0.0004130955785512924,-0.011733043938875198
development,2019-06,2019-07,-0.010372160002589226,-0.016523532569408417,0.006254034582525492,-0.005851319059729576,0.013765710406005383,-0.014294292777776718,0.019255533814430237,-0.015698153525590897
development,2019-07,2019-08,-0.003881791140884161,-0.010801417753100395,0.0022082135546952486,0.004822598770260811,-0.0031919372268021107,-0.008097930811345577,0.014132294803857803,-0.0017949840985238552
development,2019-08,2019-09,-0.012832211330533028,-0.0050630527548491955,0.0195322223007679,-0.007016440387815237,0.016738276928663254,-0.010090181604027748,-0.014769263565540314,-0.036068905144929886
development,2019-09,2019-10,-0.00915349368005991,-0.015215449035167694,0.005395452491939068,-0.0028374595567584038,0.014022638089954853,-0.0062678842805325985,0.012115640565752983,-0.0020754551514983177
development,2019-10,2019-11,0.008774539455771446,-0.0010878155007958412,-0.011411883868277073,-0.0029324041679501534,-0.002653873525559902,0.0014868129510432482,-0.001530986512079835,0.013258866965770721
development,2019-11,2019-12,0.016898471862077713,0.016363291069865227,-0.013654060661792755,0.002647306304425001,-0.017744559794664383,0.018102407455444336,-0.01793401502072811,0.014623234048485756
