split,feature_month,target_month,factor_0,factor_1,factor_2,factor_3,factor_4,factor_5,factor_6,factor_7
train,1963-07,1963-08,-0.015282712876796722,0.004414628725498915,0.001278688432648778,0.008931633085012436,0.016300592571496964,0.0077531542629003525,0.0033552967943251133,0.0020747962407767773
train,1963-08,1963-09,0.011742658913135529,0.00446587847545743,-0.000670373672619462,-0.009718994610011578,-0.007532147690653801,-0.007819916121661663,0.003748565213754773,0.000769743463024497
train,1963-09,1963-10,-0.012239396572113037,0.00986203271895647,-0.0068197790533304214,0.0065902965143322945,0.014001183211803436,-0.002017159014940262,-0.0006833007209934294,0.0033294279128313065
train,1963-10,1963-11,-0.01024525798857212,-0.008187658153474331,0.007076000329107046,0.002430276945233345,0.0007286530453711748,0.004177147522568703,0.009545749053359032,-0.010745856910943985
train,1963-11,1963-12,-0.0188813004642725,-0.016855932772159576,0.005580965429544449,0.005783881526440382,0.009694555774331093,0.006398513913154602,0.017576154321432114,-0.010618876665830612
train,1963-12,1964-01,0.014603016898036003,0.014440289698541164,-0.007454905658960342,-0.00823077093809843,-0.00668458454310894,-0.006530663464218378,-0.0013088530395179987,0.010483150370419025
train,1964-01,1964-02,-0.0031472151167690754,0.004519982263445854,-0.0026486986316740513,-0.004239297471940517,0.000664461636915803,-0.00285030878148973,-0.0031640599481761456,0.0010613291524350643
train,1964-02,1964-03,-0.009922049939632416,0.011041228659451008,-0.00990423932671547,0.004496139939874411,0.015390736982226372,-0.0036251135170459747,0.0030470339115709066,0.0025763518642634153
train,1964-03,1964-04,0.0037255696952342987,-0.005182322114706039,0.0023441778030246496,-0.00014506897423416376,-0.001030503655783832,-0.003445478156208992,0.00792331900447607,-0.0003174245357513428
train,1964-04,1964-05,-0.014460200443863869,-0.005395567510277033,0.0034705502912402153,0.005177486687898636,0.006309018936008215,0.004611109383404255,0.00923726987093687,-0.007176761515438557
train,1964-05,1964-06,-0.006047592964023352,-0.003927554935216904,0.00739062437787652,0.0066238888539373875,0.004546570125967264,0.003436954692006111,-0.00045268319081515074,-0.010517526417970657
train,1964-06,1964-07,0.002753312001004815,-0.0009147365344688296,-0.00579431327059865,-0.0061592645943164825,0.0017797425389289856,-0.009301237761974335,0.004755291156470776,0.002267272677272558
train,1964-07,1964-08,0.00212215818464756,0.0005145017639733851,0.0007324113394133747,-0.0014442590763792396,-0.0028890473768115044,-0.002766813151538372,0.005494651384651661,-0.003435947233811021
train,1964-08,1964-09,9.540235623717308e-05,0.0067996671423316,-0.003922380041331053,0.00012661749497056007,0.004439402371644974,-0.00152327842079103,-0.00697701470926404,0.008070113137364388
train,1964-09,1964-10,0.00015559489838778973,0.008334793150424957,-0.007237901445478201,-0.0027108334470540285,0.008893892168998718,-0.0059939296916127205,-0.00038923107786104083,0.007065135054290295
train,1964-10,1964-11,0.00010482996003702283,-0.005738227628171444,0.0021838101092725992,-8.461298421025276e-06,-0.0014441014500334859,0.0005367379635572433,0.012168210931122303,-0.006544793955981731
train,1964-11,1964-12,-0.0061273109167814255,-0.01103196945041418,0.006901471875607967,0.0058288960717618465,0.0024981216993182898,0.004403392784297466,0.005210688337683678,-0.009510954841971397
train,1964-12,1965-01,0.015456223860383034,0.021694956347346306,-0.008569695055484772,-0.00513286329805851,-0.001602289965376258,-0.0037076626904308796,-0.01578821986913681,0.018870297819375992
train,1965-01,1965-02,0.006624290719628334,0.00996852945536375,-0.0021611920092254877,-0.003120968583971262,-0.005020789802074432,-0.0026813826989382505,-0.004492153413593769,0.005471241660416126
train,1965-02,1965-03,0.014009973034262657,0.008531629107892513,-0.012304929085075855,-0.01425240933895111,0.0018214252777397633,-0.013425424695014954,-0.0038133421912789345,0.012998176738619804
train,1965-03,1965-04,0.004085203632712364,0.007104165386408567,-0.002493645064532757,0.000798005610704422,-0.0002184923505410552,-0.002137018134817481,-0.006620105355978012,0.005401901435106993
train,1965-04,1965-05,0.0007220837869681418,0.003106292337179184,0.0005565307219512761,0.0017966525629162788,-0.00023912818869575858,-0.0008836695924401283,0.0028784233145415783,-0.002108990680426359
train,1965-05,1965-06,-0.0016631074249744415,-0.01782074011862278,0.014825638383626938,0.006906406953930855,-0.007406902965158224,0.010624467395246029,0.02290140464901924,-0.02055589109659195
train,1965-06,1965-07,-0.00798704195767641,0.008584031835198402,-0.006522598676383495,-0.0005916010122746229,0.005644399672746658,-0.0033481083810329437,0.00021989410743117332,0.0018396333325654268
train,1965-07,1965-08,-0.005678903311491013,0.009633123874664307,9.086006321012974e-05,0.00806134007871151,0.000866105780005455,0.00992517825216055,-0.008662390522658825,0.005357573740184307
train,1965-08,1965-09,-0.016194768249988556,0.008753062225878239,0.0025963205844163895,0.010456681251525879,0.009441464208066463,0.003317230613902211,-0.008104166015982628,-0.0036307661794126034
train,1965-09,1965-10,0.005149480886757374,0.024322709068655968,-0.018833309412002563,-0.010114109143614769,0.015421323478221893,-0.013253538869321346,-0.01572652906179428,0.026194265112280846
train,1965-10,1965-11,0.0021626437082886696,0.034743648022413254,-0.021029751747846603,-0.010938392952084541,0.014225401915609837,-0.015794768929481506,-0.016706572845578194,0.027857400476932526
train,1965-11,1965-12,0.015748918056488037,0.013791315257549286,-0.007110327482223511,-0.00807833019644022,-0.0061571295373141766,-0.007362843491137028,-0.01935073547065258,0.014862003736197948
train,1965-12,1966-01,0.019925469532608986,0.030611364170908928,-0.025601867586374283,-0.022196490317583084,0.008194845169782639,-0.024911226704716682,-0.016993515193462372,0.031214814633131027
train,1966-01,1966-02,0.004633486270904541,0.03171898424625397,-0.028024056926369667,-0.015410908497869968,0.021253831684589386,-0.02333284355700016,-0.015500737354159355,0.0333576537668705
train,1966-02,1966-03,0.007748454809188843,0.011034967377781868,-0.009106853045523167,-0.009696261025965214,0.009979696944355965,-0.010354062542319298,0.004421852063387632,0.011777845211327076
train,1966-03,1966-04,-0.004469096660614014,0.023760350421071053,-0.02362927980720997,-0.007693777792155743,0.01651795394718647,-0.014165673404932022,-0.008348070085048676,0.022462597116827965
train,1966-04,1966-05,0.009500628337264061,-0.0358598530292511,0.024925723671913147,0.005647823680192232,-0.022699024528265,0.015670929104089737,0.028434235602617264,-0.030919848009943962
train,1966-05,1966-06,-0.007569652982056141,0.00626981258392334,-0.0054704574868083,0.0014604488387703896,0.0036455290392041206,-0.0007001486956141889,-0.0005946020828559995,0.0019783200696110725
train,1966-06,1966-07,0.0007231892086565495,-0.005052017513662577,0.000692460685968399,0.0005006876308470964,0.002167709404602647,-0.0007450191769748926,0.005496475845575333,-0.0031929747201502323
train,1966-07,1966-08,-0.00671969261020422,-0.011784330941736698,0.014177411794662476,0.009902330115437508,-0.005499034188687801,0.010832682251930237,0.013800278306007385,-0.01838994398713112
train,1966-08,1966-09,-0.006995621137320995,-0.008833078667521477,0.0014747149543836713,-0.0006983049679547548,0.0030557920690625906,-0.002026200294494629,0.010790133848786354,-0.008227754384279251
train,1966-09,1966-10,-0.02297167479991913,-0.03422233834862709,0.030465416610240936,0.03158584609627724,0.003785779932513833,0.02332032471895218,0.021564215421676636,-0.04730948060750961
train,1966-10,1966-11,-0.007246285676956177,0.025109652429819107,-0.009502222761511803,-0.00045665493234992027,0.004526417702436447,0.006111741065979004,-0.025399968028068542,0.026730289682745934
train,1966-11,1966-12,-0.0024837139062583447,-0.0006681325612589717,-0.004306919872760773,0.0013419075403362513,0.0020895227789878845,0.003050487954169512,-0.00011147512122988701,0.0028574015013873577
train,1966-12,1967-01,0.046444572508335114,0.04233019798994064,-0.026325784623622894,-0.032054655253887177,-0.0008838362991809845,-0.024287261068820953,-0.07046914100646973,0.05434747785329819
train,1967-01,1967-02,0.024271279573440552,0.02140246517956257,-0.01611926779150963,-0.021791016682982445,0.007033913396298885,-0.018957244232296944,-0.012238513678312302,0.029489116743206978
train,1967-02,1967-03,0.00140669709071517,0.011616812087595463,-0.009447179734706879,0.0017487192526459694,0.010557637549936771,-0.004889719188213348,-0.010302790440618992,0.012531514279544353
train,1967-03,1967-04,-0.0034755542874336243,0.006675052456557751,-0.0003649424761533737,0.003139466978609562,0.0075349025428295135,0.0017050104215741158,-0.005267824977636337,0.006952832452952862
train,1967-04,1967-05,0.013366367667913437,0.002616806421428919,-0.006228393875062466,-0.012452415190637112,-0.00282177422195673,-0.011484421789646149,0.0015977618750184774,0.009719413705170155
train,1967-05,1967-06,-0.0018153032287955284,0.045063793659210205,-0.03824305906891823,-0.019588468596339226,0.03917861357331276,-0.03263159096240997,-0.03208942711353302,0.05000104010105133
train,1967-06,1967-07,0.00393211655318737,0.026318445801734924,-0.011454829014837742,-0.00784307811409235,0.014803743921220303,-0.012071393430233002,-0.00697539234533906,0.017182912677526474
train,1967-07,1967-08,0.008795917965471745,0.006235579494386911,-0.0025675296783447266,-0.0043495409190654755,-0.002385170664638281,-0.006608645431697369,0.004928004927933216,-0.00023585135932080448
train,1967-08,1967-09,0.006868061609566212,0.02713415026664734,-0.024956172332167625,-0.020746635273098946,0.025470122694969177,-0.023233432322740555,-0.00027677835896611214,0.03304116800427437
train,1967-09,1967-10,0.00376998633146286,0.013856290839612484,-0.011725632473826408,-0.009681831113994122,0.0075483499094843864,-0.012760751880705357,-0.000200638547539711,0.017945757135748863
train,1967-10,1967-11,0.001066925353370607,-0.009454766288399696,0.004058205522596836,0.0022363841999322176,-0.0015064754988998175,0.004876831080764532,0.005545149091631174,-0.004534323699772358
train,1967-11,1967-12,-0.008994245901703835,0.037538666278123856,-0.034950315952301025,-0.02044299989938736,0.027341078966856003,-0.02464298903942108,-0.018412064760923386,0.039769306778907776
train,1967-12,1968-01,0.011225943453609943,0.03186151385307312,-0.023107104003429413,-0.0299492459744215,0.003160725813359022,-0.038746315985918045,0.009164668619632721,0.017698995769023895
train,1968-01,1968-02,0.0023606717586517334,-0.017284099012613297,0.014375678263604641,0.006510292179882526,-0.010584191419184208,0.0017262841574847698,0.01988077536225319,-0.024883244186639786
train,1968-02,1968-03,-0.004140310920774937,-0.003683950984850526,0.008470755070447922,0.009678446687757969,-0.004749188665300608,0.0095205157995224,0.005120673216879368,-0.009991598315536976
train,1968-03,1968-04,-0.003244558349251747,0.032493919134140015,-0.021755730733275414,-0.014340491034090519,0.008367707952857018,-0.009935971349477768,-0.023655463010072708,0.03714490681886673
train,1968-04,1968-05,-0.0036429502069950104,0.04475916922092438,-0.026742983609437943,-0.02584148198366165,0.013734045438468456,-0.019817614927887917,-0.006242119707167149,0.04039817303419113
train,1968-05,1968-06,0.006529843434691429,-0.008247314020991325,0.001830391469411552,-0.004009501077234745,-0.010832279920578003,-0.0015123700723052025,0.019799141213297844,-0.013206422328948975
train,1968-06,1968-07,-2.4051405489444733e-05,0.006843743845820427,-0.006456030532717705,-0.003444455098360777,-0.005625549703836441,-0.013042976148426533,0.010133164003491402,-0.0030445430893450975
train,1968-07,1968-08,-0.01140701025724411,0.02231021039187908,-0.009851714596152306,-0.001601089141331613,0.00314223300665617,-0.008884409442543983,0.001642005518078804,0.007498621940612793
train,1968-08,1968-09,-0.00417952798306942,0.020867502316832542,-0.005351076368242502,-0.0005739564076066017,0.0007719722343608737,-0.0004979134537279606,-0.009202904999256134,0.014218263328075409
train,1968-09,1968-10,0.002891930053010583,-0.007968772202730179,0.006041024811565876,0.0019684862345457077,-0.0063216062262654305,2.9333867132663727e-05,0.015847355127334595,-0.014852451160550117
train,1968-10,1968-11,-0.0019439077004790306,-0.002367312554270029,-0.0030006403103470802,-0.0011435202322900295,0.008134249597787857,0.0028679370880126953,-0.0025260797701776028,0.006157331168651581
train,1968-11,1968-12,0.005354621447622776,0.028938671573996544,-0.011754993349313736,-0.004941281862556934,-0.007904830388724804,-0.012364932335913181,-0.007903465069830418,0.014403015375137329
train,1968-12,1969-01,0.0017989575862884521,0.005957294255495071,-0.0074251191690564156,-0.006707789376378059,-0.00687736552208662,-0.007298320531845093,-9.803846478462219e-05,0.0012478490825742483
train,1969-01,1969-02,-0.0017599118873476982,-0.015242836438119411,0.013246782124042511,0.005181657150387764,-0.012868426740169525,0.0035689547657966614,0.02350178360939026,-0.02783559449017048
train,1969-02,1969-03,-0.007459413725882769,0.010736297816038132,-0.005366545170545578,0.0019383369944989681,0.006095129996538162,-0.0033668011892586946,0.001085061114281416,0.005578513722866774
train,1969-03,1969-04,-0.005991186946630478,0.00042054319055750966,0.0006494487170130014,0.004241506569087505,0.003404252929612994,0.004334747325628996,0.008715313859283924,-0.0026101237162947655
train,1969-04,1969-05,-0.002186137717217207,0.011845966801047325,-0.007018447853624821,-0.004716597031801939,-0.003933497704565525,-0.009439931251108646,0.002434980124235153,0.0026172506622970104
train,1969-05,1969-06,-0.0007237950339913368,-0.02140866219997406,0.007708825636655092,0.0011126939207315445,-0.001146896043792367,-0.0032055946066975594,0.02390867844223976,-0.025515489280223846
train,1969-06,1969-07,-0.008014580234885216,-0.014420740306377411,-0.00012484565377235413,0.00092290248721838,0.001277565723285079,-0.0019569983705878258,0.027291815727949142,-0.02242043800652027
train,1969-07,1969-08,-0.0005302608478814363,0.0030347167048603296,-0.0066581484861671925,-0.00140577950514853,0.008791550062596798,0.003175701480358839,-0.0009857560507953167,0.014164624735713005
train,1969-08,1969-09,-0.002465966623276472,-0.0024451687932014465,-0.006511220242828131,-0.00547599233686924,0.010052294470369816,-0.010357794351875782,0.014601379632949829,-0.002402007346972823
train,1969-09,1969-10,0.019820762798190117,0.008298242464661598,0.0032460964284837246,6.765220314264297e-05,0.005260954611003399,0.01262657530605793,-0.025224242359399796,0.02284562960267067
train,1969-10,1969-11,-0.010842349380254745,-0.005987058859318495,-0.005961480084806681,-0.0012153326533734798,0.00896313227713108,-0.011231672950088978,0.019304020330309868,-0.007749980315566063
train,1969-11,1969-12,-0.017599981278181076,-0.026547307148575783,0.0009186912793666124,0.0029583247378468513,0.015534486621618271,-0.005765045061707497,0.027678225189447403,-0.02153688110411167
train,1969-12,1970-01,0.0066686891950666904,0.02280670404434204,-0.002081617247313261,-0.0040633585304021835,-0.018979035317897797,-0.004951165989041328,0.0068320585414767265,-0.0017358765471726656
train,1970-01,1970-02,-0.00997253693640232,-0.0005024808924645185,-0.0047154733911156654,0.007451233919709921,0.002390820998698473,0.0052660489454865456,0.009851546958088875,-0.007349655497819185
train,1970-02,1970-03,-0.015287509188055992,-0.003940792288631201,0.007996246218681335,0.005959207657724619,-0.012522533535957336,-0.003641558112576604,0.015739161521196365,-0.031142283231019974
train,1970-03,1970-04,-0.025660129263997078,-0.01706802099943161,0.013706390745937824,0.007436810992658138,-0.018138200044631958,-0.004279508255422115,0.039948057383298874,-0.054581914097070694
train,1970-04,1970-05,-0.004751992411911488,0.0015103116165846586,-1.3152603060007095e-06,0.004567162599414587,-0.005653366446495056,0.0030428168829530478,0.00838298536837101,-0.010632781311869621
train,1970-05,1970-06,-0.01378905400633812,-0.004947962239384651,-0.008004720322787762,-0.009456256404519081,0.0001904829405248165,-0.021429849788546562,0.0316091887652874,-0.02294280007481575
train,1970-06,1970-07,-0.0055320486426353455,-0.012796739116311073,-0.0013175273779779673,0.00209594308398664,0.008366954512894154,0.0017074209172278643,0.011142609640955925,-0.010990714654326439
train,1970-07,1970-08,0.0032617703545838594,0.0014198593562468886,0.008733528666198254,0.0035977449733763933,0.0021337750367820263,0.012597205117344856,-0.020389065146446228,0.007906103506684303
train,1970-08,1970-09,0.03759270906448364,0.03322421759366989,0.014876523986458778,0.0005072462372481823,-0.005880882032215595,0.024568069726228714,-0.06104732304811478,0.04906412959098816
train,1970-09,1970-10,-0.020307693630456924,-0.017353488132357597,-0.010538140311837196,-0.012742009945213795,0.0002804031828418374,-0.019038202241063118,0.045269571244716644,-0.025816263630986214
train,1970-10,1970-11,-0.021715248003602028,-0.03132399171590805,0.006058134138584137,0.006216316018253565,-0.004063934087753296,0.008740546181797981,0.031430281698703766,-0.0347331203520298
train,1970-11,1970-12,-0.00048045814037323,-0.005247189663350582,0.00821809284389019,-0.0003418519627302885,-0.001811467343941331,0.0026866041589528322,0.0074049243703484535,-0.010096987709403038
train,1970-12,1971-01,0.029708361253142357,0.05421602353453636,0.007307042833417654,0.006767354439944029,-0.019155625253915787,0.011420691385865211,-0.04467422142624855,0.02762666530907154
train,1971-01,1971-02,0.017930634319782257,0.01898479461669922,-0.009226178750395775,-0.011324280872941017,0.008812861517071724,-0.01133212074637413,-0.014146899804472923,0.02759236842393875
train,1971-02,1971-03,-0.005807786714285612,0.010844905860722065,-0.004078949335962534,0.0036355231422930956,0.01964597776532173,-0.0027433070354163647,0.0001984238624572754,0.009508289396762848
train,1971-03,1971-04,-0.0025028677191585302,0.00700758583843708,0.0016908659599721432,0.0084691122174263,0.00232506962493062,0.00373693834990263,0.0011251682881265879,-0.003778176149353385
train,1971-04,1971-05,-0.0034075588919222355,-0.00783303938806057,-0.0029584774747490883,-0.005596259143203497,0.001872014719992876,-0.004995028953999281,0.019598856568336487,-0.007865835912525654
train,1971-05,1971-06,-0.004975227173417807,-0.01271633431315422,-0.0007177402731031179,-0.005292603746056557,0.003917205613106489,-0.0007196089718490839,0.016578122973442078,-0.0075003099627792835
train,1971-06,1971-07,0.006025801878422499,-0.019624512642621994,0.010186232626438141,-0.005747608840465546,-0.013718567788600922,0.0025508764665573835,0.0218192171305418,-0.021465949714183807
train,1971-07,1971-08,-0.015577103942632675,0.008632365614175797,-0.003377562388777733,0.004244664218276739,0.00011240062303841114,-0.0030879895202815533,-0.0069986674934625626,0.0009353753994219005
train,1971-08,1971-09,0.0016508258413523436,-0.002936846110969782,-0.005721813999116421,-0.016415363177657127,0.009909270331263542,-0.01362927071750164,0.006980497855693102,0.0064176893793046474
train,1971-09,1971-10,0.00725243054330349,-0.017403097823262215,0.003398055676370859,-0.006234380416572094,-0.00018373748753219843,0.00018209777772426605,0.02231903001666069,-0.01686159148812294
train,1971-10,1971-11,-0.010541175492107868,-0.010561886243522167,0.0016952019650489092,-0.000836741179227829,0.009417404420673847,-0.0007086823461577296,0.01618705503642559,-0.009130259044468403
train,1971-11,1971-12,0.0010613335762172937,0.012448431923985481,0.009486458264291286,0.0068025412037968636,-0.005076488479971886,0.01540313009172678,-0.016135763376951218,0.007651036139577627
train,1971-12,1972-01,0.010582878254354,0.061214108020067215,-0.010700032114982605,0.011088223196566105,-0.027006708085536957,0.008879896253347397,-0.03785638511180878,0.03606274351477623
train,1972-01,1972-02,-0.002982599660754204,0.017442917451262474,-0.0013366257771849632,0.0019059816841036081,0.0017479488160461187,-0.002317555481567979,-0.003712413366883993,0.0068647973239421844
train,1972-02,1972-03,-0.002680374076589942,-0.0020056343637406826,-0.001680233282968402,-0.004071523435413837,0.0018229794222861528,-0.0008095474331639707,0.014826742000877857,-0.003867263672873378
train,1972-03,1972-04,-0.010345472022891045,0.005641884170472622,-0.0005554219242185354,0.00445626862347126,0.0003667015116661787,-0.0012007983168587089,0.0029826415702700615,-0.004647270310670137
train,1972-04,1972-05,-0.004260784015059471,-0.008806370198726654,-0.0007302650483325124,-0.0038308806251734495,0.010708961635828018,0.0005988802295178175,0.018171850591897964,-0.006690895184874535
train,1972-05,1972-06,-0.0004195570945739746,-0.003630855353549123,0.0007047357503324747,0.0028720672708004713,0.0031329940538853407,0.0058321100659668446,0.01169723179191351,-0.003060238901525736
train,1972-06,1972-07,-0.0037829806096851826,-0.005003189668059349,0.006119386292994022,0.0023777552414685488,-0.0033293033484369516,0.0038069626316428185,0.015787530690431595,-0.01227714866399765
train,1972-07,1972-08,-0.00812956877052784,-0.008293045684695244,0.007722876965999603,0.007600196171551943,-0.006265176460146904,0.010644350200891495,0.010255767032504082,-0.020097563043236732
train,1972-08,1972-09,-0.0006930578965693712,-0.009452484548091888,0.0001750998490024358,-0.002599813509732485,0.0044731623493134975,-0.0015376284718513489,0.010623050853610039,-0.007316434755921364
train,1972-09,1972-10,-0.005037106107920408,-0.014794261194765568,0.00013571442104876041,-0.0008614407852292061,0.006648489274084568,0.0005031461478210986,0.014428187161684036,-0.014802426099777222
train,1972-10,1972-11,-0.006256699562072754,-0.011958344839513302,0.0047586457803845406,0.0015872360672801733,0.005846596788614988,0.0022705786395817995,5.8418139815330505e-05,-0.015849465504288673
train,1972-11,1972-12,-0.009347999468445778,-0.00719929113984108,-0.002027004724368453,-0.003960480447858572,0.012636691331863403,-0.0021890539210289717,0.02162158489227295,-0.005611111409962177
train,1972-12,1973-01,-0.0026582092978060246,0.017630398273468018,-0.0005508684553205967,0.00907693151384592,-0.023019496351480484,-0.0020746004302054644,0.007411562837660313,-0.016670893877744675
train,1973-01,1973-02,-0.0024303188547492027,-0.006927780341356993,0.0021120989695191383,0.0034317285753786564,-0.005343621131032705,0.0013688603648915887,0.016262708231806755,-0.022608144208788872
train,1973-02,1973-03,-0.006790033541619778,0.002586719347164035,0.002189058344811201,0.006416101474314928,-8.349583367817104e-05,0.0035031959414482117,0.0060193538665771484,-0.01043662615120411
train,1973-03,1973-04,-0.004163268022239208,-0.0014403704553842545,-0.0018890135688707232,-0.0008689516689628363,-0.002640387276187539,-0.006654927507042885,0.01646486483514309,-0.02592964470386505
train,1973-04,1973-05,-0.00733753340318799,-0.016971781849861145,0.00249460618942976,0.0013687838800251484,0.0030585501808673143,0.0018030937062576413,0.025303300470113754,-0.023492353036999702
train,1973-05,1973-06,-0.011822348460555077,0.004516921006143093,0.0030520232394337654,0.008083559572696686,0.006553472951054573,0.004500774201005697,0.013057170435786247,-0.008736766874790192
train,1973-06,1973-07,-0.0070074861869215965,0.025189287960529327,0.020993981510400772,0.015960654243826866,0.015883229672908783,0.025209959596395493,-0.022491274401545525,0.030381640419363976
train,1973-07,1973-08,-0.004395064897835255,-0.0026833012234419584,-0.007140704430639744,-0.002166896127164364,-4.4898479245603085e-06,-0.005298058968037367,0.015266042202711105,-0.007301080506294966
train,1973-08,1973-09,-0.017422588542103767,0.0004054318415001035,0.01661844179034233,0.014477020129561424,0.019228048622608185,0.019804557785391808,0.000229603610932827,0.00524546205997467
train,1973-09,1973-10,-0.006935934070497751,0.013956179842352867,-0.0021713231690227985,0.0035982662811875343,-0.0028985985554754734,-0.000394809409044683,0.009034581482410431,-0.009507894515991211
train,1973-10,1973-11,-0.001636036904528737,-0.017779510468244553,-0.009237627498805523,-0.008338088169693947,-0.01873781904578209,-0.006148927845060825,0.025728734210133553,-0.022870615124702454
train,1973-11,1973-12,-0.022705789655447006,-0.010770851746201515,0.002898725215345621,0.003809652989730239,0.01729997992515564,0.004429256077855825,0.026420235633850098,-0.01041129045188427
train,1973-12,1974-01,0.003920394461601973,0.0491902120411396,0.016183381900191307,0.014619172550737858,-0.02938326634466648,0.005148435011506081,-0.04644294083118439,-0.0029321240726858377
train,1974-01,1974-02,-0.0008208522922359407,0.0049001360312104225,-0.0030384480487555265,-0.003090596990659833,-0.0035738523583859205,-0.004562098998576403,0.0024268738925457,-0.007295804563909769
train,1974-02,1974-03,0.012268566526472569,0.007740257307887077,0.001358294626697898,-0.009006577543914318,-0.01014176569879055,-0.004624410066753626,-0.0035507776774466038,-0.008295085281133652
train,1974-03,1974-04,-0.005363837815821171,0.008936917409300804,-0.0019072479335591197,-0.0038818579632788897,-0.0011464760173112154,-0.008344287052750587,0.005962606519460678,-0.008574061095714569
train,1974-04,1974-05,-0.0032860981300473213,0.00010944763198494911,-0.0005111548816785216,-0.005757579579949379,0.003535849740728736,-0.005440095905214548,0.012936212122440338,-0.005520324222743511
train,1974-05,1974-06,-0.011818847618997097,0.010707680135965347,0.004450296051800251,0.0026301334146410227,0.0022455481812357903,-0.003145909635350108,0.009060458280146122,-0.012977654114365578
train,1974-06,1974-07,-0.017573093995451927,0.001808812259696424,0.0032321647740900517,0.005800727289170027,-0.0035891185980290174,-0.0005273801507428288,0.007326141931116581,-0.016930026933550835
train,1974-07,1974-08,-0.007817896082997322,0.010684139095246792,-0.004953891970217228,0.0005972059443593025,-0.001028587343171239,-0.008453463204205036,0.008581878617405891,-0.013284772634506226
train,1974-08,1974-09,-0.0010483779478818178,-0.007738973014056683,-0.011180535890161991,-0.013881743885576725,-0.005600146949291229,-0.015719689428806305,0.012581264600157738,-0.015005907043814659
train,1974-09,1974-10,-0.02183465287089348,-0.009766723960638046,0.02625691145658493,0.020459506660699844,0.018372971564531326,0.03921739012002945,0.015143658965826035,0.012660635635256767
train,1974-10,1974-11,-0.005491921678185463,-0.010892814956605434,-0.008752934634685516,-0.013225385919213295,0.0017371270805597305,-0.012773528695106506,0.024203818291425705,-0.010668515227735043
train,1974-11,1974-12,-0.014074195176362991,-0.015962105244398117,-0.0012979296734556556,-0.0038102329708635807,0.014088853262364864,-0.0020519138779491186,0.027669887989759445,-0.010053823702037334
train,1974-12,1975-01,0.015130028128623962,0.05524008721113205,0.040055423974990845,0.05415503680706024,-0.02320294827222824,0.06031864508986473,-0.08795896172523499,0.031644608825445175
train,1975-01,1975-02,0.012703604064881802,0.008382933214306831,0.0002771675353869796,-0.0065413606353104115,-0.010748278349637985,0.0010488983243703842,-0.0017767830286175013,0.003206400666385889
train,1975-02,1975-03,-0.0032166854944080114,0.0339994952082634,0.020556170493364334,0.025075823068618774,0.008002388291060925,0.01705891638994217,-0.0407320111989975,0.009155472740530968
train,1975-03,1975-04,-0.011948244646191597,0.012444190680980682,0.004784766118973494,0.0013474419247359037,0.007642541080713272,0.0038143040146678686,0.0025006700307130814,0.003868919098749757
train,1975-04,1975-05,0.0023776814341545105,0.017559736967086792,-0.001073467661626637,0.01069772057235241,-0.002275255275890231,0.008911705575883389,-0.017365993931889534,0.01317761279642582
train,1975-05,1975-06,-0.007259214762598276,0.01038893312215805,0.00913326721638441,0.016645636409521103,0.004514722153544426,0.01890406757593155,-0.0050695971585810184,-0.0002474318025633693
train,1975-06,1975-07,0.011929856613278389,0.008965459652245045,0.003433419158682227,-0.007294420152902603,-0.027997862547636032,-0.008588899858295918,-0.00760424230247736,-0.016736747696995735
train,1975-07,1975-08,0.005239497870206833,-0.017976688221096992,0.003982545807957649,-0.014441030099987984,-0.0027497110422700644,-0.007307905238121748,0.009532510302960873,-0.011499311774969101
train,1975-08,1975-09,-0.004084738437086344,-0.001665550284087658,0.00568135641515255,-0.005731229204684496,-0.0031244195997714996,-0.0065671298652887344,0.00909773726016283,-0.014819801785051823
train,1975-09,1975-10,-0.01730963960289955,-0.004792843014001846,0.008074028417468071,0.009468108415603638,0.014227780513465405,0.007664759177714586,0.013837427832186222,0.00035701453452929854
train,1975-10,1975-11,-0.014245028607547283,0.0001095473999157548,0.00917405728250742,0.0049825506284832954,0.009696058928966522,0.00345615460537374,0.006962994113564491,-0.006951495073735714
train,1975-11,1975-12,0.0037890421226620674,0.002080782549455762,0.001732741016894579,-0.0009479296859353781,-0.008517792448401451,0.0014585256576538086,-0.004229607060551643,-0.007555333431810141
train,1975-12,1976-01,-0.029135044664144516,0.06514603644609451,0.016076814383268356,0.05058789998292923,-0.011697596870362759,0.041905343532562256,-0.029809029772877693,0.020811911672353745
train,1976-01,1976-02,-0.001850915257818997,0.061314456164836884,-0.003584766760468483,0.01246302668005228,-0.030742324888706207,0.004335483536124229,-0.03790968284010887,0.014471616595983505
train,1976-02,1976-03,0.002424954902380705,0.0083345677703619,-0.008101163432002068,-0.005134243052452803,-0.008075017482042313,-0.008697310462594032,-0.006517710164189339,0.00012159068137407303
train,1976-03,1976-04,0.014774743467569351,-0.009266652166843414,-0.0019933099392801523,-0.010264430195093155,-0.014599444344639778,-0.00925071258097887,0.002658129669725895,-0.013352883979678154
train,1976-04,1976-05,0.013154001906514168,-0.018064070492982864,0.007311789318919182,-0.01266300119459629,-0.0028202382382005453,0.0017729219980537891,0.008013222366571426,-0.010512549430131912
train,1976-05,1976-06,-0.009043989703059196,-0.003208467736840248,0.005089638754725456,0.007339963689446449,0.011951399967074394,0.009406308643519878,0.0005558375851251185,0.001848778105340898
train,1976-06,1976-07,0.0068141622468829155,-0.006138389464467764,-0.004816477186977863,-0.009333697147667408,-0.00592298898845911,-0.007832977920770645,0.003845962230116129,-0.004612176213413477
train,1976-07,1976-08,0.00350120197981596,-0.011001290753483772,0.001803371706046164,-0.009434787556529045,0.0009133362909778953,-0.005472726188600063,0.012136689387261868,-0.013808222487568855
train,1976-08,1976-09,-0.00578170083463192,-0.0019644033163785934,0.0042281621135771275,0.004844477865844965,0.007719747722148895,0.003861486678943038,0.005464727990329266,-0.005224647931754589
train,1976-09,1976-10,0.0035272364038974047,-0.007915014401078224,-0.003987401723861694,-0.006626452784985304,-0.0012072745012119412,-0.008245770819485188,0.009510601870715618,-0.0037299124523997307
train,1976-10,1976-11,-0.004615263547748327,0.0007710958598181605,-0.0005025042337365448,-0.0002981738653033972,0.004578597377985716,0.002540205605328083,0.004191865213215351,-8.737231837585568e-06
train,1976-11,1976-12,0.0032249819487333298,0.018740611150860786,0.003693854436278343,0.004320787265896797,-0.011780963279306889,0.014301431365311146,-0.012445390224456787,0.0031337866093963385
train,1976-12,1977-01,0.01213129237294197,0.028066538274288177,-0.01329517737030983,-0.0037605678662657738,-0.025641940534114838,-0.01003386452794075,-0.014386715367436409,-0.004590608179569244
train,1977-01,1977-02,0.010432223789393902,0.00586616899818182,-0.011077243834733963,-0.014145657420158386,-0.013290584087371826,-0.014370888471603394,-0.0003965175710618496,-0.005940436851233244
train,1977-02,1977-03,0.0015759601956233382,0.010052790865302086,-0.0035203793086111546,0.00044349743984639645,-0.011366231366991997,-0.00015947135398164392,-0.002929187146946788,-0.003773657139390707
train,1977-03,1977-04,0.0005891014006920159,0.004391861148178577,-0.006712617352604866,-0.0011624554172158241,-0.004312887787818909,-0.003002667799592018,0.0012568776728585362,0.00042828969890251756
train,1977-04,1977-05,0.0018038765992969275,0.007969156838953495,-0.003115627449005842,-0.002768931444734335,-0.008111899718642235,-0.004456903785467148,0.004720744211226702,-0.009533025324344635
train,1977-05,1977-06,-0.013271204195916653,0.005419742316007614,0.007182572968304157,0.010404652915894985,0.013653908856213093,0.012693855911493301,-0.0021153877023607492,0.00723137054592371
train,1977-06,1977-07,0.01241315994411707,0.012060694396495819,-0.00935885589569807,-0.009876136668026447,-0.019050361588597298,-0.006600077264010906,-0.0014097010716795921,-0.008711482398211956
train,1977-07,1977-08,0.009205465205013752,0.004725683946162462,-0.010378661565482616,-0.011219564825296402,-0.006685153115540743,-0.00811768602579832,0.005667808931320906,-0.001280381460674107
train,1977-08,1977-09,0.004857242107391357,0.0034639202058315277,-0.005029034800827503,-0.0077280341647565365,-0.004327243193984032,-0.005055063404142857,0.0020100113470107317,-0.0027828600723296404
train,1977-09,1977-10,0.005666596814990044,-0.002879756037145853,-0.00590549735352397,-0.00881587341427803,-0.004706551320850849,-0.010702880099415779,0.0057005006819963455,-0.008126264438033104
train,1977-10,1977-11,-0.01117546297609806,0.01252696756273508,0.0019088180270045996,0.007429772987961769,0.010980580002069473,0.011646612547338009,-0.0015533862169831991,0.0110968928784132
train,1977-11,1977-12,0.004995383787900209,0.009023669175803661,-0.006987252738326788,-0.005630414001643658,-0.0073259249329566956,-0.0032204529270529747,0.0036402693949639797,-0.0006989408284425735
train,1977-12,1978-01,0.013544020242989063,0.017114397138357162,-0.009534113109111786,-0.004184321966022253,-0.022623827680945396,-0.00709039531648159,-0.0073117660358548164,-0.006844306830316782
train,1978-01,1978-02,0.0025706414598971605,0.017818056046962738,-0.008910272270441055,-0.005485492758452892,-0.0106176333501935,-0.004485778976231813,-0.0025461853947490454,-0.0024977452121675014
train,1978-02,1978-03,-0.00758318230509758,0.022757351398468018,-0.0026070023886859417,0.007754140067845583,-0.0010140570811927319,0.005825537256896496,-0.009236641228199005,0.003381980350241065
train,1978-03,1978-04,-0.005190864205360413,0.013188091106712818,0.0068073817528784275,0.009341312572360039,-0.0004974529147148132,0.012166744098067284,-0.005812314338982105,-0.0005544220330193639
train,1978-04,1978-05,0.004858352243900299,0.02839522249996662,-0.009433628991246223,-0.0008303608628921211,-0.009241362102329731,-0.004609646275639534,-0.0146666644141078,0.005663163494318724
train,1978-05,1978-06,0.005340133793652058,0.009557755663990974,-0.007123082410544157,-0.009646601974964142,-0.013781806454062462,-0.008649748750030994,0.0015085554914548993,-0.004885582253336906
train,1978-06,1978-07,-0.011641532182693481,0.007029433734714985,-0.0015365448780357838,0.005726390518248081,0.011663717217743397,0.0056490302085876465,0.0011267643421888351,0.007677074521780014
train,1978-07,1978-08,0.0016349141951650381,0.03650204464793205,-0.013842555694282055,-0.0016591236926615238,-0.009542855434119701,1.632026396691799e-05,-0.009173865430057049,0.01433931291103363
train,1978-08,1978-09,0.009030061773955822,0.005285969004034996,-0.006487478036433458,-0.008157252334058285,-0.014371642842888832,-0.010655070655047894,-0.010124178603291512,-0.00337828416377306
train,1978-09,1978-10,0.0274244025349617,-0.049714770168066025,0.011819238774478436,-0.030295096337795258,-0.02409493923187256,-0.011326480656862259,0.027734048664569855,-0.04910716786980629
train,1978-10,1978-11,-0.020390387624502182,0.009024925529956818,0.005211466457694769,0.019290026277303696,0.022694844752550125,0.01953156106173992,0.0025189595762640238,0.02070874720811844
train,1978-11,1978-12,0.005009344778954983,0.0005988276097923517,-0.0029469754081219435,-0.0021063461899757385,-0.0015129721723496914,0.003581112250685692,0.006635428871959448,-0.005145795177668333
train,1978-12,1979-01,-0.0033114745747298002,0.027645904570817947,0.005970771890133619,0.015941239893436432,-0.009491048753261566,0.01339876838028431,-0.02412797138094902,0.007699356414377689
train,1979-01,1979-02,0.009587795473635197,-0.001459973631426692,-0.009060250595211983,-0.012991787865757942,-0.009670701809227467,-0.014437723904848099,0.0011525978334248066,-0.006464619189500809
train,1979-02,1979-03,-0.003044926095753908,0.012259452603757381,0.004569933749735355,0.011688601225614548,0.0014632459497079253,0.02176646515727043,-0.013155260123312473,0.013724330812692642
train,1979-03,1979-04,0.004077428951859474,0.012920990586280823,-0.00544631015509367,-0.004261112306267023,-0.008619476109743118,-0.0020757026504725218,-0.0051962630823254585,0.0013397468719631433
train,1979-04,1979-05,0.0012013057712465525,-0.0010150379966944456,-0.005295165814459324,-0.005169449374079704,-0.0026654244866222143,-0.007149458862841129,0.006810511462390423,-0.003039242932572961
train,1979-05,1979-06,0.0036541838198900223,0.001159066567197442,-0.005416974425315857,0.004445929545909166,-0.0034949814435094595,0.004037903621792793,-0.0033180685713887215,0.006820074748247862
train,1979-06,1979-07,-0.0018309277947992086,-0.0035596860107034445,0.004303803667426109,0.00042422133265063167,0.0019897823221981525,0.0028430833481252193,0.005221100524067879,-0.00728448573499918
train,1979-07,1979-08,-0.006725839804857969,0.008369608782231808,0.0036411588080227375,0.010086197406053543,0.009325297549366951,0.011494864709675312,0.001132444478571415,0.004407691769301891
train,1979-08,1979-09,0.0005559909623116255,0.0026702554896473885,-0.006433581933379173,-0.007891008630394936,-0.001533064409159124,-0.00855223461985588,0.009604944847524166,0.0003589670523069799
train,1979-09,1979-10,0.0018696080660447478,-0.007908988744020462,0.0029737353324890137,-0.008570771664381027,-0.0017759758047759533,-0.007366933394223452,0.010863314382731915,-0.00786043144762516
train,1979-10,1979-11,-0.006862459238618612,0.0016860992182046175,-0.007532295770943165,0.010373461991548538,0.013512559235095978,0.00944335013628006,0.0038337726145982742,0.01731845736503601
train,1979-11,1979-12,0.007613498251885176,0.024009134620428085,-0.019584864377975464,-0.006674102507531643,-0.012626911513507366,-0.0016323174349963665,-0.00469255680218339,0.020621569827198982
train,1979-12,1980-01,0.02051592618227005,0.0454968623816967,-0.02681107074022293,-0.0028739452827721834,-0.02537315897643566,-0.005022733937948942,-0.02220783941447735,0.03087799623608589
train,1980-01,1980-02,0.012079279869794846,0.016690241172909737,-0.01732003688812256,-0.016939306631684303,-0.01639399304986,-0.01708965003490448,-0.006563219707459211,0.0075925132259726524
train,1980-02,1980-03,-0.005851301830261946,-0.03349674493074417,0.02427699789404869,-0.008588390424847603,0.009138761088252068,0.0005641242023557425,0.02783900499343872,-0.03534059599041939
train,1980-03,1980-04,-0.004688699264079332,-0.008691227994859219,0.002360252197831869,0.006984361447393894,0.004889877047389746,0.017042875289916992,0.010516393929719925,-0.005809484981000423
train,1980-04,1980-05,-0.006623852998018265,-0.0043545076623559,0.012794531881809235,0.008389228954911232,0.004003242589533329,0.015427409671247005,0.0028100726194679737,-0.006253992207348347
train,1980-05,1980-06,0.005043564364314079,-0.0001246095634996891,-0.0042505390010774136,-0.007013523485511541,-0.006645030342042446,-0.00038623512955382466,0.005332476459443569,-0.0033667772077023983
train,1980-06,1980-07,-0.006383491680026054,0.0068477182649075985,0.001856266986578703,0.014851629734039307,0.01752607338130474,0.017825301736593246,-0.0019396935822442174,0.015562071464955807
train,1980-07,1980-08,0.00454697897657752,0.029300114139914513,-0.006344083696603775,0.008011732250452042,-0.013253635726869106,0.012887120246887207,-0.007604885846376419,0.009348626248538494
train,1980-08,1980-09,0.022688521072268486,0.012356089428067207,-0.015232199802994728,-0.017216181382536888,-0.01557353138923645,-0.004636297468096018,-0.007872989401221275,0.01753700152039528
train,1980-09,1980-10,0.02611534856259823,0.01858428865671158,-0.029398806393146515,-0.022075066342949867,-0.01459604874253273,-0.012147558853030205,-0.011724747717380524,0.027193335816264153
train,1980-10,1980-11,0.017358731478452682,0.011096986941993237,-0.028984466567635536,-0.014577614143490791,0.0012983761262148619,-0.00618746317923069,-0.009112006984651089,0.03890421986579895
train,1980-11,1980-12,-0.001774181379005313,-0.015873145312070847,0.008334115147590637,-0.009483736008405685,0.00488650007173419,-0.00034028803929686546,0.013906157575547695,-0.014344841241836548
train,1980-12,1981-01,0.008487993851304054,0.0038496011402457952,0.006331657525151968,-0.004189173225313425,-0.018838156014680862,-0.004067070782184601,-0.00612413976341486,-0.02153213694691658
train,1981-01,1981-02,-0.014856905676424503,-0.006405012682080269,0.01710105501115322,0.00522255664691329,0.008196044713258743,0.004400753416121006,0.009209813550114632,-0.020096518099308014
train,1981-02,1981-03,-0.008491064421832561,0.003188478294759989,0.011974295601248741,0.014238315634429455,0.008975761011242867,0.016245601698756218,0.0007673463551327586,-0.00306357117369771
train,1981-03,1981-04,0.0017952497582882643,0.009456032887101173,0.00147861591540277,0.0005594405811280012,-0.010691025294363499,-0.0012407901231199503,0.0022286665625870228,-0.0110002551227808
train,1981-04,1981-05,-0.004811036866158247,0.012783079408109188,-0.0021858694963157177,0.0038996441289782524,-9.549118112772703e-05,0.0011207640636712313,-0.0022250700276345015,0.0024976064451038837
train,1981-05,1981-06,-0.019835924729704857,-0.0005999980494379997,0.01569639891386032,0.005102398805320263,0.006817197427153587,-0.0054728020913898945,0.014711454510688782,-0.0328383594751358
train,1981-06,1981-07,-0.0008542927680537105,-0.0024593232665210962,0.005511960946023464,-0.003802297171205282,-0.0029835584573447704,0.0003049120423384011,0.002943422645330429,-0.012723165564239025
train,1981-07,1981-08,-0.008924486115574837,-0.014912154525518417,0.00928514264523983,-0.004581932909786701,0.0029087215662002563,-0.009200355038046837,0.013038401491940022,-0.02801806852221489
train,1981-08,1981-09,-0.026601869612932205,-0.013119052164256573,0.016782201826572418,0.004960486199706793,0.009729089215397835,-0.003010423621162772,0.02552441507577896,-0.03370179235935211
train,1981-09,1981-10,-0.0007076013134792447,0.0026092296466231346,-0.006948511581867933,-0.0019349134527146816,0.012960530817508698,0.007924173027276993,0.011276398785412312,0.018556511029601097
train,1981-10,1981-11,-0.011471466161310673,-0.022558826953172684,0.002125042024999857,-0.006808738224208355,0.01356496661901474,-0.006936396472156048,0.022474637255072594,-0.014829080551862717
train,1981-11,1981-12,-0.007105617318302393,0.0004614961799234152,0.000502999871969223,-0.005613000597804785,-0.0006340891122817993,-0.00819222629070282,0.00675326120108366,-0.011731320060789585
train,1981-12,1982-01,-0.004592748358845711,0.013059215620160103,0.0009374397923238575,0.0013788766227662563,-0.009898983873426914,-0.002741272561252117,-0.0018683841917663813,-0.011257215403020382
train,1982-01,1982-02,-0.023654425516724586,-0.00042873964412137866,0.01695937290787697,0.0025612320750951767,-0.003982033580541611,-0.003597747068852186,0.016564946621656418,-0.03377189114689827
train,1982-02,1982-03,-0.012889080680906773,0.0024200882762670517,0.002469455823302269,-0.004210479557514191,0.003805892076343298,-0.009335187263786793,0.010705631226301193,-0.016472958028316498
train,1982-03,1982-04,7.007521344348788e-05,0.00634696613997221,0.0001665538875386119,0.0021075692493468523,-0.002623772481456399,0.0020494370255619287,-0.00025846995413303375,0.0006510216044262052
train,1982-04,1982-05,-0.0003317221999168396,0.0015417784452438354,0.0009256109478883445,-0.003538422053679824,-0.006695296615362167,-0.005379397422075272,0.0076520442962646484,-0.016960864886641502
train,1982-05,1982-06,-0.026177963241934776,-0.004359542392194271,0.0075379242189228535,0.0006589947734028101,0.01044035516679287,-0.01226348988711834,0.013702808879315853,-0.020038746297359467
train,1982-06,1982-07,-0.01353379525244236,0.004508135840296745,0.0018629874102771282,-0.0008917454397305846,-0.0021043638698756695,-0.010098271071910858,0.010347859002649784,-0.014787290245294571
train,1982-07,1982-08,-0.008079394698143005,-0.029781443998217583,0.012910598888993263,0.005455265287309885,0.027046069502830505,0.01197224110364914,0.004432896617799997,0.005879524163901806
train,1982-08,1982-09,-0.005746475886553526,0.00279268529266119,-0.010573729872703552,-0.010823286138474941,-0.0021266918629407883,-0.016865020617842674,0.011975261382758617,-0.010433871299028397
train,1982-09,1982-10,0.002070397138595581,0.0018433055374771357,-0.010926604270935059,0.0037595261819660664,0.018966082483530045,0.005354180000722408,-0.00026194704696536064,0.028116930276155472
train,1982-10,1982-11,-0.012961417436599731,0.02816838026046753,-0.020372509956359863,-0.004412607755511999,-0.0019384922925382853,-0.016865914687514305,-0.00048726401291787624,0.01357964426279068
train,1982-11,1982-12,0.00018683425150811672,0.008437363430857658,-0.005300985183566809,-0.0029269554652273655,-0.0035815155133605003,-0.003688993165269494,-0.0005862613907083869,0.0005432714242488146
train,1982-12,1983-01,0.03439560532569885,0.05833115801215172,-0.010009221732616425,0.007685268763452768,-0.035277046263217926,0.013053939677774906,-0.039496049284935,0.03813354671001434
train,1983-01,1983-02,-0.014794610440731049,0.015674658119678497,-0.001916565466672182,-0.011360995471477509,-0.010827945545315742,-0.02059026248753071,0.006690163165330887,-0.013588657602667809
train,1983-02,1983-03,-0.0072395335882902145,0.008360952138900757,0.0060784704983234406,-0.0006004449678584933,-0.0165580902248621,-0.0020670141093432903,0.006223038304597139,-0.018653053790330887
train,1983-03,1983-04,-0.0002706187078729272,0.011907807551324368,-0.008828537538647652,-0.0038881907239556313,-0.0002898253151215613,-0.0030117749702185392,0.00736404862254858,0.0065084537491202354
train,1983-04,1983-05,0.021271370351314545,0.034119561314582825,-0.010211082175374031,0.01213735993951559,-0.015557105652987957,0.005695968866348267,-0.017241589725017548,0.026561638340353966
train,1983-05,1983-06,-0.0026162010617554188,0.019960397854447365,-0.0054117413237690926,-0.0008062769193202257,-0.006651996169239283,-0.0068227979354560375,-0.0014315822627395391,0.007393466308712959
train,1983-06,1983-07,0.0028265821747481823,-0.005478300154209137,0.008872028440237045,-0.0012668396811932325,-0.0059526292607188225,-0.0014266606885939837,0.009542347863316536,-0.018154935911297798
train,1983-07,1983-08,-0.0019935667514801025,-0.018016766756772995,0.01447163987904787,0.0031607020646333694,0.006471703760325909,0.009668124839663506,0.008162936195731163,-0.02549232542514801
train,1983-08,1983-09,-0.007888264022767544,-0.019285887479782104,0.005901368334889412,-0.0032652791123837233,0.012040974572300911,6.50659785605967e-05,0.02170611545443535,-0.021052232012152672
train,1983-09,1983-10,-0.0068984911777079105,-0.018155483528971672,0.011400079354643822,-0.002558763138949871,0.004449216648936272,-0.007171386852860451,0.015889696776866913,-0.03300890699028969
train,1983-10,1983-11,-0.014245368540287018,-0.008326628245413303,0.007211092859506607,-0.001025645062327385,0.01002904400229454,0.00522916205227375,0.006336613558232784,-0.005883936304599047
train,1983-11,1983-12,-0.005838323850184679,-0.0067845359444618225,-0.0007598026422783732,-0.0025759628042578697,0.0066544776782393456,-0.006131861358880997,0.013895050622522831,-0.015319486148655415
train,1983-12,1984-01,0.010315543971955776,0.006822623312473297,0.004618432372808456,0.007706375792622566,-0.01974925771355629,0.005434875376522541,-0.0027018561959266663,-0.014427500776946545
train,1984-01,1984-02,-0.003279031254351139,-0.0067261820659041405,0.0026706219650804996,0.002822941169142723,0.0015917515847831964,-1.574744237586856e-05,0.009130153805017471,-0.015094039961695671
train,1984-02,1984-03,-0.009312637150287628,0.001995890401303768,0.002831568941473961,0.008216364309191704,-0.00031200109515339136,0.002571545075625181,0.007608461193740368,-0.012085218913853168
train,1984-03,1984-04,-0.010525913909077644,-0.006408742628991604,-0.00025307375472038984,-0.003003976307809353,0.009719319641590118,-0.0036369545850902796,0.015635984018445015,-0.014778416603803635
train,1984-04,1984-05,-0.005661685019731522,-0.0016340252477675676,0.007755279541015625,-0.002160727046430111,-0.0024042846634984016,-0.0010958100901916623,0.01849653758108616,-0.02400459162890911
train,1984-05,1984-06,-0.014494352042675018,-0.0008329999400302768,0.003891305299475789,-0.0014831229345872998,0.015318254008889198,-0.0017948539461940527,0.007562798913568258,-0.005761692300438881
train,1984-06,1984-07,-0.008875025436282158,-0.019923143088817596,0.004688745830208063,-0.00884955283254385,0.00014830516010988504,-0.005260827951133251,0.023002594709396362,-0.027073942124843597
train,1984-07,1984-08,-0.010996771976351738,-0.004031378775835037,0.006529562175273895,0.006087801419198513,0.02915637567639351,0.01555885374546051,-0.003101153764873743,0.009675330482423306
train,1984-08,1984-09,-0.007074740249663591,-0.010135959833860397,-0.004409224726259708,-0.004615066107362509,-0.0062663317658007145,-0.00735442154109478,0.011987389996647835,-0.016801826655864716
train,1984-09,1984-10,-0.010114206001162529,-0.022612128406763077,-0.0019109388813376427,-0.012097536586225033,0.007830372080206871,-0.006972020026296377,0.02544085495173931,-0.014875022694468498
train,1984-10,1984-11,-0.01225696038454771,-0.01729758456349373,-0.0037529668770730495,-0.01283443532884121,0.00717349536716938,-0.0106939896941185,0.023253383114933968,-0.020237956196069717
train,1984-11,1984-12,-0.008275633677840233,-0.010243126191198826,0.0043067908845841885,-0.0035275614354759455,0.007544824853539467,0.004001006484031677,0.006357309874147177,-0.010403190739452839
train,1984-12,1985-01,0.010921753942966461,0.019219722598791122,-0.013099214062094688,0.004655017517507076,0.008019264787435532,0.011676413007080555,-0.011353230103850365,0.040881574153900146
train,1985-01,1985-02,0.009912107139825821,0.024440789595246315,-0.0037701171822845936,-0.00502827949821949,-0.014573277905583382,-0.0011904608691111207,-0.00030916882678866386,0.011317238211631775
train,1985-02,1985-03,-0.004328319802880287,-0.004573500715196133,0.0012214095331728458,-0.002802995964884758,-0.01100183092057705,-0.001143482862971723,0.014888006262481213,-0.013591230846941471
train,1985-03,1985-04,-0.0031886668875813484,-0.012035433202981949,-0.003393935039639473,-0.006073193624615669,-0.003583974204957485,-0.006297684274613857,0.013056889176368713,-0.013152198866009712
train,1985-04,1985-05,-0.013408336788415909,-0.012114787474274635,0.00421805027872324,-0.000823535374365747,0.014223859645426273,0.004052103962749243,0.013865461573004723,-0.010843894444406033
train,1985-05,1985-06,-0.00943868886679411,-0.014800991863012314,-0.0009781665867194533,-0.007572026923298836,0.00832393392920494,-0.002827961463481188,0.016216497868299484,-0.007726550567895174
train,1985-06,1985-07,0.0022414932027459145,0.004208286292850971,-0.006012633442878723,0.0010634014615789056,0.0009631082648411393,-0.0021296453196555376,0.0023438348434865475,5.557917756959796e-05
train,1985-07,1985-08,-0.002646565902978182,-0.0022677374072372913,-0.005289914086461067,-0.0064203133806586266,-0.004817579872906208,-0.008021092042326927,0.008360515348613262,-0.0056542386300861835
train,1985-08,1985-09,-0.006877518724650145,-0.007937213405966759,0.00504578510299325,-0.0010854328284040093,-0.004152663983404636,-0.0046422239392995834,0.016529861837625504,-0.025063011795282364
train,1985-09,1985-10,-0.017019549384713173,-0.01826673001050949,0.0009379233233630657,-0.0006283650291152298,0.011373413726687431,5.407945718616247e-05,0.012691378593444824,-0.01087752915918827
train,1985-10,1985-11,-0.007919986732304096,-0.006050783209502697,0.0006674362812191248,-0.001590000232681632,0.012157143093645573,0.003248014487326145,0.004680168349295855,-0.004464063327759504
train,1985-11,1985-12,-0.002346065826714039,-0.0054474943317472935,-0.008891502395272255,-0.006788705475628376,0.011274110525846481,-0.004017372615635395,0.015402676537632942,0.0003462681779637933
train,1985-12,1986-01,0.009348430670797825,0.020642323419451714,-0.013161474838852882,-0.00906948558986187,-0.018111905083060265,-0.008390436880290508,-0.00508899288251996,0.011732706800103188
train,1986-01,1986-02,-0.009241169318556786,0.0010433972347527742,-0.0032374775037169456,-0.006919302977621555,0.003504048101603985,-0.003879856551066041,0.00358019070699811,-0.00045498739928007126
train,1986-02,1986-03,-0.005504230037331581,0.005225686356425285,-0.0040453351102769375,0.0037417756393551826,-0.00537556316703558,-0.00023683218751102686,0.0016394357662647963,-0.00399996992200613
train,1986-03,1986-04,0.004983741790056229,0.009929109364748001,-0.009846968576312065,-0.0045387945137917995,-0.0023096101358532906,-0.004060421604663134,0.010917591862380505,0.00930711254477501
train,1986-04,1986-05,-0.008168156258761883,-0.00053205038420856,-0.0013736840337514877,-0.003717309795320034,0.005365215241909027,-0.0007255261880345643,0.009638131596148014,-0.003517834236845374
train,1986-05,1986-06,-0.00624006288126111,-0.001600384246557951,0.00011372828157618642,-0.010042848996818066,-0.012437619268894196,-0.004640987608581781,0.015528145246207714,-0.012412822805345058
train,1986-06,1986-07,0.0034006142523139715,-0.009479369036853313,0.0037266872823238373,-0.004583360627293587,-0.011191454716026783,-0.003988346550613642,0.01548672839999199,-0.02112622931599617
train,1986-07,1986-08,-0.011395497247576714,-0.01719876006245613,0.010157089680433273,0.0075060054659843445,0.014155667275190353,0.017101656645536423,0.001543025835417211,-0.014323372393846512
train,1986-08,1986-09,0.0011104588629677892,-0.0024705419782549143,0.009272456169128418,0.0032811807468533516,-0.007540376856923103,-0.0011706086806952953,0.0006899167783558369,-0.017958488315343857
train,1986-09,1986-10,-0.013531441800296307,-0.005578305572271347,-0.00022825755877420306,-0.0021613887511193752,0.017299899831414223,0.0023608929477632046,0.005438659340143204,-0.0033541624434292316
train,1986-10,1986-11,-0.007796516176313162,-0.00015571247786283493,0.0029408601112663746,-0.0010461009806022048,0.009233633056282997,-0.0019830220844596624,0.0043626027181744576,-0.010028532706201077
train,1986-11,1986-12,-0.0036515360698103905,-0.007191444747149944,0.004627057816833258,0.0015743414405733347,0.0039682830683887005,0.004557529464364052,0.008071176707744598,-0.014928566291928291
train,1986-12,1987-01,0.0006098732119426131,0.004256908781826496,0.00018959492444992065,0.002494536340236664,0.0028767811600118876,0.004322807304561138,-0.01349819079041481,0.005468565504997969
train,1987-01,1987-02,-0.003686764743179083,0.023666957393288612,-0.0032794568687677383,0.003066711826249957,-0.0006366862216964364,0.005493407137691975,-0.004345838911831379,0.01358538493514061
train,1987-02,1987-03,0.001577504095621407,0.0153728686273098,0.004164785146713257,0.0027893846854567528,-0.011806330643594265,-0.0009846813045442104,-0.004190374165773392,-0.0024200021289288998
train,1987-03,1987-04,-0.001812154776416719,0.01539920549839735,-0.0029381527565419674,0.006233553867787123,-0.004169140476733446,-0.0022437642328441143,0.0018588502425700426,-0.001005801372230053
train,1987-04,1987-05,-0.0068170190788805485,0.013227859511971474,0.008759090676903725,0.013318132609128952,-0.0009785168804228306,0.00851035863161087,0.0016642845002934337,-0.008145471103489399
train,1987-05,1987-06,-0.006575834006071091,-0.007162926252931356,0.012340321205556393,0.0029978102538734674,0.002102344064041972,0.006785059813410044,0.005607994273304939,-0.016258038580417633
train,1987-06,1987-07,-0.00979684293270111,0.009169844910502434,0.011393059976398945,0.012002496048808098,-0.0034950096160173416,0.004551835358142853,-0.0022655297070741653,-0.015287049114704132
train,1987-07,1987-08,-0.003231522161513567,-0.007653527893126011,0.0013732215156778693,-0.0021180808544158936,0.011711128056049347,0.005449960008263588,0.00962964165955782,-0.006066271103918552
train,1987-08,1987-09,-0.005232778377830982,0.009822802618145943,0.00297814654186368,0.0038015060126781464,-0.004796379711478949,-0.0006145883817225695,0.005256196483969688,-0.008992854505777359
train,1987-09,1987-10,0.012896331958472729,-0.022604506462812424,0.003180710133165121,-0.01612904667854309,-0.007716084830462933,-0.012228948995471,0.01954026333987713,-0.037837013602256775
train,1987-10,1987-11,-0.0002910068433266133,-0.0034175405744463205,0.00015384808648377657,-0.00210749008692801,-0.0007617406081408262,-0.008892359212040901,0.013375579379498959,-0.019999105483293533
train,1987-11,1987-12,-0.03209671005606651,-0.007196608930826187,0.00515586044639349,0.004189612343907356,0.03619422763586044,0.008623821660876274,0.009757006540894508,0.006823983509093523
train,1987-12,1988-01,0.016461776569485664,0.012028612196445465,-0.0038703763857483864,0.001938396948389709,-0.022022314369678497,0.004107589367777109,-0.022306833416223526,0.013290156610310078
train,1988-01,1988-02,-0.0028504221700131893,-0.0010376132559031248,0.0075524370186030865,0.0025159320794045925,0.01308854017406702,0.00804792158305645,-0.007753063924610615,-0.0015190595295280218
train,1988-02,1988-03,0.00789736770093441,0.012020884081721306,0.0012611581478267908,0.001907744794152677,-0.013233148492872715,0.0030652752611786127,0.0024688306730240583,-0.0031059826724231243
train,1988-03,1988-04,-0.005092698615044355,0.009364922530949116,-0.0018943310715258121,-0.0001027965045068413,-0.002678763587027788,-0.0017266172217205167,-0.0018225631210952997,-0.0045212204568088055
train,1988-04,1988-05,-0.002031471813097596,-0.00359300896525383,0.002106822095811367,-0.004390005022287369,-0.002218689303845167,-0.003568134969100356,0.006661406252533197,-0.013817476108670235
train,1988-05,1988-06,-0.007621915079653263,-0.006920387968420982,-0.002855336293578148,0.002183592412620783,0.0215041134506464,0.003527805907651782,0.0012289456790313125,0.0025609128642827272
train,1988-06,1988-07,0.0086791031062603,0.000533111859112978,-0.004856712184846401,-0.004821428097784519,-0.010996375232934952,-0.006321955006569624,-0.0017213902901858091,0.0008025764836929739
train,1988-07,1988-08,0.0031673358753323555,-0.0028086411766707897,0.00021749973529949784,-0.005986813455820084,-0.007465459406375885,-0.0038891735021024942,0.007795944809913635,-0.009975384920835495
train,1988-08,1988-09,-0.010161947458982468,0.000906850618775934,0.003613743931055069,-0.0022045141085982323,0.008103026077151299,0.0002076559467241168,0.006032133009284735,-0.0025691811461001635
train,1988-09,1988-10,-0.006486963946372271,-0.011359414085745811,0.0025506929960101843,-0.005509399808943272,0.005228832364082336,-0.0045013995841145515,0.008347507566213608,-0.016874631866812706
train,1988-10,1988-11,-0.0007741291774436831,-0.01107835117727518,0.0009024570463225245,-0.003347733523696661,-0.0005363465752452612,-0.00022002920741215348,0.01054312102496624,-0.009622043929994106
train,1988-11,1988-12,-0.012569260783493519,0.005881601944565773,0.003398367203772068,0.0069257342256605625,0.01108153909444809,0.010798484086990356,0.007671793922781944,-0.0030387616716325283
train,1988-12,1989-01,0.00042645499343052506,0.021132247522473335,0.007687831297516823,0.009903980419039726,-0.015024041756987572,0.012288377620279789,-0.014531342312693596,0.004390266258269548
train,1989-01,1989-02,-0.002772067440673709,0.005115216132253408,0.0004491653526201844,-0.0001815615687519312,0.0036922767758369446,0.005251026712357998,0.009981095790863037,-0.0008808879647403955
train,1989-02,1989-03,-0.006478059571236372,-0.0010905081871896982,0.0033291513100266457,0.0036102316807955503,0.0027104737237095833,0.0025081131607294083,0.007952741347253323,-0.012044364586472511
train,1989-03,1989-04,-0.015601084567606449,0.001968758413568139,0.0029618132393807173,0.002334913006052375,0.010983221232891083,0.006160731893032789,0.011209492571651936,-0.006051943637430668
train,1989-04,1989-05,-0.00956958718597889,0.0006963427294977009,0.003052136395126581,0.007526626344770193,0.008549614809453487,0.00864257663488388,0.00750379916280508,-0.008223675191402435
train,1989-05,1989-06,0.006124221719801426,-0.0063894158229231834,-0.0002632837276905775,-0.005174560472369194,-0.011066613718867302,-0.0017065105494111776,0.006295834202319384,-0.011205997318029404
train,1989-06,1989-07,-0.014444476924836636,-0.010036911815404892,-0.0021282380912452936,-0.0021313729230314493,0.017661068588495255,-0.0022063804790377617,0.012180701829493046,-0.007529061287641525
train,1989-07,1989-08,-0.004465070087462664,-0.004397089593112469,-0.005702614318579435,-0.005298735573887825,0.01023466419428587,-0.0033344640396535397,0.00316872401162982,-0.0015434344531968236
train,1989-08,1989-09,-0.0016019255854189396,0.00685458816587925,-0.0017763494979590178,0.0008211374515667558,0.0028106390964239836,0.005760783329606056,0.009351023472845554,0.005227194167673588
train,1989-09,1989-10,0.00010841735638678074,-0.001319168251939118,0.003795008175075054,0.004725994076579809,2.35589686781168e-06,0.007055710535496473,0.021168256178498268,-0.0027157780714333057
train,1989-10,1989-11,3.3671967685222626e-05,-0.012418614700436592,0.00022633501794189215,0.001394325285218656,0.009893041104078293,0.0025463178753852844,0.01350952684879303,-0.008242988027632236
train,1989-11,1989-12,-0.011857647448778152,-0.0045083994045853615,0.007198850624263287,0.0014998153783380985,0.02004801295697689,0.007518935948610306,0.01781580224633217,-0.00983895268291235
train,1989-12,1990-01,0.015688223764300346,0.023710215464234352,-0.0014177791308611631,0.007994039915502071,-0.02757876180112362,-0.002964841667562723,-0.007055027410387993,-0.007285076193511486
train,1990-01,1990-02,-0.00461039412766695,0.011152347549796104,-0.0007084181997925043,0.0035361233167350292,0.0037487552035599947,0.003624200588092208,-0.0004741263692267239,-0.0014355992898344994
train,1990-02,1990-03,-0.006589154247194529,0.010845658369362354,0.006165327038615942,0.005777894519269466,0.011513987556099892,0.01037591602653265,0.0028216245118528605,0.0008291928097605705
train,1990-03,1990-04,0.003659411333501339,0.010080095380544662,0.0011814647587016225,0.0022619713563472033,-0.006197082810103893,-0.0006951044779270887,0.00741765508428216,0.0012685877736657858
train,1990-04,1990-05,-0.017032159492373466,0.0011014773044735193,0.0030239091720432043,0.006021360866725445,0.026967128738760948,0.011586899869143963,0.00657386239618063,0.008568662218749523
train,1990-05,1990-06,-0.004647525958716869,0.01592012494802475,-0.0035990658216178417,0.00561398733407259,-0.00232365052215755,0.0034917788580060005,0.008752385154366493,0.004404450301080942
train,1990-06,1990-07,0.0009775171056389809,0.007939825765788555,0.0037635164335370064,0.0005496646044775844,-0.010039475746452808,0.0029230176005512476,0.009461591020226479,-0.01320858858525753
train,1990-07,1990-08,0.0017032144824042916,0.0013906710082665086,0.0013316445983946323,-0.0009972365805879235,-0.019048456102609634,-0.0009073079563677311,0.0209250096231699,-0.02708192728459835
train,1990-08,1990-09,0.0017049978487193584,0.005443487782031298,0.000754491426050663,0.0005066713783890009,-0.010549966245889664,-0.0018932681996375322,0.014195010997354984,-0.016144728288054466
train,1990-09,1990-10,-0.009413229301571846,-0.004528416786342859,0.0037563133519142866,0.0030436571687459946,0.008531992323696613,0.001620736438781023,0.015176141634583473,-0.009050159715116024
train,1990-10,1990-11,-0.013912221416831017,-0.02227308228611946,0.013990371488034725,0.006463176570832729,0.03419174253940582,0.027016792446374893,0.009564992040395737,0.004640631377696991
train,1990-11,1990-12,-0.024416984990239143,-0.014477308839559555,0.0029638397973030806,0.00021521843154914677,0.03487921878695488,0.003860908793285489,0.024376895278692245,-0.012346794828772545
train,1990-12,1991-01,-0.008684461005032063,0.03308751806616783,0.007591404020786285,0.011183222755789757,0.005758513696491718,0.02030358463525772,-0.025271998718380928,0.024788690730929375
train,1991-01,1991-02,0.0061001041904091835,0.03192513808608055,0.004331415519118309,0.005416395142674446,-0.022438593208789825,0.01881543919444084,-0.03373556584119797,0.03429026156663895
train,1991-02,1991-03,-0.003037838963791728,0.03523273020982742,-0.00021266937255859375,-0.00726277707144618,-0.010414225049316883,-0.0005198096623644233,-0.005455079488456249,0.013004840351641178
train,1991-03,1991-04,0.0017501669935882092,0.014320557937026024,0.0003382675349712372,-0.0047923363745212555,-0.011333211325109005,0.0012103348271921277,0.004824266768991947,0.0010938933119177818
train,1991-04,1991-05,-0.013279998674988747,0.004325916990637779,-0.002253545681014657,-0.004325161688029766,0.008094098418951035,-0.003291421104222536,0.006898296065628529,-0.007014920935034752
train,1991-05,1991-06,0.003553111106157303,-0.002184669952839613,0.00979316420853138,-0.0014316602610051632,-0.012143069878220558,-0.0036233696155250072,0.003229782683774829,-0.013467719778418541
train,1991-06,1991-07,-0.006630226969718933,0.0032766959629952908,-0.002160042989999056,-0.0006315860664471984,0.004993258975446224,-0.0005138017004355788,0.003837552387267351,-0.004006397444754839
train,1991-07,1991-08,-0.007315622642636299,0.008068886585533619,-0.0015853631775826216,0.004768977873027325,-0.0007591841276735067,0.008824077434837818,0.00042387726716697216,-0.0005392294842749834
train,1991-08,1991-09,-0.00118264090269804,0.011043891310691833,-0.005160798318684101,0.0016979341162368655,-0.006293743848800659,-0.00028232636395841837,0.0015327711589634418,0.009061560966074467
train,1991-09,1991-10,-0.008476010523736477,0.008520033210515976,-0.00756878312677145,-0.003699209541082382,0.0024820887483656406,-0.004041931591928005,0.003399322275072336,0.007590513676404953
train,1991-10,1991-11,-0.00043217127677053213,0.009947426617145538,-0.00028899754397571087,-0.0010254618246108294,-0.007842421531677246,-0.005683804862201214,0.014370037242770195,-0.0008467098814435303
train,1991-11,1991-12,-0.027591504156589508,-0.01788785494863987,-0.0076284585520625114,-0.0005325787933543324,0.04388199374079704,0.004285993054509163,0.012109597213566303,0.004659525118768215
train,1991-12,1992-01,0.023814383894205093,0.09814998507499695,-0.00906969141215086,0.013453209772706032,-0.07257705181837082,0.01364513672888279,-0.048746831715106964,0.04773744195699692
train,1992-01,1992-02,0.0063579087145626545,0.02474280446767807,0.0003772773779928684,0.0018165959045290947,-0.01636413484811783,0.004308937583118677,-0.0010171984322369099,-0.002731130924075842
train,1992-02,1992-03,0.0026585725136101246,0.008390715345740318,0.010329112410545349,0.003356245346367359,-0.020668484270572662,-0.0011292645940557122,0.010119442827999592,-0.02295098267495632
train,1992-03,1992-04,0.007472542580217123,-0.015215854160487652,0.008875472471117973,-0.002520553069189191,0.0011620442382991314,0.00221705948933959,0.010945681482553482,-0.02997473068535328
train,1992-04,1992-05,-0.0003958581364713609,-0.0028502880595624447,0.005213689059019089,0.005227181129157543,-0.0010291466023772955,0.005945791956037283,0.003547349711880088,-0.010778194293379784
train,1992-05,1992-06,0.0016379429725930095,-0.00715410802513361,-0.0014020645758137107,-0.002028100658208132,-0.003652467392385006,-0.006759437266737223,0.006043130531907082,-0.014581472612917423
train,1992-06,1992-07,0.0023491294123232365,-0.013978477567434311,-0.004482758231461048,-0.009207556024193764,0.004247802309691906,-0.007024609949439764,0.00156016752589494,-0.00799704622477293
train,1992-07,1992-08,0.0075552212074398994,-0.010331721976399422,0.005148245487362146,-0.008296855725347996,0.002258619759231806,-0.0061881765723228455,0.006814164575189352,-0.012167504988610744
train,1992-08,1992-09,-0.0069905794225633144,-0.003202683525159955,0.0018105718772858381,-0.004382001236081123,0.006170084234327078,-0.0021266473922878504,0.0038694932591170073,-0.0029194129165261984
train,1992-09,1992-10,-0.008721446618437767,0.001023491844534874,-0.002542126690968871,-0.005162803456187248,0.008577059023082256,0.0005147892516106367,0.0034601371735334396,0.001578895840793848
train,1992-10,1992-11,-0.0063596186228096485,0.011985382065176964,-0.012926272116601467,-0.004068916197866201,0.006759404670447111,0.001426589791662991,0.0006475870031863451,0.01962853968143463
train,1992-11,1992-12,-0.0012160571059212089,0.004367019981145859,-0.008068235591053963,-0.00855303555727005,-0.0016280675772577524,-0.005994951352477074,0.0005424843984656036,-0.0025599468499422073
train,1992-12,1993-01,0.009650487452745438,0.03808151185512543,-0.006133651826530695,-0.0013220838736742735,-0.032902318984270096,0.0015621832571923733,-0.00899420864880085,0.005128000862896442
train,1993-01,1993-02,0.005457052029669285,-0.0017045732820406556,0.010445683263242245,0.002411720808595419,-0.014758856035768986,-0.0003087025252170861,-0.0008264785865321755,-0.03425116837024689
train,1993-02,1993-03,0.002241773996502161,0.0016589537262916565,-0.005341378040611744,-0.007319371681660414,-0.0006662525702267885,-0.00727245956659317,0.00027908477932214737,-0.004872066900134087
train,1993-03,1993-04,0.0026594074442982674,0.013959238305687904,-0.00028147693956270814,-0.002076022559776902,-0.013932349160313606,-0.007799730636179447,0.0009741905960254371,-0.0037204697728157043
train,1993-04,1993-05,-0.011704372242093086,0.0185032170265913,0.005383139941841364,0.01303333230316639,0.007407300174236298,0.009039592929184437,-0.0038113300688564777,0.00814194604754448
train,1993-05,1993-06,-0.00716226315125823,0.015108414925634861,0.002353619784116745,0.0049436199478805065,-0.007099568843841553,0.0005349977873265743,0.0031188023276627064,-0.006878637243062258
train,1993-06,1993-07,0.0004817834706045687,0.005824756808578968,-0.007377134170383215,-0.007532602641731501,-0.00789487175643444,-0.008648877032101154,0.00493546761572361,-0.006144778802990913
train,1993-07,1993-08,0.0003083984483964741,-0.0010283798910677433,-0.005357597954571247,0.004153016023337841,-0.0010340723674744368,-0.001745395129546523,0.0005113927181810141,0.0038223746232688427
train,1993-08,1993-09,0.0011149141937494278,0.008617112413048744,-0.009350908920168877,-0.008060886524617672,0.002086890395730734,-0.0034717004746198654,0.005562425125390291,0.008530927821993828
train,1993-09,1993-10,0.0013099017087370157,0.01978704333305359,-0.0024735538754612207,0.00651352945715189,-0.005499267019331455,0.0038674897514283657,-0.0012706902343779802,0.010410258546471596
train,1993-10,1993-11,0.0016218223609030247,0.005937809124588966,0.006732349283993244,0.0009705234551802278,-0.00019308511400595307,-0.002841538516804576,0.0010114950127899647,-0.015022575855255127
train,1993-11,1993-12,-0.007211252115666866,-0.013234325684607029,0.0021822694689035416,-0.006572887301445007,0.018322860822081566,0.0027296298649162054,0.015721622854471207,-0.01001932006329298
train,1993-12,1994-01,0.0050068506971001625,0.018760545179247856,-0.0028858452569693327,0.0068138837814331055,-0.011474662460386753,0.003577437251806259,-0.006889982149004936,0.004375196062028408
train,1994-01,1994-02,0.0015774983912706375,0.00875093974173069,-0.0008474462665617466,-0.0006421008729375899,0.0028536892496049404,-0.004334235098212957,0.006407679989933968,-0.006982866209000349
train,1994-02,1994-03,0.004424505401402712,0.004978531505912542,-0.0011877233628183603,-0.0023087235167622566,-0.0072679780423641205,-0.0036447630263864994,0.0052430033683776855,-0.00591155793517828
train,1994-03,1994-04,-0.008731131441891193,-0.009542759507894516,0.001097456319257617,-0.0033484287559986115,0.012079503387212753,-0.0016698935069143772,0.01217144075781107,-0.02162572555243969
train,1994-04,1994-05,0.002371346578001976,-0.0016903473297134042,0.0013315691612660885,-0.0026418305933475494,-0.004070976283401251,0.001844935817644,0.00754969147965312,-0.008613747544586658
train,1994-05,1994-06,0.012167162261903286,-0.012791596353054047,-0.0034256225917488337,-0.010824182070791721,-0.003581786761060357,-0.011919916607439518,0.007637932430952787,-0.016364479437470436
train,1994-06,1994-07,-0.005472077988088131,-0.004637468606233597,-0.001369931036606431,-0.00022491678828373551,0.0067553143016994,-0.001528657739982009,0.002214227570220828,-0.005134241189807653
train,1994-07,1994-08,-0.009688448160886765,0.005874617490917444,-0.0019460545154288411,0.0030597317963838577,0.00920928455889225,0.005629413761198521,0.003438780549913645,-0.0004981410456821322
train,1994-08,1994-09,-0.00034244003472849727,0.014483913779258728,-0.0053544314578175545,-0.0023610424250364304,0.0003517736913636327,-0.005774385761469603,0.009077345952391624,0.003661921713501215
train,1994-09,1994-10,-0.007741028442978859,0.010753285139799118,-0.005091821774840355,-0.004641975276172161,0.01071675680577755,-0.009807510301470757,0.006187759339809418,-0.003066880162805319
train,1994-10,1994-11,-0.009836606681346893,0.007727499585598707,0.0024705498944967985,0.0055795880034565926,0.00935637578368187,0.000989078893326223,0.009425959549844265,-0.009237916208803654
train,1994-11,1994-12,-0.01696380041539669,-0.010412710718810558,-0.001243890612386167,-0.007993217557668686,0.013897845521569252,-0.008094625547528267,0.01443497370928526,-0.018083980306982994
train,1994-12,1995-01,0.0011227058712393045,0.02113831788301468,0.0029836667235940695,0.0046456800773739815,-0.015736110508441925,0.010257507674396038,-0.003916860092431307,0.00694273179396987
train,1995-01,1995-02,-0.009190606884658337,-0.0011388142593204975,0.0010504876263439655,0.003346447367221117,0.00662726815789938,0.011323913931846619,0.007556650787591934,-0.004904785193502903
train,1995-02,1995-03,-0.005515236873179674,0.0037185223773121834,-0.0035055794287472963,-0.0016341304872184992,0.00308120995759964,-0.0016351783415302634,0.006980881094932556,0.0014774558367207646
train,1995-03,1995-04,-0.0013404454803094268,0.01054718904197216,-0.006562058348208666,-0.0008593059610575438,0.000766139361076057,-0.00156106473878026,0.003430834272876382,0.0010279476409778
train,1995-04,1995-05,-0.007058825343847275,0.006804254837334156,-0.003972719889134169,0.010015537962317467,0.00014332546561490744,0.011020018719136715,0.013046937994658947,-0.002559155225753784
train,1995-05,1995-06,-0.012226258404552937,0.022478101775050163,-0.012228604406118393,0.006876538507640362,0.0026363926008343697,0.003676916705444455,0.004236144945025444,0.02105594426393509
train,1995-06,1995-07,-0.00438893074169755,0.017164835706353188,-0.014612357132136822,0.0015196413733065128,-0.001222279854118824,-6.134365685284138e-05,0.0007726947078481317,0.016126910224556923
train,1995-07,1995-08,-0.005807947833091021,0.014943208545446396,-0.009108141995966434,0.008822293020784855,-0.005298702046275139,0.008084487169981003,0.010510995984077454,0.0046591185964643955
train,1995-08,1995-09,-0.007010795176029205,0.013531561940908432,-0.0012373254867270589,0.008510262705385685,-0.006483262404799461,0.006918319500982761,0.004329189192503691,0.004806808196008205
train,1995-09,1995-10,0.003897270653396845,-0.009244972839951515,-0.0017552331555634737,-0.009971296414732933,0.00703042559325695,0.0007556185591965914,0.021438369527459145,-0.012351853772997856
train,1995-10,1995-11,-0.006437371950596571,-0.016657385975122452,-0.006900768261402845,-0.011890847235918045,0.023604445159435272,-0.004874949809163809,0.01163659431040287,-0.005679931025952101
train,1995-11,1995-12,-0.007159983739256859,-0.00032303022453561425,-0.006393745541572571,0.0022275657393038273,0.006743287667632103,0.004400065168738365,0.013331633061170578,-0.004158451221883297
train,1995-12,1996-01,0.003248631488531828,0.028309423476457596,0.0009048032807186246,0.013611306436359882,-0.029298625886440277,0.009530344046652317,-0.007979210466146469,0.0028634010814130306
train,1996-01,1996-02,-0.010192887857556343,0.018322955816984177,-0.0017086807638406754,0.004677023272961378,-0.0073646181263029575,0.0006497538415715098,0.00014812900917604566,0.008494642563164234
train,1996-02,1996-03,-0.0008577984990552068,0.0051322029903531075,0.003982516471296549,-0.0038042725063860416,0.0034539196640253067,-0.006346922367811203,-0.00361028965562582,-0.0015588346868753433
train,1996-03,1996-04,-0.009963052347302437,0.022916624322533607,-0.012165969237685204,-0.0011799638159573078,0.002645531203597784,-0.00025237048976123333,-0.006539706606417894,0.021977873519062996
train,1996-04,1996-05,0.00033831410109996796,0.03565666079521179,-0.004537813365459442,0.006355898920446634,-0.016249511390924454,-0.0002326230751350522,-0.01389308925718069,0.021170690655708313
train,1996-05,1996-06,0.007639894727617502,-0.014970552176237106,0.01086559146642685,-0.00746355764567852,-0.0012687747366726398,-0.002062728628516197,0.012461470440030098,-0.02561337500810623
train,1996-06,1996-07,0.009110802784562111,-0.021310679614543915,0.025200314819812775,-0.0028412574902176857,0.0006969776004552841,0.01314225047826767,0.020986810326576233,-0.04200463369488716
train,1996-07,1996-08,-0.008127142675220966,-0.0004080776998307556,-0.005546762607991695,-0.0033084945753216743,0.009441561996936798,0.00042226904770359397,0.0016552968882024288,0.006657261401414871
train,1996-08,1996-09,-0.0062543125823140144,-0.005489587318152189,-0.0025597806088626385,-0.0049597518518567085,0.011859383434057236,0.00478562293574214,0.004891020245850086,0.003013471607118845
train,1996-09,1996-10,-0.0031359107233583927,-0.01975008100271225,0.014252054505050182,-0.0029546385630965233,0.00861161295324564,0.004161345772445202,0.02333221398293972,-0.037761930376291275
train,1996-10,1996-11,-0.010334154590964317,-0.00788427609950304,0.010691237635910511,0.0033187796361744404,0.014211509376764297,0.008506562560796738,0.009354940615594387,-0.020003395155072212
train,1996-11,1996-12,-0.00023892358876764774,-0.014517555013298988,-0.0026806360110640526,-0.009473811835050583,0.017855633050203323,-0.006019373890012503,0.015262235887348652,-0.014033544808626175
train,1996-12,1997-01,0.0029347927775233984,0.028036370873451233,0.0006501779425889254,0.010711770504713058,-0.024981213733553886,0.010835221968591213,-0.01339044515043497,0.01946166530251503
train,1997-01,1997-02,0.003885996527969837,-0.011131787672638893,0.009466119110584259,-0.00044772063847631216,-0.010267531499266624,-0.004558373708277941,0.00827799178659916,-0.030469313263893127
train,1997-02,1997-03,0.0014940412947908044,-0.011664381250739098,0.016277598217129707,-0.0032917894423007965,-0.005976956337690353,-0.003835032694041729,0.013792512938380241,-0.03678007796406746
train,1997-03,1997-04,-0.008960051462054253,-0.015617545694112778,0.010998575948178768,-0.003253660863265395,0.016869548708200455,0.0017764136428013444,0.014173259027302265,-0.02106703817844391
train,1997-04,1997-05,-0.011448866687715054,-0.003647769568488002,-0.0006647591944783926,0.0031379577703773975,0.021633142605423927,0.019872475415468216,0.000810363213531673,0.015204272232949734
train,1997-05,1997-06,-0.0009762241970747709,-0.006144993007183075,-0.003599860705435276,-0.01121560763567686,0.0017543850699439645,-0.00805358774960041,0.0035464665852487087,-0.010883674025535583
train,1997-06,1997-07,-0.008090684190392494,-0.01099290233105421,0.0033542849123477936,0.003957965411245823,0.01729554310441017,0.008548639714717865,0.0047313980758190155,-0.002176618203520775
train,1997-07,1997-08,0.0001704360474832356,0.01842939853668213,-0.00762861967086792,0.003752252086997032,-0.00425454368814826,0.004661167040467262,-0.00046569970436394215,0.009668095037341118
train,1997-08,1997-09,-0.001750598894432187,0.014274030923843384,-0.008957711048424244,0.008695302531123161,-0.006557208951562643,0.007524634245783091,0.004964868072420359,0.006839409004896879
train,1997-09,1997-10,0.007697831839323044,-0.00220986339263618,0.01363535039126873,0.0016943737864494324,-0.020948441699147224,0.0014441669918596745,0.0018759574741125107,-0.021197836846113205
train,1997-10,1997-11,-0.007055562920868397,-0.02069062367081642,0.010748771019279957,-0.013080638833343983,0.007945750840008259,-0.007115417160093784,0.01971316896378994,-0.032761894166469574
train,1997-11,1997-12,-0.0018491987138986588,-0.04814363643527031,0.010612312704324722,-0.018248306587338448,0.01725715398788452,-0.004824166186153889,0.028088074177503586,-0.04438957944512367
train,1997-12,1998-01,0.008553827181458473,0.021917184814810753,0.0008088047034107149,0.007237505167722702,-0.01947377808392048,0.003376923967152834,-0.01674428954720497,0.013237200677394867
train,1998-01,1998-02,-0.013533849269151688,0.000808287353720516,-0.00045148609206080437,-0.003230811096727848,0.013163214549422264,0.003455778583884239,-0.0006749572930857539,-0.00026205077301710844
train,1998-02,1998-03,-0.004501980263739824,0.004209062084555626,-0.009020744822919369,-0.002724227961152792,0.00036143173929303885,-0.006820025388151407,0.0051426333375275135,0.00521837268024683
train,1998-03,1998-04,0.0005531677743420005,0.013684717006981373,-0.0035059447400271893,-0.003467073431238532,-0.0014256396098062396,-0.0010902974754571915,0.0017830370925366879,0.006035382393747568
train,1998-04,1998-05,0.001500194426625967,-0.0003816636744886637,0.00622936338186264,-0.00037323287688195705,-0.01039162278175354,-0.007511338219046593,0.009304637089371681,-0.022066472098231316
train,1998-05,1998-06,-0.024961508810520172,-0.011438559740781784,-0.001382405636832118,-0.0029790031258016825,0.021446574479341507,-0.006876417435705662,0.018693216145038605,-0.013403933495283127
train,1998-06,1998-07,0.0010651376796886325,0.009032678790390491,-0.0045287408865988255,-0.0006153826834633946,-0.01682230457663536,-0.01016432885080576,0.008576243184506893,-0.009637714363634586
train,1998-07,1998-08,0.012352128513157368,-0.016428610309958458,0.02131270058453083,-0.009529801085591316,-0.011467993259429932,-0.012447472661733627,0.026476727798581123,-0.048788052052259445
train,1998-08,1998-09,-0.021921543404459953,-0.004674185533076525,-0.002890439238399267,0.012115763500332832,0.03326794132590294,0.01993384398519993,0.01075122319161892,0.014722838997840881
train,1998-09,1998-10,-0.006394463125616312,-0.009547576308250427,0.006985297426581383,0.0029262832831591368,0.022733008489012718,0.013386508449912071,-0.003603316843509674,0.0033645988442003727
train,1998-10,1998-11,-0.03755957633256912,0.062283020466566086,-0.0289352685213089,-0.004648155998438597,-0.004212767817080021,-0.011552922427654266,-0.014661276713013649,0.03460409864783287
train,1998-11,1998-12,-0.02490491047501564,0.001064353040419519,-0.009669401682913303,-0.011686751618981361,0.0239858478307724,-0.011443707160651684,0.006708547938615084,0.011214518919587135
train,1998-12,1999-01,-0.0011692778207361698,0.07799651473760605,-0.028622200712561607,0.023050883784890175,-0.03316457197070122,0.011462919414043427,-0.031769223511219025,0.06189461052417755
train,1999-01,1999-02,0.003306442638859153,0.004021559376269579,0.003438530256971717,-0.003911632113158703,-0.019883016124367714,-0.005509554408490658,0.009887896478176117,-0.015219854190945625
train,1999-02,1999-03,-0.009706158190965652,-0.00282958522439003,-0.014054655097424984,-0.010058959946036339,0.009667814709246159,0.0005438727675937116,-0.008945038542151451,0.014829869382083416
train,1999-03,1999-04,-0.008473279885947704,0.006308136507868767,-0.002114900154992938,0.007214048411697149,0.010600993409752846,0.0014164388412609696,-0.02835983783006668,0.004855522885918617
train,1999-04,1999-05,-0.00510015245527029,0.020552458241581917,0.011289913207292557,0.01095330435782671,0.0018347863806411624,0.01218973845243454,0.009391269646584988,-0.006662935484200716
train,1999-05,1999-06,-0.01701594889163971,0.01578393764793873,-0.012344162911176682,0.010601702146232128,0.016074299812316895,0.00264279218390584,0.005603345111012459,0.006533799692988396
train,1999-06,1999-07,-0.0030454513616859913,0.025670994073152542,-0.0024766388814896345,0.013458401896059513,-0.008938230574131012,0.008523829281330109,0.005547444336116314,0.000797744607552886
train,1999-07,1999-08,-0.006915942765772343,0.01251829881221056,-0.011525912210345268,0.004463519901037216,0.007131995167583227,-0.0002749525010585785,0.01882259175181389,-0.002111620968207717
train,1999-08,1999-09,-0.01456780917942524,0.013216404244303703,-0.020439408719539642,0.0016643181443214417,0.0048820860683918,0.00013549893628805876,0.010885318741202354,0.024369992315769196
train,1999-09,1999-10,-0.020253701135516167,0.003957559820264578,-0.023854468017816544,-0.0019349396461620927,0.010989740490913391,-0.002738300943747163,0.015153925865888596,0.01519076805561781
train,1999-10,1999-11,-0.05509813129901886,0.08356823772192001,-0.052500754594802856,0.01571996882557869,-0.015749480575323105,0.007133575156331062,-0.003851871006190777,0.08227518200874329
train,1999-11,1999-12,-0.05330835282802582,0.07814207673072815,-0.06031455099582672,0.024314559996128082,-0.00044565543066710234,0.0045960042625665665,0.013422139920294285,0.07578648626804352
validation,1999-12,2000-01,-0.024921074509620667,0.10116300731897354,-0.02577294036746025,0.053520798683166504,-0.056543491780757904,0.021108459681272507,-0.005358770955353975,0.0486149899661541
validation,2000-01,2000-02,-0.12009057402610779,0.17070364952087402,-0.10376875847578049,0.0946415513753891,-0.030030012130737305,0.011021583341062069,0.016991212964057922,0.1304481476545334
validation,2000-02,2000-03,0.007000014651566744,-0.030435942113399506,0.051281608641147614,-0.007817447185516357,0.010729268193244934,0.020336175337433815,0.007813002914190292,-0.055279579013586044
validation,2000-03,2000-04,0.03783222287893295,-0.05313638970255852,0.08301941305398941,-0.009462418034672737,0.0016541051445528865,0.034148313105106354,0.030889388173818588,-0.09792090952396393
validation,2000-04,2000-05,0.026553574949502945,-0.03346540778875351,0.04729654639959335,-0.017478331923484802,0.015743836760520935,0.010643012821674347,0.01743299327790737,-0.05773094296455383
validation,2000-05,2000-06,-0.050604745745658875,0.06499707698822021,-0.07695705443620682,0.021293021738529205,-0.017295489087700844,-0.010300891473889351,0.00120012485422194,0.07665276527404785
validation,2000-06,2000-07,0.014771806076169014,-0.026188857853412628,0.02645469270646572,-0.007221145089715719,0.01521702017635107,-0.0017749456455931067,0.012316028587520123,-0.03795873746275902
validation,2000-07,2000-08,-0.03603701665997505,0.021015118807554245,-0.011005498468875885,0.016376418992877007,0.010951291769742966,0.01593567058444023,0.01574528217315674,0.007827344350516796
validation,2000-08,2000-09,-0.004115670453757048,-0.01472049206495285,0.014683037996292114,0.0009362318087369204,0.019846489652991295,-0.014685319736599922,0.02801288291811943,-0.04965358227491379
validation,2000-09,2000-10,-0.014275781810283661,-0.02647903934121132,0.03488747775554657,-0.00804995372891426,0.034276045858860016,-0.013455072417855263,0.034285835921764374,-0.06176154315471649
validation,2000-10,2000-11,0.0006648919079452753,-0.05084884166717529,0.04786773771047592,-0.024470582604408264,0.055986229330301285,-0.046062715351581573,0.04561186581850052,-0.10737201571464539
validation,2000-11,2000-12,-0.015738343819975853,-0.05925186723470688,0.012982301414012909,-0.028499078005552292,0.058701369911432266,-0.033982083201408386,0.023582233116030693,-0.06459697335958481
validation,2000-12,2001-01,0.026106074452400208,0.12903669476509094,-0.020814253017306328,0.07308338582515717,-0.09439243376255035,0.10948023200035095,-0.09000005573034286,0.16046267747879028
validation,2001-01,2001-02,-0.004004390444606543,-0.03905948996543884,0.036550384014844894,-0.018327414989471436,0.017610611394047737,-0.04284216836094856,0.04243544489145279,-0.0985843613743782
validation,2001-02,2001-03,-0.009716575033962727,-0.02685149386525154,0.0399630069732666,-0.004502424038946629,-0.0067216684110462666,-0.006990119814872742,0.044063977897167206,-0.07830099016427994
validation,2001-03,2001-04,-0.008290441706776619,0.00918081495910883,0.0009689140715636313,0.007105004508048296,0.012710239738225937,0.025725631043314934,-0.014519790187478065,0.028635188937187195
validation,2001-04,2001-05,0.005451870150864124,0.016340624541044235,-0.011162910610437393,0.008018211461603642,-0.011991431936621666,-0.0018454999662935734,-0.003371373750269413,0.00833775196224451
validation,2001-05,2001-06,-0.008909323252737522,-0.000607771216891706,-0.0011148953344672918,-0.010587124153971672,0.014396725222468376,-0.00715692900121212,0.018671782687306404,-0.00802518054842949
validation,2001-06,2001-07,0.0003931528190150857,-0.01893574371933937,0.031177308410406113,-0.006407255306839943,-0.005667672026902437,-0.008648431859910488,0.025227565318346024,-0.05234338343143463
validation,2001-07,2001-08,0.0046005225740373135,-0.01622714288532734,0.017683571204543114,-0.018720827996730804,-0.010389947332441807,-0.024326760321855545,0.01995173469185829,-0.04416102543473244
validation,2001-08,2001-09,0.002449799794703722,-0.015288403257727623,0.010665075853466988,-0.020520564168691635,-0.014706475660204887,-0.029085321351885796,0.03888917714357376,-0.04646991565823555
validation,2001-09,2001-10,-0.01103214081376791,0.03855527937412262,-0.023469530045986176,0.031045589596033096,0.015870187431573868,0.045906249433755875,-0.018174342811107635,0.06848469376564026
validation,2001-10,2001-11,-0.016093742102384567,0.0233185812830925,-0.021509230136871338,0.01835206151008606,0.013429742306470871,0.018553171306848526,-0.014127982780337334,0.040903910994529724
validation,2001-11,2001-12,-0.0028079375624656677,0.012714140117168427,-0.01670576073229313,0.0021758046932518482,0.010624231770634651,0.0025123991072177887,-0.01035784836858511,0.027504844591021538
validation,2001-12,2002-01,-0.0038091312162578106,0.024878958240151405,0.005633182357996702,0.0037215747870504856,-0.013446830213069916,-0.006359771825373173,0.006072686985135078,-0.02036948874592781
validation,2002-01,2002-02,0.005418413318693638,-0.029920537024736404,0.033241137862205505,-0.03308975324034691,-0.007674077060073614,-0.03288990259170532,0.02265358902513981,-0.06674088537693024
validation,2002-02,2002-03,-0.004438968375325203,0.006019194610416889,0.00028214952908456326,0.003109170123934746,0.011646444909274578,0.003944587893784046,-0.011694936081767082,0.0005718896863982081
validation,2002-03,2002-04,0.012175602838397026,-0.027917109429836273,0.028055042028427124,-0.032303668558597565,-0.015364095568656921,-0.03576315566897392,0.009827387519180775,-0.059688501060009
validation,2002-04,2002-05,0.0031232917681336403,-0.00925365649163723,0.02005305513739586,-0.014211712405085564,-0.020486116409301758,-0.013221612200140953,0.010982167907059193,-0.04202442616224289
validation,2002-05,2002-06,-0.010048184543848038,-0.025581182911992073,0.013321921229362488,-0.030336368829011917,-0.008849749341607094,-0.032316453754901886,0.025579329580068588,-0.0457378551363945
validation,2002-06,2002-07,0.0036089816130697727,-0.007575498893857002,0.015080997720360756,-0.003546781139448285,-0.018418507650494576,-0.001258756616152823,0.027281492948532104,-0.02974175103008747
validation,2002-07,2002-08,0.0003079730086028576,-0.004721714649349451,0.0037432662211358547,-0.012534573674201965,0.006577424705028534,-0.0003471209201961756,0.006686089560389519,-0.008434793911874294
validation,2002-08,2002-09,0.007477953098714352,-0.029188912361860275,0.011481005698442459,-0.022555485367774963,0.00022639590315520763,-0.021490609273314476,0.0362255796790123,-0.035965174436569214
validation,2002-09,2002-10,-0.02287643402814865,0.030873596668243408,-0.01224043034017086,0.022860532626509666,0.012678464874625206,0.030305936932563782,-0.013138612732291222,0.03369498625397682
validation,2002-10,2002-11,-0.008365766145288944,0.08388791233301163,-0.019231677055358887,0.053517844527959824,-0.02172408252954483,0.06527446210384369,-0.06435997784137726,0.07644545286893845
validation,2002-11,2002-12,0.008916975930333138,-0.03954246640205383,0.024325324222445488,-0.034449782222509384,-0.0069300467148423195,-0.020650606602430344,0.03949429839849472,-0.04774848371744156
validation,2002-12,2003-01,0.0017693426925688982,0.023070143535733223,-0.017160926014184952,0.013871009461581707,-0.009844337590038776,0.015802571550011635,0.007771570235490799,0.013951079919934273
validation,2003-01,2003-02,0.0009792644996196032,-0.0003715365892276168,-0.003965286538004875,0.0036945571191608906,-0.002805420197546482,0.002560569439083338,0.014620201662182808,-0.011136995628476143
validation,2003-02,2003-03,-0.010209808126091957,0.00660084979608655,-0.005891638342291117,0.002642055507749319,0.006195235997438431,-5.4336414905264974e-05,0.00826056208461523,0.004742387682199478
validation,2003-03,2003-04,-0.014189722016453743,0.03149887174367905,-0.016265377402305603,0.03181375190615654,0.0076607405208051205,0.01951676420867443,-0.024006152525544167,0.02797311544418335
validation,2003-04,2003-05,-0.014318354427814484,0.08463287353515625,-0.05179492384195328,0.06386995315551758,0.0027357444632798433,0.03599369153380394,-0.03648868948221207,0.07511423528194427
validation,2003-05,2003-06,-0.0017980702687054873,0.03193115442991257,-0.018983349204063416,0.001485054730437696,-0.002700434997677803,-0.0035775278229266405,-0.0006879675202071667,0.02075599506497383
validation,2003-06,2003-07,-0.022201064974069595,0.04102309048175812,-0.028294507414102554,0.016498789191246033,0.0001841189805418253,-0.001231617759913206,-0.0014156606048345566,0.02549971640110016
validation,2003-07,2003-08,-0.017713656648993492,0.01920631341636181,-0.011985573917627335,0.01292234007269144,0.006154755596071482,0.0010575216729193926,-0.0016820410965010524,0.014134321361780167
validation,2003-08,2003-09,-0.008754048496484756,0.03576028347015381,-0.019947180524468422,0.017179235816001892,-0.025494445115327835,0.007752726785838604,0.0007100581424310803,0.010906219482421875
validation,2003-09,2003-10,-0.026599669829010963,0.025649547576904297,-0.0239510927349329,0.01171126402914524,0.009603280574083328,-0.005305722821503878,0.00391971692442894,0.016860809177160263
validation,2003-10,2003-11,-0.011657757684588432,0.007468668278306723,-0.0009937742725014687,0.0006482178578153253,0.0031412621028721333,-0.002239536726847291,0.004130556248128414,-0.003052210435271263
validation,2003-11,2003-12,0.019614338874816895,-0.011264201253652573,0.013216210529208183,-0.004022711887955666,-0.009032857604324818,0.0016151496674865484,-0.010020438581705093,-0.017239995300769806
validation,2003-12,2004-01,-0.03298620134592056,0.06335674226284027,-0.03510753810405731,0.028442956507205963,-0.024494130164384842,0.013061919249594212,-0.0017322039930149913,0.035507794469594955
validation,2004-01,2004-02,0.01284251268953085,-0.017196128144860268,0.009393378160893917,-0.012184318155050278,-8.343160152435303e-05,-0.012533752247691154,-0.0025874036364257336,-0.016262630000710487
validation,2004-02,2004-03,0.008322718553245068,-0.005715996026992798,0.011257929727435112,-0.0035254727117717266,-0.0058395941741764545,-0.003429544623941183,0.0015010687056928873,-0.014362478628754616
validation,2004-03,2004-04,0.029045185074210167,-0.015441435389220715,0.017091693356633186,-0.009486494585871696,-0.005397333763539791,-0.01385741587728262,-0.001214446034282446,-0.016690557822585106
validation,2004-04,2004-05,-0.012904228642582893,-0.003663226030766964,0.0015711355954408646,-0.002082818653434515,0.01310066320002079,-0.0022669013123959303,0.003977528307586908,-0.005259023979306221
validation,2004-05,2004-06,-0.004399311263114214,-0.007017470896244049,0.004508470185101032,-0.0037837817799299955,0.013326218351721764,-0.005218134727329016,-0.0014010545564815402,-0.009671669453382492
validation,2004-06,2004-07,0.03445320576429367,-0.043625347316265106,0.017236564308404922,-0.01616419292986393,0.0018545571947470307,-0.0162709578871727,0.010245172306895256,-0.03695111349225044
validation,2004-07,2004-08,0.00852786935865879,-0.011412037536501884,0.0030151652172207832,-0.003358316607773304,-0.00016758416313678026,0.0008130029309540987,0.002083531580865383,-0.014300534501671791
validation,2004-08,2004-09,-0.005767958238720894,0.0009487941861152649,-0.0026799794286489487,-0.0017172100488096476,0.005096129607409239,-0.0005102066788822412,0.002809151541441679,0.0063596260733902454
validation,2004-09,2004-10,0.005214604549109936,-0.002089167246595025,0.0014621103182435036,-0.005213415250182152,0.0028434807900339365,0.0013664794387295842,0.004304129164665937,-0.00384818809106946
validation,2004-10,2004-11,-0.008489258587360382,0.017755385488271713,3.0027469620108604e-05,0.0035078683868050575,-0.005160699598491192,0.003393142484128475,-0.014500092715024948,0.009103219956159592
validation,2004-11,2004-12,-0.003841093275696039,0.024159809574484825,0.0020815315656363964,0.006007979158312082,-0.012198979035019875,0.010188400745391846,-0.006193181965500116,0.01727871596813202
validation,2004-12,2005-01,0.010210288688540459,-0.018668854609131813,0.011029206216335297,-0.007643621414899826,-0.00688384473323822,-0.008742040954530239,0.015413720160722733,-0.025842387229204178
validation,2005-01,2005-02,-0.001917600748129189,-0.007535149343311787,0.005395499058067799,-0.009942458011209965,-0.0025066554080694914,-0.009092485532164574,0.0027989542577415705,-0.015408261679112911
validation,2005-02,2005-03,0.011059705168008804,-0.01664980687201023,0.011794377118349075,-0.015050896443426609,0.0010698045371100307,-0.015592098236083984,0.0022502748761326075,-0.02306291088461876
validation,2005-03,2005-04,0.014313077554106712,-0.019000452011823654,0.012271706014871597,-0.004165187478065491,-0.009046828374266624,0.0018737525679171085,0.0094174575060606,-0.016151774674654007
validation,2005-04,2005-05,-0.022983897477388382,0.01016436330974102,-0.006745349615812302,0.0057746428065001965,0.01830512285232544,0.004992957692593336,-0.0001635393127799034,0.009963389486074448
validation,2005-05,2005-06,-0.002966154133901,-0.0005568382330238819,-0.005645302124321461,-0.004539444576948881,-0.0014286991208791733,-0.001971784047782421,0.005436725914478302,0.0004657832905650139
validation,2005-06,2005-07,-0.005898181349039078,0.010290789417922497,-0.003042938420549035,0.007827244699001312,0.0012276547495275736,0.008287501521408558,-0.008973756805062294,0.011557042598724365
validation,2005-07,2005-08,-0.002254144288599491,0.00200861319899559,-0.007490044925361872,-0.0012120684841647744,0.007072329521179199,-0.004473945125937462,0.005214686505496502,0.0008148667402565479
validation,2005-08,2005-09,-0.008626744151115417,0.0031566547695547342,-0.0031387447379529476,0.004531655926257372,0.003587554907426238,0.006072741001844406,0.010331706143915653,0.004246958065778017
validation,2005-09,2005-10,0.0014233534457162023,-0.006132280454039574,0.0014953733189031482,-0.006342886947095394,0.009786989539861679,-0.0046121543273329735,0.010262941010296345,-0.012592615559697151
validation,2005-10,2005-11,-0.01182511541992426,0.0036473548971116543,-0.0003843081067316234,-0.002088806126266718,0.011267228983342648,0.0023243215400725603,-0.0011623699683696032,0.0013909491244703531
validation,2005-11,2005-12,0.004588160663843155,0.000977846560999751,-0.004413415212184191,-0.004989625886082649,-0.004853502381592989,-0.003950238693505526,0.00041518849320709705,-0.0007785346242599189
validation,2005-12,2006-01,-0.005384321324527264,0.023746978491544724,-0.015413126908242702,0.018823646008968353,0.001331504201516509,0.014590774662792683,-0.01004046481102705,0.024045491591095924
validation,2006-01,2006-02,-0.0004241956630721688,0.008268182165920734,-0.0028609412256628275,0.00394626148045063,-0.0035636373795568943,0.002023600274696946,0.0033210841938853264,-0.000730975647456944
validation,2006-02,2006-03,-0.003605546895414591,0.011351866647601128,-0.005493799224495888,0.0017155575333163142,-0.0008709896355867386,0.0006566507508978248,-0.003641904331743717,0.005513705313205719
validation,2006-03,2006-04,0.004791971296072006,-0.007553774863481522,0.006715910509228706,-0.004741441458463669,-0.0036587968934327364,-0.006570306606590748,-0.006679555866867304,-0.012150013819336891
validation,2006-04,2006-05,0.009910054504871368,-0.01847030036151409,0.010453680530190468,-0.01796194538474083,0.003523436142131686,-0.014806261286139488,0.001287305261939764,-0.027704257518053055
validation,2006-05,2006-06,-0.0029523526318371296,-0.007898325100541115,0.004558009095489979,-0.005363781005144119,0.009526722133159637,-0.0028126758988946676,0.0025694705545902252,-0.011301747523248196
validation,2006-06,2006-07,0.0031513841822743416,-0.014086909592151642,0.00915218424052,-0.007302912883460522,0.004369436297565699,-0.00851881131529808,0.0008005243726074696,-0.022178804501891136
validation,2006-07,2006-08,-0.011586419306695461,0.014957177452743053,-0.004068659618496895,0.006469218526035547,0.0042642573826014996,0.007838990539312363,0.005571172572672367,0.001307954778894782
validation,2006-08,2006-09,-0.002964380895718932,-0.004629594273865223,0.0012741659302264452,-0.010171361267566681,0.009523779153823853,-0.013363579288125038,0.003560618730261922,-0.010516840033233166
validation,2006-09,2006-10,-0.00032338162418454885,0.009170901030302048,-0.004273741506040096,0.0010769965592771769,3.33995558321476e-05,0.005027825944125652,-0.006098924204707146,0.006983846891671419
validation,2006-10,2006-11,0.005147862248122692,-0.0008080374682322145,-0.006836403626948595,-6.819749251008034e-05,-0.006573238410055637,-8.780905045568943e-05,-0.005738601088523865,0.0053077624179422855
validation,2006-11,2006-12,0.002975521609187126,0.0004845131188631058,0.0001467917172703892,-0.003847631858661771,-0.005560671910643578,-0.007014900911599398,0.005846686195582151,-0.006866706069558859
validation,2006-12,2007-01,-0.0001304767793044448,0.008804247714579105,-0.0023494912311434746,-0.005164222326129675,-0.0026951029431074858,-0.006591344252228737,-0.0038965316489338875,0.001343682175502181
validation,2007-01,2007-02,0.0015730576124042273,0.001645323121920228,0.0017038488294929266,-0.0025089867413043976,-0.004647494293749332,-0.002852537203580141,-0.0004257397959008813,-0.003181631211191416
validation,2007-02,2007-03,-0.0022460916079580784,-0.0017002120148390532,-0.0031471922993659973,-0.002538783010095358,0.0045609790831804276,-0.0029331715777516365,0.0061041973531246185,-0.0035401075147092342
validation,2007-03,2007-04,-0.0024683792144060135,0.005939854774624109,-0.007882076315581799,-0.0031487930100411177,0.008426022715866566,-0.004515528678894043,-0.004008372314274311,0.009253300726413727
validation,2007-04,2007-05,0.0011813112068921328,-0.011895858682692051,0.004792734049260616,-0.0063291252590715885,0.014861403964459896,-0.0012713060714304447,-0.005363907665014267,-0.008234228938817978
validation,2007-05,2007-06,0.006777546368539333,0.001352973049506545,-0.002725729253143072,-0.0024903276935219765,0.0026043092366307974,-0.003396760206669569,0.002554086269810796,0.000628748326562345
validation,2007-06,2007-07,0.0020225271582603455,0.004156635142862797,0.006094279699027538,0.002882414497435093,-0.0034202905371785164,0.00020294217392802238,0.006661048159003258,-0.0024850580375641584
validation,2007-07,2007-08,-0.006660917773842812,-0.011443549767136574,0.006730195600539446,0.001905841170810163,0.011845510452985764,0.005835683085024357,0.006494774483144283,-0.008333337493240833
validation,2007-08,2007-09,-1.5026074834167957e-05,-0.002528040437027812,-0.012074822559952736,0.00042259576730430126,0.009442820213735104,0.0007475521415472031,0.0031400031875818968,0.018071718513965607
validation,2007-09,2007-10,0.001382695510983467,0.0016530080465599895,-0.011798429302871227,-0.007334924302995205,0.0074597811326384544,-0.004426220431923866,0.005273692309856415,0.008626511320471764
validation,2007-10,2007-11,0.0017394899623468518,-0.021408064290881157,0.002185857854783535,-0.00798595417290926,0.015825197100639343,-0.015064564533531666,0.013028650544583797,-0.018847808241844177
validation,2007-11,2007-12,0.0025873431004583836,-0.0026459319051355124,-0.011796361766755581,-0.006441928446292877,0.011064127087593079,-0.007985718548297882,0.0031502475030720234,0.004831614904105663
validation,2007-12,2008-01,0.002069409005343914,-0.005571775138378143,0.021687179803848267,0.006297716870903969,-0.012211861088871956,0.00627161143347621,-0.008479557000100613,-0.0251577477902174
validation,2008-01,2008-02,0.008317694999277592,0.003213391173630953,-0.0009736536303535104,0.00670153833925724,-0.008907481096684933,0.002966275904327631,0.006218580529093742,-0.00458661001175642
validation,2008-02,2008-03,-0.009358503855764866,-0.006899310275912285,0.008848563767969608,0.00030855555087327957,0.018399978056550026,-0.006293674930930138,-0.004392033908516169,-0.022398781031370163
validation,2008-03,2008-04,-0.008256608620285988,-0.0027380120009183884,-0.008827358484268188,-0.0038976555224508047,0.017895445227622986,-0.005435565020889044,-0.0012553161941468716,0.005505754612386227
validation,2008-04,2008-05,0.0042058443650603294,0.001984076574444771,-0.006452383939176798,-0.0019718778785318136,0.003684278344735503,0.005912009160965681,0.001599260838702321,0.007081009913235903
validation,2008-05,2008-06,0.010171595960855484,-0.006966768763959408,-0.014030764810740948,-0.012628964148461819,-0.0015285519184544683,-0.014195752330124378,0.022029584273695946,0.006987912114709616
validation,2008-06,2008-07,-0.021893009543418884,0.0092882439494133,0.002705022692680359,0.007441062480211258,0.01296142116189003,0.0038439123891294003,0.003951390273869038,-0.009804126806557178
validation,2008-07,2008-08,-0.00032651517540216446,-0.00858223345130682,0.011238391511142254,-0.010488392785191536,0.014581656083464622,-0.00523389270529151,-0.00975074153393507,-0.018254479393363
validation,2008-08,2008-09,-0.017038386315107346,-0.016788475215435028,0.009954430162906647,-0.012890011072158813,0.024940092116594315,-0.01986825093626976,0.00301440991461277,-0.022365519776940346
validation,2008-09,2008-10,-0.012291031889617443,-0.008772403001785278,0.010197002440690994,0.001773111056536436,-0.0034833024255931377,-0.00535648874938488,0.03196046128869057,-0.02459200844168663
validation,2008-10,2008-11,-0.006964936386793852,-0.012712967582046986,-0.011833694763481617,-0.016950935125350952,0.0174277201294899,-0.024004127830266953,0.02356429398059845,-0.008145399391651154
validation,2008-11,2008-12,-0.012265197932720184,0.006922469474375248,-0.007263405714184046,-0.005840507801622152,0.027812106534838676,-0.006956788245588541,-0.0023672236129641533,0.0026323599740862846
validation,2008-12,2009-01,0.04075344279408455,0.03362945467233658,-0.007673983462154865,0.021535314619541168,-0.05295562744140625,0.02555348537862301,0.019615523517131805,0.03259263560175896
validation,2009-01,2009-02,-0.011868394911289215,-0.00010298844426870346,-0.0029029715806245804,-0.015613619238138199,0.002432872075587511,-0.024937083944678307,0.033640578389167786,-0.004280216060578823
validation,2009-02,2009-03,0.017520248889923096,0.028949741274118423,0.010319311171770096,0.025329045951366425,-0.0288168266415596,0.03926529735326767,-0.037431586533784866,0.04577929526567459
validation,2009-03,2009-04,0.04592936858534813,0.03453780710697174,0.04193706065416336,-0.004192190710455179,-0.008940123952925205,0.03680393099784851,-0.09972210228443146,-0.01849149353802204
validation,2009-04,2009-05,0.04087134450674057,0.035190243273973465,-0.015421987511217594,0.01850546896457672,-0.030363032594323158,0.04204583913087845,-0.006293276324868202,0.02998758666217327
validation,2009-05,2009-06,0.008243275806307793,0.023801246657967567,-0.015127738937735558,0.0051742177456617355,-0.01636919006705284,-0.0004650282207876444,0.028395947068929672,0.016457343474030495
validation,2009-06,2009-07,-0.012686628848314285,0.022792484611272812,-0.026568220928311348,0.0036888315808027983,0.020353391766548157,-0.014312230981886387,-0.013919629156589508,0.0038321034517139196
validation,2009-07,2009-08,0.0041463011875748634,0.04873756319284439,-0.028571614995598793,0.018663786351680756,-0.024985069409012794,0.00531430309638381,-0.032945964485406876,0.012000992894172668
validation,2009-08,2009-09,0.0023004196118563414,0.03214704990386963,-0.026142152026295662,0.005729351192712784,0.0004906512331217527,-0.008926568552851677,-0.011276790872216225,0.0037397847045212984
validation,2009-09,2009-10,0.01192568987607956,-0.019906429573893547,0.02022603526711464,-0.024381263181567192,0.006383269093930721,-0.012168066576123238,0.007681283634155989,-0.026201851665973663
validation,2009-10,2009-11,-0.009309198707342148,0.0027708527632057667,-0.014574533328413963,-0.0034538735635578632,0.008754649199545383,-0.013817357830703259,0.004666618537157774,-0.0038076324854046106
validation,2009-11,2009-12,-0.005177403800189495,0.016483552753925323,-0.015537205152213573,0.005413567181676626,-0.000691830413416028,-0.0021119185257703066,-0.0028607824351638556,0.00972774252295494
development,2009-12,2010-01,0.009452152997255325,0.006136829033493996,0.011519445106387138,0.011778190732002258,-0.02230970188975334,0.018747862428426743,-0.013567683286964893,-0.0013847517548128963
development,2010-01,2010-02,-0.012159587815403938,0.003859390504658222,-0.008857866749167442,-0.002661345060914755,0.009697409346699715,-0.011894281953573227,0.004210806451737881,-0.0005125130992382765
development,2010-02,2010-03,-0.0006557423621416092,0.013667621649801731,-0.005674769636243582,0.000494275358505547,0.0011328303953632712,0.002723882906138897,-0.0040966421365737915,-0.006033230572938919
development,2010-03,2010-04,0.0008697770535945892,0.019813351333141327,-0.001458467566408217,0.021426664665341377,-0.017276570200920105,0.02847205474972725,-0.014334668405354023,0.011592608876526356
development,2010-04,2010-05,-0.001094449427910149,-0.009342310018837452,0.009270662441849709,-0.009507132694125175,0.006804307922720909,-0.013411056250333786,0.01610574871301651,-0.01657421514391899
development,2010-05,2010-06,0.01722201518714428,-0.01898052543401718,0.02064668759703636,-0.011084916070103645,-0.00167272356338799,0.0014074717182666063,0.021448131650686264,-0.02097422257065773
development,2010-06,2010-07,-0.014319050125777721,0.011611763387918472,-0.001852743560448289,0.004531662445515394,0.009525991044938564,0.0037092939019203186,-0.007722386159002781,-0.0012813572539016604
development,2010-07,2010-08,0.005414231680333614,-0.005631886422634125,0.008827312849462032,-0.00446308683604002,-0.0031242151744663715,-0.006272033788263798,0.010141443461179733,-0.011052296496927738
development,2010-08,2010-09,-0.025070250034332275,0.019302988424897194,-0.021519113332033157,-0.0027999533340334892,0.01872306317090988,-0.004668420180678368,0.01075021829456091,0.017060328274965286
development,2010-09,2010-10,0.005228037945926189,0.007053977809846401,-0.00939115323126316,0.001870246953330934,-0.004099627956748009,0.0019034342840313911,0.008003666996955872,0.008441848680377007
development,2010-10,2010-11,-0.003658904694020748,-0.0021379145327955484,-0.008690745569765568,-0.009655201807618141,0.010415598750114441,-0.011865819804370403,0.008966274559497833,-0.0030294680036604404
development,2010-11,2010-12,-0.0028688376769423485,0.010319449007511139,-0.00979697797447443,0.012684725224971771,-0.010210146196186543,0.013324030674993992,-0.01507018692791462,0.012601446360349655
development,2010-12,2011-01,0.0031719994731247425,0.00297353882342577,0.005223667249083519,0.0056986697018146515,-0.01241080928593874,0.008489826694130898,-0.0009511462412774563,-0.004470662213861942
development,2011-01,2011-02,-0.012922916561365128,0.017172642052173615,-0.007763401605188847,-0.0005560768768191338,0.0016493224538862705,-0.010428113862872124,0.0034871192183345556,-0.010681826621294022
development,2011-02,2011-03,-0.010311489924788475,0.0018725309055298567,-0.0001057586632668972,0.001580724841915071,0.00435981759801507,-0.00463844183832407,0.013915937393903732,-0.008035624399781227
development,2011-03,2011-04,-0.0035601328127086163,-0.003593538887798786,-0.0015262860106304288,-0.007555852178484201,0.011659842915832996,-0.008173857815563679,0.00678311288356781,-0.002026121597737074
development,2011-04,2011-05,0.0035757420118898153,-0.006009766831994057,0.008138188160955906,-0.007646412122994661,0.008502591401338577,-0.01013226993381977,-0.00041714252438396215,-0.010749105364084244
development,2011-05,2011-06,7.38268718123436e-05,-0.0062295603565871716,0.007981622591614723,-0.004304802045226097,0.0026232420932501554,-0.007424372248351574,0.004871497396379709,-0.01788826659321785
development,2011-06,2011-07,0.005833844654262066,-0.0005020975950174034,0.004383822903037071,0.001994070131331682,-0.004028569906949997,0.0016523257363587618,0.003795166499912739,-0.0041283671744167805
development,2011-07,2011-08,-0.001505199121311307,-0.016651760786771774,0.016008030623197556,-0.004615675657987595,0.002398965647444129,-0.013720848597586155,0.009831822477281094,-0.027366362512111664
development,2011-08,2011-09,0.0005185003392398357,-0.011929701082408428,0.010085273534059525,0.0002636709250509739,0.000921628437936306,-0.013354146853089333,0.019187934696674347,-0.01805451512336731
development,2011-09,2011-10,-0.024365078657865524,-0.005569310858845711,0.0021706351544708014,-0.007113384548574686,0.029735617339611053,0.016350839287042618,-0.007188551127910614,0.014230678789317608
development,2011-10,2011-11,-0.002892306074500084,-0.01171925850212574,0.0015169864054769278,-0.0062285554595291615,0.009168288670480251,-0.011793045327067375,0.003816225565969944,-0.016579167917370796
development,2011-11,2011-12,-0.003838012460619211,-0.003113507991656661,-0.0017914201598614454,-0.006352316588163376,0.005104768089950085,-0.009396998211741447,0.0022999350912868977,-0.01625669002532959
development,2011-12,2012-01,0.006489056162536144,0.03353550285100937,0.012316666543483734,0.02197733335196972,-0.027963649481534958,0.03771442919969559,-0.009510931558907032,0.014337731525301933
development,2012-01,2012-02,0.003469969844445586,-9.251688607037067e-05,-0.0020316769368946552,-0.005399856250733137,-0.009116623550653458,0.0013353965478017926,-0.004443036392331123,0.00427776575088501
development,2012-02,2012-03,-0.004942630883306265,0.008463913574814796,-0.006567252799868584,0.004503977485001087,-0.0059032682329416275,0.0010275111999362707,0.005870644468814135,-0.003775181481614709
development,2012-03,2012-04,0.007437816355377436,-0.00741347623988986,0.006086891982704401,-0.007354434579610825,-0.008760776370763779,-0.007076323963701725,-0.0010420114267617464,-0.00991200003772974
development,2012-04,2012-05,0.001495998352766037,-0.004119107034057379,0.0066632055677473545,-0.003977922722697258,-0.017530499026179314,-0.0038899953942745924,0.014651138335466385,-0.015016691759228706
development,2012-05,2012-06,0.0008096196688711643,0.0007071587024256587,-0.00845576636493206,0.0019267038442194462,0.0070966919884085655,-0.0016433709533885121,0.004886678885668516,-0.004261775873601437
development,2012-06,2012-07,-0.0011750590056180954,-0.0026148376055061817,0.0017341780476272106,-0.0007353214314207435,-0.0033415870275348425,0.0020082846749573946,0.006413995288312435,-0.009903921745717525
development,2012-07,2012-08,-0.0034597599878907204,-0.0017697238363325596,0.0006175802554935217,0.007573803421109915,0.006811689585447311,0.006120980717241764,-0.0006129138637334108,-0.0028566746041178703
development,2012-08,2012-09,-0.0037446417845785618,0.01126919500529766,-0.0058153122663497925,0.0021722475066781044,-0.0021739001385867596,0.001968496246263385,-0.0015642190119251609,0.00082896847743541
development,2012-09,2012-10,-0.0012444062158465385,-0.014322564005851746,0.016632530838251114,-0.007964489050209522,-0.0036564741749316454,-0.002846688497811556,-0.0004104586550965905,-0.02245955355465412
development,2012-10,2012-11,-0.011503810063004494,-0.001375796040520072,0.009524107910692692,-0.0012802768032997847,0.00421285443007946,-0.0054612550884485245,-0.00746559863910079,-0.006667321547865868
development,2012-11,2012-12,0.003159889252856374,-0.0009348606690764427,0.0018013850785791874,0.002052239142358303,0.0051249368116259575,0.0023688513319939375,-0.006836846470832825,-0.007195352576673031
development,2012-12,2013-01,-0.0015247510746121407,0.01312465313822031,-0.0032945715356618166,1.4922581613063812e-05,-0.0035664597526192665,0.0051587894558906555,-0.0013286517933011055,0.004076454322785139
development,2013-01,2013-02,0.00300158211030066,-0.0036258690524846315,-0.0022671532351523638,-0.005518300924450159,-0.0041684433817863464,-0.0056671216152608395,0.0050593954510986805,-0.0056969053111970425
development,2013-02,2013-03,-0.005371256731450558,-0.0019457245944067836,-0.0051696691662073135,-0.005817175842821598,0.002052189316600561,-0.007215362973511219,-0.001735893078148365,0.004356837831437588
development,2013-03,2013-04,-0.015067041851580143,0.004083186388015747,-0.00851387158036232,-0.008019469678401947,-0.001356620923615992,-0.011451184749603271,0.009553443640470505,-0.005671530496329069
development,2013-04,2013-05,-0.0036389590241014957,0.015092018060386181,-0.009880870580673218,0.004441174678504467,0.007250732742249966,0.0005529546178877354,-0.003637184388935566,0.008425085805356503
development,2013-05,2013-06,5.703431088477373e-05,-0.001196793164126575,-0.011248661205172539,-0.009085003286600113,-0.0010349659714847803,-0.008815374225378036,0.008406656794250011,-0.0014181546866893768
development,2013-06,2013-07,-0.005113358609378338,0.017760202288627625,-0.006162297911942005,0.005677735432982445,0.002480161841958761,0.003037035232409835,0.0010869913967326283,0.003819929901510477
development,2013-07,2013-08,0.0064674261957407,-0.002267682459205389,0.005590722430497408,5.940382834523916e-05,0.0019263201393187046,0.0035780519247055054,0.007337575778365135,0.0052931238897144794
development,2013-08,2013-09,-0.0017931595211848617,0.011277168057858944,-0.007873216643929482,0.0006996304728090763,0.005129431840032339,-0.0015861585270613432,-0.003869442269206047,0.010716171935200691
development,2013-09,2013-10,-0.0010030310368165374,-0.009369558654725552,0.013550187461078167,-0.006356334313750267,0.0034737498499453068,-0.002134858164936304,0.00011499662650749087,-0.020317932590842247
development,2013-10,2013-11,-0.009956910274922848,0.01142213772982359,-0.0005200188024900854,0.008972663432359695,-0.0006876246770843863,0.0032820231281220913,0.005690444726496935,-0.0003900196752510965
development,2013-11,2013-12,0.008592186495661736,0.0006372669013217092,-0.009972969070076942,-0.005924155469983816,-0.001807045890018344,-0.0032108156010508537,-0.004624086897820234,0.014340032823383808
development,2013-12,2014-01,0.0034039728343486786,0.03451026231050491,-0.018356144428253174,0.01607937179505825,-0.026832621544599533,0.01124725490808487,0.008229495957493782,0.03859621286392212
development,2014-01,2014-02,-0.003015077207237482,0.004396365024149418,-0.0054910192266106606,0.0014828190905973315,0.0016031945124268532,-0.0002565862378105521,-0.006308191455900669,0.006019738968461752
development,2014-02,2014-03,0.004799891263246536,-0.008809314109385014,0.014816001057624817,-0.001933000166900456,-0.00346206477843225,0.00408450560644269,-0.004516710992902517,-0.024635229259729385
development,2014-03,2014-04,0.003731273580342531,-0.022297680377960205,0.024372044950723648,-0.005329101346433163,0.010990704409778118,0.0025798846036195755,-0.0022839331068098545,-0.036850571632385254
development,2014-04,2014-05,0.0018436686368659139,-0.0085317213088274,0.002986708888784051,-0.00742577388882637,0.006156526040285826,-0.0019262266578152776,0.006877942010760307,-0.008719156496226788
development,2014-05,2014-06,0.001870865235105157,0.002898138016462326,-0.021186713129281998,0.00020792323630303144,0.0012660399079322815,0.00016156374476850033,-0.004075118340551853,0.022101877257227898
development,2014-06,2014-07,-0.0038099263329058886,-0.0015848303446546197,0.0156167671084404,-0.003083255607634783,0.0018314970657229424,-0.0007668640464544296,0.007743817754089832,-0.017458368092775345
development,2014-07,2014-08,-0.002115264069288969,-0.0036633964627981186,0.003090976271778345,-0.00012639624765142798,0.0035298157017678022,0.001573402201756835,-0.005618819501250982,0.0002539858687669039
development,2014-08,2014-09,0.003660214599221945,-0.008126344531774521,-0.00020680902525782585,-0.017427735030651093,0.007632038556039333,-0.014522954821586609,0.014434797689318657,-0.003024008125066757
development,2014-09,2014-10,-0.008964531123638153,-0.00643992330878973,0.013282030820846558,0.0009572626440785825,0.012310883030295372,0.005471409298479557,0.01193925179541111,-0.011152209714055061
development,2014-10,2014-11,-0.007820719853043556,-0.0006007205229252577,-0.001105086994357407,-0.009842617437243462,0.013627491891384125,-0.023699820041656494,-0.0008693780982866883,-0.005049879662692547
development,2014-11,2014-12,0.004418383352458477,0.006309867836534977,-0.017667729407548904,0.0006109945243224502,0.0003995193401351571,-0.009762927889823914,0.005547825712710619,0.009593605995178223
development,2014-12,2015-01,-0.0017903228290379047,0.01356346346437931,-0.005851657595485449,0.0011053925845772028,-0.013071088120341301,-0.006344120018184185,0.018105128780007362,0.005164052825421095
development,2015-01,2015-02,0.0066365269012749195,0.0021097734570503235,-0.0032404290977865458,0.004614296369254589,-0.0015022653387859464,0.015574959106743336,-0.012449752539396286,0.014772425405681133
development,2015-02,2015-03,0.0007084151729941368,-0.006795646622776985,-0.005821980535984039,-0.005267457105219364,0.004207159858196974,-0.009294338524341583,0.00885155238211155,-0.004015714395791292
development,2015-03,2015-04,0.01212463527917862,0.00127676990814507,0.011867277324199677,0.0029817011673003435,-0.004416220355778933,0.01912626437842846,-0.009221687912940979,-0.008441193029284477
development,2015-04,2015-05,-0.003227638779208064,0.009685872122645378,-0.022789038717746735,-0.000369516434147954,-0.0009329880122095346,-0.01238800399005413,0.006032062228769064,0.01798228546977043
development,2015-05,2015-06,0.002759515307843685,-0.0040681506507098675,-0.0005368702113628387,-0.0026296558789908886,-0.005975992884486914,0.0017544287256896496,0.012745833024382591,5.6170683819800615e-05
development,2015-06,2015-07,-0.00966721773147583,-0.011820180341601372,-0.0013413712149485946,-0.015210626646876335,0.005427337717264891,-0.020262159407138824,0.020008545368909836,-0.010292556136846542
development,2015-07,2015-08,0.0006347442977130413,0.0002719573676586151,0.01086343452334404,0.005062902346253395,-0.00500343507155776,0.005222453735768795,-0.004503368865698576,-0.01881249248981476
development,2015-08,2015-09,-0.011154716834425926,-0.01793389581143856,0.014169346541166306,-0.010176512412726879,0.008777331560850143,-0.01362078171223402,0.02627391926944256,-0.025892456993460655
development,2015-09,2015-10,-0.009341145865619183,0.002491737250238657,0.016468074172735214,0.005880383308976889,0.013939687050879002,0.010858189314603806,-0.0020596019458025694,-0.011929154396057129
development,2015-10,2015-11,-0.012964756228029728,0.03269210457801819,-0.02336733229458332,0.022006459534168243,-0.01947096176445484,0.008229970000684261,0.0032251602970063686,0.02660861797630787
development,2015-11,2015-12,-0.006504008546471596,-0.011429883539676666,0.004320700652897358,-0.01099221408367157,-0.0031453468836843967,-0.012885456904768944,0.01755867712199688,-0.013024482876062393
development,2015-12,2016-01,-0.006601937115192413,-0.029524244368076324,0.027785249054431915,-0.011243653483688831,0.014930198900401592,-0.024267764762043953,0.019099758937954903,-0.05508694052696228
development,2016-01,2016-02,-0.003795986995100975,-0.0015493104001507163,0.012063201516866684,-0.00033704889938235283,0.008954431861639023,-0.008448866195976734,-0.006889759562909603,-0.023389842361211777
development,2016-02,2016-03,0.012438320554792881,0.0006336811929941177,0.005926153622567654,0.004771707579493523,0.005652390420436859,0.014568914659321308,-0.03306560963392258,0.009235738776624203
development,2016-03,2016-04,0.010492194443941116,0.004575315862894058,0.0004332715179771185,0.012175684794783592,-0.00021571808611042798,0.023987174034118652,-0.014884511940181255,0.016669994220137596
development,2016-04,2016-05,-0.008407952263951302,-0.0010675692465156317,-0.001790447742678225,0.0012901080772280693,0.0016372163081541657,0.0008942579152062535,0.010448556393384933,0.0023576123639941216
development,2016-05,2016-06,-0.00030911294743418694,-0.00404820591211319,0.006857741624116898,-0.008960604667663574,-0.003515973687171936,-0.015106948092579842,0.0009095796849578619,-0.015496579930186272
development,2016-06,2016-07,-0.0005645193159580231,0.013347144238650799,0.0062898979522287846,0.009734838269650936,-0.0035407000686973333,0.011653997004032135,-0.007819976657629013,0.006580891087651253
development,2016-07,2016-08,0.0021317806094884872,0.008317304775118828,-0.00822012685239315,0.011551735922694206,-0.010042384266853333,0.01001010648906231,-0.0010002991184592247,0.006832678336650133
development,2016-08,2016-09,0.012592330574989319,0.015702519565820694,-0.022457372397184372,0.010079513303935528,0.001224350300617516,0.009337496012449265,0.0007173923077061772,0.031218985095620155
development,2016-09,2016-10,-0.005029123276472092,-0.03301750868558884,0.027892546728253365,-0.01811125874519348,0.0017474134219810367,-0.006217231508344412,0.013870345428586006,-0.0467512384057045
development,2016-10,2016-11,-0.009976884350180626,-0.002022109692916274,-0.0023397766053676605,0.01122165285050869,0.010075930505990982,0.009366367012262344,-0.007890875451266766,-0.0095271160826087
development,2016-11,2016-12,0.002691317116841674,-0.014725618064403534,0.015884051099419594,-0.0097042266279459,-0.002802821807563305,-0.0027309972792863846,-0.001158822444267571,-0.02714669145643711
development,2016-12,2017-01,-0.004549033939838409,0.012182486243546009,-0.0036308327689766884,0.008501855656504631,-0.0060523198917508125,0.013729004189372063,0.007607042323797941,0.016666200011968613
development,2017-01,2017-02,0.006646671332418919,-0.006104413419961929,-0.005244428291916847,0.006225067190825939,0.00461327750235796,0.0049585020169615746,0.0040752035565674305,0.015144797042012215
development,2017-02,2017-03,0.0020352648571133614,0.004221968352794647,-0.0025330318603664637,0.0059160348027944565,0.002232900820672512,0.001327931764535606,0.00865025632083416,0.00795983150601387
development,2017-03,2017-04,-0.004996658302843571,-0.012160954996943474,0.010997232049703598,-0.0035580075345933437,0.009088847786188126,-0.005883314646780491,0.014361760579049587,-0.018534386530518532
development,2017-04,2017-05,-0.0019014980643987656,-0.012587225064635277,0.0039993952959775925,-0.012751421891152859,0.01171090453863144,-0.014429150149226189,0.013432567939162254,-0.016136417165398598
development,2017-05,2017-06,-0.0016478896141052246,0.01167087908834219,-0.0018960577435791492,0.021724162623286247,-0.0025050900876522064,0.0223174300044775,-0.002002039924263954,0.01967722922563553
development,2017-06,2017-07,-0.005656271241605282,-0.009036988019943237,0.002686053281649947,0.0011154956882819533,0.005483444780111313,0.000626169319730252,0.004595995415002108,-0.008485827594995499
development,2017-07,2017-08,-0.0028350127395242453,0.0011926982551813126,-0.008604506030678749,0.006825164891779423,0.005756753496825695,-0.0013717222027480602,0.011524643748998642,0.0028166756965219975
development,2017-08,2017-09,0.006095343269407749,0.020899713039398193,-0.005382066126912832,0.015094282105565071,-0.015683701261878014,0.015091948211193085,-0.020570198073983192,0.018225155770778656
development,2017-09,2017-10,-0.007440077140927315,-0.004063947591930628,-0.0016231222543865442,-0.00044648186303675175,0.004088046960532665,-0.004514994099736214,0.012170164845883846,-0.011431491002440453
development,2017-10,2017-11,-0.0055168382823467255,0.0019075390882790089,0.00974300131201744,0.0017360758502036333,-0.006879131775349379,-0.003442874178290367,-0.009074436500668526,-0.012924307957291603
development,2017-11,2017-12,0.00017359573394060135,0.0036886984016746283,-0.009442280977964401,-0.005269668996334076,-0.005701015703380108,-0.013242701068520546,-0.0036070721689611673,0.0034343593288213015
development,2017-12,2018-01,-0.010748346336185932,0.013269670307636261,-0.0015807695453986526,0.0033571214880794287,0.004911872558295727,0.005946977064013481,0.0016201892867684364,0.010310862213373184
development,2018-01,2018-02,-0.0006618138868361712,0.0025723616126924753,-0.00036555109545588493,0.0016990599688142538,0.002262968337163329,0.002620914950966835,0.012768113985657692,-0.00018514710245653987
development,2018-02,2018-03,0.0037453353870660067,-0.004604741465300322,0.0014660395681858063,-0.003529173554852605,2.9915128834545612e-05,0.0032096952199935913,0.009507752023637295,-0.0001851312117651105
development,2018-03,2018-04,-0.004421812016516924,-0.006536443717777729,-3.8510886952281e-05,0.003696874715387821,0.004939388949424028,0.003533049253746867,0.005541595630347729,-0.004215712659060955
development,2018-04,2018-05,-0.004410303197801113,0.019333679229021072,-0.019654225558042526,0.0026772518176585436,0.0064108707010746,0.00019953493028879166,0.012883802875876427,0.019083619117736816
development,2018-05,2018-06,0.004945622757077217,-0.014467805624008179,0.0023848535493016243,-0.02018517628312111,0.011286498047411442,-0.0197126567363739,0.0021177646704018116,-0.006672934629023075
development,2018-06,2018-07,-0.004952850751578808,-0.01144570391625166,0.011434666812419891,-0.006246067583560944,0.016119156032800674,-0.005236942786723375,0.0031083356589078903,-0.019566820934414864
development,2018-07,2018-08,-0.017877962440252304,0.009311493486166,-0.015067839063704014,0.009181409142911434,0.01382237859070301,-0.004100288264453411,0.010384319350123405,0.01799902692437172
development,2018-08,2018-09,0.006356566678732634,-0.0017379764467477798,-0.002621883526444435,-0.008688341826200485,-0.0008009990560822189,-0.006572757847607136,0.0022556944750249386,0.0030745556578040123
development,2018-09,2018-10,-0.0033800452947616577,-0.012133192270994186,0.023822348564863205,-0.0030702981166541576,-0.0065802340395748615,-0.008731869049370289,0.004227987490594387,-0.042195774614810944
development,2018-10,2018-11,-0.00020215054973959923,-0.015117136761546135,0.004692956805229187,0.003181829582899809,0.008189866319298744,-0.008122142404317856,0.0016354419058188796,-0.013576616533100605
development,2018-11,2018-12,-0.001291998429223895,-0.024047961458563805,0.005137843079864979,-0.01507638767361641,0.0179241131991148,-0.02703622728586197,0.014841916970908642,-0.025534268468618393
development,2018-12,2019-01,0.00523198489099741,0.04648755490779877,0.004463533405214548,0.02185293287038803,-0.03577332943677902,0.0344056710600853,-0.02038690820336342,0.04024093225598335
development,2019-01,2019-02,0.004735126160085201,0.006836178246885538,-0.008462983183562756,0.005637709982693195,-0.007522651460021734,0.009481529705226421,0.0011132461950182915,0.007515408098697662
development,2019-02,2019-03,-4.958984209224582e-05,0.007189929950982332,-0.005079188849776983,-0.0010647233575582504,-0.0008997288532555103,0.0004199284012429416,0.006218141410499811,0.0198843851685524
development,2019-03,2019-04,-0.004928731359541416,-0.014967301860451698,0.006698616314679384,-0.0063800690695643425,0.008999591693282127,-0.00322692166082561,-0.0023542805574834347,-0.014140699058771133
development,2019-04,2019-05,0.008838832378387451,-0.012988731265068054,-0.0020039821974933147,-0.0006837934488430619,-0.012087799608707428,-0.01204840000718832,0.023727042600512505,-0.002916609635576606
development,2019-05,2019-06,-0.007055916357785463,-0.012111062183976173,0.0035067498683929443,-0.00039402476977556944,0.020650632679462433,-0.0017996797105297446,-0.0025673273485153913,-0.008518282324075699
development,2019-06,2019-07,-0.010556109249591827,-0.010440324433147907,0.009273385629057884,0.002366878790780902,0.0042808991856873035,-0.0037579573690891266,0.015241734683513641,-0.02026614546775818
development,2019-07,2019-08,-0.002461453899741173,-0.010295860469341278,0.004365875385701656,0.002512717852368951,-0.005442957393825054,-0.007521872408688068,0.012035427615046501,-0.005037258379161358
development,2019-08,2019-09,-0.007978612557053566,-0.0076326341368258,0.020216725766658783,0.004908373579382896,0.00888757687062025,0.003317207330837846,-0.00842791236937046,-0.03622420132160187
development,2019-09,2019-10,-0.012572279199957848,-0.008904016576707363,0.006889284588396549,0.0048615578562021255,0.012460330501198769,0.0016060755588114262,0.010265636257827282,-0.0026015699841082096
development,2019-10,2019-11,0.005881441291421652,0.0021178852766752243,-0.01217776071280241,-0.002388488035649061,0.002192004583775997,0.002749332459643483,-0.0036218182649463415,0.019343221560120583
development,2019-11,2019-12,0.017767105251550674,0.011253740638494492,-0.01899564638733864,-0.008326786570250988,-0.009381125681102276,0.009601188823580742,-0.014821568503975868,0.02324938029050827
