split,feature_month,target_month,factor_0,factor_1,factor_2,factor_3,factor_4,factor_5,factor_6,factor_7
train,1963-07,1963-08,0.007179122418165207,-0.01590525172650814,0.006779871415346861,0.014444135129451752,0.0006694120238535106,-0.011308521032333374,-0.0008380305953323841,0.007706273812800646
train,1963-08,1963-09,-0.009447632357478142,0.011722628027200699,-0.001660059904679656,-0.008102796971797943,-0.0027511660009622574,0.005218924954533577,0.0011806429829448462,-0.0026595424860715866
train,1963-09,1963-10,0.005409414414316416,-0.011352451518177986,0.007038610987365246,0.006800513248890638,0.0006686667911708355,-0.008677924983203411,-0.0009729948360472918,0.006421230733394623
train,1963-10,1963-11,0.0034676154609769583,-0.004719661083072424,-0.00839395821094513,-0.00225313613191247,-0.011608300730586052,-0.007931867614388466,0.009887181222438812,-0.0033158408477902412
train,1963-11,1963-12,0.007381740491837263,-0.006086245644837618,-0.017600633203983307,-0.007121829316020012,-0.023975972086191177,-0.017630932852625847,0.017838075757026672,-0.009090880863368511
train,1963-12,1964-01,-0.010675297118723392,0.008125094696879387,0.010386498644948006,0.0030889108311384916,0.00804562121629715,0.013187870383262634,-0.009183114394545555,0.010110571049153805
train,1964-01,1964-02,0.004225793294608593,-0.0012272930471226573,0.005774711258709431,0.0045388550497591496,0.00342124467715621,0.0038120609242469072,-0.003153934609144926,0.00716627761721611
train,1964-02,1964-03,-0.005343596450984478,-0.0032961464021354914,0.0008945291629061103,0.00416713347658515,-0.004688797984272242,-0.0016431023832410574,0.0002767371479421854,0.0006517695728689432
train,1964-03,1964-04,-0.012485558167099953,0.009504811838269234,-0.010967029258608818,-0.01091791782528162,-0.00735194468870759,0.0056638349778950214,0.003277367213740945,-0.0052040377631783485
train,1964-04,1964-05,0.0021993641275912523,-0.0066877612844109535,-0.006229789927601814,-0.0009872331283986568,-0.010991828516125679,-0.011962074786424637,0.005758638959378004,-0.0022408287040889263
train,1964-05,1964-06,3.865920007228851e-05,-0.00875301193445921,-0.006767529994249344,-0.00029397360049188137,-0.005998688749969006,-0.009927100501954556,0.008953829295933247,-0.009716198779642582
train,1964-06,1964-07,-0.0047537460923194885,0.0048827314749360085,-0.004888082388788462,-0.008958094753324986,-0.008065606467425823,0.0037827426567673683,-0.00040535611333325505,0.000717485323548317
train,1964-07,1964-08,-0.007469069212675095,0.0014765902888029814,-0.006975786294788122,-0.006961348466575146,-0.007642342243343592,0.0014094572979956865,0.00399840297177434,-0.0054429881274700165
train,1964-08,1964-09,0.00193427549675107,-0.0008235416607931256,0.0095484908670187,0.00804671086370945,0.010407347232103348,0.004339066334068775,-0.007682288531213999,0.007958040572702885
train,1964-09,1964-10,-0.006665593013167381,0.00033827254083007574,0.0022424166090786457,0.0009751206962391734,-0.0010185331339016557,0.0033524585887789726,-0.0029054940678179264,0.004513033665716648
train,1964-10,1964-11,-4.433188587427139e-05,0.0005854079499840736,-0.008242804557085037,-0.01043746992945671,-0.01395830512046814,-0.008223106153309345,0.009476245380938053,-0.005212673917412758
train,1964-11,1964-12,0.0047905221581459045,-0.004490525461733341,-0.007643762044608593,-0.008083977736532688,-0.008422183804214,-0.013246978633105755,0.009100145660340786,-0.007658421993255615
train,1964-12,1965-01,-0.008631885051727295,0.002904401160776615,0.01969665288925171,0.020472967997193336,0.0252730343490839,0.021481921896338463,-0.015971027314662933,0.013349151238799095
train,1965-01,1965-02,-0.002853712532669306,-0.0021961627062410116,0.00518733961507678,0.006503799464553595,0.004949791356921196,0.005789278075098991,-0.001999636646360159,0.0018643606454133987
train,1965-02,1965-03,-0.002670292742550373,0.00974259153008461,0.00791444443166256,5.940673872828484e-07,0.003769921138882637,0.015943631529808044,-0.009823027998209,0.007022364065051079
train,1965-03,1965-04,-0.005877279676496983,-0.0026949490420520306,0.0014645613264292479,0.006239471025764942,0.004566367249935865,0.0046564871445298195,-0.004774186760187149,-0.0015091127716004848
train,1965-04,1965-05,-0.00572455208748579,-0.0029517970979213715,-0.00280985445715487,-0.002933757845312357,-0.0028948872350156307,-0.003080989932641387,0.004867274314165115,-0.004518056288361549
train,1965-05,1965-06,-0.003679367247968912,0.0034916289150714874,-0.023005904629826546,-0.02186557464301586,-0.024257127195596695,-0.014039012603461742,0.02266482636332512,-0.01442269142717123
train,1965-06,1965-07,0.005371846724301577,-0.0067532542161643505,0.006527534686028957,0.005714330356568098,-0.0006204202654771507,-0.0037813775707036257,-0.0029487726278603077,0.0064629241824150085
train,1965-07,1965-08,0.0031620950903743505,-0.01095547340810299,0.016062963753938675,0.02094600908458233,0.017292071133852005,-0.004511172883212566,-0.011365251615643501,0.006714954040944576
train,1965-08,1965-09,-0.005897087510675192,-0.015682799741625786,0.0020568273030221462,0.00924152322113514,0.0037103283684700727,-0.008220143616199493,0.0018062323797494173,-0.0025534434244036674
train,1965-09,1965-10,-0.0016551953740417957,0.0023340852931141853,0.02660731039941311,0.02110077627003193,0.022195763885974884,0.019022248685359955,-0.02495986968278885,0.02307867631316185
train,1965-10,1965-11,-0.0015134636778384447,-0.0012352140620350838,0.026481663808226585,0.022711409255862236,0.02078232541680336,0.0189804844558239,-0.019297942519187927,0.02139156125485897
train,1965-11,1965-12,0.0015068529173731804,0.003772182622924447,0.016350744292140007,0.01910596527159214,0.02117083966732025,0.020127998664975166,-0.018456460908055305,0.0131000354886055
train,1965-12,1966-01,0.0009572975686751306,0.015488926321268082,0.02586747705936432,0.018843887373805046,0.023192448541522026,0.03566687926650047,-0.02231406234204769,0.026781339198350906
train,1966-01,1966-02,0.005746747367084026,0.001942771952599287,0.03229482099413872,0.023506388068199158,0.025468969717621803,0.024250967428088188,-0.025105418637394905,0.03191635012626648
train,1966-02,1966-03,-0.004598457366228104,0.003475407138466835,0.004053107462823391,0.0014975009253248572,0.0010311382357031107,0.0113588348031044,-5.177350249141455e-05,0.010058397427201271
train,1966-03,1966-04,0.007960367947816849,-0.001116262748837471,0.027693413197994232,0.01754654198884964,0.012429799884557724,0.009575395844876766,-0.021880198270082474,0.02514130063354969
train,1966-04,1966-05,-0.009422920644283295,0.009456377476453781,-0.034734293818473816,-0.0334792360663414,-0.03164428845047951,-0.020333999767899513,0.029498299583792686,-0.030939802527427673
train,1966-05,1966-06,0.0015675448812544346,-0.002465822035446763,0.004874608479440212,0.003214749041944742,0.0009541927138343453,-0.004893728997558355,-0.004970284644514322,0.0022339841816574335
train,1966-06,1966-07,-0.0039042788557708263,0.0024225495290011168,-0.007520467974245548,-0.007169297896325588,-0.00766884908080101,-0.002221612259745598,0.005253407172858715,-0.0055598728358745575
train,1966-07,1966-08,-0.010769207030534744,-0.003128026146441698,-0.019953951239585876,-0.01592313125729561,-0.017881304025650024,-0.016024617478251457,0.018591804429888725,-0.022203870117664337
train,1966-08,1966-09,-0.008938387036323547,0.0020400644280016422,-0.015946142375469208,-0.01901426538825035,-0.019840974360704422,-0.005288236774504185,0.008819857612252235,-0.010704537853598595
train,1966-09,1966-10,-0.01811506785452366,-0.012175575830042362,-0.04548332467675209,-0.03661711513996124,-0.040575943887233734,-0.0414825975894928,0.030958054587244987,-0.03804687038064003
train,1966-10,1966-11,0.016284704208374023,-0.010721351951360703,0.03503783047199249,0.03914317116141319,0.038027916103601456,0.010657425969839096,-0.02467789500951767,0.021141603589057922
train,1966-11,1966-12,0.006846260745078325,-0.0028606182895600796,0.0059776403941214085,0.0026396960020065308,-0.00028726758318953216,-0.006332667078822851,-0.005238531157374382,0.0033344205003231764
train,1966-12,1967-01,0.00804814975708723,0.020055171102285385,0.06193072348833084,0.06174841895699501,0.07857754826545715,0.07131382822990417,-0.053166087716817856,0.044659730046987534
train,1967-01,1967-02,-0.0034149629063904285,0.014127859845757484,0.01635979302227497,0.017422311007976532,0.01619431935250759,0.028922349214553833,-0.014618612825870514,0.017653364688158035
train,1967-02,1967-03,-0.000322266248986125,0.0002630269154906273,0.008177323266863823,0.011865046806633472,0.009543795138597488,0.0064866021275520325,-0.0068025910295546055,0.005000686272978783
train,1967-03,1967-04,-0.004870994947850704,-0.005022805649787188,0.0032154014334082603,0.008658862672746181,0.00843377597630024,0.003789456794038415,-0.000994761590845883,0.0027574398554861546
train,1967-04,1967-05,-0.0025920988991856575,0.009714709594845772,0.00016583665274083614,-0.00028005847707390785,-0.00016271648928523064,0.015497206710278988,-0.005377274006605148,0.008761403150856495
train,1967-05,1967-06,0.007186841685324907,0.0009451764635741711,0.03837808966636658,0.040890417993068695,0.03540012240409851,0.03867192566394806,-0.036528877913951874,0.043845150619745255
train,1967-06,1967-07,-0.01015287172049284,0.00045802490785717964,0.007601732388138771,0.016264190897345543,0.009647224098443985,0.020298849791288376,-0.005756053142249584,0.014388853684067726
train,1967-07,1967-08,-0.00623603630810976,0.00645907549187541,-0.0023308813106268644,-0.006083765532821417,-0.004654476419091225,0.006139899604022503,0.005588220432400703,0.0006248966092243791
train,1967-08,1967-09,-0.002272161655128002,0.0060263159684836864,0.01405859924852848,0.019944580271840096,0.009904077276587486,0.026451798155903816,-0.0029149679467082024,0.018517928197979927
train,1967-09,1967-10,-0.011000875383615494,0.0019041788764297962,-0.0018383206333965063,0.007211823016405106,0.0042394124902784824,0.017761483788490295,0.0023280412424355745,0.006890005432069302
train,1967-10,1967-11,0.005756295286118984,0.0006239908980205655,-0.0006679799407720566,-0.005190225318074226,-0.003395313397049904,-0.0073052397929131985,0.00047493283636868,-0.0034358236007392406
train,1967-11,1967-12,0.0021324800327420235,-0.0063255419954657555,0.020152747631072998,0.03086591511964798,0.01651090383529663,0.0346495695412159,-0.01569565013051033,0.023968856781721115
train,1967-12,1968-01,-0.02607365883886814,0.01217657420784235,-0.011420924216508865,-0.004743639379739761,-0.02057890221476555,0.04082612693309784,0.018160810694098473,0.01492891926318407
train,1968-01,1968-02,-0.002470166189596057,0.00777422683313489,-0.017037898302078247,-0.031529396772384644,-0.03023443929851055,-0.019895358011126518,0.012140573933720589,-0.017073486000299454
train,1968-02,1968-03,0.002116248942911625,-0.00587126612663269,0.0030002903658896685,-0.00016182824037969112,0.0004793141852132976,-0.011663416400551796,0.0007497489568777382,0.00036420091055333614
train,1968-03,1968-04,0.01156067755073309,-0.008376099169254303,0.03557191044092178,0.04849011451005936,0.03878474980592728,0.028328832238912582,-0.02320544421672821,0.03228527680039406
train,1968-04,1968-05,-0.013060633093118668,-0.001897469162940979,0.017203323543071747,0.03582916408777237,0.02094271406531334,0.04172160476446152,0.00026219640858471394,0.03071524016559124
train,1968-05,1968-06,-0.0026387092657387257,0.008376473560929298,-0.016416780650615692,-0.0211213119328022,-0.0298127643764019,-0.0015136697329580784,0.013520339503884315,-0.0033921757712960243
train,1968-06,1968-07,-0.012944568879902363,0.0011076787486672401,-0.016419734805822372,-0.019382089376449585,-0.02152816765010357,0.0031491913832724094,0.006863635964691639,-0.011549222283065319
train,1968-07,1968-08,-0.009380979463458061,-0.00631365180015564,0.006197805516421795,0.007389633450657129,-0.0007777896244078875,0.005428357981145382,-0.0040363227017223835,0.005964578129351139
train,1968-08,1968-09,-0.005179159343242645,-0.008753310889005661,0.009275507181882858,0.019395915791392326,0.012354262173175812,0.01156262680888176,-0.008236492052674294,0.00640881760045886
train,1968-09,1968-10,-0.005337522830814123,0.0032142545096576214,-0.01119958981871605,-0.01680990308523178,-0.015691488981246948,-0.007681579329073429,0.010140303522348404,-0.007548762019723654
train,1968-10,1968-11,0.0072442772798240185,-0.0011814199388027191,0.010243061929941177,0.006022782530635595,0.006417314521968365,0.0009492621757090092,-0.008638130500912666,0.011195136234164238
train,1968-11,1968-12,-0.011546310037374496,-0.003411258803680539,0.0015881266444921494,0.014358633197844028,0.005032351240515709,0.01984255388379097,0.00279072392731905,0.012867051176726818
train,1968-12,1969-01,-0.0023228407371789217,0.001485247048549354,-0.003682393115013838,-0.0037805847823619843,-0.004984451923519373,0.008796654641628265,0.002735402202233672,0.0009932911489158869
train,1969-01,1969-02,-0.0007043872028589249,0.0065393149852752686,-0.015266044065356255,-0.0267388503998518,-0.027963001281023026,-0.020959991961717606,0.013874299824237823,-0.014376791194081306
train,1969-02,1969-03,0.0006297460058704019,-0.004023794550448656,0.006315438076853752,0.007754193618893623,-0.00021051312796771526,-0.0028570739086717367,-0.004796870984137058,0.004681488499045372
train,1969-03,1969-04,0.0028955850284546614,-0.0033861384727060795,-0.0009891693480312824,-0.005026433616876602,-0.005730713717639446,-0.010549331083893776,0.00026249722577631474,-0.001974917948246002
train,1969-04,1969-05,-0.008353137411177158,-0.0014731348492205143,-0.003171146148815751,-0.0013570990413427353,-0.006133467424660921,0.005162725690752268,0.0033735851757228374,-0.003416154533624649
train,1969-05,1969-06,0.006827329285442829,0.011999104171991348,-0.010930422693490982,-0.03457624465227127,-0.028252046555280685,-0.02469101920723915,0.009786669164896011,-0.010238214395940304
train,1969-06,1969-07,0.005748812109231949,0.008221847005188465,-0.016531776636838913,-0.031496088951826096,-0.036311231553554535,-0.02400510385632515,0.01400892436504364,-0.008804086595773697
train,1969-07,1969-08,0.014322493225336075,0.003453589277341962,0.02361125312745571,0.016142167150974274,0.015367778949439526,-0.0016496675089001656,-0.017048843204975128,0.013471666723489761
train,1969-08,1969-09,0.005669471807777882,0.005342760123312473,0.0022730384953320026,-0.01231206115335226,-0.014059080742299557,-0.011810526251792908,0.0012636738829314709,-0.003010720247402787
train,1969-09,1969-10,-0.008459748700261116,-0.010234426707029343,0.011202475056052208,0.0288111362606287,0.035441622138023376,0.021437766030430794,-0.003729528747498989,-0.003215078730136156
train,1969-10,1969-11,0.006317204795777798,0.005573122296482325,-0.0029995483346283436,-0.019805319607257843,-0.018107516691088676,-0.01790858432650566,0.004753400105983019,-0.003355401800945401
train,1969-11,1969-12,0.02064918540418148,0.006681733764708042,-0.004755612462759018,-0.03561204671859741,-0.03228841349482536,-0.039616890251636505,0.006988020148128271,-0.0023090485483407974
train,1969-12,1970-01,-0.03478575497865677,-0.00039176689460873604,-0.02101210132241249,-0.0011034146882593632,-0.009322977624833584,0.02062053419649601,0.023406725376844406,-0.014521744102239609
train,1970-01,1970-02,0.004609794821590185,0.0005075002554804087,-0.0026772338896989822,-0.008166221901774406,-0.013248801231384277,-0.01183537021279335,-0.003295893780887127,0.002437223680317402
train,1970-02,1970-03,-0.007135326042771339,0.0016937083564698696,-0.019180767238140106,-0.028420254588127136,-0.032166820019483566,-0.016600195318460464,0.008749195374548435,-0.010462237522006035
train,1970-03,1970-04,-0.0007160804234445095,0.010663093999028206,-0.033030908554792404,-0.05272427946329117,-0.06291098892688751,-0.042004942893981934,0.017553871497511864,-0.016563571989536285
train,1970-04,1970-05,-0.0010301985312253237,0.004283895716071129,-0.008256744593381882,-0.009147672913968563,-0.013522820547223091,-0.005144061520695686,0.005931398831307888,-0.005242249928414822
train,1970-05,1970-06,-0.0006865393370389938,0.011143427342176437,-0.012947281822562218,-0.03279074653983116,-0.034712910652160645,-0.021512886509299278,0.012429021298885345,-0.007977718487381935
train,1970-06,1970-07,0.01733943447470665,0.006761305499821901,0.006431286223232746,-0.008298320695757866,-0.015149343758821487,-0.02137656882405281,-0.00975798536092043,0.009830762632191181
train,1970-07,1970-08,0.003549838438630104,-0.006446463521569967,0.016531966626644135,0.02029232308268547,0.019757885485887527,0.007880833931267262,-0.013797326013445854,0.005341664422303438
train,1970-08,1970-09,-0.017364058643579483,-0.02099595218896866,0.030366944149136543,0.07201731204986572,0.07423077523708344,0.053548164665699005,-0.004150306340306997,-0.000991149339824915
train,1970-09,1970-10,0.021276405081152916,0.015773948282003403,-0.007697755470871925,-0.03750839829444885,-0.045201487839221954,-0.03358513116836548,0.00982823595404625,0.01064983382821083
train,1970-10,1970-11,0.032767120748758316,0.0063481517136096954,0.001786309527233243,-0.028513014316558838,-0.031816862523555756,-0.04129272326827049,-0.0036292830482125282,0.02144089713692665
train,1970-11,1970-12,-0.0036660651676356792,-0.00027252454310655594,0.0003562656929716468,-0.0036391057074069977,-0.009538194164633751,-0.010143119841814041,0.0019108264241367579,-0.0038440036587417126
train,1970-12,1971-01,-0.048950888216495514,-0.01720261573791504,0.0019005669746547937,0.05260451138019562,0.04138179123401642,0.05509258806705475,0.005468398332595825,-0.020035196095705032
train,1971-01,1971-02,-0.007462211884558201,0.00258266506716609,0.00947737880051136,0.02145140990614891,0.021398380398750305,0.025797821581363678,0.0004091360606253147,-0.0019355104304850101
train,1971-02,1971-03,-0.0017554756486788392,-0.007789714261889458,0.01673324778676033,0.014381911605596542,0.010321456007659435,-0.003492094110697508,-0.008344195783138275,0.0038141366094350815
train,1971-03,1971-04,0.0002171067171730101,-0.002752249129116535,0.0024685747921466827,0.0070137325674295425,0.0007839849567972124,-0.009773364290595055,0.0035419203341007233,-0.0054973275400698185
train,1971-04,1971-05,0.009280829690396786,0.007159880828112364,3.218767233192921e-05,-0.013157947920262814,-0.0161573588848114,-0.0163462832570076,0.007480481639504433,0.004987144842743874
train,1971-05,1971-06,0.01344946026802063,0.007158391177654266,0.0008188049541786313,-0.014482447877526283,-0.01696275919675827,-0.01729400083422661,0.003813523566350341,0.008721232414245605
train,1971-06,1971-07,0.006095681339502335,0.016515085473656654,-0.013522988185286522,-0.022439198568463326,-0.02870641089975834,-0.01263707410544157,0.00791744701564312,0.0008671341929584742
train,1971-07,1971-08,-0.0032950507011264563,-0.007264590822160244,0.0017309417016804218,0.01284756138920784,0.0012113701086491346,-0.005870751105248928,-0.003948194440454245,-0.0012274160981178284
train,1971-08,1971-09,0.011636417359113693,0.007964550517499447,0.008727381005883217,-0.0005271979607641697,-0.0055450014770030975,-0.0045442599803209305,-0.0036552120000123978,0.008032373152673244
train,1971-09,1971-10,0.006926761008799076,0.010031276382505894,-0.009248313494026661,-0.025168245658278465,-0.025922007858753204,-0.013004617765545845,0.008175783790647984,0.0017872662283480167
train,1971-10,1971-11,0.012643689289689064,0.00018633215222507715,0.0033277194015681744,-0.008244059979915619,-0.013476468622684479,-0.0187220498919487,-0.0011747198877856135,0.007399683352559805
train,1971-11,1971-12,-0.005234670825302601,-0.011009636335074902,0.011793050915002823,0.02603812888264656,0.021396487951278687,0.009662888012826443,-0.001234947587363422,0.0005791981238871813
train,1971-12,1972-01,-0.053263600915670395,-0.02911488153040409,-0.004058860242366791,0.04475310072302818,0.042588844895362854,0.053685203194618225,0.005164716392755508,-0.028689038008451462
train,1972-01,1972-02,-0.011376375332474709,-0.010550696402788162,0.005445541348308325,0.01659899204969406,0.010660890489816666,0.004633691627532244,0.004278149455785751,-0.004088221583515406
train,1972-02,1972-03,0.006770899519324303,0.004149763844907284,0.00382949598133564,-0.004103923216462135,-0.011342591606080532,-0.009011601097881794,0.004493210464715958,0.006412380840629339
train,1972-03,1972-04,-0.0038970932364463806,-0.006915896199643612,-0.003953881561756134,0.0023816751781851053,-0.005860195029526949,-0.007043116260319948,0.006194471847265959,-0.0028232296463102102
train,1972-04,1972-05,0.012093616649508476,0.005814049392938614,0.0040617771446704865,-0.006131611764431,-0.01452582236379385,-0.014841372147202492,0.005252060480415821,0.009255532175302505
train,1972-05,1972-06,0.001133147394284606,0.0034039129968732595,-0.004446049686521292,-0.006707030814141035,-0.012741276063024998,-0.008087368682026863,0.005775837693363428,0.002619790378957987
train,1972-06,1972-07,-0.004130138084292412,0.0022300458513200283,-0.013273411430418491,-0.016041088849306107,-0.023273786529898643,-0.012427742592990398,0.006723231635987759,-0.0018356364453211427
train,1972-07,1972-08,0.0031625181436538696,0.004297852516174316,-0.006993991322815418,-0.011665365658700466,-0.021836301311850548,-0.015510769560933113,-0.004527981858700514,-0.003304857760667801
train,1972-08,1972-09,0.006619519554078579,0.006720622070133686,-0.0027647255919873714,-0.014694659039378166,-0.012690518982708454,-0.009448586031794548,0.0017917053773999214,0.0034616931807249784
train,1972-09,1972-10,0.010845992714166641,0.007453178521245718,-0.006644454784691334,-0.019384682178497314,-0.023659279569983482,-0.014197519980370998,0.0025842064060270786,0.002708994084969163
train,1972-10,1972-11,0.010523457080125809,0.0025127867702394724,0.005573781207203865,-0.0032140701077878475,-0.00717144412919879,-0.013113714754581451,-0.016014032065868378,0.0054698241874575615
train,1972-11,1972-12,0.01066921092569828,0.001464551780372858,0.004172644577920437,-0.008897904306650162,-0.015253257937729359,-0.01978718675673008,0.004313524346798658,0.00696328841149807
train,1972-12,1973-01,-0.022984251379966736,-0.000895616365596652,-0.025691110640764236,-0.012680654413998127,-0.024974651634693146,0.0053886412642896175,0.02474401518702507,-0.019687741994857788
train,1973-01,1973-02,-0.001726387650705874,0.0035298611037433147,-0.014531375840306282,-0.025673355907201767,-0.02761739119887352,-0.010622603818774223,0.009145024232566357,-0.008204319514334202
train,1973-02,1973-03,-0.005587470717728138,-0.0049433340318500996,-0.00805642083287239,-0.006600471213459969,-0.015814105048775673,-0.008543608710169792,0.0009651905274949968,-0.005392102990299463
train,1973-03,1973-04,-0.006296581123024225,0.0007767508504912257,-0.01833546720445156,-0.027857203036546707,-0.03560085594654083,-0.011421484872698784,0.02165309526026249,-0.015197329223155975
train,1973-04,1973-05,0.009245005436241627,0.001696377876214683,-0.005928190890699625,-0.028281984850764275,-0.03395175561308861,-0.02074924111366272,0.00456154253333807,0.0043504610657691956
train,1973-05,1973-06,-0.007932167500257492,-0.007250775583088398,-0.007134820334613323,-0.010571945458650589,-0.016610996797680855,-0.0113083990290761,-0.00585620291531086,0.0010697609977796674
train,1973-06,1973-07,-0.011608685366809368,-0.01987922005355358,0.030057741329073906,0.06217750534415245,0.0636695846915245,0.006387349218130112,-0.027555836364626884,0.019803661853075027
train,1973-07,1973-08,0.0034072790294885635,-0.0013515759492293,-0.003890199586749077,-0.010634752921760082,-0.021888606250286102,-0.007575242314487696,0.008664404973387718,-0.0014155878452584147
train,1973-08,1973-09,-0.0039852820336818695,-0.015468765050172806,0.010333538986742496,0.020601224154233932,0.01656130515038967,-0.013438642956316471,-0.012640506960451603,0.009237208403646946
train,1973-09,1973-10,-0.012232095934450626,-0.006859371438622475,-0.008756737224757671,-0.003779255086556077,-0.01819765381515026,-0.0044004349038004875,0.01011192798614502,-0.009578034281730652
train,1973-10,1973-11,0.011660345830023289,0.008493050932884216,-0.01486872136592865,-0.03378908336162567,-0.04445411264896393,-0.008776769042015076,0.008793231099843979,-0.0016995338955894113
train,1973-11,1973-12,0.010828561149537563,-0.014250267297029495,-0.0029055632185190916,-0.013974837958812714,-0.018530143424868584,-0.025124626234173775,0.0027152253314852715,0.008183320984244347
train,1973-12,1974-01,-0.044688887894153595,-0.014238621108233929,-2.8613954782485962e-05,0.03129950165748596,0.03724466636776924,0.032645292580127716,-0.014778840355575085,-0.02287287265062332
train,1974-01,1974-02,-0.0006976044969633222,-0.00016041877097450197,-0.00840598251670599,-0.0015647581312805414,-0.01445835456252098,-0.0004899665946140885,0.010800402611494064,-0.0038873027078807354
train,1974-02,1974-03,-0.00041039203642867506,0.007478797808289528,0.0021585735958069563,0.009314550086855888,0.0010658057872205973,0.01021012756973505,0.011245799250900745,0.0031631593592464924
train,1974-03,1974-04,-0.0051794350147247314,-0.0008637650171294808,-0.0045473892241716385,-0.0013762929011136293,-0.012737659737467766,-0.002522464608773589,0.009415414184331894,-0.004918280988931656
train,1974-04,1974-05,0.004050929564982653,0.0016279889969155192,-0.0034246500581502914,-0.00421650055795908,-0.013785592280328274,-0.006075403653085232,0.012571023777127266,0.003578579518944025
train,1974-05,1974-06,-0.006669466383755207,-0.006388536654412746,-0.003895759815350175,-0.002330306451767683,-0.013127774000167847,-0.009682890959084034,0.008868476375937462,-0.009319593198597431
train,1974-06,1974-07,-0.012016239576041698,-0.00970244687050581,-0.018823284655809402,-0.013930436223745346,-0.024448847398161888,-0.007140219211578369,0.004370727110654116,-0.009383145719766617
train,1974-07,1974-08,-0.0046453895047307014,-0.006100817583501339,-0.004120561294257641,-0.005952606908977032,-0.01766553521156311,-0.007598511874675751,0.008753888309001923,-0.005051197949796915
train,1974-08,1974-09,0.0028449976816773415,0.010001630522310734,-0.012347642332315445,-0.021070409566164017,-0.029174255207180977,-0.00025003962218761444,0.005268121138215065,-0.0011981178540736437
train,1974-09,1974-10,0.006671489216387272,-0.023074738681316376,0.004295172169804573,0.02755645103752613,0.012243691831827164,-0.026113253086805344,-0.00790606439113617,0.005430320277810097
train,1974-10,1974-11,0.011361882090568542,0.0033070221543312073,-0.002297763479873538,-0.016212988644838333,-0.022130563855171204,-0.011530984193086624,-0.00030300288926810026,0.005638806149363518
train,1974-11,1974-12,0.017159460112452507,-0.0012670471332967281,-0.004224644973874092,-0.015018765814602375,-0.023082781583070755,-0.023603200912475586,0.00432963389903307,0.009594223462045193
train,1974-12,1975-01,-0.07462892681360245,-0.033315833657979965,0.008375181816518307,0.060166072100400925,0.0797339528799057,0.036305200308561325,-0.02831210568547249,-0.042675331234931946
train,1975-01,1975-02,0.0028836489655077457,-0.0016574251931160688,0.012189937755465508,0.016312209889292717,0.012893295846879482,0.00928343553096056,0.009923548437654972,-0.00047376396832987666
train,1975-02,1975-03,-0.03063349612057209,-0.015872841700911522,0.015170147642493248,0.027739088982343674,0.04697941243648529,0.0036140987649559975,-0.009982739575207233,-0.02296406403183937
train,1975-03,1975-04,-1.035560853779316e-05,-0.013811519369482994,0.012264699675142765,0.020006414502859116,0.010664775967597961,-0.009411429986357689,0.007983148097991943,-0.001793239964172244
train,1975-04,1975-05,-0.008551962673664093,-0.008765432052314281,0.011353558860719204,0.024992424994707108,0.023896699771285057,0.007076880428940058,0.0034605846740305424,-0.0033819463569670916
train,1975-05,1975-06,-0.01948896236717701,-0.02088765799999237,-0.0015397618990391493,0.008733497932553291,0.005705185700207949,-0.004527755081653595,-0.0012594650033861399,-0.009257834404706955
train,1975-06,1975-07,-0.006381271872669458,0.0078077055513858795,-0.010445266962051392,0.0029309154488146305,-0.0077726468443870544,0.0179009847342968,0.016493935137987137,-0.005416214000433683
train,1975-07,1975-08,0.016566462814807892,0.012292805127799511,-6.38194615021348e-05,-0.005973876919597387,-0.010928409174084663,-0.0006107130902819335,0.005826529581099749,0.008434928953647614
train,1975-08,1975-09,-0.0005907281301915646,0.0013467315584421158,-0.004666116088628769,-0.009604080580174923,-0.012020335532724857,-0.004911305382847786,0.011245789006352425,-0.002815143670886755
train,1975-09,1975-10,-0.0005898864474147558,-0.007744525093585253,0.004804761614650488,0.0018072936218231916,-0.0017186932964250445,-0.022349413484334946,-0.007692547049373388,-0.002842307323589921
train,1975-10,1975-11,-0.0029116796795278788,-0.004071658477187157,0.00399868655949831,-0.005395109299570322,-0.0042304848320782185,-0.0181899294257164,-0.007258952129632235,-0.00017297710292041302
train,1975-11,1975-12,0.0022120410576462746,-0.000644296407699585,0.0010620530229061842,0.005005239509046078,0.00025970087153837085,0.0031358408741652966,-0.0012236041948199272,-0.0020465205889195204
train,1975-12,1976-01,-0.0685664564371109,-0.049939773976802826,-0.013030113652348518,0.03626866266131401,0.0274328775703907,-0.002614644356071949,-0.003074569394811988,-0.038923777639865875
train,1976-01,1976-02,-0.05179473012685776,-0.02379016764461994,-0.0068277111276984215,0.027126770466566086,0.01864398643374443,0.032801851630210876,-0.005252809729427099,-0.028766628354787827
train,1976-02,1976-03,-0.00046132830902934074,-0.0016327288467437029,0.004631782881915569,0.008556902408599854,0.004856463521718979,0.011082418262958527,0.000597868231125176,0.0002777222543954849
train,1976-03,1976-04,0.013462369330227375,0.013142022304236889,0.0004617797676473856,-0.005634409375488758,-0.008678327314555645,0.009076090529561043,0.01221454981714487,0.0060510472394526005
train,1976-04,1976-05,0.01923668012022972,0.014646923169493675,0.004262303933501244,-0.002492273924872279,-0.006621843203902245,0.0026482674293220043,0.008914574049413204,0.015605196356773376
train,1976-05,1976-06,0.002211719984188676,-0.006897405721247196,0.006251146085560322,0.00597993703559041,0.003033846616744995,-0.012861279770731926,-0.00669136131182313,0.007296533323824406
train,1976-06,1976-07,0.004924244247376919,0.009867225773632526,-0.004994135349988937,-0.010164151899516582,-0.013340755365788937,0.005985591094940901,0.0018264941172674298,0.0008451603353023529
train,1976-07,1976-08,0.012292234227061272,0.010394942946732044,0.0019081330392509699,-0.012064484879374504,-0.018975716084241867,-0.007714138366281986,0.005089734680950642,0.007525854744017124
train,1976-08,1976-09,0.0020559062249958515,-0.004125306848436594,0.0025075359735637903,-0.0005071437335573137,-0.005481025204062462,-0.012015020474791527,-0.0007151300669647753,0.00015718769282102585
train,1976-09,1976-10,0.006400411482900381,0.0067920321598649025,-0.005478386301547289,-0.013983539305627346,-0.013870136812329292,-0.0005100051639601588,0.002590655814856291,0.0035447427071630955
train,1976-10,1976-11,0.003658325644209981,-0.001656701904721558,0.007657974027097225,0.005993588827550411,0.0024957943242043257,-0.003345404053106904,0.0028643053956329823,0.0044638426043093204
train,1976-11,1976-12,-0.010660840198397636,-0.0077089122496545315,-0.0026846101973205805,0.02158835344016552,0.006552053149789572,0.013774435967206955,0.0026686787605285645,-0.004651536233723164
train,1976-12,1977-01,-0.014329778030514717,-0.003398725762963295,-0.010707729496061802,0.006837509572505951,-0.009836777113378048,0.026080090552568436,0.015550823882222176,-0.020120926201343536
train,1977-01,1977-02,0.006804692558944225,0.008813614025712013,0.0036927603650838137,-0.0012019716668874025,-0.007815821096301079,0.01431458443403244,0.008186455816030502,0.007584834471344948
train,1977-02,1977-03,-0.0007245874730870128,-0.0012036423431709409,-0.0017566897440701723,0.007097010500729084,-0.0017999325646087527,0.007537642493844032,0.01088997907936573,-0.002996681025251746
train,1977-03,1977-04,-0.0009120391914620996,-0.0011664479970932007,-0.004188668914139271,-0.0017301668412983418,-0.007362998556345701,0.001126279472373426,0.0016761401202529669,-0.00448710098862648
train,1977-04,1977-05,0.001000452321022749,0.00035230282810516655,0.0006021023727953434,-0.0020416323095560074,-0.009049197658896446,0.0013718364061787724,0.006810471881181002,-0.0015065472107380629
train,1977-05,1977-06,-0.00991005264222622,-0.012743214145302773,0.004132680129259825,0.013806927017867565,0.01069758553057909,-0.008156770840287209,-0.007962565869092941,-2.805609256029129e-07
train,1977-06,1977-07,0.004262798465788364,0.008500280790030956,0.003348788246512413,-0.000779474969021976,-0.007111922837793827,0.01551063358783722,0.009299813769757748,-1.4658784493803978e-05
train,1977-07,1977-08,0.011522918939590454,0.00964714027941227,0.011908533051609993,0.0030843999702483416,-0.0012744845589622855,0.006421026308089495,0.0031181087251752615,0.007597422692924738
train,1977-08,1977-09,0.005518358666449785,0.005227840971201658,0.0059828790836036205,0.0013979384675621986,-0.003913152031600475,0.004249246791005135,0.002014452824369073,0.002815712708979845
train,1977-09,1977-10,0.0078062270767986774,0.010346729308366776,0.0006952497642487288,-0.00870002806186676,-0.00929346401244402,0.002162784803658724,0.0037750001065433025,0.0040634432807564735
train,1977-10,1977-11,-0.012910829856991768,-0.014987492002546787,0.005720159970223904,0.018697336316108704,0.010691194795072079,-0.00330584729090333,0.0010460697812959552,0.005818875972181559
train,1977-11,1977-12,0.00634002173319459,0.001832262147217989,0.0062263840809464455,0.007047219201922417,-0.0007236332749016583,0.005432152189314365,0.006512235384434462,0.0031283076386898756
train,1977-12,1978-01,-0.005193999037146568,0.0033069727942347527,-0.0011230208911001682,-0.0006477420683950186,-0.0037357588298618793,0.018615122884511948,0.0011821708176285028,-0.008280420675873756
train,1978-01,1978-02,-0.0014767160173505545,-0.0006512466352432966,0.007105880882591009,0.009425938129425049,-0.00090106634888798,0.009715868160128593,0.0036412859335541725,0.0029381858184933662
train,1978-02,1978-03,-0.014188060536980629,-0.013115126639604568,0.003454850520938635,0.017186393961310387,0.010131829418241978,0.0074379900470376015,0.0050406428053975105,-0.0012477238196879625
train,1978-03,1978-04,-0.0088705038651824,-0.010922149755060673,0.008423851802945137,0.020685788244009018,0.015369913540780544,0.002640677848830819,0.007156199775636196,0.0021436968818306923
train,1978-04,1978-05,-0.009629147127270699,-0.005207905545830727,0.012126186862587929,0.025566959753632545,0.01847684755921364,0.019799470901489258,0.004095306620001793,-0.0008479804964736104
train,1978-05,1978-06,0.002396221971139312,0.0036680647172033787,0.0014594296226277947,0.004364181775599718,-0.008572117425501347,0.012351712211966515,0.0071384781040251255,-0.00229821284301579
train,1978-06,1978-07,-0.003995309118181467,-0.009038553573191166,0.006815505214035511,0.012094812467694283,0.0073959678411483765,-0.005001905839890242,0.0016535347094759345,0.003667394397780299
train,1978-07,1978-08,-0.01206333376467228,-0.009911993518471718,0.014387678354978561,0.02647613361477852,0.015937117859721184,0.021749526262283325,0.0034741084091365337,0.004232441540807486
train,1978-08,1978-09,-0.002496078610420227,0.004493778571486473,-0.006781809963285923,-0.002519928617402911,-0.004116695374250412,0.01677674800157547,0.002344779670238495,-0.009304678067564964
train,1978-09,1978-10,0.03836289048194885,0.044031113386154175,-0.014893813990056515,-0.04840187728404999,-0.053207799792289734,-0.007412138395011425,0.018733588978648186,0.0033397090155631304
train,1978-10,1978-11,-0.013336130417883396,-0.02382674813270569,0.011718744412064552,0.023632172495126724,0.02349352091550827,-0.014543349854648113,-0.009620046243071556,0.01312860194593668
train,1978-11,1978-12,0.011494094505906105,0.001491884933784604,0.008725852705538273,0.00720231095328927,0.00014761218335479498,-0.00135413883253932,0.00569545291364193,0.011889788322150707
train,1978-12,1979-01,-0.02802436798810959,-0.019910432398319244,-0.00426619965583086,0.022204620763659477,0.019189927726984024,0.015547708608210087,0.0009379377588629723,-0.013973640277981758
train,1979-01,1979-02,0.00560756353661418,0.01050125528126955,-0.0033004397992044687,-0.01126720942556858,-0.012071763165295124,0.009391523897647858,0.0023638925049453974,-0.002669187728315592
train,1979-02,1979-03,-0.007509768009185791,-0.011062826961278915,0.014317844994366169,0.028461087495088577,0.026085136458277702,0.0010005474323406816,-0.012448405846953392,0.001527056796476245
train,1979-03,1979-04,-0.003633428830653429,-0.001163678360171616,-0.001987561583518982,0.006250049918889999,-0.0023760884068906307,0.010607476346194744,0.007225331850349903,-0.004148819018155336
train,1979-04,1979-05,0.0015603534411638975,0.0037545841187238693,-0.0025866434443742037,-0.008966011926531792,-0.01271698996424675,0.0006817929679527879,0.002573724603280425,0.0016033753054216504
train,1979-05,1979-06,-0.0005326776299625635,-0.0021333578042685986,-0.0008833276806399226,0.0011673469562083483,0.00045047339517623186,0.003955420572310686,-0.008802500553429127,-0.007305734325200319
train,1979-06,1979-07,0.0029331690166145563,-0.0009021710138767958,-0.0026291038375347853,-0.0035986821167171,-0.0058501786552369595,-0.005712286569178104,0.004245606251060963,-0.00035013502929359674
train,1979-07,1979-08,-0.006923217326402664,-0.01037385780364275,0.009758897125720978,0.011847695335745811,0.011714410036802292,-0.0054560028947889805,0.0004198220558464527,0.006322186905890703
train,1979-08,1979-09,0.00529507827013731,0.0011329945409670472,0.0016144157852977514,0.00039061252027750015,-0.008182190358638763,0.0017435014015063643,0.008795642293989658,5.512815550900996e-05
train,1979-09,1979-10,0.007154759950935841,0.005970464553683996,-0.0020509548485279083,-0.01045576948672533,-0.011500071734189987,-0.004492797423154116,0.01126137375831604,0.0019397439900785685
train,1979-10,1979-11,0.004141626413911581,-0.010627727024257183,0.014738179743289948,0.010971501469612122,0.013319245539605618,-0.011549634858965874,-0.011974023655056953,0.012112947180867195
train,1979-11,1979-12,0.005113940220326185,-0.0041365595534443855,0.021521950140595436,0.027826186269521713,0.017694324254989624,0.019367288798093796,0.002390762558206916,0.007038090378046036
train,1979-12,1980-01,-0.013891969807446003,-0.0053266072645783424,0.005445387214422226,0.0335642509162426,0.020738281309604645,0.03701196610927582,0.015197585336863995,-0.019339390099048615
train,1980-01,1980-02,0.007336688693612814,0.0048987683840096,0.008057698607444763,0.014144262298941612,0.007448169868439436,0.023840125650167465,0.009075753390789032,-0.007951300591230392
train,1980-02,1980-03,0.0110974982380867,0.011324631050229073,-0.015888918191194534,-0.03221174329519272,-0.038939591497182846,-0.025431126356124878,0.012877772562205791,0.009300284087657928
train,1980-03,1980-04,0.005717074498534203,-0.003513217205181718,0.00484320055693388,-0.0011900665704160929,-0.008355485275387764,-0.01667841710150242,-0.01014871895313263,0.008786952123045921
train,1980-04,1980-05,0.0005991861107759178,-0.0054886220023036,0.006411244161427021,0.006237873807549477,0.007261246908456087,-0.008570360951125622,-0.004210080020129681,0.007281775586307049
train,1980-05,1980-06,0.009741929359734058,0.00588969886302948,0.004762773867696524,0.0013537072809413075,-0.0034755119122564793,0.003285956336185336,0.0001765150809660554,0.002398293698206544
train,1980-06,1980-07,-0.005346318706870079,-0.009802009910345078,0.024448374286293983,0.021419256925582886,0.03009640797972679,-0.012337470427155495,-0.007531371898949146,0.017094571143388748
train,1980-07,1980-08,-0.014795182272791862,-0.015092732384800911,0.01603151112794876,0.030746273696422577,0.02243351750075817,0.012326938100159168,0.00856698676943779,-0.001699002692475915
train,1980-08,1980-09,0.00908980518579483,0.008697550743818283,0.00979071669280529,0.02202761359512806,0.012934774160385132,0.030368927866220474,0.01804438978433609,-0.004892594181001186
train,1980-09,1980-10,0.013223228976130486,0.014386837370693684,0.01789863035082817,0.024496564641594887,0.017130190506577492,0.028547685593366623,0.007906818762421608,-0.0016476702876389027
train,1980-10,1980-11,0.02568667382001877,0.007899479009211063,0.02407565712928772,0.037237122654914856,0.030032290145754814,0.019862204790115356,0.006501026917248964,0.0026199028361588717
train,1980-11,1980-12,0.008391749113798141,0.009816691279411316,-0.00460230465978384,-0.01707322709262371,-0.024326473474502563,-0.012411519885063171,-0.0012207543477416039,0.010117769241333008
train,1980-12,1981-01,-0.012606142088770866,0.0027011623606085777,-0.013121536001563072,-0.009559877216815948,-0.015113787725567818,0.0074703386053442955,0.00404543848708272,-0.010903775691986084
train,1981-01,1981-02,-0.005617971997708082,-0.001523425686173141,-0.006998857483267784,-0.012417652644217014,-0.015438845381140709,-0.01871509477496147,-0.004171029664576054,0.002633733907714486
train,1981-02,1981-03,-0.015226083807647228,-0.013629335910081863,0.00568691361695528,0.006372424308210611,0.009127086028456688,-0.009474487975239754,-0.005297007504850626,0.0020482076797634363
train,1981-03,1981-04,-0.009003380313515663,-0.004443499259650707,-0.004034135956317186,0.0013922692742198706,-0.00779710803180933,0.001380428671836853,0.015279863029718399,-0.0017299163155257702
train,1981-04,1981-05,-0.00941419042646885,-0.007859568111598492,0.007357592694461346,0.00700143538415432,0.006391673814505339,-0.0009360939729958773,0.004579253029078245,-0.0018777195364236832
train,1981-05,1981-06,-0.015543075278401375,-0.0036743537057191133,-0.022379886358976364,-0.025688540190458298,-0.037282027304172516,-0.020454181358218193,0.004036588594317436,-0.004384166561067104
train,1981-06,1981-07,0.004109851084649563,0.0022484937217086554,-0.0010889351833611727,-0.00016084848903119564,-0.010172474198043346,-0.004155450034886599,0.0003439165011513978,-0.0014340251218527555
train,1981-07,1981-08,0.0021478263661265373,0.008307322859764099,-0.01687042973935604,-0.029492590576410294,-0.03338079899549484,-0.015225820243358612,0.0012972315307706594,-0.0021758191287517548
train,1981-08,1981-09,-0.00486657302826643,-0.0026656324043869972,-0.013481797650456429,-0.029504628852009773,-0.035412564873695374,-0.03214292228221893,-0.005907493643462658,0.008797511458396912
train,1981-09,1981-10,0.009283391758799553,-0.005272109992802143,0.020123926922678947,0.018038243055343628,0.011452964507043362,-0.0036693003494292498,-0.004976898897439241,0.016595927998423576
train,1981-10,1981-11,0.007306593470275402,0.00942755863070488,-0.008906128816306591,-0.02680128999054432,-0.029416806995868683,-0.0237012580037117,-0.012006061151623726,0.010567541234195232
train,1981-11,1981-12,-0.0010640328982844949,0.0020257155410945415,-0.0032532615587115288,-0.009907437488436699,-0.016157152131199837,-0.00809638574719429,0.003490141127258539,0.005158540327101946
train,1981-12,1982-01,-0.010280638933181763,-0.0076233576983213425,-0.001840078504756093,-0.0018664711387827992,-0.005085175856947899,0.0019072139402851462,0.003929344471544027,-0.002376819960772991
train,1982-01,1982-02,-0.015289544127881527,-0.011997376568615437,-0.02014998346567154,-0.02240673452615738,-0.030849380418658257,-0.020571216940879822,0.00449158251285553,-0.0007799271261319518
train,1982-02,1982-03,-0.007749712094664574,-0.0006693952600471675,-0.0031932219862937927,-0.012515246868133545,-0.01673484966158867,-0.010675661265850067,-0.0037402817979454994,-0.0020872503519058228
train,1982-03,1982-04,-0.0018108203075826168,-0.0036771856248378754,0.010325568728148937,0.010042269714176655,0.007858650758862495,-0.00010956404730677605,-0.0011103596771135926,0.0005060499534010887
train,1982-04,1982-05,-0.0018338372465223074,-9.446521289646626e-06,-0.006610197946429253,-0.010890484787523746,-0.015632130205631256,-0.004899624735116959,0.008904684334993362,-0.005891982465982437
train,1982-05,1982-06,-0.01154346764087677,-0.006743863224983215,-0.013233629986643791,-0.020932350307703018,-0.023305756971240044,-0.021221546456217766,-0.0026988880708813667,0.003194729797542095
train,1982-06,1982-07,-0.009457491338253021,-0.0015902472659945488,-0.0044096894562244415,-0.014284130185842514,-0.01538435835391283,-0.011931694112718105,-0.0021735031623393297,0.0014411343727260828
train,1982-07,1982-08,0.006116814911365509,0.011700107716023922,0.00353129836730659,-0.009029502980411053,0.005766329355537891,-0.025390610098838806,-0.0314747653901577,0.016026094555854797
train,1982-08,1982-09,0.001353199128061533,0.006624083034694195,-0.005655496381223202,-0.016573511064052582,-0.02532152086496353,-0.009589388966560364,0.000881534127984196,0.005138343200087547
train,1982-09,1982-10,0.002956690965220332,0.0009685783879831433,0.012310906313359737,0.015482883900403976,0.013830172829329967,-0.0027637623716145754,-0.008093520998954773,0.01692715846002102
train,1982-10,1982-11,-0.018539782613515854,-0.008636384271085262,0.002141653560101986,0.0006506599020212889,-0.001739060739055276,0.005765392445027828,0.003644632175564766,0.003629759419709444
train,1982-11,1982-12,-0.0032340094912797213,-0.00517476350069046,0.002535443753004074,0.006534597836434841,-0.00026270339731127024,0.0024990402162075043,0.009325197897851467,0.0008038190426304936
train,1982-12,1983-01,-0.017965398728847504,-0.01542595960199833,0.024644169956445694,0.06080813705921173,0.05240490287542343,0.0586870014667511,0.026254896074533463,-0.030840130522847176
train,1983-01,1983-02,-0.017204584553837776,-0.0035743943881243467,-0.001246870495378971,-0.012645309790968895,-0.016868067905306816,-0.005856349132955074,2.4770153686404228e-05,-0.0008923938148654997
train,1983-02,1983-03,-0.010152775794267654,-0.0005363263189792633,-0.005562284030020237,-0.003396649146452546,-0.017595447599887848,-0.0015385188162326813,0.005881741177290678,-0.00823181215673685
train,1983-03,1983-04,0.0004677524557337165,-9.057915303856134e-05,0.0068139201030135155,0.004683966748416424,-0.0038171252235770226,0.006430761888623238,0.0016309265047311783,-0.0002659345045685768
train,1983-04,1983-05,-0.018443111330270767,-0.01655498892068863,0.009154808707535267,0.03014395572245121,0.02969598025083542,0.030092736706137657,0.015436464920639992,-0.014019289053976536
train,1983-05,1983-06,-0.009846479631960392,-0.009614900685846806,0.00519480649381876,0.014347391203045845,0.010022333823144436,0.009594145230948925,0.014036063104867935,-0.007852194830775261
train,1983-06,1983-07,-0.00945363286882639,0.010061461478471756,-0.016426876187324524,-0.019664110615849495,-0.025199316442012787,0.0014091308694332838,0.0076234666630625725,-0.012548353523015976
train,1983-07,1983-08,0.003238808363676071,0.008432435803115368,-0.01109355129301548,-0.014995511621236801,-0.020925933495163918,-0.01663367822766304,-0.0004704676102846861,0.0003496292047202587
train,1983-08,1983-09,0.004828047007322311,0.009085940197110176,-0.013701670803129673,-0.017953921109437943,-0.03148573637008667,-0.020481836050748825,0.003208298236131668,0.008755367249250412
train,1983-09,1983-10,-0.006774839945137501,0.012256935238838196,-0.026928141713142395,-0.0341770201921463,-0.040907472372055054,-0.015334556810557842,0.0029365024529397488,-0.010319208726286888
train,1983-10,1983-11,0.000626821187324822,-0.0055616190657019615,-0.003710949094966054,0.0018239618511870503,-0.005589907057583332,-0.016877710819244385,-0.00531770708039403,0.013025508262217045
train,1983-11,1983-12,-0.0034251550678163767,0.00576116843149066,-0.01334993727505207,-0.019292615354061127,-0.024933526292443275,-0.014330226927995682,0.0004436138551682234,-0.004370382521301508
train,1983-12,1984-01,-0.017973365262150764,-0.0030967635102570057,-0.016771147027611732,-0.008311350829899311,-0.012926746159791946,0.010258246213197708,0.01032222993671894,-0.02039572224020958
train,1984-01,1984-02,-0.0016580596566200256,0.006196314003318548,-0.011195947416126728,-0.015517832711338997,-0.019187018275260925,-0.006518188863992691,0.005179558880627155,-0.0055304295383393764
train,1984-02,1984-03,-0.00937960296869278,-0.006236883345991373,-0.010638903826475143,-0.007100515533238649,-0.01256761234253645,-0.007986757904291153,0.005856058094650507,-0.0076931919902563095
train,1984-03,1984-04,0.0036989969667047262,0.005006009712815285,-0.0033163847401738167,-0.00971327256411314,-0.019001077860593796,-0.016698069870471954,0.0010838136076927185,0.007346068974584341
train,1984-04,1984-05,-0.0016939323395490646,0.0010901757050305605,-0.0076713114976882935,-0.010085302405059338,-0.022921552881598473,-0.009727787226438522,0.01188921183347702,-0.00374401593580842
train,1984-05,1984-06,0.0028388220816850662,-0.0025745094753801823,0.0037906202487647533,6.702501559630036e-05,-0.007055830676108599,-0.017842190340161324,-0.00683634914457798,0.008846506476402283
train,1984-06,1984-07,0.009782365523278713,0.013456373475492,-0.011938471347093582,-0.022498248144984245,-0.03438827395439148,-0.020471995696425438,0.0007899656775407493,0.008662370964884758
train,1984-07,1984-08,0.0031831725500524044,-0.014352163299918175,0.008996399119496346,0.025430046021938324,0.013486807234585285,-0.013990525156259537,-0.003368143457919359,0.01713484153151512
train,1984-08,1984-09,-0.0017471953760832548,0.009189375676214695,-0.013332691043615341,-0.024572772905230522,-0.027392610907554626,-0.00835419911891222,-0.0008892752230167389,-0.003760761581361294
train,1984-09,1984-10,0.01474350318312645,0.011695604771375656,-0.005479067098349333,-0.021749265491962433,-0.030688665807247162,-0.0195845328271389,-0.002970864763483405,0.01647045835852623
train,1984-10,1984-11,0.00972846057265997,0.015444428659975529,-0.00623996090143919,-0.025606002658605576,-0.0345236100256443,-0.022203324362635612,-0.0057022967375814915,0.007365050259977579
train,1984-11,1984-12,0.010298814624547958,0.002252857433632016,0.0015134511049836874,-0.005181881599128246,-0.010773375630378723,-0.016777798533439636,-0.003463584231212735,0.013382134027779102
train,1984-12,1985-01,0.007672530598938465,-0.007564979139715433,0.026158856227993965,0.04350155219435692,0.03688199445605278,0.015259590931236744,-0.004713444970548153,0.02551550604403019
train,1985-01,1985-02,-0.008770694024860859,0.00038994383066892624,0.008398386649787426,0.01518122386187315,0.006540221627801657,0.020562568679451942,0.007571039721369743,-0.00929038692265749
train,1985-02,1985-03,-0.000142993638291955,0.005630852654576302,-0.010629581287503242,-0.014868635684251785,-0.02339196763932705,-0.003872237168252468,0.0038845501840114594,-0.005188493058085442
train,1985-03,1985-04,0.008348165079951286,0.012397946789860725,-0.007244614884257317,-0.019913632422685623,-0.024360299110412598,-0.009681412018835545,-0.001034667482599616,0.0009743639966472983
train,1985-04,1985-05,0.009562408551573753,0.0009432612569071352,0.0008311381097882986,-0.0012330056633800268,-0.012127936817705631,-0.02058388479053974,-0.0038055148907005787,0.009894567541778088
train,1985-05,1985-06,0.009422216564416885,0.010647062212228775,-0.004777769558131695,-0.014379399828612804,-0.01928299106657505,-0.015312408097088337,-0.00602448545396328,0.006127659697085619
train,1985-06,1985-07,0.0012335216160863638,0.0008212894899770617,0.004000945948064327,0.002659168792888522,3.137660678476095e-05,0.000485306722112,0.008147790096700191,0.0035535667557269335
train,1985-07,1985-08,0.0034752138890326023,0.009809300303459167,-0.000914362317416817,-0.013317860662937164,-0.012689455412328243,-0.004080477170646191,-0.0064216498285532,0.0021834776271134615
train,1985-08,1985-09,-0.00288650905713439,0.010456832125782967,-0.012631378136575222,-0.02751639112830162,-0.029996834695339203,-0.01853548176586628,0.0022409185767173767,-0.003368798177689314
train,1985-09,1985-10,0.013001331128180027,0.0025113937444984913,-0.004494135733693838,-0.010032576508820057,-0.01833656057715416,-0.02383541688323021,-0.006756977178156376,0.01737932860851288
train,1985-10,1985-11,0.010031814686954021,0.0009215970057994127,0.004855477251112461,0.0019015204161405563,-0.002213472267612815,-0.014499160461127758,-0.0019522856455296278,0.016209101304411888
train,1985-11,1985-12,0.012041173875331879,0.011066478677093983,0.009919935837388039,-0.005941493436694145,-0.004074136260896921,-0.017129598185420036,-0.007410411722958088,0.017500026151537895
train,1985-12,1986-01,-0.0038950718007981777,0.0029142743442207575,0.015932215377688408,0.010640349239110947,0.009297284297645092,0.019128238782286644,-0.0077811554074287415,-0.005753110162913799
train,1986-01,1986-02,0.007622658275067806,0.0041444385424256325,0.005124141462147236,-0.0012799918185919523,-0.0033507789485156536,-0.012218629010021687,-0.0026559222023934126,0.007572395261377096
train,1986-02,1986-03,-0.006400482263416052,-0.0008197971619665623,-0.00722142169252038,0.0010632001794874668,-0.0072675468400120735,-0.0018776401411741972,-0.0011229708325117826,-0.007727260701358318
train,1986-03,1986-04,0.001708383671939373,0.009330048225820065,0.011637512594461441,0.0012270428705960512,0.0016536129405722022,0.003934454172849655,-0.000912561547011137,0.006772657390683889
train,1986-04,1986-05,0.0031226249411702156,-7.70412152633071e-05,-0.002648558933287859,0.0031024846248328686,-0.008719826117157936,-0.00159794045612216,0.008297011256217957,0.0021628111135214567
train,1986-05,1986-06,0.005928239785134792,0.00985521636903286,-0.005739632528275251,-0.00699326116591692,-0.020195452496409416,0.003108387812972069,0.009912712499499321,0.0006261398084461689
train,1986-06,1986-07,-1.9468367099761963e-05,0.013124843128025532,-0.015274621546268463,-0.02356986328959465,-0.030809659510850906,-0.007314296439290047,0.007762022316455841,-0.007994676008820534
train,1986-07,1986-08,0.0045747701078653336,-0.00014171237125992775,-0.010039379820227623,-0.0003189995186403394,-0.013105151243507862,-0.021342407912015915,-0.004401092883199453,0.005116767715662718
train,1986-08,1986-09,-0.014081316068768501,0.0010050531709566712,-0.017948143184185028,-0.013711635023355484,-0.018028579652309418,-0.0025379215367138386,0.0073141795583069324,-0.016981732100248337
train,1986-09,1986-10,0.005859800614416599,-0.0038442963268607855,0.006107413675636053,0.007026288658380508,-0.0008069808827713132,-0.01666254922747612,-0.001324741169810295,0.007808444555848837
train,1986-10,1986-11,-0.0005871853209100664,-0.0003721756220329553,0.00029266320052556694,0.0010422602063044906,-0.005038664676249027,-0.01287571620196104,0.0016804004553705454,0.004334154538810253
train,1986-11,1986-12,-0.0012564363423734903,0.0019788111094385386,-0.0055041443556547165,-0.010788341984152794,-0.015230009332299232,-0.0141982426866889,-0.0018844803562387824,0.0017104459693655372
train,1986-12,1987-01,0.002159782685339451,-0.002081414917483926,0.011858020909130573,0.010631859302520752,0.01691509783267975,-0.0002328612608835101,-0.00924384593963623,-0.0008102227002382278
train,1987-01,1987-02,-0.007340873125940561,-0.01274069119244814,0.019080985337495804,0.023556824773550034,0.02186759188771248,0.003764154389500618,0.0048995353281497955,0.003918529953807592
train,1987-02,1987-03,-0.013709976337850094,-0.008259659633040428,-0.01160525530576706,-0.0011388177517801523,-0.007269094232469797,0.01106713991612196,0.01735413447022438,-0.023877808824181557
train,1987-03,1987-04,-0.012215031310915947,-0.007315671071410179,-0.0029395068995654583,-0.0038112204056233168,-0.003927649464458227,0.0008722071070224047,0.0069138361141085625,-0.010150499641895294
train,1987-04,1987-05,-0.01582936942577362,-0.01286081038415432,-0.007925326004624367,0.0010736552067101002,-0.004579498432576656,-0.00796437170356512,0.008161050267517567,-0.012077897787094116
train,1987-05,1987-06,-0.002066254150122404,-0.0028425485361367464,-0.010387437418103218,-0.0006010115030221641,-0.013744845986366272,-0.012535221874713898,0.0035600836854428053,-0.0037036112044006586
train,1987-06,1987-07,-0.018317613750696182,-0.011652400717139244,-0.016797350719571114,-0.002599766943603754,-0.012161459773778915,-0.008247771300375462,0.00639831880107522,-0.023656824603676796
train,1987-07,1987-08,0.009856704622507095,0.0044448766857385635,0.004036221653223038,-0.0038967018481343985,-0.010288858786225319,-0.01598328724503517,-0.0036778454668819904,0.015723062679171562
train,1987-08,1987-09,-0.011042686179280281,-0.007511830888688564,-0.000834885926451534,0.0006325830472633243,-0.0043925875797867775,-0.006036149337887764,0.005073904991149902,-0.006069881375879049
train,1987-09,1987-10,0.011149391531944275,0.03289225697517395,-0.016086990013718605,-0.04753095656633377,-0.05671850964426994,-0.010098971426486969,-0.0018156722653657198,-0.008309261873364449
train,1987-10,1987-11,-0.0022981991060078144,0.005367296747863293,-0.006914772558957338,-0.02175057679414749,-0.026306694373488426,-0.010379483923316002,0.008268926292657852,-0.004251622594892979
train,1987-11,1987-12,0.019555028527975082,-0.015499742701649666,0.012181781232357025,0.020874464884400368,0.008922271430492401,-0.03484513983130455,-0.008761957287788391,0.03760140389204025
train,1987-12,1988-01,-0.012030694633722305,-0.0029582504648715258,0.0007878820179030299,0.01154496893286705,0.015152201056480408,0.02741730958223343,-0.008199028670787811,-0.012859448790550232
train,1988-01,1988-02,0.0004969012225046754,-0.00610361760482192,0.003089717822149396,0.013833967968821526,0.0134893162176013,-0.007282929960638285,0.0015097809955477715,0.002898481907323003
train,1988-02,1988-03,-0.012777067720890045,-0.004137125331908464,-0.002467110985890031,0.0054954541847109795,0.0024324236437678337,0.00173487002030015,0.011634266003966331,-0.01071186549961567
train,1988-03,1988-04,-0.006537620443850756,-0.00379764661192894,-2.84049310721457e-05,0.004534329287707806,-0.0009157131426036358,-0.0001977782230824232,0.003983691334724426,-0.004678257741034031
train,1988-04,1988-05,-0.00045240356121212244,0.004323065280914307,-0.006272436585277319,-0.01063550915569067,-0.018832268193364143,-0.006604833994060755,0.002218307461589575,-0.002603380475193262
train,1988-05,1988-06,0.00942276045680046,-0.003088852157816291,0.0053706481121480465,0.007178630214184523,0.0006512016407214105,-0.01365602295845747,-0.0028693052008748055,0.010941915214061737
train,1988-06,1988-07,-0.0033193586859852076,0.00740849832072854,-0.003621949814260006,-0.0049996282905340195,-0.002393239177763462,0.010583406314253807,-0.002616328652948141,-0.0086918780580163
train,1988-07,1988-08,-0.0009532480617053807,0.006253769621253014,-0.004877092316746712,-0.010929086245596409,-0.014951438643038273,-0.0032214554958045483,0.0006707997526973486,-0.001188352471217513
train,1988-08,1988-09,-0.0001125093549489975,-0.0018689194694161415,-0.0004310896620154381,0.0031298245303332806,-0.004563270136713982,-0.009331105276942253,0.0028319591656327248,0.004456172697246075
train,1988-09,1988-10,0.0072350287809967995,0.0075117116793990135,-0.009388559497892857,-0.015211304649710655,-0.023573938757181168,-0.015475792810320854,0.0006862017326056957,0.0034101458732038736
train,1988-10,1988-11,0.004526115022599697,0.008403287269175053,-0.011350206099450588,-0.011617541313171387,-0.020661864429712296,-0.010559050366282463,0.0019205318531021476,0.006566785741597414
train,1988-11,1988-12,0.00041375309228897095,-0.011334615759551525,0.009675602428615093,0.013556240126490593,0.0038793173152953386,-0.018674934282898903,0.0005706679075956345,0.01321960799396038
train,1988-12,1989-01,-0.01564732752740383,-0.016555480659008026,-0.003595752874389291,0.020075621083378792,0.010418280027806759,0.012661688029766083,0.006978453602641821,-0.0115607725456357
train,1989-01,1989-02,-0.003556097624823451,-0.0020196938421577215,-0.0002556698746047914,0.0027954988181591034,-0.008793454617261887,-0.005250040907412767,0.0034748457837849855,-0.0011361128417775035
train,1989-02,1989-03,-0.0026644468307495117,-0.004362466745078564,-0.004371888469904661,-0.002448144368827343,-0.01144047174602747,-0.01055051013827324,0.003497348167002201,0.00010706519242376089
train,1989-03,1989-04,-0.0013013272546231747,-0.007799025159329176,-0.002122127916663885,0.006193143781274557,-0.006569313816726208,-0.01337888091802597,0.005516853183507919,0.004401918035000563
train,1989-04,1989-05,-0.0017311119008809328,-0.003324515651911497,0.0001289999927394092,0.00170977134257555,-0.007004222832620144,-0.01372659020125866,0.0006459862925112247,0.004608942661434412
train,1989-05,1989-06,-0.004139707889407873,0.008815399371087551,-0.013504017144441605,-0.010005130432546139,-0.021628104150295258,0.0019469537073746324,0.0007065695244818926,-0.010901066474616528
train,1989-06,1989-07,0.01263188011944294,0.0025564050301909447,-0.0004121553502045572,-0.005838170647621155,-0.01429503783583641,-0.01986997202038765,0.002236691303551197,0.009748861193656921
train,1989-07,1989-08,0.011568034067749977,0.004931109491735697,0.0054611507803201675,-0.002763753291219473,-0.005349412094801664,-0.009081721305847168,-0.005498133599758148,0.011734097264707088
train,1989-08,1989-09,-0.0030631443951278925,-0.0011001500533893704,0.007099952083081007,0.0010747004998847842,-0.002725424710661173,0.0004277643165551126,0.0023918445222079754,0.001464122673496604
train,1989-09,1989-10,-0.0012493375688791275,0.004146836698055267,-0.004399148281663656,-0.010994946584105492,-0.015404200181365013,-0.009108157828450203,0.01399963442236185,-0.0038771233521401882
train,1989-10,1989-11,0.01465724129229784,0.002591329161077738,0.0020969428587704897,-0.00763217406347394,-0.010009351186454296,-0.020287463441491127,-0.0011255145072937012,0.004089036025106907
train,1989-11,1989-12,0.0029489132575690746,-0.004948058165609837,-0.004114558454602957,0.0011005738051608205,-0.015388945117592812,-0.026760349050164223,0.008456643670797348,0.0007615463109686971
train,1989-12,1990-01,-0.019991278648376465,0.002955965930595994,0.0003097273875027895,-0.003008780535310507,0.0002736896276473999,0.020706042647361755,0.010821523144841194,-0.027019569650292397
train,1990-01,1990-02,-0.0030885038431733847,-0.00496191019192338,0.004364201799035072,0.008288970217108727,0.0038354501593858004,-0.00452063325792551,0.002590135671198368,-0.0007347404607571661
train,1990-02,1990-03,-0.002699256408959627,-0.013286370784044266,0.010592548176646233,0.01815222017467022,0.009693950414657593,-0.013683502562344074,0.0102469427511096,0.004975753836333752
train,1990-03,1990-04,-0.008416288532316685,-0.0032675201073288918,-0.00017023179680109024,0.004219357855618,0.0016994548495858908,0.002437285613268614,0.013371674343943596,-0.00584516441449523
train,1990-04,1990-05,0.007701457478106022,-0.016308732330799103,0.015805907547473907,0.021707303822040558,0.011798093095421791,-0.027408013120293617,0.003677592147141695,0.010275978595018387
train,1990-05,1990-06,-0.008940665051341057,-0.00498543493449688,0.005203139036893845,0.0031963083893060684,-0.00014890613965690136,-0.00414847070351243,0.009878480806946754,-0.008864494040608406
train,1990-06,1990-07,-0.009040944278240204,-0.0032756465952843428,-0.007452932186424732,-0.0014151381328701973,-0.013575389981269836,-0.0031454963609576225,0.013638371601700783,-0.016357356682419777
train,1990-07,1990-08,-0.003874910995364189,0.00955919362604618,-0.01567365974187851,-0.02183486893773079,-0.03362914174795151,-0.006521942559629679,0.011084327474236488,-0.011948538944125175
train,1990-08,1990-09,-0.010903574526309967,0.0029780406039208174,-0.016274413093924522,-0.015132956206798553,-0.02756887674331665,-0.006782528944313526,0.023914843797683716,-0.018903477117419243
train,1990-09,1990-10,-0.0002249651588499546,-0.0028217982035130262,-0.006178965326398611,-0.012216493487358093,-0.016814103350043297,-0.019884362816810608,0.009259827435016632,0.0025032805278897285
train,1990-10,1990-11,0.02009647525846958,-0.002960227895528078,0.010325673967599869,0.01946997456252575,0.009860173799097538,-0.028641877695918083,-0.012759590521454811,0.032003164291381836
train,1990-11,1990-12,0.016668960452079773,0.0006379373371601105,0.002709972206503153,-0.004745051730424166,-0.022009186446666718,-0.04252459853887558,0.0013523383531719446,0.02186952717602253
train,1990-12,1991-01,-0.01964029297232628,-0.02423308789730072,0.01926366239786148,0.047764722257852554,0.046814925968647,0.01054241694509983,-0.01921829581260681,0.011086540296673775
train,1991-01,1991-02,-0.01265004463493824,-0.019944380968809128,0.020259622484445572,0.0438324511051178,0.04560920596122742,0.03825880214571953,-0.018834155052900314,0.002022582571953535
train,1991-02,1991-03,-0.023269563913345337,-0.013633130118250847,0.013762117363512516,0.025508813560009003,0.02381756901741028,0.020469244569540024,-0.00041068647988140583,-0.00993422232568264
train,1991-03,1991-04,-0.009638594463467598,-0.0008097544778138399,0.0048985909670591354,0.004723537713289261,0.001965530915185809,0.01754237338900566,0.010459904558956623,-0.009064357727766037
train,1991-04,1991-05,0.0006923041073605418,-0.0015812127385288477,-0.0011897498043254018,0.0028873945120722055,-0.01312493160367012,-0.011052751913666725,0.002801476279273629,-0.0014318558387458324
train,1991-05,1991-06,-0.01129943784326315,0.004112881608307362,-0.014426088891923428,-0.014835653826594353,-0.012840483337640762,0.005976053886115551,0.011701498180627823,-0.017788663506507874
train,1991-06,1991-07,0.0012621351052075624,-0.0029126624576747417,0.0034370224457234144,0.005105636548250914,-0.0013923104852437973,-0.0022233687341213226,0.00608148705214262,0.0016356863779947162
train,1991-07,1991-08,-0.00638626329600811,-0.005147255957126617,0.00544562516734004,0.004982080310583115,0.0028626357670873404,-0.003358488902449608,-0.0024410129990428686,-0.00027896976098418236
train,1991-08,1991-09,-0.0045563774183392525,-0.00405293982475996,0.011976074427366257,0.0035296396818012,0.005037995986640453,0.0035192996729165316,0.0066808490082621574,-0.004521771799772978
train,1991-09,1991-10,7.198331877589226e-05,-0.0041111307218670845,0.010661551728844643,0.001825314830057323,0.00590057298541069,0.00168641097843647,-5.725654773414135e-05,0.0021973983384668827
train,1991-10,1991-11,-0.011854325421154499,0.0012055549304932356,-0.0017887800931930542,-0.012724683620035648,-0.010568885132670403,0.0028554515447467566,0.006751209497451782,-0.009980606846511364
train,1991-11,1991-12,0.02272702008485794,-0.005154148675501347,0.01006863173097372,0.004614757373929024,-0.006040721666067839,-0.04329778254032135,-0.007649341598153114,0.029193375259637833
train,1991-12,1992-01,-0.07369275391101837,-0.0372190997004509,0.026300814002752304,0.0626072883605957,0.06730005145072937,0.09760724753141403,-0.011643228121101856,-0.051720887422561646
train,1992-01,1992-02,-0.022913625463843346,-0.00532472413033247,-0.001975609455257654,0.013032720424234867,0.0008704389911144972,0.017992356792092323,-0.003663672599941492,-0.010205935686826706
train,1992-02,1992-03,-0.018986500799655914,6.0587888583540916e-05,-0.01849038526415825,-0.01541739422827959,-0.022446779534220695,0.005440991837531328,0.019145362079143524,-0.019925830885767937
train,1992-03,1992-04,0.005297014489769936,0.02009977214038372,-0.02303556352853775,-0.02584359422326088,-0.041406016796827316,-0.017331555485725403,0.006177730858325958,0.00251008034683764
train,1992-04,1992-05,-0.0031865458004176617,-0.0012006040196865797,-0.007799332961440086,-0.005872195120900869,-0.010836668312549591,-0.0040603093802928925,0.0029027946293354034,0.002113522030413151
train,1992-05,1992-06,0.00023121386766433716,0.012723492458462715,-0.018988875672221184,-0.02446157857775688,-0.03183150291442871,-0.004842288792133331,0.0033093702513724566,-0.00711706280708313
train,1992-06,1992-07,0.013778777793049812,0.008273895829916,0.0017367713153362274,-0.010460656136274338,-0.01267531979829073,-0.006395503878593445,-0.009156876243650913,0.010367562994360924
train,1992-07,1992-08,0.006938476115465164,0.013985030353069305,-0.005302596837282181,-0.012856965884566307,-0.014969142153859138,-0.005085512064397335,0.004847954958677292,0.0019108103588223457
train,1992-08,1992-09,0.005057715345174074,-0.0015259810024872422,0.0019361232407391071,-0.000855565769597888,-0.003891713684424758,-0.005285787861794233,0.0013686539605259895,0.002818162553012371
train,1992-09,1992-10,0.006118094548583031,0.002149198204278946,0.016438934952020645,0.002675663447007537,0.0059776389971375465,-0.007360910065472126,-0.0070513770915567875,0.011047355830669403
train,1992-10,1992-11,0.00012080930173397064,-0.005410525947809219,0.022912725806236267,0.022084563970565796,0.02162066288292408,0.005908944644033909,-0.0016538610216230154,0.014890403486788273
train,1992-11,1992-12,-0.00112682837061584,0.0009419135749340057,0.00090940878726542,-0.002281761495396495,-0.007930394262075424,0.0019679651595652103,-0.005123147740960121,0.0023972848430275917
train,1992-12,1993-01,-0.024423345923423767,-0.003421358997002244,-0.002033873926848173,0.019204188138246536,0.007409499026834965,0.04046152904629707,0.004969897214323282,-0.012117509730160236
train,1993-01,1993-02,-0.012413944117724895,0.005584125407040119,-0.02861762046813965,-0.018928108736872673,-0.03300449252128601,-0.005845282226800919,0.0034559499472379684,-0.019096380099654198
train,1993-02,1993-03,0.004470025189220905,0.002056764205917716,-0.0016493815928697586,-0.003790436079725623,-0.011237086728215218,-0.0004135255003347993,-0.001004067249596119,-0.002696556970477104
train,1993-03,1993-04,-0.01047329232096672,-0.000740988994948566,-0.011497817002236843,-0.005915126763284206,-0.010207089595496655,0.010298258624970913,0.009805488400161266,-0.013961260206997395
train,1993-04,1993-05,-0.013403758406639099,-0.018970336765050888,0.009874420240521431,0.01961824856698513,0.018420621752738953,-0.0002897587255574763,0.004014064557850361,-0.003764980472624302
train,1993-05,1993-06,-0.013026049360632896,-0.0119229257106781,-0.0058050090447068214,-0.005722818896174431,-0.00962233729660511,0.0018732133321464062,0.0034670252352952957,-0.009540417231619358
train,1993-06,1993-07,0.0002223615301772952,0.007338264491409063,-0.005633658263832331,-0.007241354323923588,-0.017628783360123634,0.0015747149009257555,-0.0002703053178265691,-0.003991731442511082
train,1993-07,1993-08,0.0015114052221179008,0.0021624392829835415,0.007556042168289423,0.00516655296087265,0.0075760954059660435,-0.0008229432860389352,-0.0020787487737834454,-0.001578827854245901
train,1993-08,1993-09,-0.0033677672035992146,-0.0027572265826165676,0.005699594505131245,0.005672929808497429,-0.00131901481654495,0.008493905887007713,0.0027357935905456543,0.0010368148796260357
train,1993-09,1993-10,-0.014330083504319191,-0.009784611873328686,0.008899502456188202,0.016670972108840942,0.01359960250556469,0.011582660488784313,-0.00010603154078125954,0.00016980251530185342
train,1993-10,1993-11,-0.005681684706360102,0.006276275962591171,0.00044979254016652703,-0.0031897432636469603,-0.00515546090900898,-0.009877178817987442,0.0009457938722334802,-0.0004969563451595604
train,1993-11,1993-12,0.011162557639181614,0.00836891122162342,-0.0023812302388250828,-0.007511861622333527,-0.018995018675923347,-0.023506972938776016,-0.00031440763268619776,0.011449252255260944
train,1993-12,1994-01,-0.015526513569056988,-0.008242739364504814,-0.002157829701900482,0.010337261483073235,0.007613515015691519,0.013216743245720863,0.001790207577869296,-0.009668029844760895
train,1994-01,1994-02,-0.0067220269702374935,0.003614930436015129,-0.0003013357345480472,-0.0020594345405697823,-0.005062549374997616,-0.0064666420221328735,0.002359767211601138,-0.0018073396058753133
train,1994-02,1994-03,-0.00649990513920784,0.006547663360834122,-0.007894206792116165,-0.006470248103141785,-0.010113825090229511,0.0026863503735512495,0.0060396078042685986,-0.0008006535936146975
train,1994-03,1994-04,0.004194398410618305,0.008916446939110756,-0.012728708796203136,-0.015833638608455658,-0.030074136331677437,-0.019281655550003052,0.003957666456699371,0.004337589722126722
train,1994-04,1994-05,0.0012445374159142375,0.0035052448511123657,-0.0040748948231339455,-0.008234266191720963,-0.012087054550647736,-0.002898008329793811,-0.0006041228771209717,-0.00015040492871776223
train,1994-05,1994-06,0.0033916071988642216,0.018841445446014404,-0.015401413664221764,-0.025733787566423416,-0.028177274391055107,-0.0038549609016627073,0.004898936487734318,-0.0025428629014641047
train,1994-06,1994-07,0.0008489829488098621,-0.00047951284795999527,-0.0036552774254232645,-0.0019605548586696386,-0.00438141543418169,-0.007824934087693691,-0.002367250854149461,0.001590175088495016
train,1994-07,1994-08,0.0057731084525585175,-0.0016782934544607997,0.020580386742949486,0.013087421655654907,0.009168960154056549,-0.013993332162499428,-0.005369964521378279,0.015451984480023384
train,1994-08,1994-09,-0.006492627784609795,-0.0025244131684303284,0.006590546574443579,0.004524911753833294,0.0010058365296572447,0.0023880593944340944,0.005047105252742767,0.0018425785237923265
train,1994-09,1994-10,-0.0021482373122125864,0.0022106938995420933,0.007920543663203716,0.003210208145901561,-0.0029160152189433575,-0.009895086288452148,0.0070450641214847565,0.0026379148475825787
train,1994-10,1994-11,-0.004722100682556629,-0.0012622206704691052,0.003981390502303839,-0.006831055507063866,-0.007961096242070198,-0.017660902813076973,0.005158138461410999,0.004685887601226568
train,1994-11,1994-12,0.010327505879104137,0.006249981001019478,-0.007579165976494551,-0.010159388184547424,-0.02503972500562668,-0.02476450242102146,0.0023454916663467884,0.006470976863056421
train,1994-12,1995-01,-0.017482461407780647,-0.007509085349738598,0.0034851834643632174,0.01236359216272831,0.009957246482372284,0.017905646935105324,-0.002538960427045822,-0.008296984247863293
train,1995-01,1995-02,0.0009465282782912254,0.0006496706628240645,-0.0006079250015318394,0.003059034701436758,-0.007313264533877373,-0.011665165424346924,-0.0003167686518281698,0.006544637028127909
train,1995-02,1995-03,0.0036626344081014395,0.00041634973604232073,0.009269787929952145,0.0033881249837577343,0.00120057025924325,-0.0043740225955843925,-0.001673094229772687,0.006091778166592121
train,1995-03,1995-04,-0.004506181925535202,0.0030034873634576797,0.0016077816253528,0.0007373921689577401,-0.004230080172419548,-0.0036819728557020426,-0.003121774410828948,0.002851514844223857
train,1995-04,1995-05,-0.004699124023318291,-0.0015476186526939273,-0.003023280296474695,-0.00486895302310586,-0.008514227345585823,-0.010169041343033314,0.002809524070471525,0.003246182342991233
train,1995-05,1995-06,-0.007825801149010658,-0.013339060358703136,0.027346469461917877,0.020722419023513794,0.02363036945462227,0.0054536727257072926,-0.007856979966163635,0.013232484459877014
train,1995-06,1995-07,0.0009143128991127014,-0.004739888943731785,0.02187269926071167,0.017447419464588165,0.019492117688059807,0.00445367768406868,-0.009049599058926105,0.011027516797184944
train,1995-07,1995-08,-0.017553869634866714,-0.011005503125488758,-0.004425877705216408,-0.0019491231068968773,-0.00879669189453125,0.003587020095437765,0.0006476895650848746,-0.006699106656014919
train,1995-08,1995-09,-0.014842450618743896,-0.007902996614575386,0.0016849080566316843,0.001385146053507924,-0.0010609128512442112,0.0027456898242235184,0.001915331231430173,-0.006953428499400616
train,1995-09,1995-10,0.008902724832296371,0.020139720290899277,-0.015574458986520767,-0.025320962071418762,-0.03525213152170181,-0.016465196385979652,0.008480662479996681,0.006099889986217022
train,1995-10,1995-11,0.02192740887403488,0.012046505697071552,0.000315658951876685,-0.011126047931611538,-0.015606829896569252,-0.02351909875869751,-0.0031562759540975094,0.018277695402503014
train,1995-11,1995-12,-0.0035296676214784384,-0.0030196760781109333,-0.006627727299928665,-0.013007782399654388,-0.02103116549551487,-0.015390116721391678,0.003682477865368128,-0.003551655216142535
train,1995-12,1996-01,-0.026303131133317947,-0.017699792981147766,-0.0015866856556385756,0.014652900397777557,0.005495764315128326,0.021149907261133194,0.004372698254883289,-0.02325402945280075
train,1996-01,1996-02,-0.010991870425641537,-0.011700588278472424,0.013863498345017433,0.015570707619190216,0.015876751393079758,0.009798012673854828,-0.0021877773106098175,-3.54166841134429e-05
train,1996-02,1996-03,-0.007565947249531746,-0.0060256244614720345,-0.0002093601506203413,0.008956551551818848,0.0017356229946017265,0.005752934142947197,0.006302423309534788,-0.007588075939565897
train,1996-03,1996-04,-0.0054551661014556885,-0.00845945905894041,0.03172015771269798,0.032537877559661865,0.03343662619590759,0.009795097634196281,-0.010520948097109795,0.015882398933172226
train,1996-04,1996-05,-0.031247034668922424,-0.01869691163301468,0.01765325479209423,0.028283357620239258,0.03391914814710617,0.03441433236002922,0.0010598587105050683,-0.010685849003493786
train,1996-05,1996-06,0.0003774016513489187,0.00778185622766614,-0.029127806425094604,-0.02595622092485428,-0.039562419056892395,-0.012053558602929115,0.009702040813863277,-0.01569209061563015
train,1996-06,1996-07,0.0034032564144581556,0.013817445375025272,-0.03934602066874504,-0.026099318638443947,-0.05269959568977356,-0.027551893144845963,0.023497560992836952,-0.006777467206120491
train,1996-07,1996-08,0.009193320758640766,-0.0015473385574296117,0.010886253789067268,0.007957152090966702,0.00288659380748868,-0.004344244487583637,-0.006580767221748829,0.012028820812702179
train,1996-08,1996-09,0.013244235888123512,0.003603905439376831,0.008411829359829426,0.005506573244929314,-0.00037453818367794156,-0.006872427649796009,-0.005063476040959358,0.01696755923330784
train,1996-09,1996-10,0.007968110032379627,0.013905391097068787,-0.028740890324115753,-0.029994284734129906,-0.0484485924243927,-0.03620266169309616,0.010633074678480625,0.0019167109858244658
train,1996-10,1996-11,0.008480100892484188,0.008691223338246346,-0.008847185410559177,-0.008031636476516724,-0.0169887226074934,-0.027855731546878815,0.0007692273356951773,0.01242644153535366
train,1996-11,1996-12,0.011679849587380886,0.014404863119125366,-0.009039342403411865,-0.0197006668895483,-0.02863287925720215,-0.026801152154803276,0.0006230734288692474,0.01146584190428257
train,1996-12,1997-01,-0.020220967009663582,-0.019855961203575134,0.012642288580536842,0.028930049389600754,0.02759864181280136,0.032595377415418625,0.005131077952682972,-0.006318674888461828
train,1997-01,1997-02,-0.0092484625056386,0.01120027806609869,-0.03358425572514534,-0.02951548621058464,-0.038536228239536285,-0.01155967265367508,0.006579666398465633,-0.025012318044900894
train,1997-02,1997-03,-0.002335308352485299,0.011059480719268322,-0.02954168990254402,-0.02498403564095497,-0.03941372036933899,-0.021077534183859825,0.014166196808218956,-0.01280222088098526
train,1997-03,1997-04,0.011951610445976257,0.00919896736741066,-0.01754429191350937,-0.011877239681780338,-0.028154542669653893,-0.026310965418815613,0.008419984951615334,0.0021015661768615246
train,1997-04,1997-05,0.016537949442863464,-0.0045553697273135185,0.03240647166967392,0.02967299334704876,0.029978666454553604,-0.007822273299098015,-0.009485757909715176,0.037229958921670914
train,1997-05,1997-06,0.005881886929273605,0.007963948883116245,-0.012676429934799671,-0.012366145849227905,-0.02209855616092682,-0.006855586543679237,0.0048545184545218945,-0.004287370480597019
train,1997-06,1997-07,0.009555989876389503,0.001100641442462802,-0.002095805946737528,0.003378994297236204,-0.0030733488965779543,-0.014453471638262272,0.00019791978411376476,0.016747191548347473
train,1997-07,1997-08,-0.011699170805513859,-0.008777068927884102,0.010882186703383923,0.01611270383000374,0.014015330001711845,0.010347417555749416,0.0005668233497999609,0.00521492213010788
train,1997-08,1997-09,-0.008605736307799816,-0.005726329982280731,0.004586884751915932,0.009947455488145351,0.0016695100348442793,0.006351828575134277,0.0027213855646550655,0.002067690948024392
train,1997-09,1997-10,-0.013819718733429909,-0.00016124197281897068,-0.018115438520908356,-0.016839057207107544,-0.018349548801779747,0.002625853754580021,0.006601789966225624,-0.02098146826028824
train,1997-10,1997-11,0.012471483089029789,0.018679430708289146,-0.02380206622183323,-0.0289621502161026,-0.045082442462444305,-0.03135579451918602,0.010235742665827274,0.0010328177595511079
train,1997-11,1997-12,0.03298911824822426,0.035902537405490875,-0.04282752424478531,-0.054412826895713806,-0.07581622153520584,-0.05094064772129059,0.006029434502124786,0.000764567987062037
train,1997-12,1998-01,-0.01781822368502617,-0.015298805199563503,0.01632111892104149,0.021119320765137672,0.03145669773221016,0.029102446511387825,-0.007178142201155424,-0.011023059487342834
train,1998-01,1998-02,0.00511713232845068,0.0020803287625312805,0.010041384026408195,0.008869417943060398,0.006742821075022221,-0.007443652488291264,-0.006824295036494732,0.008323714137077332
train,1998-02,1998-03,-0.0014998792903497815,-0.0009095950517803431,-0.002330327872186899,0.0023063616827130318,-0.005516678094863892,0.0018414899241179228,0.004327251575887203,-0.003115925006568432
train,1998-03,1998-04,-0.0074715521186590195,-0.005641988944262266,0.007210752926766872,0.008852718397974968,0.004986069165170193,0.010570845566689968,-0.0049309395253658295,0.000598653219640255
train,1998-04,1998-05,-0.009919293224811554,0.008750894106924534,-0.02181238681077957,-0.022968722507357597,-0.027975715696811676,-0.008567768149077892,0.011905713006854057,-0.01606079377233982
train,1998-05,1998-06,0.016012748703360558,0.0013058781623840332,-0.007076823152601719,-0.011088581755757332,-0.023689649999141693,-0.02491074614226818,0.0038377600722014904,0.007480026688426733
train,1998-06,1998-07,-0.01042681559920311,0.007710423320531845,-0.013477625325322151,-0.01738153025507927,-0.019291654229164124,0.0006263115792535245,0.007775961421430111,-0.018508974462747574
train,1998-07,1998-08,-0.0028321556746959686,0.030547350645065308,-0.042988307774066925,-0.048407021909952164,-0.06069490686058998,-0.030278224498033524,0.026618925854563713,-0.017564410343766212
train,1998-08,1998-09,0.018155740574002266,-0.01651572622358799,0.023103270679712296,0.01914774626493454,0.013207154348492622,-0.02436492219567299,-0.0118586840108037,0.02971740998327732
train,1998-09,1998-10,0.02091038227081299,0.0016269878251478076,0.022474542260169983,0.01531270146369934,0.022267114371061325,-0.020663926377892494,-0.012178960256278515,0.035904258489608765
train,1998-10,1998-11,-0.022540463134646416,-0.030585898086428642,0.04784455895423889,0.04183627665042877,0.04115879535675049,0.0323062390089035,-0.0076246103271842,0.007969969883561134
train,1998-11,1998-12,0.01260113064199686,-0.004236394073814154,0.020001307129859924,0.007530308794230223,0.005881228484213352,-0.01381014846265316,-0.003819796023890376,0.015795839950442314
train,1998-12,1999-01,-0.05197549983859062,-0.04415454715490341,0.03959588333964348,0.05407672002911568,0.06787959486246109,0.07046367973089218,-0.018587667495012283,-0.010596008971333504
train,1999-01,1999-02,-0.014175759628415108,0.00560800964012742,-0.018917914479970932,-0.012860978953540325,-0.025356758385896683,0.002896314486861229,0.0076929847709834576,-0.017347298562526703
train,1999-02,1999-03,0.021395988762378693,0.0036741825751960278,0.018875474110245705,0.019213682040572166,0.010863227769732475,0.004705863073468208,-0.017200807109475136,0.007903666235506535
train,1999-03,1999-04,0.001906392048113048,-0.014002693817019463,0.014161392115056515,0.024987995624542236,0.0199739970266819,0.003424324095249176,-0.015007155016064644,0.0010037816828116775
train,1999-04,1999-05,-0.024736307561397552,-0.019338291138410568,0.006666096858680248,0.00976322591304779,0.009816749021410942,-0.005140682216733694,0.010773899033665657,-0.0014580799033865333
train,1999-05,1999-06,-0.0016876161098480225,-0.004963782615959644,0.01616063341498375,0.008953217417001724,0.0091697433963418,-0.015581932850182056,-0.0034645290579646826,0.016269994899630547
train,1999-06,1999-07,-0.024579795077443123,-0.015096851624548435,0.002803437877446413,0.004907249007374048,0.004171070642769337,0.0036067140754312277,0.011002594605088234,-0.003672204678878188
train,1999-07,1999-08,-0.005630378145724535,0.004076093435287476,0.00370187871158123,-0.01069695595651865,-0.011430386453866959,-0.01839636079967022,0.0076745860278606415,0.008804414421319962
train,1999-08,1999-09,0.0012800244148820639,-0.0044084107503294945,0.0207576472312212,0.007486275397241116,0.013506539165973663,-0.00020239478908479214,-0.009498750790953636,0.013133823871612549
train,1999-09,1999-10,0.010589230805635452,0.002935330616310239,0.009973823092877865,-0.002905115485191345,-0.004795409273356199,-0.011224692687392235,-0.008779391646385193,0.017653334885835648
train,1999-10,1999-11,-0.035891320556402206,-0.04315514862537384,0.07651114463806152,0.06347440183162689,0.08362744003534317,0.0375007688999176,-0.03168417140841484,0.026868216693401337
train,1999-11,1999-12,-0.03194360435009003,-0.05358219891786575,0.07226163893938065,0.0542462021112442,0.07471325248479843,0.013982679694890976,-0.020045043900609016,0.02883860096335411
validation,1999-12,2000-01,-0.09857220947742462,-0.06945956498384476,0.02208377793431282,0.04595774784684181,0.05648937076330185,0.04910823330283165,0.003053070046007633,-0.04331313073635101
validation,2000-01,2000-02,-0.12466885149478912,-0.12128674983978271,0.08843023329973221,0.08354341983795166,0.1205315962433815,0.04691333323717117,-0.00922313705086708,0.01500718668103218
validation,2000-02,2000-03,0.013976451009511948,0.0054724314250051975,-0.021566972136497498,0.0030964426696300507,-0.03172143176198006,-0.03532543033361435,0.029562732204794884,-0.007908446714282036
validation,2000-03,2000-04,0.013896089047193527,0.034073710441589355,-0.06753470748662949,-0.02828032895922661,-0.08726795762777328,-0.057846568524837494,0.06794117391109467,-0.0153507674112916
validation,2000-04,2000-05,0.011608969420194626,0.026193367317318916,-0.042699843645095825,-0.0319945365190506,-0.06410256028175354,-0.0400710366666317,0.03419815003871918,-0.024187210947275162
validation,2000-05,2000-06,-0.0025893165729939938,-0.029725924134254456,0.07084415853023529,0.045641422271728516,0.06422567367553711,0.027356121689081192,-0.042564064264297485,0.050554435700178146
validation,2000-06,2000-07,0.0020196381956338882,0.018486741930246353,-0.03480057790875435,-0.03175827115774155,-0.04681037366390228,-0.024585861712694168,0.020404325798153877,-0.020566394552588463
validation,2000-07,2000-08,-0.00502348504960537,-0.017691144719719887,0.027456406503915787,0.019082698971033096,0.020768169313669205,-0.020575596019625664,-0.010117117315530777,0.030694633722305298
validation,2000-08,2000-09,-0.009423218667507172,0.012879325076937675,-0.034537166357040405,-0.05464242771267891,-0.05772329121828079,-0.04497188702225685,0.020366288721561432,-0.025967640802264214
validation,2000-09,2000-10,0.004960692021995783,0.014353632926940918,-0.03366553410887718,-0.04743555933237076,-0.057307686656713486,-0.06089392676949501,0.030188284814357758,-0.006592058576643467
validation,2000-10,2000-11,0.00018311268649995327,0.03930862247943878,-0.08177240192890167,-0.0973476693034172,-0.11529865860939026,-0.0848601758480072,0.05748976394534111,-0.04271293804049492
validation,2000-11,2000-12,0.05434320122003555,0.03449359908699989,-0.029399452731013298,-0.05388570949435234,-0.06646019220352173,-0.07905741035938263,0.014434547163546085,-0.0014479388482868671
validation,2000-12,2001-01,-0.07014694809913635,-0.1045152023434639,0.11668967455625534,0.18513049185276031,0.18979525566101074,0.18280218541622162,-0.0793192982673645,0.06125827133655548
validation,2001-01,2001-02,-0.014994052238762379,0.02362794801592827,-0.0833810344338417,-0.08365137130022049,-0.10130376368761063,-0.06555205583572388,0.04818277060985565,-0.06743991374969482
validation,2001-02,2001-03,-0.003380037844181061,0.010721955448389053,-0.05423233285546303,-0.04655470699071884,-0.0758756548166275,-0.0568062923848629,0.04289158806204796,-0.03378164768218994
validation,2001-03,2001-04,0.02118239551782608,-0.01821761205792427,0.054312814027071,0.050142139196395874,0.0558672770857811,0.0074615865014493465,-0.013842178508639336,0.0527702271938324
validation,2001-04,2001-05,-0.021208833903074265,-0.0064999195747077465,-0.004633049946278334,0.001965672941878438,-0.0007543629035353661,0.01411711797118187,0.0006959866732358932,-0.016234979033470154
validation,2001-05,2001-06,-0.0002559714484959841,0.008675774559378624,-0.003298955038189888,-0.014947834424674511,-0.022540677338838577,-0.018699534237384796,0.005493934266269207,0.004390882793813944
validation,2001-06,2001-07,-0.009907386265695095,0.008409702219069004,-0.046669065952301025,-0.041335076093673706,-0.056783463805913925,-0.03765437752008438,0.03697308152914047,-0.03026648983359337
validation,2001-07,2001-08,-0.006438842974603176,0.025763321667909622,-0.03737196326255798,-0.04102543741464615,-0.04957443103194237,-0.024540534242987633,0.01849018782377243,-0.02514341101050377
validation,2001-08,2001-09,-0.009802628308534622,0.02873873896896839,-0.05145137012004852,-0.05955496430397034,-0.07456740736961365,-0.02855386584997177,0.03791613131761551,-0.036473389714956284
validation,2001-09,2001-10,0.0008655872661620378,-0.04132166877388954,0.07727901637554169,0.07090780884027481,0.09042463451623917,0.032402679324150085,-0.02393305115401745,0.0685514286160469
validation,2001-10,2001-11,0.012796874158084393,-0.01602017879486084,0.04520890489220619,0.05171964317560196,0.04879974201321602,0.01233956404030323,-0.025779282674193382,0.04786628484725952
validation,2001-11,2001-12,0.005637607537209988,-0.005261183250695467,0.022320495918393135,0.027789536863565445,0.020488416776061058,0.013563405722379684,-0.005353180691599846,0.024737035855650902
validation,2001-12,2002-01,-0.039354465901851654,-0.0029383881483227015,-0.016177793964743614,-0.00281146471388638,-0.016879646107554436,0.010616463609039783,0.017728740349411964,-0.024737317115068436
validation,2002-01,2002-02,0.0036367776338011026,0.027785975486040115,-0.049227312207221985,-0.05419652909040451,-0.06718465685844421,-0.031710557639598846,0.03784117102622986,-0.044930536299943924
validation,2002-02,2002-03,-0.0008983472362160683,-0.007223072927445173,0.015510188415646553,0.01967645436525345,0.01886863447725773,0.004593677818775177,-0.011139131151139736,0.010650129988789558
validation,2002-03,2002-04,-0.003373250365257263,0.03424950689077377,-0.05840655416250229,-0.04753294959664345,-0.06364140659570694,-0.014404644258320332,0.031016208231449127,-0.0460592582821846
validation,2002-04,2002-05,-0.007685523945838213,0.013112946413457394,-0.0316782183945179,-0.028243154287338257,-0.039633721113204956,-0.011341508477926254,0.024519119411706924,-0.027494797483086586
validation,2002-05,2002-06,0.009059306234121323,0.028357237577438354,-0.048874616622924805,-0.044291380792856216,-0.06656701117753983,-0.021311845630407333,0.03250204399228096,-0.029124919325113297
validation,2002-06,2002-07,-0.003626248799264431,0.010966746136546135,-0.03499666973948479,-0.029750563204288483,-0.0427800714969635,-0.014921072870492935,0.030914803966879845,-0.020210634917020798
validation,2002-07,2002-08,0.012134422548115253,0.003970123361796141,-2.0213425159454346e-05,-0.00042836694046854973,-0.010946275666356087,-0.008311206474900246,0.005716745741665363,0.005794033408164978
validation,2002-08,2002-09,0.015986774116754532,0.02946978062391281,-0.033939845860004425,-0.045234739780426025,-0.051231540739536285,-0.02268628031015396,0.034786514937877655,-0.006034822668880224
validation,2002-09,2002-10,-0.008187376894056797,-0.03402441740036011,0.044071391224861145,0.038474299013614655,0.04649270325899124,-0.005686007905751467,-0.021955043077468872,0.031666018068790436
validation,2002-10,2002-11,-0.04568691551685333,-0.0787123292684555,0.07920043915510178,0.10266869515180588,0.11383109539747238,0.05393347889184952,-0.05357217416167259,0.015951015055179596
validation,2002-11,2002-12,0.03259271755814552,0.03784766420722008,-0.03873428702354431,-0.03909287229180336,-0.06606727093458176,-0.028880611062049866,0.03563403710722923,0.0034048832021653652
validation,2002-12,2003-01,-0.02304326929152012,-0.009534735232591629,-0.0013385668862611055,0.0028304944280534983,-0.0034606922417879105,0.018714208155870438,0.012544423341751099,-0.010873942635953426
validation,2003-01,2003-02,-0.00013272080104798079,0.005287609063088894,-0.011286579072475433,-0.013828832656145096,-0.019125644117593765,-0.01104624755680561,0.017448488622903824,-0.0014481304679065943
validation,2003-02,2003-03,-0.0008497187518514693,-0.007358934730291367,0.005893412046134472,-0.0008599748834967613,0.002258299384266138,-0.0037953387945890427,0.005052976310253143,0.005049469880759716
validation,2003-03,2003-04,-0.021993368864059448,-0.03161735460162163,0.029159853234887123,0.029903346672654152,0.04168429225683212,0.01071901060640812,-0.025281203910708427,-0.002622059313580394
validation,2003-04,2003-05,-0.06075264513492584,-0.07107120007276535,0.06688837707042694,0.06378094851970673,0.08815304934978485,0.05269113928079605,-0.02848641201853752,-0.01216476783156395
validation,2003-05,2003-06,-0.025133635848760605,-0.0069570052437484264,0.01322523970156908,0.024312341585755348,0.0130982780829072,0.030727609992027283,-0.002866826020181179,-0.00852272193878889
validation,2003-06,2003-07,-0.03076092153787613,-0.020720984786748886,0.010049277916550636,0.02251729555428028,0.01893027499318123,0.012981928884983063,2.0281411707401276e-05,-0.002535284264013171
validation,2003-07,2003-08,-0.016864342615008354,-0.016200300306081772,0.013419073075056076,0.01664351113140583,0.0215335413813591,0.0044652847573161125,-0.002870589029043913,0.005715297535061836
validation,2003-08,2003-09,-0.03581083193421364,-0.023679643869400024,0.004258180037140846,0.018642079085111618,0.00301709258928895,0.03364956006407738,0.014125125482678413,-0.021502314135432243
validation,2003-09,2003-10,-0.01839418336749077,-0.015410794876515865,0.013367037288844585,0.01904883049428463,0.014528254047036171,0.002209254540503025,-0.003485842375084758,0.004943778272718191
validation,2003-10,2003-11,-0.00915091298520565,-0.009028212167322636,-0.005082318093627691,0.003680267371237278,-0.0049315509386360645,-0.00024067377671599388,0.0062827495858073235,-0.000672266585752368
validation,2003-11,2003-12,0.0015100009040907025,0.0018554968992248178,-0.011517614126205444,0.0008675763965584338,-0.010004652664065361,0.004073945339769125,0.0029284709598869085,-0.015842782333493233
validation,2003-12,2004-01,-0.054166220128536224,-0.044888079166412354,0.019791364669799805,0.032149333506822586,0.02882825955748558,0.03583173081278801,0.004068431444466114,-0.015562993474304676
validation,2004-01,2004-02,0.009441538713872433,0.01852142997086048,-0.01709531433880329,-0.010324055328965187,-0.01913028582930565,0.0009398700203746557,0.004479583352804184,-0.009235752746462822
validation,2004-02,2004-03,0.002709487918764353,0.008329629898071289,-0.007870388217270374,-0.0031245884019881487,-0.009410517290234566,-0.00021990493405610323,0.005295318551361561,-0.0027075631078332663
validation,2004-03,2004-04,0.004539337009191513,0.021607207134366035,-0.01445997878909111,-0.019974932074546814,-0.015867438167333603,-0.0021800361573696136,0.008475012145936489,-0.01461853738874197
validation,2004-04,2004-05,0.006209976971149445,-0.0001693258818704635,9.476166451349854e-05,0.0006056689890101552,-0.00300936633720994,-0.01406484842300415,-0.0033830287866294384,0.008104996755719185
validation,2004-05,2004-06,0.008123106323182583,0.003947242628782988,-0.006208175327628851,0.00121492228936404,-0.006683299317955971,-0.01182747632265091,-0.0014754054136574268,0.0036854720674455166
validation,2004-06,2004-07,0.02483854442834854,0.03330113738775253,-0.04249824211001396,-0.03902321308851242,-0.053110502660274506,-0.012907272204756737,0.009889138862490654,-0.016848424449563026
validation,2004-07,2004-08,0.00936861801892519,0.011952526867389679,-0.01217216718941927,-0.01603720150887966,-0.02168774977326393,-0.013407900929450989,0.002503977855667472,-0.003259290475398302
validation,2004-08,2004-09,0.004518055822700262,-0.005719120614230633,0.009202945977449417,0.009542510844767094,0.008426952175796032,0.001792548457160592,-0.0024167457595467567,0.01298892218619585
validation,2004-09,2004-10,0.007847700268030167,0.0025187779683619738,0.006955117918550968,0.0013496952597051859,-0.00019972503650933504,-0.005375551525503397,-0.002574371872469783,0.006935936398804188
validation,2004-10,2004-11,-0.019138691946864128,-0.0191943421959877,0.008624441921710968,0.026066364720463753,0.02177029848098755,0.023860491812229156,0.0009621158242225647,-0.00023181294091045856
validation,2004-11,2004-12,-0.02622509002685547,-0.018487952649593353,0.013620966114103794,0.01865040510892868,0.023850277066230774,0.022176750004291534,-0.0019397184951230884,0.001292056287638843
validation,2004-12,2005-01,0.009173651225864887,0.01745028793811798,-0.022503694519400597,-0.01746467873454094,-0.030866259709000587,-0.014406292699277401,0.01478077657520771,-0.009230116382241249
validation,2005-01,2005-02,0.011069754138588905,0.003802869003266096,-0.00500869657844305,0.005777890328317881,-0.01025278028100729,-0.003001569304615259,0.00931900180876255,-0.0028946073725819588
validation,2005-02,2005-03,0.008818581700325012,0.01606254279613495,-0.01383797824382782,-0.011751445010304451,-0.020129980519413948,-0.012696457095444202,0.004678105935454369,-0.00974589679390192
validation,2005-03,2005-04,0.008109159767627716,0.01659434847533703,-0.018540242686867714,-0.024717086926102638,-0.023492485284805298,-0.014489474706351757,0.008846268057823181,-0.006918308790773153
validation,2005-04,2005-05,0.0036196024157106876,-0.009544848464429379,0.02078332006931305,0.020119789987802505,0.01796126365661621,-0.005647875834256411,-0.00811854936182499,0.020873956382274628
validation,2005-05,2005-06,0.003960580565035343,0.003907952923327684,0.00357879139482975,0.003530143527314067,-0.0006436887779273093,0.003879041876643896,-0.006822846829891205,0.0022871599067002535
validation,2005-06,2005-07,-0.008559628389775753,-0.015175576321780682,0.0097965057939291,0.014950556680560112,0.020215459167957306,0.00769440084695816,-0.004308436065912247,0.008650376461446285
validation,2005-07,2005-08,-0.00314124533906579,-0.0007879062904976308,-0.00629457226023078,-0.008509921841323376,-0.009296913631260395,-0.004583693575114012,0.0057736956514418125,-0.0035219364799559116
validation,2005-08,2005-09,-0.00013589626178145409,-0.007159481756389141,0.0033590132370591164,0.004438498523086309,-0.0030335146002471447,-0.001972983591258526,0.003198074409738183,0.003804996609687805
validation,2005-09,2005-10,0.005746790207922459,0.011003519408404827,-0.007218498270958662,-0.013192580081522465,-0.01991698145866394,-0.011852622963488102,0.009901430457830429,0.0017309687100350857
validation,2005-10,2005-11,0.004955431446433067,0.00017194915562868118,0.012121896259486675,0.011811643838882446,0.009464303031563759,-0.00690641300752759,-0.005049530882388353,0.013879978097975254
validation,2005-11,2005-12,-0.00010867544915527105,0.005839778576046228,-0.0005846569547429681,0.003989660181105137,0.0013588623842224479,0.006487549748271704,0.001301096985116601,0.00076632434502244
validation,2005-12,2006-01,-0.014719108119606972,-0.016055507585406303,0.022835534065961838,0.026550745591521263,0.03408188372850418,0.018576692789793015,-0.0028857423458248377,0.011734575033187866
validation,2006-01,2006-02,-0.012169254012405872,-0.0014205756597220898,-0.0038633488584309816,-0.005931970663368702,-0.002980225021019578,0.00034552704892121255,0.00044902291847392917,-0.003838476026430726
validation,2006-02,2006-03,-0.005628827027976513,-0.004486075136810541,0.005171296186745167,0.012752715498209,0.008510514162480831,0.005259508732706308,-0.005407748743891716,-0.0005735167069360614
validation,2006-03,2006-04,0.0035191066563129425,0.006946364883333445,-0.0072835758328437805,0.004771267995238304,-0.006835935637354851,0.0006223258096724749,0.0008489321917295456,-0.003820611396804452
validation,2006-04,2006-05,0.010419642552733421,0.01855868101119995,-0.02430412918329239,-0.02282579615712166,-0.03583638370037079,-0.010212518274784088,0.009401621297001839,-0.017532996833324432
validation,2006-05,2006-06,0.005539359990507364,0.00533319590613246,-0.008986853063106537,-0.00634801434352994,-0.014774974435567856,-0.008943909779191017,0.0027820426039397717,-0.006362356245517731
validation,2006-06,2006-07,0.005733757745474577,0.009652611799538136,-0.022073788568377495,-0.018928226083517075,-0.030124563723802567,-0.013916565105319023,0.011818883940577507,-0.014187023974955082
validation,2006-07,2006-08,-0.006391862407326698,-0.010486382991075516,0.011304853484034538,0.006096275523304939,0.007652997970581055,-0.012563291937112808,-0.004766965284943581,0.01137570571154356
validation,2006-08,2006-09,0.00350075401365757,0.009160264395177364,0.001123390393331647,-0.009443024173378944,-0.0046139247715473175,-0.010272093117237091,-0.0025436433497816324,0.005083082243800163
validation,2006-09,2006-10,0.005291298497468233,-0.003054317319765687,0.01664138399064541,0.01824701763689518,0.013609325513243675,0.0006866954499855638,-0.0076261889189481735,0.01365490723401308
validation,2006-10,2006-11,0.004478054586797953,0.00628292839974165,0.00451322179287672,0.005858881399035454,0.005392282269895077,0.004542013630270958,-0.006628337316215038,0.0018982593901455402
validation,2006-11,2006-12,-0.005311868153512478,0.0036476326640695333,-0.006279390770941973,-0.00820607878267765,-0.008740616962313652,-0.002240623813122511,0.0016154734184965491,-0.006381926126778126
validation,2006-12,2007-01,-0.00569856446236372,-0.002637927420437336,0.0035657365806400776,0.0015642981743440032,0.008400747552514076,0.0035562762059271336,-0.0049704136326909065,-0.003202803200110793
validation,2007-01,2007-02,-0.006785248871892691,0.00017195276450365782,-0.0011195371625944972,-0.0023432879243046045,0.0032103401608765125,0.0015711081214249134,4.3825129978358746e-06,-0.0068945689126849174
validation,2007-02,2007-03,0.004993016831576824,0.005952809471637011,0.000440491596236825,0.0006879193824715912,-0.004227861296385527,-0.00896281749010086,0.004405440296977758,0.004412606358528137
validation,2007-03,2007-04,0.005787329748272896,0.0008961313869804144,0.011329030618071556,0.004560459405183792,0.012102186679840088,-0.002988506807014346,-0.0013033951399847865,0.009814172983169556
validation,2007-04,2007-05,0.01756337843835354,0.003815296571701765,0.00857447274029255,0.003923188429325819,0.0017943100538104773,-0.020203465595841408,-0.006860195659101009,0.010025317780673504
validation,2007-05,2007-06,-0.0013326945481821895,0.004559070337563753,0.0007822812767699361,-0.00012684217654168606,0.0008716535521671176,-0.00012763019185513258,0.004352630116045475,0.004337601829320192
validation,2007-06,2007-07,-0.00906416866928339,0.004515933338552713,-0.002280499553307891,-0.0046005044132471085,0.00318759772926569,-0.005419314373284578,0.012083085253834724,0.0007457833853550255
validation,2007-07,2007-08,0.014665640890598297,0.004187229089438915,-0.0016734867822378874,-0.004593083634972572,-0.010867301374673843,-0.023321442306041718,0.004798694979399443,0.011199545115232468
validation,2007-08,2007-09,0.009026325307786465,0.0004957804922014475,0.010485831648111343,-0.0011013875482603908,0.009900647215545177,0.00018644682131707668,0.00039942830335348845,0.008718416094779968
validation,2007-09,2007-10,0.007054737303406,0.00308770383708179,0.014299471862614155,-0.0016996305203065276,0.010363243520259857,-0.010372765362262726,-0.0030423926655203104,0.012802917510271072
validation,2007-10,2007-11,0.014741746708750725,0.01878853514790535,-0.014000406488776207,-0.02951473742723465,-0.029627550393342972,-0.02744978666305542,0.014575069770216942,0.0017580294515937567
validation,2007-11,2007-12,0.013022294268012047,0.00788600742816925,0.0087337801232934,0.0022300835698843002,0.0018194322474300861,-0.012349783442914486,-0.001318898517638445,0.012707548215985298
validation,2007-12,2008-01,-0.008497944101691246,0.0024327333085238934,-0.02407815307378769,-0.007332228124141693,-0.024011977016925812,0.008900619111955166,-0.0012401343556120992,-0.02785911224782467
validation,2008-01,2008-02,-0.008190196938812733,-0.0008296044543385506,-0.007255801931023598,-0.004212427418678999,-0.004078518133610487,-0.004010886885225773,0.014814087189733982,-0.008088519796729088
validation,2008-02,2008-03,0.00892820954322815,0.0011632671812549233,-0.0053712851367890835,-0.003992856480181217,-0.016521789133548737,-0.0263125728815794,0.003341661300510168,0.003183018881827593
validation,2008-03,2008-04,0.01429422665387392,-0.003209791611880064,0.017570961266756058,0.00433335779234767,0.014268005266785622,-0.0191773883998394,-0.01093882042914629,0.017647527158260345
validation,2008-04,2008-05,0.0073267254047095776,-0.0010886716190725565,0.0166349858045578,0.015774784609675407,0.015447312034666538,-0.009639840573072433,-0.002399101620540023,0.011643214151263237
validation,2008-05,2008-06,0.0009968702215701342,0.011074988171458244,-0.00434095598757267,-0.020008213818073273,-0.008360803127288818,-0.004614701494574547,0.01900576986372471,-0.005465374328196049
validation,2008-06,2008-07,0.0012865089811384678,-0.009658437222242355,0.004251281265169382,0.0015104563208296895,-0.009437198750674725,-0.0185167845338583,0.005250946618616581,0.014695292338728905
validation,2008-07,2008-08,0.013264134526252747,0.003351318184286356,0.010816115885972977,0.00043544170330278575,0.0007331359665840864,-0.020982444286346436,-0.01418105699121952,0.009848984889686108
validation,2008-08,2008-09,0.005443534813821316,0.012627027928829193,-0.031378306448459625,-0.043555088341236115,-0.05010298639535904,-0.024508215487003326,0.006857488304376602,-0.002826804295182228
validation,2008-09,2008-10,-0.006024976260960102,0.01870330050587654,-0.029013317078351974,-0.04262584447860718,-0.05679537355899811,-0.019978689029812813,0.037235040217638016,-0.002580739324912429
validation,2008-10,2008-11,0.020491909235715866,0.027812913060188293,-0.010371829383075237,-0.03939910605549812,-0.039558205753564835,-0.032448507845401764,0.019320886582136154,0.011337094008922577
validation,2008-11,2008-12,0.02837168239057064,-0.012218071147799492,0.047956619411706924,0.019873030483722687,0.02814316190779209,-0.027830403298139572,-0.02073521912097931,0.0404127836227417
validation,2008-12,2009-01,-0.05198269337415695,-0.016516320407390594,0.009815921075642109,0.0066368067637085915,0.03580768406391144,0.05462552234530449,0.01814934052526951,-0.01677946373820305
validation,2009-01,2009-02,6.59329816699028e-06,0.01275936421006918,0.006450966000556946,-0.030035942792892456,-0.005909262225031853,-0.01127086766064167,0.023288879543542862,0.011348405852913857
validation,2009-02,2009-03,-0.012842917814850807,-0.021341878920793533,0.019282517954707146,0.048982154577970505,0.05136582627892494,0.05402454733848572,-0.029965972527861595,0.001488981768488884
validation,2009-03,2009-04,-0.005991692654788494,-0.029765933752059937,0.05284765362739563,0.10331806540489197,0.09462133049964905,0.04712968319654465,-0.05238940566778183,-0.01536534633487463
validation,2009-04,2009-05,-0.023438256233930588,-0.025725778192281723,0.014720618724822998,0.04649478569626808,0.023947596549987793,0.04488605260848999,-0.0023804823867976665,-0.021004749462008476
validation,2009-05,2009-06,-0.0232650488615036,-0.0033297319896519184,0.010506527498364449,-0.004985462408512831,0.016807274892926216,0.00962817296385765,0.014698952436447144,0.002534688450396061
validation,2009-06,2009-07,0.0014160220744088292,-0.012159004807472229,0.026737648993730545,0.014605836942791939,0.021285459399223328,-0.014652342535555363,-0.026068609207868576,0.008321333676576614
validation,2009-07,2009-08,-0.03611405938863754,-0.03937305137515068,0.007321888115257025,0.04485301673412323,0.02378794550895691,0.03781836852431297,-0.039899423718452454,-0.03404849395155907
validation,2009-08,2009-09,-0.0048567429184913635,-0.016856081783771515,0.03686865419149399,0.03235182166099548,0.03783570975065231,0.00875445082783699,-0.008201097138226032,-0.0014782488578930497
validation,2009-09,2009-10,0.01109263300895691,0.025609275326132774,-0.007178458385169506,-0.02428389899432659,-0.024438846856355667,-0.012175286188721657,0.012002388015389442,0.002815130166709423
validation,2009-10,2009-11,0.003855822142213583,0.006425418425351381,0.014612501487135887,-0.011812970042228699,0.0066591002978384495,-0.01787923276424408,-0.010416553355753422,0.007423803210258484
validation,2009-11,2009-12,-0.00014061201363801956,-0.008805595338344574,0.025716746225953102,0.01821654848754406,0.023973537608981133,-0.0016538945492357016,-0.011807107366621494,0.014595607295632362
development,2009-12,2010-01,-0.023588499054312706,-0.010653628967702389,-0.03731203079223633,0.007779977284371853,-0.020898092538118362,0.02853732742369175,0.01592840440571308,-0.02922622114419937
development,2010-01,2010-02,-0.002908399561420083,-0.006048601120710373,0.0077247777953743935,-0.0026437619235366583,0.003531765891239047,-0.008498800918459892,-0.005537793971598148,0.0028239141684025526
development,2010-02,2010-03,-0.008531877771019936,-0.003496683668345213,0.006871814839541912,0.013957178220152855,0.005101056303828955,-6.286450661718845e-05,-0.004253384657204151,-0.006836300250142813
development,2010-03,2010-04,-0.03405415639281273,-0.02788655273616314,-0.023325784131884575,0.03418651595711708,0.0012649372220039368,0.03489520400762558,0.0034850675147026777,-0.027953388169407845
development,2010-04,2010-05,0.006165210623294115,0.01551990956068039,-0.002727852901443839,-0.024007566273212433,-0.015576978214085102,-0.015429476276040077,0.00927010364830494,0.006194485351443291
development,2010-05,2010-06,0.012083555571734905,0.021588079631328583,-0.0005814641481265426,-0.02539871260523796,-0.020245766267180443,-0.019483309239149094,0.01706708036363125,0.011575320735573769
development,2010-06,2010-07,0.005971105769276619,-0.010002526454627514,0.016845157369971275,0.01990797184407711,0.01170810405164957,-0.013985656201839447,-0.01533031277358532,0.01175887044519186
development,2010-07,2010-08,0.0001362015027552843,0.01238393597304821,-0.0074455104768276215,-0.021880703046917915,-0.014042842201888561,-0.010569926351308823,0.009380988776683807,-0.004491278436034918
development,2010-08,2010-09,0.0022284789010882378,-0.013538296334445477,0.03177633136510849,0.02438148483633995,0.030978035181760788,-0.012242933735251427,-0.019400056451559067,0.01749730482697487
development,2010-09,2010-10,-0.00441440474241972,0.003136696293950081,0.005326766986399889,0.0037192488089203835,0.007061026990413666,0.0008133882656693459,0.002584673697128892,0.0036301943473517895
development,2010-10,2010-11,0.004612747114151716,0.0021481262519955635,0.010574860498309135,-0.004745729733258486,-0.00023624266032129526,-0.013109888881444931,-0.008451871573925018,0.0019577057100832462
development,2010-11,2010-12,-0.009588349610567093,-0.018031824380159378,0.0014471313916146755,0.021319609135389328,0.015099656768143177,0.012931853532791138,-0.006479983683675528,-0.010497047565877438
development,2010-12,2011-01,-0.01717485673725605,-0.008033101446926594,-0.020267274230718613,0.002955060452222824,-0.004950875416398048,0.016980867832899094,0.009595256298780441,-0.01734386384487152
development,2011-01,2011-02,-0.001004911377094686,-0.011359358206391335,0.0030850637704133987,0.0002094742376357317,-0.00551027525216341,-0.012646354734897614,0.004836085718125105,-0.007174363359808922
development,2011-02,2011-03,-0.00084648746997118,-0.006883253343403339,0.0023244679905474186,-0.0029829759150743484,-0.007534709759056568,-0.01683903858065605,0.004737455397844315,0.0061094630509614944
development,2011-03,2011-04,0.011219235137104988,0.002574110869318247,0.01224697194993496,-0.003990457393229008,-0.0015226933173835278,-0.01933172158896923,-0.009213287383317947,0.012961376458406448
development,2011-04,2011-05,0.0036734293680638075,0.0068826936185359955,0.0004960207152180374,-0.011120803654193878,-0.008003830909729004,-0.011604197323322296,0.0015976640861481428,0.0010741970036178827
development,2011-05,2011-06,-0.0007254499942064285,0.006370361894369125,-0.009977624751627445,-0.011822325177490711,-0.020033013075590134,-0.013998986221849918,0.00962354987859726,-0.0054221912287175655
development,2011-06,2011-07,-0.006577815394848585,-0.0021547749638557434,-0.004438470117747784,-0.00029177748365327716,-0.004086578264832497,0.00636072363704443,0.007413697429001331,-0.007946249097585678
development,2011-07,2011-08,0.005418076179921627,0.02174217440187931,-0.016437754034996033,-0.03693051263689995,-0.030446944758296013,-0.023552754893898964,0.009969223290681839,-0.004882657900452614
development,2011-08,2011-09,-0.008527264930307865,0.017818082123994827,-0.02023950405418873,-0.04146122559905052,-0.033781785517930984,-0.02060055546462536,0.011479814536869526,-0.005322378594428301
development,2011-09,2011-10,0.03286612778902054,-0.024620607495307922,0.03476206213235855,0.04422318562865257,0.0337916724383831,-0.014642473310232162,-0.02624989114701748,0.03930883854627609
development,2011-10,2011-11,0.006303184665739536,0.009057843126356602,-0.006876503117382526,-0.013362507335841656,-0.02123294398188591,-0.023460302501916885,0.0004848460666835308,-0.0007121354574337602
development,2011-11,2011-12,0.002048863098025322,0.0013268745969980955,-0.0086583960801363,-0.003825359046459198,-0.018851442262530327,-0.006841273047029972,0.001348176272585988,-0.0013681731652468443
development,2011-12,2012-01,-0.021281491965055466,-0.018620623275637627,0.016216132789850235,0.037319429218769073,0.03519190102815628,0.026009228080511093,-0.0034778728149831295,0.005338418297469616
development,2012-01,2012-02,-0.002531779231503606,-0.0012495956616476178,-0.0009610654669813812,0.007846838794648647,0.002454151399433613,0.012911922298371792,-0.004302990157157183,-0.004861978814005852
development,2012-02,2012-03,-0.012663277797400951,-7.516937330365181e-05,-0.016872672364115715,-0.005054245702922344,-0.01450851745903492,0.005529080983251333,0.003491852432489395,-0.009352362714707851
development,2012-03,2012-04,-0.0037560267373919487,0.010065130889415741,-0.015935882925987244,-0.01303921826183796,-0.01612226665019989,0.004391041584312916,0.004356482531875372,-0.01280603464692831
development,2012-04,2012-05,-0.01025554072111845,0.012122324667870998,-0.023813338950276375,-0.023620987311005592,-0.03403942659497261,-0.005094089545309544,0.014758467674255371,-0.012694376520812511
development,2012-05,2012-06,0.00505103962495923,-0.0005277031450532377,0.007067195139825344,-0.0025924688670784235,-0.00011522101704031229,-0.01096055656671524,-0.007271105423569679,0.002070734277367592
development,2012-06,2012-07,-0.0026925394777208567,0.0004865403170697391,-0.008025857619941235,-0.0035081887617707253,-0.016442976891994476,-0.0032791048288345337,0.007347411476075649,-0.0064359973184764385
development,2012-07,2012-08,0.0011981797870248556,-0.012145092710852623,0.004883027635514736,0.005167747847735882,0.007397506386041641,-0.008380998857319355,-0.006462646648287773,0.006600266322493553
development,2012-08,2012-09,-0.0059127421118319035,-0.009738742373883724,0.002434197813272476,0.005230954382568598,0.0016009057871997356,0.007825067266821861,-0.004579151049256325,-0.00769680505618453
development,2012-09,2012-10,0.006809469778090715,0.011861363425850868,-0.017924783751368523,-0.00903410091996193,-0.02379639819264412,-0.007104281801730394,0.005410190671682358,-0.01086724828928709
development,2012-10,2012-11,0.0033221167977899313,-0.0012237560003995895,0.004666055552661419,0.0007035972084850073,0.008775180205702782,-0.00873546302318573,-0.0032619955018162727,0.007123181596398354
development,2012-11,2012-12,0.002422698773443699,-0.0025179509539157152,0.0011047318112105131,0.007178562227636576,0.0006402917206287384,-0.0056336428970098495,-2.3716245777904987e-05,-0.0012685845140367746
development,2012-12,2013-01,-0.008942828513681889,-0.012318314053118229,-0.005750104784965515,0.01106155477464199,-0.0036746615078300238,0.0069773695431649685,0.0009018178097903728,-0.0026242053136229515
development,2013-01,2013-02,0.0004329306539148092,0.007353668566793203,-0.011171074584126472,-0.009036828763782978,-0.017851680517196655,-0.0016878946917131543,0.004559525288641453,-0.006077749188989401
development,2013-02,2013-03,0.005700011737644672,0.0020393668673932552,-0.0019265650771558285,0.0016937411855906248,-0.0012594019062817097,0.0002953957300633192,-0.004090468864887953,0.006146920844912529
development,2013-03,2013-04,0.002090997062623501,0.0031525567173957825,-0.0007355919224210083,0.0015894095413386822,-0.006274343468248844,-0.006461750715970993,-0.0014863598626106977,0.004850646946579218
development,2013-04,2013-05,-0.00599028542637825,-0.009840287268161774,0.011709043756127357,0.011799086816608906,0.013930462300777435,0.002197954338043928,-0.006758823990821838,0.006493988446891308
development,2013-05,2013-06,0.0014524715952575207,0.014045894145965576,-0.008149753324687481,-0.011021425016224384,-0.01578770950436592,-0.0007906469982117414,0.003545819316059351,-0.0035792835988104343
development,2013-06,2013-07,-0.00961834006011486,-0.008429531939327717,0.004551442340016365,0.0050266156904399395,0.004959188401699066,0.0029354149010032415,-0.00393423717468977,0.0025363375898450613
development,2013-07,2013-08,-0.005096488632261753,-7.470522541552782e-05,-0.0026052535977214575,-0.002675968687981367,0.0012169196270406246,0.0040930500254035,0.006916297134011984,0.001600245712324977
development,2013-08,2013-09,-0.0028441688045859337,-0.006027726922184229,0.0110885389149189,0.0071547627449035645,0.010792676359415054,0.004501316696405411,0.004817710258066654,0.006415959447622299
development,2013-09,2013-10,0.00802315678447485,0.007369730621576309,-0.01089183334261179,-0.00043821142753586173,-0.018285119906067848,-0.010735861957073212,0.0063973478972911835,-0.0019174799090251327
development,2013-10,2013-11,-0.01206403598189354,-0.010905150324106216,-0.0005008041625842452,0.0012755263596773148,0.0018654214218258858,-0.004212003201246262,0.003732697106897831,0.007883313111960888
development,2013-11,2013-12,0.0002710068947635591,-0.001240493729710579,0.004710791632533073,0.0027609560638666153,0.008294844999909401,0.011193543672561646,-0.005110354628413916,0.0020945402793586254
development,2013-12,2014-01,-0.034746572375297546,-0.019618667662143707,-0.0017882336396723986,-0.0016838395968079567,0.016962269321084023,0.037661999464035034,0.008457320742309093,-0.0075056590139865875
development,2014-01,2014-02,-0.0032050954177975655,-0.008010493591427803,0.004949902184307575,0.0058997198939323425,0.009089959785342216,0.0009243718814104795,-0.003167793620377779,-0.001279305899515748
development,2014-02,2014-03,0.001495914882980287,0.005767968483269215,-0.014168858528137207,0.00039711821591481566,-0.019641131162643433,-0.006938406266272068,0.011658212170004845,-0.013994413428008556
development,2014-03,2014-04,0.01563148945569992,0.007507031317800283,-0.012790116481482983,-0.0029561822302639484,-0.02509181760251522,-0.025954291224479675,0.007880022749304771,-0.006399195641279221
development,2014-04,2014-05,0.010657273232936859,0.005022845230996609,-0.0004533766186796129,-0.0018667365657165647,-0.00937347486615181,-0.010737516917288303,0.006586103700101376,0.004278127104043961
development,2014-05,2014-06,0.007756019942462444,-0.004269103519618511,0.013423440977931023,0.009948022663593292,0.014354970306158066,0.011490021832287312,-0.012683180160820484,0.011884375475347042
development,2014-06,2014-07,-0.004128776490688324,-0.0001969202421605587,-0.0140053890645504,-0.009071111679077148,-0.018037911504507065,-0.010328726842999458,0.011763322167098522,-0.009524473920464516
development,2014-07,2014-08,0.0027109088841825724,-0.001161379273980856,0.00728611508384347,0.005015759263187647,0.011758028529584408,-0.00444436352699995,-0.00272949505597353,0.011306680738925934
development,2014-08,2014-09,0.005587941966950893,0.022844411432743073,-0.010960834100842476,-0.021711403504014015,-0.02284710481762886,-0.00839125458151102,0.0070833321660757065,0.004493132699280977
development,2014-09,2014-10,0.010226111859083176,0.01252206414937973,-0.004293480422347784,-0.01079308707267046,-0.015248947776854038,-0.03269418701529503,0.004329286981374025,0.020402809605002403
development,2014-10,2014-11,0.0008078384562395513,0.009228311479091644,-0.0017958611715584993,-0.0212087444961071,-0.00814999919384718,-0.01677415519952774,-0.00028776779072359204,0.0063959467224776745
development,2014-11,2014-12,-0.0050835637375712395,0.016175074502825737,-0.008166329003870487,-0.016581881791353226,-0.008516781032085419,-0.0039384374395012856,-0.003352490020915866,-0.000532040256075561
development,2014-12,2015-01,-0.011555115692317486,0.006321059539914131,-0.004143556579947472,-0.012699377723038197,-0.004165962338447571,-0.002348443027585745,0.011817052029073238,0.000531079014763236
development,2015-01,2015-02,0.004317621234804392,-0.009477843530476093,0.018487896770238876,0.021409962326288223,0.024287477135658264,0.00810147449374199,-0.013143468648195267,0.009498778730630875
development,2015-02,2015-03,0.007800511084496975,0.019174978137016296,-0.009525224566459656,-0.012334021739661694,-0.01765131577849388,-0.012634797021746635,0.003202869789674878,0.0038218980189412832
development,2015-03,2015-04,-0.0052812062203884125,-0.01018737442791462,0.006618526764214039,0.020627498626708984,0.014488209038972855,0.01358200702816248,-0.0008198272553272545,-0.014735452830791473
development,2015-04,2015-05,0.0020303167402744293,0.0068154665641486645,0.0030623283237218857,-0.016683556139469147,-0.0010739227291196585,-0.0009441333822906017,0.0007431854028254747,0.009179927408695221
development,2015-05,2015-06,0.003709389828145504,0.008176440373063087,-0.0049257478676736355,-0.010838593356311321,-0.01350000873208046,-0.005916931666433811,0.004623253829777241,0.006541696842759848
development,2015-06,2015-07,0.012108571827411652,0.021786032244563103,-0.013218662701547146,-0.03495462238788605,-0.031094375997781754,-0.026109686121344566,0.007584161590784788,0.00689250323921442
development,2015-07,2015-08,-0.013007257133722305,-0.007141256704926491,-0.014444079250097275,-0.0038455231115221977,-0.013515734113752842,0.005161377601325512,0.013163741677999496,-0.013708684593439102
development,2015-08,2015-09,-0.0032221328001469374,0.019047357141971588,-0.03208382800221443,-0.046123623847961426,-0.04583761841058731,-0.025957370176911354,0.019009578973054886,-0.00899028405547142
development,2015-09,2015-10,0.00970554817467928,-0.003931209444999695,0.01082058809697628,0.012794754467904568,0.003953027538955212,-0.024153929203748703,-0.008844967000186443,0.015036202035844326
development,2015-10,2015-11,-0.014283607713878155,-0.014963911846280098,0.012536226771771908,0.015114408917725086,0.0076065631583333015,0.006132880225777626,0.0009900417644530535,0.011667531915009022
development,2015-11,2015-12,0.006224414799362421,0.017147399485111237,-0.010567053221166134,-0.021797221153974533,-0.01459523756057024,-0.015019137412309647,0.010231932625174522,0.0065496526658535
development,2015-12,2016-01,0.0038132634945213795,0.018396971747279167,-0.026537545025348663,-0.04433000832796097,-0.04528500884771347,-0.03820633143186569,0.020632032305002213,-0.012406609021127224
development,2016-01,2016-02,-0.0018467837944626808,0.0031665980350226164,0.0009079449810087681,-0.005192680284380913,-0.0025258264504373074,-0.018703293055295944,0.0017917631193995476,-0.0026685930788517
development,2016-02,2016-03,0.006463103927671909,-0.012688746675848961,0.014136195182800293,0.02790326625108719,0.021300669759511948,0.013343465514481068,-0.026825206354260445,0.005940406583249569
development,2016-03,2016-04,-0.006113583687692881,-0.014945480041205883,0.0014409844297915697,0.025834251195192337,0.009492883458733559,0.023012153804302216,-0.01022863108664751,-0.0042776307091116905
development,2016-04,2016-05,0.006072040647268295,0.0008633307879790664,0.001549441134557128,-0.0027869720943272114,-0.00844203308224678,-0.012455029413104057,0.007405106909573078,0.013399489223957062
development,2016-05,2016-06,-0.005282395984977484,-0.0011068335734307766,-0.011096008121967316,-0.010143736377358437,-0.012263155542314053,-0.004811884369701147,0.0050131226889789104,-0.015705037862062454
development,2016-06,2016-07,-0.011096064001321793,-0.010636516846716404,0.00902998074889183,0.0119123924523592,0.019381500780582428,0.00673054251819849,-0.006051337346434593,0.005707310978323221
development,2016-07,2016-08,-0.004433151334524155,-0.004686132073402405,-0.0013327882625162601,0.006347344256937504,0.0011826623231172562,0.0049852230586111546,-0.009642827324569225,-0.0013933370355516672
development,2016-08,2016-09,-0.003995815292000771,-0.005647158715873957,0.008761158213019371,0.012649063020944595,0.011533046141266823,0.011918865144252777,0.006391698494553566,0.012374920770525932
development,2016-09,2016-10,0.02034256048500538,0.028901508077979088,-0.026796672493219376,-0.025617925450205803,-0.04297810420393944,-0.025437429547309875,0.01677342876791954,-0.01110507920384407
development,2016-10,2016-11,0.00707676075398922,0.0027910503558814526,-0.011925541795790195,0.0019618382211774588,-0.019030584022402763,-0.020575886592268944,-0.014034932479262352,-0.005645992234349251
development,2016-11,2016-12,0.00931652169674635,0.01648273877799511,-0.025868427008390427,-0.014704789035022259,-0.03324449434876442,-0.010279221460223198,0.008870601654052734,-0.014715141616761684
development,2016-12,2017-01,-0.008698535151779652,-0.0204941239207983,0.007672139909118414,0.011340904980897903,0.01681087166070938,0.00953277200460434,0.002457778435200453,0.005116185173392296
development,2017-01,2017-02,0.005350039340555668,0.00206524389795959,0.002196904271841049,-0.0037521296180784702,0.002253391547128558,-0.0018062496092170477,0.005477488972246647,0.01678314059972763
development,2017-02,2017-03,-0.004067204426974058,-0.003979921340942383,0.005844901315867901,-0.0014396576443687081,0.004760293290019035,-0.003420781809836626,0.00879525113850832,0.010332477279007435
development,2017-03,2017-04,0.006509069353342056,0.012495649978518486,-0.002509472658857703,-0.011960086412727833,-0.012869990430772305,-0.020310072228312492,0.004147274419665337,0.0036484673619270325
development,2017-04,2017-05,0.010773878544569016,0.019381508231163025,0.0010792604880407453,-0.01630956307053566,-0.012675666250288486,-0.019680824130773544,0.005853998474776745,0.005807144101709127
development,2017-05,2017-06,-0.01178764272481203,-0.016922563314437866,0.00936444103717804,0.01053639780730009,0.016533901914954185,0.009207449853420258,-0.008482571691274643,0.007049071602523327
development,2017-06,2017-07,0.008443709462881088,0.006797724403440952,-0.006875240243971348,-0.008741912432014942,-0.012960029765963554,-0.014904283918440342,0.001235633622854948,0.001558696385473013
development,2017-07,2017-08,0.0019888649694621563,0.0042389133013784885,0.011115187779068947,-0.008199349045753479,0.0013424537610262632,-0.01665961928665638,-0.0034875525161623955,0.0075002396479249
development,2017-08,2017-09,-0.02397294156253338,-0.016704602167010307,0.004826704040169716,0.02477562054991722,0.018669676035642624,0.025550056248903275,0.003310407279059291,-0.017149129882454872
development,2017-09,2017-10,0.006681562401354313,0.008385037072002888,-0.007868274115025997,-0.009240164421498775,-0.01997542381286621,-0.021234411746263504,0.005765950307250023,0.0060715931467711926
development,2017-10,2017-11,-0.004697388503700495,0.0013638556702062488,-0.0027671600691974163,-0.0010532950982451439,0.003069636644795537,0.0036380216479301453,-0.0008221154566854239,-0.012991280294954777
development,2017-11,2017-12,-0.0025712756905704737,-0.0036582828033715487,0.0041431826539337635,0.0037723518908023834,0.006701127626001835,0.012441322207450867,-0.0029114694334566593,-0.003462275955826044
development,2017-12,2018-01,-0.0016874485881999135,-0.01123068667948246,0.011063439771533012,0.0035846198443323374,0.0046670688316226006,-0.007623006589710712,-0.0014883987605571747,0.005681219510734081
development,2018-01,2018-02,-0.0018198811449110508,0.005134277045726776,0.0007163657573983073,-0.00800999253988266,-0.00605901749804616,-0.010315295308828354,0.00021200213814154267,0.002020474523305893
development,2018-02,2018-03,-0.0016038354951888323,0.007407277822494507,-0.011384958401322365,0.003484040964394808,-0.010495254769921303,0.002834673970937729,0.010577337816357613,0.002378871664404869
development,2018-03,2018-04,0.0024948848877102137,-0.0033757181372493505,-0.00497225159779191,-0.0006159184267744422,-0.0048250965774059296,-0.0045901695266366005,0.0007693052757531404,0.0004530220467131585
development,2018-04,2018-05,-0.0028017964214086533,-0.005393588915467262,0.01926710084080696,0.015061902813613415,0.01566671021282673,0.004658264573663473,-0.001514138886705041,0.016997721046209335
development,2018-05,2018-06,0.01020833570510149,0.01455771829932928,-0.006710927002131939,-0.011939244344830513,-0.009470838122069836,0.005887175910174847,0.0033790082670748234,-0.0026321634650230408
development,2018-06,2018-07,0.01110101118683815,0.009311326779425144,-0.005613422486931086,-0.0065989745780825615,-0.01300461869686842,-0.025929763913154602,0.001889288192614913,0.0038248631171882153
development,2018-07,2018-08,-0.005050154402852058,-0.006244500167667866,0.016844775527715683,-0.001928417244926095,0.018244585022330284,-0.005314577370882034,-0.006223082542419434,0.018439415842294693
development,2018-08,2018-09,0.003645223332569003,0.00775992963463068,-0.0012691379524767399,-0.004531925544142723,-0.0016615367494523525,0.000443639000877738,0.002767937257885933,-0.003224646206945181
development,2018-09,2018-10,0.0012324682902544737,0.01139844860881567,-0.023586692288517952,-0.027434349060058594,-0.03244049474596977,-0.017735153436660767,0.015007993206381798,-0.02069314569234848
development,2018-10,2018-11,0.014951311983168125,0.016214456409215927,-0.0020202076993882656,-0.019849156960844994,-0.013774368911981583,-0.027343234047293663,-0.002685907995328307,0.004450415261089802
development,2018-11,2018-12,0.014515697956085205,0.03263639658689499,-0.015471860766410828,-0.047845110297203064,-0.03413968160748482,-0.03166817128658295,0.006172732915729284,-0.0038753272965550423
development,2018-12,2019-01,-0.03273901343345642,-0.04521840438246727,0.02282841131091118,0.048565059900283813,0.052624136209487915,0.050247613340616226,-0.003407110460102558,-0.007353140972554684
development,2019-01,2019-02,-0.001482692314311862,0.0015333662740886211,0.011251923628151417,0.007200764492154121,0.010774578899145126,0.0005478713428601623,-0.005790052004158497,0.012028342112898827
development,2019-02,2019-03,-0.0038844426162540913,-0.005093968007713556,0.015549122355878353,-0.0019333825912326574,0.010435963980853558,0.009278103709220886,0.003939428366720676,0.0035123098641633987
development,2019-03,2019-04,0.015449384227395058,0.012142504565417767,-0.005600872915238142,-0.003710087388753891,-0.014884904958307743,-0.013725129887461662,0.0006180757191032171,0.0016202882397919893
development,2019-04,2019-05,-0.001471701660193503,0.018558593466877937,-0.02018153853714466,-0.042056016623973846,-0.02870638482272625,-0.012392732314765453,0.005849472712725401,-0.019344205036759377
development,2019-05,2019-06,0.018605682998895645,0.008066869340837002,0.0011871674796566367,0.0037324156146496534,-0.004129193257540464,-0.020242959260940552,-0.0020633740350604057,0.015135243535041809
development,2019-06,2019-07,0.004278648644685745,0.010726379230618477,-0.016306214034557343,-0.016666488721966743,-0.021860536187887192,-0.027588333934545517,0.002357163932174444,-0.0019130404107272625
development,2019-07,2019-08,-0.004442514851689339,0.010903771035373211,-0.011737124063074589,-0.03163288161158562,-0.00972726196050644,-0.00889706239104271,0.008325435221195221,-0.007968083024024963
development,2019-08,2019-09,-0.0019011732656508684,0.001275447430089116,-0.022317953407764435,0.006936024874448776,-0.01949435845017433,-0.016594763845205307,0.006678126752376556,-0.008059699088335037
development,2019-09,2019-10,0.004522702656686306,0.003644416108727455,-0.006662997417151928,-0.010347272269427776,-0.007623021956533194,-0.01908724009990692,0.001295492984354496,0.006773670203983784
development,2019-10,2019-11,0.012030686251819134,0.01316096168011427,0.021877940744161606,0.001711708027869463,0.01610618084669113,-0.00038908934220671654,-0.019498679786920547,0.023256950080394745
development,2019-11,2019-12,0.0030917045660316944,0.003744334215298295,0.02127715013921261,0.021096523851156235,0.016323115676641464,0.024430839344859123,-0.014987481757998466,0.002900773659348488
